Inter_Index,Inter_ID,Zone_Index,Depot_ID,Medoid_Customer_ID,Latitude,Longitude,Weight,Volume,Service
0,Z0_C007226,0,D001_4,C007226,10.7751,106.806,700.57,8.961,947
1,Z1_C023706,1,D001_4,C023706,10.7679,106.592,426.32,3.908,288
2,Z2_C001702,2,D001_4,C001702,10.7074,106.773,60.63,1.897,91
3,Z3_C012121,3,D001_4,C012121,10.7082,106.786,388.11,7.342,343
4,Z4_C014876,4,D001_4,C014876,10.7194,106.793,214.43,5.562,266
5,Z5_C016621,5,D001_4,C016621,10.7188,106.805,731.83,5.44,865
6,Z6_C043667,6,D001_4,C043667,10.8012,106.747,476.9,7.866,577
7,Z7_C017611,7,D001_4,C017611,10.8195,106.737,460.97,4.161,312
8,Z8_C041032,8,D001_4,C041032,10.8735,106.604,799.94,8.518,581
9,Z9_C012642,9,D001_4,C012642,10.8408,106.623,157.45,2.492,154
10,Z10_C036828,10,D001_4,C036828,10.6717,106.676,806.43,6.852,502
11,Z11_C027662,11,D001_4,C027662,10.6715,106.808,633,2.415,435
12,Z12_C048744,12,D001_4,C048744,10.6826,106.799,372.88,1.121,254
13,Z13_C035236,13,D001_4,C035236,10.7838,106.758,515.5,2.163,243
14,Z14_C031640,14,D001_4,C031640,10.77,106.749,878.31,3.838,470
15,Z15_C015893,15,D001_4,C015893,10.7855,106.737,125.61,0.358,35
16,Z16_C047601,16,D001_4,C047601,10.8004,106.754,335.14,0.934,148
17,Z17_C046673,17,D001_4,C046673,10.7793,106.73,875.21,5.982,732
18,Z18_C001168,18,D001_4,C001168,10.79,106.733,186.64,1.18,131
19,Z19_C011586,19,D001_4,C011586,10.7865,106.718,251.79,2.179,209
20,Z20_C046054,20,D001_4,C046054,10.7343,106.717,445.58,8.403,483
21,Z21_C036585,21,D001_4,C036585,10.7105,106.71,116.76,2.284,143
22,Z22_C019104,22,D001_4,C019104,10.849,106.786,838.83,8.561,577
23,Z23_C025040,23,D001_4,C025040,10.8466,106.801,515.75,6.668,308
24,Z24_C044961,24,D001_4,C044961,10.8481,106.813,377.65,3.821,245
25,Z25_C032366,25,D001_4,C032366,10.7978,106.801,435.72,5.707,239
26,Z26_C038953,26,D001_4,C038953,10.7874,106.811,788.34,8.95,445
27,Z27_C036439,27,D001_4,C036439,10.8854,106.662,391.63,3.659,255
28,Z28_C023197,28,D001_4,C023197,10.8794,106.688,688.39,6.745,354
29,Z29_C001636,29,D001_4,C001636,10.8541,106.672,243.62,2.744,237
30,Z30_C038692,30,D001_4,C038692,10.8102,106.771,307.72,2.811,136
31,Z31_C007272,31,D001_4,C007272,10.8029,106.775,342.08,3.069,145
32,Z32_C041865,32,D001_4,C041865,10.7807,106.758,102.47,1.276,45
33,Z33_C015762,33,D001_4,C015762,10.7893,106.767,825.29,7.903,384
34,Z34_C028830,34,D001_4,C028830,10.8606,106.761,581.15,4.677,341
35,Z35_C023737,35,D001_4,C023737,10.8739,106.77,719.28,6.424,478
36,Z36_C028249,36,D001_4,C028249,10.8886,106.758,498.94,4.599,360
37,Z37_C034810,37,D001_4,C034810,10.7332,106.72,266,1.194,123
38,Z38_C012053,38,D001_4,C012053,10.7183,106.731,966.07,6.961,501
39,Z39_C036809,39,D001_4,C036809,10.7482,106.734,543.53,4.365,462
40,Z40_C037691,40,D001_4,C037691,10.7539,106.745,578.59,5.057,508
41,Z41_C021333,41,D001_4,C021333,10.6821,106.779,419.44,3.731,235
42,Z42_C012114,42,D001_4,C012114,10.7009,106.767,731.83,5.757,353
43,Z43_C030114,43,D001_4,C030114,10.7044,106.784,429.95,2.904,186
44,Z44_C023578,44,D001_4,C023578,10.6835,106.793,168.63,2.837,105
45,Z45_C001454,45,D001_4,C001454,10.676,106.801,424.96,7.749,335
46,Z46_C036852,46,D001_4,C036852,10.6677,106.817,390.29,6.612,341
47,Z47_C010010,47,D001_4,C010010,10.8165,106.799,908.36,7.073,776
48,Z48_C003622,48,D001_4,C003622,10.8684,106.814,472.04,4.526,377
49,Z49_C011120,49,D001_4,C011120,10.8899,106.804,498.81,5.331,339
50,Z50_C027995,50,D001_4,C027995,10.8782,106.8,504.59,4.772,350
51,Z51_C022444,51,D001_4,C022444,10.6962,106.811,877.17,8.063,458
52,Z52_C036690,52,D001_4,C036690,10.7113,106.808,591.02,4.198,258
53,Z53_C028832,53,D001_4,C028832,10.7534,106.808,919.45,3.73,389
54,Z54_C023357,54,D001_4,C023357,10.7356,106.806,879.85,3.066,441
55,Z55_C042841,55,D001_4,C042841,10.7239,106.782,414.78,3.325,186
56,Z56_C039916,56,D001_4,C039916,10.7252,106.794,204.78,2.027,109
57,Z57_C001543,57,D001_4,C001543,10.7407,106.792,598.72,5.182,300
58,Z58_C014157,58,D001_4,C014157,10.7458,106.78,404.76,3.237,172
59,Z59_C044448,59,D001_4,C044448,10.8409,106.725,370.31,4.603,340
60,Z60_C033696,60,D001_4,C033696,10.8645,106.727,606.72,7.38,445
61,Z61_C005320,61,D001_4,C005320,10.8816,106.714,535.19,5.547,425
62,Z62_C012589,62,D001_4,C012589,10.7387,106.781,697.71,6.495,931
63,Z63_C009433,63,D001_4,C009433,10.7818,106.787,632.38,2.161,321
64,Z64_C000391,64,D001_4,C000391,10.7675,106.776,725.33,2.644,381
65,Z65_C020249,65,D001_4,C020249,10.7658,106.79,336.01,1.176,192
66,Z66_C027695,66,D001_4,C027695,10.762,106.814,159.7,3.659,128
67,Z67_C009375,67,D001_4,C009375,10.7494,106.804,280.2,6.023,279
68,Z68_C023925,68,D001_4,C023925,10.74,106.815,351.27,6.696,331
69,Z69_C034496,69,D001_4,C034496,10.756,106.77,461.54,7.182,396
70,Z70_C004567,70,D001_4,C004567,10.742,106.766,115.94,2.579,122
71,Z71_C045226,71,D001_4,C045226,10.7497,106.748,216.41,4.367,155
72,Z72_C002346,72,D001_4,C002346,10.7693,106.758,193.85,4.466,209
73,Z73_C025362,73,D001_4,C025362,10.7549,106.76,275.81,4.718,222
74,Z74_C045278,74,D001_4,C045278,10.7057,106.761,311.57,5.337,413
75,Z75_C032703,75,D001_4,C032703,10.721,106.757,369.66,6.977,533
76,Z76_C016647,76,D001_4,C016647,10.6833,106.778,583.08,7.614,853
77,Z77_C023246,77,D001_4,C023246,10.6903,106.613,783.18,8.69,505
78,Z78_C035659,78,D001_4,C035659,10.7795,106.725,609.5,8.043,349
79,Z79_C013042,79,D001_4,C013042,10.784,106.744,365.3,4.708,210
80,Z80_C029072,80,D001_4,C029072,10.7782,106.736,558.15,7.173,348
81,Z81_C039329,81,D001_4,C039329,10.7589,106.737,631.85,7.764,359
82,Z82_C001365,82,D001_4,C001365,10.7996,106.769,208.45,4.284,380
83,Z83_C032149,83,D001_4,C032149,10.7795,106.769,361.27,5.527,580
84,Z84_C013121,84,D001_4,C013121,10.6948,106.726,215.99,2.961,195
85,Z85_C024354,85,D001_4,C024354,10.6615,106.716,263.44,2.08,145
86,Z86_C032561,86,D001_4,C032561,10.6796,106.715,599.61,7.122,414
87,Z87_C020996,87,D001_4,C020996,10.8475,106.763,618.79,6.942,401
88,Z88_C048235,88,D001_4,C048235,10.8318,106.764,448.92,4.82,266
89,Z89_C022623,89,D001_4,C022623,10.8313,106.75,531.34,4.756,351
90,Z90_C029309,90,D001_4,C029309,10.6839,106.749,739.01,6.722,532
91,Z91_C015337,91,D001_4,C015337,10.6615,106.762,441.98,4.857,282
92,Z92_C002511,92,D001_4,C002511,10.7412,106.76,909.14,3.704,448
93,Z93_C025121,93,D001_4,C025121,10.733,106.743,105.86,0.305,32
94,Z94_C016050,94,D001_4,C016050,10.7285,106.762,365.99,2.082,182
95,Z95_C017440,95,D001_4,C017440,10.7191,106.763,719.41,2.67,287
96,Z96_C004270,96,D001_4,C004270,10.7638,106.797,128.9,1.748,86
97,Z97_C033463,97,D001_4,C033463,10.7763,106.788,432.24,7.759,379
98,Z98_C048997,98,D001_4,C048997,10.7598,106.78,400.58,7.373,356
99,Z99_C039263,99,D001_4,C039263,10.7579,106.792,228.78,3.75,174
100,Z100_C031544,100,D001_3,C031544,10.7605,106.609,55.96,0.672,37
101,Z101_C042922,101,D001_3,C042922,10.7703,106.624,41.27,0.399,27
102,Z102_C004275,102,D001_3,C004275,10.7476,106.582,35.97,0.456,38
103,Z103_C013933,103,D001_3,C013933,10.76,106.584,8.19,0.41,13
104,Z104_C020560,104,D001_3,C020560,10.7501,106.594,29.15,0.383,20
105,Z105_C010286,105,D001_3,C010286,10.7454,106.587,6.42,0.027,12
106,Z106_C040790,106,D001_3,C040790,10.7484,106.584,13.09,0.008,3
107,Z107_C021198,107,D001_3,C021198,10.7617,106.584,21.43,0.222,11
108,Z108_C032717,108,D001_3,C032717,10.7691,106.59,38.93,0.371,23
109,Z109_C032287,109,D001_3,C032287,10.7669,106.589,45.09,0.486,39
110,Z110_C034563,110,D001_3,C034563,10.7678,106.598,6.59,0.197,4
111,Z111_C036881,111,D001_3,C036881,10.7692,106.585,58.29,0.419,37
112,Z112_C048773,112,D001_3,C048773,10.7657,106.588,69.29,0.299,27
113,Z113_C024114,113,D001_3,C024114,10.763,106.589,36.46,0.114,25
114,Z114_C029029,114,D001_3,C029029,10.7607,106.586,5.37,0.172,8
115,Z115_C032086,115,D001_3,C032086,10.7596,106.625,29.51,0.534,34
116,Z116_C044425,116,D001_3,C044425,10.75,106.601,28.98,0.36,12
117,Z117_C026262,117,D001_3,C026262,10.7425,106.614,41.11,0.37,25
118,Z118_C043883,118,D001_3,C043883,10.7498,106.618,39.88,0.356,28
119,Z119_C029046,119,D001_3,C029046,10.7392,106.624,21.22,0.227,17
120,Z120_C015751,120,D001_3,C015751,10.7412,106.628,9.09,0.146,9
121,Z121_C009821,121,D001_3,C009821,10.7334,106.594,42.31,0.368,34
122,Z122_C047742,122,D001_3,C047742,10.7442,106.598,36.62,0.543,27
123,Z123_C020748,123,D001_3,C020748,10.735,106.614,28.04,0.691,42
124,Z124_C033302,124,D001_3,C033302,10.7277,106.61,54.34,0.396,19
125,Z125_C004072,125,D001_3,C004072,10.7257,106.595,43.97,0.44,21
126,Z126_C020416,126,D001_3,C020416,10.7329,106.587,62.71,0.492,34
127,Z127_C023630,127,D001_3,C023630,10.7164,106.595,46.72,0.356,33
128,Z128_C019807,128,D001_3,C019807,10.722,106.588,52.77,0.356,24
129,Z129_C035017,129,D001_3,C035017,10.8147,106.636,21.28,0.642,44
130,Z130_C003105,130,D001_3,C003105,10.8248,106.627,18.67,0.32,20
131,Z131_C034949,131,D001_3,C034949,10.8222,106.64,7.26,0.479,46
132,Z132_C042976,132,D001_3,C042976,10.8269,106.635,9.72,0.297,12
133,Z133_C010898,133,D001_3,C010898,10.8292,106.633,16.46,0.599,44
134,Z134_C002022,134,D001_3,C002022,10.8355,106.621,48.49,0.458,34
135,Z135_C006599,135,D001_3,C006599,10.8307,106.625,17.05,0.484,32
136,Z136_C027701,136,D001_3,C027701,10.8393,106.622,10.63,0.276,18
137,Z137_C011445,137,D001_3,C011445,10.8366,106.626,33.7,0.675,51
138,Z138_C008554,138,D001_3,C008554,10.8409,106.626,3.21,0.075,5
139,Z139_C007652,139,D001_3,C007652,10.8358,106.635,19.75,0.626,50
140,Z140_C019255,140,D001_3,C019255,10.8052,106.625,21.96,0.491,48
141,Z141_C029454,141,D001_3,C029454,10.8196,106.625,13.51,0.379,33
142,Z142_C015464,142,D001_3,C015464,10.8145,106.626,17.74,0.342,14
143,Z143_C014460,143,D001_3,C014460,10.821,106.622,12.13,0.216,16
144,Z144_C012526,144,D001_3,C012526,10.8159,106.63,17.54,0.665,35
145,Z145_C009877,145,D001_3,C009877,10.828,106.623,25.74,0.304,26
146,Z146_C030420,146,D001_3,C030420,10.8163,106.606,40.23,0.523,53
147,Z147_C044397,147,D001_3,C044397,10.8289,106.611,33.73,0.555,44
148,Z148_C017090,148,D001_3,C017090,10.8246,106.61,24.05,0.156,21
149,Z149_C038810,149,D001_3,C038810,10.8258,106.609,27.38,0.549,49
150,Z150_C042749,150,D001_3,C042749,10.8307,106.607,26.59,0.641,28
151,Z151_C018357,151,D001_3,C018357,10.8266,106.606,36.29,0.482,32
152,Z152_C048816,152,D001_3,C048816,10.8318,106.618,18.05,0.434,31
153,Z153_C012418,153,D001_3,C012418,10.8211,106.621,33.5,0.366,31
154,Z154_C007717,154,D001_3,C007717,10.8254,106.617,57.04,0.252,26
155,Z155_C044980,155,D001_3,C044980,10.8205,106.616,47.17,0.565,41
156,Z156_C008276,156,D001_3,C008276,10.8169,106.617,22.85,0.144,20
157,Z157_C024968,157,D001_3,C024968,10.8106,106.618,12.6,0.586,19
158,Z158_C021487,158,D001_3,C021487,10.8351,106.614,31.85,0.605,34
159,Z159_C006085,159,D001_3,C006085,10.8341,106.617,17.18,0.393,16
160,Z160_C012222,160,D001_3,C012222,10.8336,106.62,7.18,0.177,7
161,Z161_C022105,161,D001_3,C022105,10.8366,106.615,1.59,0.246,7
162,Z162_C008368,162,D001_3,C008368,10.8381,106.613,17.66,0.278,17
163,Z163_C044147,163,D001_3,C044147,10.8347,106.612,16.99,0.37,11
164,Z164_C016987,164,D001_3,C016987,10.8233,106.601,46.87,0.669,50
165,Z165_C047023,165,D001_3,C047023,10.8687,106.664,43.1,0.419,63
166,Z166_C012031,166,D001_3,C012031,10.8623,106.663,38.3,0.455,73
167,Z167_C043266,167,D001_3,C043266,10.8757,106.662,11.38,0.101,12
168,Z168_C040612,168,D001_3,C040612,10.8597,106.646,29.94,0.233,28
169,Z169_C028465,169,D001_3,C028465,10.8679,106.648,17.66,0.119,22
170,Z170_C044840,170,D001_3,C044840,10.8756,106.658,7.62,0.069,12
171,Z171_C032696,171,D001_3,C032696,10.8684,106.652,42.17,0.271,33
172,Z172_C033790,172,D001_3,C033790,10.8718,106.652,38.97,0.161,44
173,Z173_C046634,173,D001_3,C046634,10.8611,106.646,41.15,0.157,48
174,Z174_C037165,174,D001_3,C037165,10.8602,106.651,45.79,0.322,31
175,Z175_C029499,175,D001_3,C029499,10.8889,106.654,28.19,0.23,57
176,Z176_C034152,176,D001_3,C034152,10.8894,106.638,22.66,0.486,50
177,Z177_C009923,177,D001_3,C009923,10.8812,106.641,58.88,0.529,83
178,Z178_C008878,178,D001_3,C008878,10.8827,106.629,15.84,0.067,20
179,Z179_C044339,179,D001_3,C044339,10.8761,106.63,46.87,0.578,103
180,Z180_C022542,180,D001_3,C022542,10.8739,106.645,47.84,0.661,64
181,Z181_C041558,181,D001_3,C041558,10.8663,106.638,68.66,0.55,66
182,Z182_C045130,182,D001_3,C045130,10.6668,106.811,50.3,0.487,37
183,Z183_C034980,183,D001_3,C034980,10.6641,106.807,31.07,0.687,31
184,Z184_C041922,184,D001_3,C041922,10.6628,106.805,21.38,0.189,15
185,Z185_C016529,185,D001_3,C016529,10.6636,106.802,25.49,0.404,22
186,Z186_C009102,186,D001_3,C009102,10.6586,106.798,29.11,0.534,22
187,Z187_C046760,187,D001_3,C046760,10.6665,106.797,46.69,0.187,29
188,Z188_C028864,188,D001_3,C028864,10.6731,106.803,11.64,0.041,8
189,Z189_C040592,189,D001_3,C040592,10.6569,106.787,20.72,0.34,15
190,Z190_C017936,190,D001_3,C017936,10.6808,106.793,0.38,0.25,3
191,Z191_C003180,191,D001_3,C003180,10.6628,106.785,28.36,0.429,10
192,Z192_C030738,192,D001_3,C030738,10.6758,106.793,41.2,0.293,39
193,Z193_C005847,193,D001_3,C005847,10.6714,106.772,66.51,0.614,42
194,Z194_C018622,194,D001_3,C018622,10.6658,106.782,8.75,0.234,11
195,Z195_C011459,195,D001_3,C011459,10.6572,106.766,10.97,0.367,19
196,Z196_C007948,196,D001_3,C007948,10.6636,106.772,25.26,0.495,29
197,Z197_C024451,197,D001_3,C024451,10.6645,106.784,39.39,0.552,45
198,Z198_C041435,198,D001_3,C041435,10.6791,106.781,53.74,0.364,24
199,Z199_C001968,199,D001_3,C001968,10.6936,106.76,42.37,0.479,51
200,Z200_C037375,200,D001_3,C037375,10.7423,106.818,39.01,0.423,14
201,Z201_C010353,201,D001_3,C010353,10.7351,106.814,38.87,0.576,38
202,Z202_C001638,202,D001_3,C001638,10.6903,106.813,52.48,0.511,52
203,Z203_C044405,203,D001_3,C044405,10.6967,106.817,38.76,0.534,23
204,Z204_C043809,204,D001_3,C043809,10.6988,106.808,70.89,0.58,57
205,Z205_C039663,205,D001_3,C039663,10.7308,106.804,64.31,0.69,57
206,Z206_C028078,206,D001_3,C028078,10.736,106.799,23.75,0.07,8
207,Z207_C028284,207,D001_3,C028284,10.7099,106.811,54.73,0.573,24
208,Z208_C043053,208,D001_3,C043053,10.7207,106.815,59.63,0.507,47
209,Z209_C012816,209,D001_3,C012816,10.6911,106.796,17.78,0.48,27
210,Z210_C006411,210,D001_3,C006411,10.6757,106.809,30.12,0.244,11
211,Z211_C043796,211,D001_3,C043796,10.6778,106.812,49.77,0.519,21
212,Z212_C026710,212,D001_3,C026710,10.6881,106.804,50.05,0.566,40
213,Z213_C014151,213,D001_3,C014151,10.6823,106.801,26.17,0.408,36
214,Z214_C024228,214,D001_3,C024228,10.7021,106.798,76.34,0.566,44
215,Z215_C017618,215,D001_3,C017618,10.7006,106.767,49.51,0.311,35
216,Z216_C001331,216,D001_3,C001331,10.7273,106.766,43.05,0.395,27
217,Z217_C005048,217,D001_3,C005048,10.7149,106.789,56.84,0.294,32
218,Z218_C029222,218,D001_3,C029222,10.695,106.772,59.65,0.652,44
219,Z219_C007156,219,D001_3,C007156,10.6858,106.784,23.39,0.006,13
220,Z220_C018037,220,D001_3,C018037,10.6939,106.787,30.82,0.299,14
221,Z221_C038027,221,D001_3,C038027,10.6954,106.782,49.64,0.54,34
222,Z222_C036561,222,D001_3,C036561,10.8244,106.61,69.98,0.097,32
223,Z223_C033411,223,D001_3,C033411,10.825,106.592,44.33,0.108,26
224,Z224_C019439,224,D001_3,C019439,10.8478,106.598,32.76,0.301,46
225,Z225_C020621,225,D001_3,C020621,10.8363,106.595,68.66,0.618,95
226,Z226_C016431,226,D001_3,C016431,10.8319,106.603,43.88,0.2,25
227,Z227_C035406,227,D001_3,C035406,10.8621,106.585,6.7,0.054,7
228,Z228_C038192,228,D001_3,C038192,10.8615,106.592,64.55,0.206,21
229,Z229_C027164,229,D001_3,C027164,10.8535,106.593,22.76,0.26,24
230,Z230_C024071,230,D001_3,C024071,10.8493,106.585,59.28,0.606,102
231,Z231_C024736,231,D001_3,C024736,10.836,106.586,8.9,0.06,13
232,Z232_C015540,232,D001_3,C015540,10.8454,106.588,75.09,0.315,72
233,Z233_C005129,233,D001_3,C005129,10.8581,106.606,27.96,0.16,39
234,Z234_C004264,234,D001_3,C004264,10.8699,106.613,14.72,0.045,23
235,Z235_C023412,235,D001_3,C023412,10.862,106.607,40.26,0.114,12
236,Z236_C041073,236,D001_3,C041073,10.8595,106.614,39.44,0.125,24
237,Z237_C047624,237,D001_3,C047624,10.8585,106.597,62.43,0.334,51
238,Z238_C021824,238,D001_3,C021824,10.8662,106.601,76.93,0.257,57
239,Z239_C015721,239,D001_3,C015721,10.8571,106.615,38.44,0.196,22
240,Z240_C024588,240,D001_3,C024588,10.8546,106.611,68.61,0.135,39
241,Z241_C013237,241,D001_3,C013237,10.8521,106.613,38.5,0.155,19
242,Z242_C011969,242,D001_3,C011969,10.8598,106.617,48.23,0.133,24
243,Z243_C040162,243,D001_3,C040162,10.8517,106.623,47.6,0.158,29
244,Z244_C014794,244,D001_3,C014794,10.8474,106.62,15.26,0.035,14
245,Z245_C002106,245,D001_3,C002106,10.846,106.618,33.36,0.097,7
246,Z246_C011244,246,D001_3,C011244,10.8508,106.618,50.29,0.164,37
247,Z247_C005148,247,D001_3,C005148,10.8583,106.618,53.5,0.182,44
248,Z248_C009037,248,D001_3,C009037,10.8452,106.606,23.02,0.332,19
249,Z249_C001527,249,D001_3,C001527,10.8435,106.607,58.87,0.156,11
250,Z250_C036434,250,D001_3,C036434,10.8436,106.609,54.03,0.251,37
251,Z251_C016759,251,D001_3,C016759,10.8513,106.6,32.15,0.193,18
252,Z252_C003719,252,D001_3,C003719,10.8544,106.601,63.71,0.246,27
253,Z253_C041133,253,D001_3,C041133,10.831,106.617,18.86,0.009,9
254,Z254_C002622,254,D001_3,C002622,10.8362,106.614,67.99,0.232,47
255,Z255_C015948,255,D001_3,C015948,10.839,106.615,66.21,0.269,39
256,Z256_C044884,256,D001_3,C044884,10.8523,106.606,62.31,0.313,34
257,Z257_C042683,257,D001_3,C042683,10.8084,106.815,40.62,0.437,23
258,Z258_C041800,258,D001_3,C041800,10.8059,106.814,67.63,0.589,37
259,Z259_C020864,259,D001_3,C020864,10.7955,106.82,20.05,0.193,7
260,Z260_C035713,260,D001_3,C035713,10.7766,106.805,36.21,0.463,32
261,Z261_C013053,261,D001_3,C013053,10.7615,106.812,31.19,0.305,31
262,Z262_C004782,262,D001_3,C004782,10.8266,106.804,23.63,0.157,9
263,Z263_C041041,263,D001_3,C041041,10.8233,106.808,37.8,0.678,39
264,Z264_C044839,264,D001_3,C044839,10.8191,106.804,20.15,0.089,3
265,Z265_C028826,265,D001_3,C028826,10.8268,106.795,59.09,0.682,35
266,Z266_C013517,266,D001_3,C013517,10.825,106.801,15.89,0.479,30
267,Z267_C002527,267,D001_3,C002527,10.8155,106.79,49.41,0.417,37
268,Z268_C032158,268,D001_3,C032158,10.8386,106.668,38.46,0.175,34
269,Z269_C001179,269,D001_3,C001179,10.835,106.672,59.34,0.24,31
270,Z270_C027602,270,D001_3,C027602,10.8305,106.688,10.62,0.01,4
271,Z271_C006239,271,D001_3,C006239,10.8327,106.681,77.94,0.484,57
272,Z272_C042484,272,D001_3,C042484,10.8147,106.657,7.55,0.348,38
273,Z273_C044816,273,D001_3,C044816,10.8183,106.658,50.53,0.602,62
274,Z274_C008847,274,D001_3,C008847,10.8148,106.669,55.6,0.564,60
275,Z275_C025227,275,D001_3,C025227,10.8254,106.653,1.34,0.08,7
276,Z276_C024817,276,D001_3,C024817,10.824,106.66,9.43,0.306,20
277,Z277_C010544,277,D001_3,C010544,10.8266,106.658,31.19,0.397,31
278,Z278_C036276,278,D001_3,C036276,10.8177,106.67,16.94,0.08,25
279,Z279_C039073,279,D001_3,C039073,10.8213,106.672,57.97,0.458,52
280,Z280_C034981,280,D001_3,C034981,10.8295,106.674,10.42,0.301,17
281,Z281_C047886,281,D001_3,C047886,10.8195,106.671,19.77,0.412,36
282,Z282_C012400,282,D001_3,C012400,10.8233,106.665,30.22,0.397,30
283,Z283_C043648,283,D001_3,C043648,10.828,106.671,43.21,0.229,42
284,Z284_C010843,284,D001_3,C010843,10.8275,106.666,44.88,0.289,41
285,Z285_C011888,285,D001_3,C011888,10.8369,106.661,9.99,0.046,22
286,Z286_C016122,286,D001_3,C016122,10.831,106.658,9.7,0.107,24
287,Z287_C030956,287,D001_3,C030956,10.8304,106.662,39.46,0.401,43
288,Z288_C010597,288,D001_3,C010597,10.8314,106.668,58.25,0.622,84
289,Z289_C039240,289,D001_3,C039240,10.8251,106.676,40.19,0.404,30
290,Z290_C026827,290,D001_3,C026827,10.8315,106.677,39.11,0.196,31
291,Z291_C024813,291,D001_3,C024813,10.8303,106.675,47.76,0.4,65
292,Z292_C044518,292,D001_3,C044518,10.8248,106.682,27.62,0.321,34
293,Z293_C010798,293,D001_3,C010798,10.8183,106.676,25.19,0.192,29
294,Z294_C001246,294,D001_3,C001246,10.8169,106.681,47.16,0.368,32
295,Z295_C031013,295,D001_3,C031013,10.8213,106.687,38.26,0.321,71
296,Z296_C018273,296,D001_3,C018273,10.7948,106.676,24.01,0.199,8
297,Z297_C012141,297,D001_3,C012141,10.7921,106.681,39.38,0.354,23
298,Z298_C004917,298,D001_3,C004917,10.7856,106.686,17.39,0.426,8
299,Z299_C011853,299,D001_3,C011853,10.7938,106.678,39.99,0.365,12
300,Z300_C034289,300,D001_3,C034289,10.7927,106.673,51.4,0.644,36
301,Z301_C025320,301,D001_3,C025320,10.7884,106.672,12.46,0.218,13
302,Z302_C018153,302,D001_3,C018153,10.7882,106.678,33.14,0.379,17
303,Z303_C017051,303,D001_3,C017051,10.8027,106.679,5.86,0.233,14
304,Z304_C047131,304,D001_3,C047131,10.8031,106.672,37.18,0.397,19
305,Z305_C020752,305,D001_3,C020752,10.7989,106.675,69.44,0.637,37
306,Z306_C005986,306,D001_3,C005986,10.7923,106.686,43.48,0.366,24
307,Z307_C010720,307,D001_3,C010720,10.7965,106.681,45.99,0.626,30
308,Z308_C001884,308,D001_3,C001884,10.7951,106.681,36.48,0.341,13
309,Z309_C022115,309,D001_3,C022115,10.7979,106.678,31.18,0.407,23
310,Z310_C031982,310,D001_3,C031982,10.8059,106.678,54.55,0.573,22
311,Z311_C046084,311,D001_3,C046084,10.7976,106.686,14.09,0.118,13
312,Z312_C042294,312,D001_3,C042294,10.8096,106.683,25.66,0.317,16
313,Z313_C022804,313,D001_3,C022804,10.802,106.684,47.23,0.519,38
314,Z314_C003616,314,D001_3,C003616,10.8016,106.685,21.79,0.246,3
315,Z315_C001155,315,D001_3,C001155,10.8066,106.685,31.34,0.616,28
316,Z316_C000940,316,D001_3,C000940,10.8043,106.683,57.93,0.588,30
317,Z317_C001087,317,D001_3,C001087,10.8135,106.704,42.19,0.464,22
318,Z318_C018692,318,D001_3,C018692,10.8092,106.712,19.55,0.172,6
319,Z319_C039570,319,D001_3,C039570,10.8077,106.708,28.17,0.391,13
320,Z320_C030930,320,D001_3,C030930,10.8091,106.705,46.72,0.335,16
321,Z321_C012334,321,D001_3,C012334,10.8032,106.702,26.37,0.348,17
322,Z322_C013393,322,D001_3,C013393,10.8007,106.711,53.11,0.547,20
323,Z323_C019415,323,D001_3,C019415,10.805,106.712,42.49,0.322,7
324,Z324_C032243,324,D001_3,C032243,10.7985,106.708,50.65,0.59,27
325,Z325_C007358,325,D001_3,C007358,10.8016,106.704,42.91,0.336,11
326,Z326_C031614,326,D001_3,C031614,10.798,106.707,44.02,0.367,22
327,Z327_C021620,327,D001_3,C021620,10.8075,106.69,52.18,0.65,25
328,Z328_C015997,328,D001_3,C015997,10.8098,106.692,35.98,0.289,13
329,Z329_C021695,329,D001_3,C021695,10.8052,106.695,44.44,0.519,31
330,Z330_C023330,330,D001_3,C023330,10.8083,106.7,59.7,0.644,34
331,Z331_C032860,331,D001_3,C032860,10.8022,106.696,14.04,0.216,9
332,Z332_C014601,332,D001_3,C014601,10.8119,106.698,60.67,0.589,15
333,Z333_C036552,333,D001_3,C036552,10.816,106.692,57.28,0.635,24
334,Z334_C038308,334,D001_3,C038308,10.7898,106.697,37.08,0.553,21
335,Z335_C019095,335,D001_3,C019095,10.7882,106.692,0.92,0.235,3
336,Z336_C030922,336,D001_3,C030922,10.7885,106.692,23.5,0.463,10
337,Z337_C016707,337,D001_3,C016707,10.7906,106.688,27.09,0.26,12
338,Z338_C023831,338,D001_3,C023831,10.7904,106.692,36.47,0.556,25
339,Z339_C033620,339,D001_3,C033620,10.7997,106.689,21.11,0.184,14
340,Z340_C017572,340,D001_3,C017572,10.7925,106.69,22.88,0.15,15
341,Z341_C022064,341,D001_3,C022064,10.7947,106.69,48.97,0.641,21
342,Z342_C041484,342,D001_3,C041484,10.7997,106.692,31.75,0.474,21
343,Z343_C018565,343,D001_3,C018565,10.7998,106.692,14.24,0.249,8
344,Z344_C023841,344,D001_3,C023841,10.7974,106.695,43.93,0.619,16
345,Z345_C015082,345,D001_3,C015082,10.7955,106.698,9.61,0.439,14
346,Z346_C008721,346,D001_3,C008721,10.7926,106.693,18.13,0.469,25
347,Z347_C028272,347,D001_3,C028272,10.7971,106.699,8.31,0.172,13
348,Z348_C012125,348,D001_3,C012125,10.783,106.687,35.81,0.556,20
349,Z349_C038159,349,D001_3,C038159,10.7923,106.708,18.03,0.16,6
350,Z350_C022567,350,D001_3,C022567,10.7916,106.702,55.12,0.463,37
351,Z351_C040255,351,D001_3,C040255,10.7935,106.704,55.69,0.387,23
352,Z352_C012739,352,D001_3,C012739,10.7834,106.694,62,0.552,45
353,Z353_C009863,353,D001_3,C009863,10.7818,106.697,21.92,0.215,6
354,Z354_C038428,354,D001_3,C038428,10.7824,106.695,54.19,0.538,37
355,Z355_C023081,355,D001_3,C023081,10.7867,106.697,21.29,0.135,14
356,Z356_C019145,356,D001_3,C019145,10.7901,106.698,5.03,0.202,13
357,Z357_C004811,357,D001_3,C004811,10.7894,106.702,44.15,0.604,23
358,Z358_C010903,358,D001_3,C010903,10.7897,106.699,23.89,0.198,8
359,Z359_C025641,359,D001_3,C025641,10.8946,106.633,64.24,0.601,41
360,Z360_C047241,360,D001_3,C047241,10.8956,106.64,15.54,0.085,15
361,Z361_C002083,361,D001_3,C002083,10.89,106.626,44.31,0.275,31
362,Z362_C013765,362,D001_3,C013765,10.8926,106.632,19.62,0.388,22
363,Z363_C028134,363,D001_3,C028134,10.8948,106.627,28.36,0.423,22
364,Z364_C032651,364,D001_3,C032651,10.8959,106.626,23.15,0.207,13
365,Z365_C035359,365,D001_3,C035359,10.8914,106.611,19.72,0.502,28
366,Z366_C015594,366,D001_3,C015594,10.8884,106.613,60.25,0.476,41
367,Z367_C004956,367,D001_3,C004956,10.8949,106.613,30.19,0.472,24
368,Z368_C009707,368,D001_3,C009707,10.8952,106.617,61.16,0.236,29
369,Z369_C010331,369,D001_3,C010331,10.8942,106.609,17.56,0.353,25
370,Z370_C018552,370,D001_3,C018552,10.8935,106.613,3.74,0.115,5
371,Z371_C048051,371,D001_3,C048051,10.8921,106.619,31.57,0.392,35
372,Z372_C009551,372,D001_3,C009551,10.8887,106.617,42.99,0.367,28
373,Z373_C000865,373,D001_3,C000865,10.8932,106.604,43,0.402,18
374,Z374_C021206,374,D001_3,C021206,10.8847,106.602,48.24,0.163,12
375,Z375_C040020,375,D001_3,C040020,10.8857,106.613,23.7,0.361,25
376,Z376_C009373,376,D001_3,C009373,10.8785,106.632,50.74,0.583,34
377,Z377_C003244,377,D001_3,C003244,10.8771,106.622,40.13,0.159,12
378,Z378_C009032,378,D001_3,C009032,10.8723,106.624,60.99,0.676,29
379,Z379_C023845,379,D001_3,C023845,10.8769,106.625,65.36,0.382,33
380,Z380_C004080,380,D001_3,C004080,10.8786,106.628,30.57,0.249,15
381,Z381_C043603,381,D001_3,C043603,10.8667,106.62,62.35,0.191,34
382,Z382_C031250,382,D001_3,C031250,10.8764,106.62,7.69,0.158,13
383,Z383_C033478,383,D001_3,C033478,10.871,106.622,77.33,0.641,50
384,Z384_C016429,384,D001_3,C016429,10.8706,106.62,35.64,0.215,21
385,Z385_C025551,385,D001_3,C025551,10.8742,106.616,67.37,0.581,44
386,Z386_C007836,386,D001_3,C007836,10.8837,106.615,12.98,0.379,25
387,Z387_C018530,387,D001_3,C018530,10.8797,106.611,11.35,0.446,11
388,Z388_C042750,388,D001_3,C042750,10.8822,106.608,53.23,0.433,33
389,Z389_C024556,389,D001_3,C024556,10.8774,106.615,66.03,0.65,35
390,Z390_C007956,390,D001_3,C007956,10.8791,106.612,42.06,0.247,21
391,Z391_C018049,391,D001_3,C018049,10.8769,106.611,65.77,0.619,48
392,Z392_C031109,392,D001_3,C031109,10.874,106.61,22.42,0.192,3
393,Z393_C040544,393,D001_3,C040544,10.8796,106.622,68.3,0.467,33
394,Z394_C028104,394,D001_3,C028104,10.8797,106.626,22.98,0.246,18
395,Z395_C046209,395,D001_3,C046209,10.8834,106.627,68.42,0.622,53
396,Z396_C032720,396,D001_3,C032720,10.8834,106.62,5.19,0.04,7
397,Z397_C029138,397,D001_3,C029138,10.8861,106.619,18.69,0.109,4
398,Z398_C017968,398,D001_3,C017968,10.8857,106.621,66.37,0.679,35
399,Z399_C034145,399,D001_3,C034145,10.8855,106.637,75.01,0.68,52
400,Z400_C035997,400,D001_3,C035997,10.8544,106.672,3.84,0.202,5
401,Z401_C042827,401,D001_3,C042827,10.8578,106.671,14.33,0.63,19
402,Z402_C015118,402,D001_3,C015118,10.8452,106.666,14.72,0.341,19
403,Z403_C034374,403,D001_3,C034374,10.8487,106.666,9.51,0.359,11
404,Z404_C016378,404,D001_3,C016378,10.848,106.662,38.45,0.689,34
405,Z405_C008617,405,D001_3,C008617,10.8472,106.673,16.31,0.546,25
406,Z406_C002553,406,D001_3,C002553,10.8437,106.671,16.31,0.401,15
407,Z407_C012207,407,D001_3,C012207,10.8449,106.67,16.17,0.299,16
408,Z408_C005581,408,D001_3,C005581,10.8526,106.67,10.62,0.447,12
409,Z409_C004830,409,D001_3,C004830,10.8543,106.664,13.65,0.473,25
410,Z410_C044036,410,D001_3,C044036,10.8547,106.662,10.99,0.221,19
411,Z411_C049269,411,D001_3,C049269,10.856,106.665,4.27,0.168,10
412,Z412_C038677,412,D001_3,C038677,10.8573,106.665,18.02,0.579,26
413,Z413_C024512,413,D001_3,C024512,10.8587,106.658,17.26,0.418,14
414,Z414_C026761,414,D001_3,C026761,10.8606,106.661,18.15,0.509,21
415,Z415_C035732,415,D001_3,C035732,10.8621,106.659,5.23,0.323,24
416,Z416_C009164,416,D001_3,C009164,10.8518,106.661,3.85,0.273,12
417,Z417_C026162,417,D001_3,C026162,10.8527,106.659,18.61,0.32,18
418,Z418_C034646,418,D001_3,C034646,10.8528,106.655,14.5,0.461,7
419,Z419_C044187,419,D001_3,C044187,10.8553,106.645,12.67,0.637,36
420,Z420_C017544,420,D001_3,C017544,10.8535,106.653,23.57,0.636,27
421,Z421_C015568,421,D001_3,C015568,10.8567,106.658,3.73,0.189,9
422,Z422_C021210,422,D001_3,C021210,10.8551,106.652,7.39,0.18,4
423,Z423_C023253,423,D001_3,C023253,10.8482,106.66,26.76,0.5,18
424,Z424_C045154,424,D001_3,C045154,10.8484,106.662,4.67,0.225,12
425,Z425_C004337,425,D001_3,C004337,10.8404,106.669,18.67,0.457,17
426,Z426_C007734,426,D001_3,C007734,10.8384,106.66,29.33,0.438,19
427,Z427_C023651,427,D001_3,C023651,10.8403,106.665,15.88,0.593,15
428,Z428_C009185,428,D001_3,C009185,10.84,106.657,25.35,0.504,31
429,Z429_C027099,429,D001_3,C027099,10.8371,106.653,16.57,0.205,10
430,Z430_C014622,430,D001_3,C014622,10.8385,106.648,23.11,0.514,21
431,Z431_C049931,431,D001_3,C049931,10.8437,106.659,8.36,0.355,21
432,Z432_C040232,432,D001_3,C040232,10.8412,106.648,0.31,0.087,11
433,Z433_C031425,433,D001_3,C031425,10.8433,106.654,26.39,0.395,10
434,Z434_C008990,434,D001_3,C008990,10.8436,106.655,23.37,0.668,34
435,Z435_C006011,435,D001_3,C006011,10.8359,106.64,11.57,0.359,19
436,Z436_C006711,436,D001_3,C006711,10.8417,106.645,14.84,0.355,24
437,Z437_C008288,437,D001_3,C008288,10.8469,106.651,23.95,0.395,7
438,Z438_C012019,438,D001_3,C012019,10.8457,106.649,28.5,0.387,20
439,Z439_C024042,439,D001_3,C024042,10.8397,106.635,1.51,0.223,6
440,Z440_C015534,440,D001_3,C015534,10.8448,106.641,20.72,0.496,19
441,Z441_C046045,441,D001_3,C046045,10.851,106.65,4.75,0.175,4
442,Z442_C019037,442,D001_3,C019037,10.8485,106.65,3.05,0.207,13
443,Z443_C049637,443,D001_3,C049637,10.8496,106.652,23.22,0.657,23
444,Z444_C027305,444,D001_3,C027305,10.8514,106.645,14,0.609,17
445,Z445_C014701,445,D001_3,C014701,10.8532,106.648,18.8,0.42,18
446,Z446_C019153,446,D001_3,C019153,10.8528,106.645,16.03,0.395,16
447,Z447_C036998,447,D001_3,C036998,10.835,106.673,12.87,0.368,26
448,Z448_C044670,448,D001_3,C044670,10.829,106.664,7.11,0.672,30
449,Z449_C002206,449,D001_3,C002206,10.836,106.659,13.34,0.318,21
450,Z450_C023656,450,D001_3,C023656,10.8344,106.66,14.62,0.401,16
451,Z451_C012249,451,D001_3,C012249,10.8354,106.662,3.91,0.379,20
452,Z452_C042830,452,D001_3,C042830,10.8385,106.668,14.58,0.573,16
453,Z453_C026419,453,D001_3,C026419,10.8369,106.663,1.41,0.403,21
454,Z454_C018437,454,D001_3,C018437,10.8292,106.652,9.12,0.552,43
455,Z455_C021960,455,D001_3,C021960,10.8285,106.657,1.78,0.234,4
456,Z456_C040667,456,D001_3,C040667,10.8258,106.655,13.41,0.541,26
457,Z457_C017325,457,D001_3,C017325,10.8295,106.659,6.19,0.207,5
458,Z458_C014531,458,D001_3,C014531,10.8234,106.656,7.04,0.451,12
459,Z459_C023772,459,D001_3,C023772,10.8363,106.651,25.45,0.682,30
460,Z460_C018799,460,D001_3,C018799,10.8281,106.644,6.07,0.603,30
461,Z461_C027106,461,D001_3,C027106,10.8273,106.649,5.44,0.321,20
462,Z462_C006736,462,D001_3,C006736,10.8216,106.65,2.83,0.391,21
463,Z463_C025336,463,D001_3,C025336,10.8657,106.67,9.49,0.183,9
464,Z464_C000757,464,D001_3,C000757,10.8659,106.67,47.08,0.652,31
465,Z465_C008241,465,D001_3,C008241,10.8718,106.666,23.84,0.402,15
466,Z466_C018759,466,D001_3,C018759,10.8726,106.662,9.37,0.603,29
467,Z467_C023245,467,D001_3,C023245,10.8735,106.667,36.35,0.45,10
468,Z468_C005966,468,D001_3,C005966,10.8773,106.663,29.64,0.635,37
469,Z469_C024017,469,D001_3,C024017,10.8748,106.666,17.68,0.224,6
470,Z470_C023514,470,D001_3,C023514,10.8773,106.673,21.47,0.304,23
471,Z471_C049341,471,D001_3,C049341,10.8763,106.671,12.65,0.498,35
472,Z472_C038513,472,D001_3,C038513,10.8772,106.675,7.52,0.209,14
473,Z473_C035920,473,D001_3,C035920,10.8749,106.674,48.82,0.626,26
474,Z474_C010473,474,D001_3,C010473,10.8704,106.671,23.01,0.58,30
475,Z475_C023589,475,D001_3,C023589,10.8666,106.661,16.11,0.221,6
476,Z476_C003659,476,D001_3,C003659,10.8637,106.665,33.72,0.541,21
477,Z477_C027396,477,D001_3,C027396,10.8714,106.656,10.71,0.168,14
478,Z478_C003373,478,D001_3,C003373,10.8737,106.655,0.34,0.194,8
479,Z479_C006719,479,D001_3,C006719,10.8721,106.656,35.66,0.567,39
480,Z480_C014159,480,D001_3,C014159,10.873,106.651,26.38,0.433,13
481,Z481_C010063,481,D001_3,C010063,10.8794,106.675,20.58,0.408,19
482,Z482_C020547,482,D001_3,C020547,10.8802,106.678,28.86,0.594,29
483,Z483_C009793,483,D001_3,C009793,10.8817,106.671,31.35,0.38,17
484,Z484_C010243,484,D001_3,C010243,10.8789,106.67,29.45,0.424,25
485,Z485_C015866,485,D001_3,C015866,10.8944,106.65,16.91,0.407,13
486,Z486_C034323,486,D001_3,C034323,10.8921,106.651,28.44,0.574,20
487,Z487_C014090,487,D001_3,C014090,10.8833,106.664,29.69,0.387,24
488,Z488_C034644,488,D001_3,C034644,10.8841,106.656,11.62,0.329,20
489,Z489_C016972,489,D001_3,C016972,10.8896,106.66,28.41,0.383,22
490,Z490_C008522,490,D001_3,C008522,10.8935,106.643,23.1,0.425,11
491,Z491_C025182,491,D001_3,C025182,10.8871,106.682,14.09,0.677,30
492,Z492_C014989,492,D001_3,C014989,10.8915,106.678,34.16,0.455,6
493,Z493_C031758,493,D001_3,C031758,10.882,106.669,16.15,0.308,9
494,Z494_C012895,494,D001_3,C012895,10.8899,106.676,35.17,0.631,28
495,Z495_C014741,495,D001_3,C014741,10.8942,106.659,14.81,0.218,4
496,Z496_C047908,496,D001_3,C047908,10.8938,106.665,12.99,0.558,26
497,Z497_C012234,497,D001_3,C012234,10.8903,106.663,22.07,0.334,26
498,Z498_C000988,498,D001_3,C000988,10.8926,106.674,35.82,0.377,19
499,Z499_C037538,499,D001_3,C037538,10.8959,106.675,12.78,0.223,4
500,Z500_C013912,500,D001_3,C013912,10.8887,106.669,6.74,0.139,10
501,Z501_C034494,501,D001_3,C034494,10.8843,106.668,24.28,0.567,37
502,Z502_C030146,502,D001_3,C030146,10.8859,106.664,3.03,0.124,10
503,Z503_C044613,503,D001_3,C044613,10.8827,106.651,39.4,0.59,35
504,Z504_C027590,504,D001_3,C027590,10.8797,106.652,30.39,0.387,9
505,Z505_C010169,505,D001_3,C010169,10.883,106.646,19.46,0.402,24
506,Z506_C013888,506,D001_3,C013888,10.8782,106.642,29.71,0.633,19
507,Z507_C012921,507,D001_3,C012921,10.8805,106.666,16,0.159,4
508,Z508_C003510,508,D001_3,C003510,10.8797,106.663,31.99,0.549,31
509,Z509_C010121,509,D001_3,C010121,10.8779,106.659,29,0.587,22
510,Z510_C016272,510,D001_3,C016272,10.8639,106.749,44.14,0.125,16
511,Z511_C014269,511,D001_3,C014269,10.8717,106.746,65.21,0.342,41
512,Z512_C010470,512,D001_3,C010470,10.873,106.752,66.79,0.5,56
513,Z513_C032168,513,D001_3,C032168,10.8754,106.759,39.29,0.351,26
514,Z514_C026075,514,D001_3,C026075,10.8643,106.759,14.47,0.062,13
515,Z515_C001029,515,D001_3,C001029,10.8738,106.772,23.49,0.225,7
516,Z516_C045958,516,D001_3,C045958,10.8755,106.761,17.62,0.024,14
517,Z517_C028916,517,D001_3,C028916,10.8742,106.766,64.65,0.542,35
518,Z518_C027210,518,D001_3,C027210,10.8687,106.769,39.7,0.574,47
519,Z519_C006501,519,D001_3,C006501,10.8725,106.775,7.07,0.058,10
520,Z520_C016129,520,D001_3,C016129,10.8772,106.78,49.08,0.611,19
521,Z521_C021381,521,D001_3,C021381,10.8798,106.774,50.27,0.319,39
522,Z522_C025226,522,D001_3,C025226,10.8786,106.769,21.97,0.199,7
523,Z523_C015777,523,D001_3,C015777,10.8868,106.766,55.14,0.431,22
524,Z524_C037163,524,D001_3,C037163,10.88,106.762,33.39,0.267,13
525,Z525_C016803,525,D001_3,C016803,10.8937,106.765,42.97,0.286,35
526,Z526_C017535,526,D001_3,C017535,10.8855,106.762,31.82,0.124,6
527,Z527_C002489,527,D001_3,C002489,10.8876,106.759,14.83,0.204,15
528,Z528_C040281,528,D001_3,C040281,10.8881,106.761,51.04,0.496,38
529,Z529_C003417,529,D001_3,C003417,10.8839,106.76,8.28,0.259,16
530,Z530_C041191,530,D001_3,C041191,10.881,106.756,43.75,0.43,21
531,Z531_C019789,531,D001_3,C019789,10.8897,106.759,61.15,0.505,39
532,Z532_C049120,532,D001_3,C049120,10.8913,106.756,75.33,0.644,47
533,Z533_C009836,533,D001_3,C009836,10.8811,106.749,67.25,0.57,39
534,Z534_C001861,534,D001_3,C001861,10.8818,106.742,47.12,0.073,13
535,Z535_C026242,535,D001_3,C026242,10.8949,106.747,45.58,0.297,35
536,Z536_C014413,536,D001_3,C014413,10.8925,106.755,22.35,0.024,3
537,Z537_C044740,537,D001_3,C044740,10.8891,106.752,61.05,0.376,42
538,Z538_C032227,538,D001_3,C032227,10.8903,106.745,70,0.249,31
539,Z539_C008860,539,D001_3,C008860,10.8949,106.779,23.12,0.438,9
540,Z540_C024659,540,D001_3,C024659,10.8922,106.78,51.62,0.493,30
541,Z541_C048293,541,D001_3,C048293,10.8844,106.779,59.88,0.129,31
542,Z542_C005432,542,D001_3,C005432,10.8879,106.782,32.91,0.071,12
543,Z543_C013786,543,D001_3,C013786,10.8934,106.79,37.9,0.377,23
544,Z544_C045593,544,D001_3,C045593,10.8949,106.768,75.76,0.479,51
545,Z545_C023785,545,D001_3,C023785,10.8289,106.696,34.04,0.43,11
546,Z546_C002136,546,D001_3,C002136,10.8385,106.709,47.66,0.519,33
547,Z547_C002207,547,D001_3,C002207,10.8356,106.71,26.03,0.369,18
548,Z548_C048713,548,D001_3,C048713,10.8382,106.704,58.48,0.676,33
549,Z549_C029573,549,D001_3,C029573,10.834,106.704,7.6,0.249,15
550,Z550_C030037,550,D001_3,C030037,10.8333,106.696,37.72,0.352,18
551,Z551_C024176,551,D001_3,C024176,10.8404,106.705,33.98,0.403,17
552,Z552_C011678,552,D001_3,C011678,10.8398,106.706,54.18,0.686,30
553,Z553_C039324,553,D001_3,C039324,10.8431,106.707,39.66,0.525,35
554,Z554_C018476,554,D001_3,C018476,10.8422,106.701,24.14,0.148,14
555,Z555_C000176,555,D001_3,C000176,10.8531,106.707,40.9,0.624,32
556,Z556_C034591,556,D001_3,C034591,10.8477,106.706,18.19,0.168,8
557,Z557_C003635,557,D001_3,C003635,10.8561,106.711,18.06,0.25,7
558,Z558_C035751,558,D001_3,C035751,10.8577,106.713,13.68,0.207,15
559,Z559_C019839,559,D001_3,C019839,10.8443,106.713,40.17,0.672,37
560,Z560_C015306,560,D001_3,C015306,10.8469,106.706,6.85,0.21,12
561,Z561_C014683,561,D001_3,C014683,10.8493,106.71,17.49,0.676,19
562,Z562_C037543,562,D001_3,C037543,10.847,106.713,8.65,0.17,12
563,Z563_C022047,563,D001_3,C022047,10.8527,106.713,43.96,0.65,24
564,Z564_C014053,564,D001_3,C014053,10.8518,106.718,14.4,0.208,15
565,Z565_C008836,565,D001_3,C008836,10.8518,106.723,17.41,0.195,7
566,Z566_C041459,566,D001_3,C041459,10.8452,106.722,44.58,0.584,36
567,Z567_C018040,567,D001_3,C018040,10.8401,106.72,42.87,0.477,35
568,Z568_C008718,568,D001_3,C008718,10.8398,106.716,18.8,0.438,20
569,Z569_C002971,569,D001_3,C002971,10.838,106.718,29.64,0.284,26
570,Z570_C025751,570,D001_3,C025751,10.8342,106.718,47.35,0.468,21
571,Z571_C012061,571,D001_3,C012061,10.8142,106.718,17.23,0.229,8
572,Z572_C006885,572,D001_3,C006885,10.8227,106.711,20.23,0.233,11
573,Z573_C026835,573,D001_3,C026835,10.8286,106.714,37.76,0.639,27
574,Z574_C046254,574,D001_3,C046254,10.8213,106.707,17.49,0.226,5
575,Z575_C009002,575,D001_3,C009002,10.8286,106.71,23.61,0.488,13
576,Z576_C048159,576,D001_3,C048159,10.837,106.714,13.5,0.172,13
577,Z577_C024725,577,D001_3,C024725,10.8363,106.714,15.8,0.395,18
578,Z578_C033539,578,D001_3,C033539,10.8299,106.715,12.57,0.18,11
579,Z579_C035060,579,D001_3,C035060,10.8321,106.716,41.93,0.594,23
580,Z580_C003472,580,D001_3,C003472,10.8382,106.714,16.27,0.119,13
581,Z581_C007062,581,D001_3,C007062,10.8356,106.729,60.8,0.545,32
582,Z582_C020771,582,D001_3,C020771,10.8291,106.723,17.58,0.238,3
583,Z583_C014095,583,D001_3,C014095,10.8412,106.723,31.09,0.437,16
584,Z584_C037090,584,D001_3,C037090,10.8474,106.726,21.27,0.231,7
585,Z585_C017433,585,D001_3,C017433,10.8321,106.736,54.76,0.628,39
586,Z586_C034763,586,D001_3,C034763,10.8328,106.736,8.79,0.215,3
587,Z587_C018760,587,D001_3,C018760,10.8175,106.731,23.39,0.451,14
588,Z588_C034437,588,D001_3,C034437,10.8353,106.735,48.47,0.584,28
589,Z589_C010785,589,D001_3,C010785,10.8379,106.732,5.02,0.219,15
590,Z590_C027624,590,D001_3,C027624,10.8917,106.667,64,0.296,24
591,Z591_C041103,591,D001_3,C041103,10.8926,106.669,53.77,0.248,25
592,Z592_C014631,592,D001_3,C014631,10.8919,106.665,27.07,0.102,7
593,Z593_C003623,593,D001_3,C003623,10.8856,106.663,32.18,0.21,12
594,Z594_C045649,594,D001_3,C045649,10.8874,106.667,52.52,0.264,26
595,Z595_C026243,595,D001_3,C026243,10.8808,106.665,36.44,0.17,13
596,Z596_C045001,596,D001_3,C045001,10.8874,106.674,45.55,0.286,22
597,Z597_C003319,597,D001_3,C003319,10.886,106.669,60.07,0.32,36
598,Z598_C014477,598,D001_3,C014477,10.8772,106.664,48.11,0.142,28
599,Z599_C006346,599,D001_3,C006346,10.8753,106.661,66.45,0.296,23
600,Z600_C000646,600,D001_3,C000646,10.8755,106.667,52.59,0.314,24
601,Z601_C033814,601,D001_3,C033814,10.8764,106.673,66.79,0.295,20
602,Z602_C029733,602,D001_3,C029733,10.8786,106.672,44.27,0.175,17
603,Z603_C010985,603,D001_3,C010985,10.8825,106.678,49.78,0.2,22
604,Z604_C030747,604,D001_3,C030747,10.8794,106.683,18.26,0.026,13
605,Z605_C004589,605,D001_3,C004589,10.8731,106.663,28.67,0.148,17
606,Z606_C020581,606,D001_3,C020581,10.8678,106.657,65.55,0.097,22
607,Z607_C009557,607,D001_3,C009557,10.8767,106.657,18.61,0.11,8
608,Z608_C010359,608,D001_3,C010359,10.8837,106.658,50.12,0.214,26
609,Z609_C034495,609,D001_3,C034495,10.878,106.66,54.05,0.271,20
610,Z610_C018628,610,D001_3,C018628,10.8931,106.665,64.47,0.186,40
611,Z611_C011847,611,D001_3,C011847,10.894,106.674,54,0.328,35
612,Z612_C049787,612,D001_3,C049787,10.8827,106.684,66.46,0.056,24
613,Z613_C007686,613,D001_3,C007686,10.891,106.68,63.44,0.066,32
614,Z614_C035203,614,D001_3,C035203,10.876,106.648,40.96,0.176,20
615,Z615_C018765,615,D001_3,C018765,10.8804,106.637,69.46,0.048,25
616,Z616_C032596,616,D001_3,C032596,10.8808,106.651,23.01,0.166,12
617,Z617_C006840,617,D001_3,C006840,10.893,106.658,67.43,0.311,47
618,Z618_C045423,618,D001_3,C045423,10.8863,106.652,53.14,0.165,32
619,Z619_C003271,619,D001_3,C003271,10.8904,106.649,30.96,0.078,19
620,Z620_C007575,620,D001_3,C007575,10.883,106.65,19.78,0.098,15
621,Z621_C008917,621,D001_3,C008917,10.8942,106.652,77,0.353,54
622,Z622_C013449,622,D001_3,C013449,10.8933,106.647,22.18,0.096,12
623,Z623_C013268,623,D001_3,C013268,10.8856,106.644,78.04,0.143,44
624,Z624_C037244,624,D001_3,C037244,10.8689,106.582,38.47,0.501,28
625,Z625_C007554,625,D001_3,C007554,10.86,106.582,10.68,0.292,9
626,Z626_C018917,626,D001_3,C018917,10.8611,106.583,12.94,0.364,22
627,Z627_C008410,627,D001_3,C008410,10.8624,106.583,28.69,0.354,39
628,Z628_C014517,628,D001_3,C014517,10.8665,106.586,8.09,0.041,12
629,Z629_C014224,629,D001_3,C014224,10.8605,106.589,14.32,0.62,51
630,Z630_C004583,630,D001_3,C004583,10.8641,106.591,2.52,0.153,10
631,Z631_C040800,631,D001_3,C040800,10.8932,106.589,48.35,0.586,40
632,Z632_C030755,632,D001_3,C030755,10.8942,106.593,36.34,0.166,13
633,Z633_C024790,633,D001_3,C024790,10.8905,106.586,56.78,0.55,47
634,Z634_C026901,634,D001_3,C026901,10.8892,106.592,15.74,0.168,16
635,Z635_C042763,635,D001_3,C042763,10.8888,106.587,23.02,0.063,9
636,Z636_C000343,636,D001_3,C000343,10.8921,106.584,66.49,0.666,41
637,Z637_C033397,637,D001_3,C033397,10.8934,106.58,46.24,0.08,27
638,Z638_C039717,638,D001_3,C039717,10.8742,106.581,46.73,0.427,52
639,Z639_C021532,639,D001_3,C021532,10.8779,106.585,40.39,0.238,11
640,Z640_C016910,640,D001_3,C016910,10.8855,106.581,13.32,0.248,21
641,Z641_C016734,641,D001_3,C016734,10.8858,106.586,29.9,0.42,35
642,Z642_C006496,642,D001_3,C006496,10.8873,106.582,40.46,0.615,15
643,Z643_C039497,643,D001_3,C039497,10.8847,106.584,23.25,0.467,24
644,Z644_C048488,644,D001_3,C048488,10.8808,106.588,53.39,0.477,26
645,Z645_C049233,645,D001_3,C049233,10.885,106.589,44.12,0.458,29
646,Z646_C021047,646,D001_3,C021047,10.8918,106.593,9.12,0.11,10
647,Z647_C019816,647,D001_3,C019816,10.889,106.593,38.82,0.467,38
648,Z648_C028625,648,D001_3,C028625,10.8906,106.594,18.56,0.236,13
649,Z649_C035171,649,D001_3,C035171,10.8883,106.592,5.36,0.011,6
650,Z650_C023079,650,D001_3,C023079,10.8863,106.594,39.83,0.564,41
651,Z651_C035110,651,D001_3,C035110,10.8904,106.596,39.5,0.503,15
652,Z652_C017651,652,D001_3,C017651,10.8918,106.599,17.78,0.216,18
653,Z653_C025213,653,D001_3,C025213,10.8873,106.602,17.15,0.115,21
654,Z654_C030772,654,D001_3,C030772,10.8886,106.599,70.76,0.55,36
655,Z655_C025690,655,D001_3,C025690,10.8935,106.605,15.53,0.629,32
656,Z656_C020811,656,D001_3,C020811,10.8931,106.598,51.59,0.579,21
657,Z657_C041417,657,D001_3,C041417,10.884,106.601,14.47,0.292,13
658,Z658_C019380,658,D001_3,C019380,10.8769,106.59,53.16,0.425,30
659,Z659_C007991,659,D001_3,C007991,10.8823,106.594,28.57,0.485,28
660,Z660_C007829,660,D001_3,C007829,10.883,106.595,20.1,0.489,32
661,Z661_C012826,661,D001_3,C012826,10.8783,106.597,73.62,0.512,50
662,Z662_C030175,662,D001_3,C030175,10.8775,106.601,71.14,0.342,43
663,Z663_C011461,663,D001_3,C011461,10.8773,106.605,46.9,0.595,36
664,Z664_C026909,664,D001_3,C026909,10.8812,106.607,14.29,0.5,34
665,Z665_C012365,665,D001_3,C012365,10.8709,106.598,37.41,0.205,13
666,Z666_C032573,666,D001_3,C032573,10.8722,106.601,76.46,0.672,23
667,Z667_C015074,667,D001_3,C015074,10.8668,106.601,29.61,0.459,38
668,Z668_C018807,668,D001_3,C018807,10.8756,106.601,8.15,0.208,4
669,Z669_C031950,669,D001_3,C031950,10.8719,106.588,22.09,0.339,23
670,Z670_C018920,670,D001_3,C018920,10.871,106.592,54.27,0.413,44
671,Z671_C020200,671,D001_3,C020200,10.875,106.593,74.41,0.363,32
672,Z672_C027255,672,D001_3,C027255,10.8764,106.594,33.99,0.628,27
673,Z673_C033745,673,D001_3,C033745,10.8755,106.6,13.55,0.122,3
674,Z674_C034971,674,D001_3,C034971,10.869,106.587,35.68,0.663,31
675,Z675_C022677,675,D001_3,C022677,10.8655,106.591,8.9,0.298,18
676,Z676_C006318,676,D001_3,C006318,10.8231,106.71,38.77,0.108,24
677,Z677_C001471,677,D001_3,C001471,10.8196,106.712,48.75,0.206,23
678,Z678_C013110,678,D001_3,C013110,10.823,106.715,24.29,0.115,14
679,Z679_C036235,679,D001_3,C036235,10.825,106.718,54.28,0.135,29
680,Z680_C006989,680,D001_3,C006989,10.8257,106.712,36.29,0.224,23
681,Z681_C014672,681,D001_3,C014672,10.8136,106.718,21.81,0.123,8
682,Z682_C036669,682,D001_3,C036669,10.8287,106.725,64.01,0.176,23
683,Z683_C018496,683,D001_3,C018496,10.8175,106.716,61.87,0.354,37
684,Z684_C044574,684,D001_3,C044574,10.8339,106.7,78.12,0.477,31
685,Z685_C022628,685,D001_3,C022628,10.8384,106.7,55.86,0.245,17
686,Z686_C022724,686,D001_3,C022724,10.8296,106.704,43.17,0.148,16
687,Z687_C007008,687,D001_3,C007008,10.8325,106.706,77.82,0.282,35
688,Z688_C049439,688,D001_3,C049439,10.8348,106.709,26.15,0.164,28
689,Z689_C019264,689,D001_3,C019264,10.8374,106.716,73.41,0.217,39
690,Z690_C020328,690,D001_3,C020328,10.8285,106.715,26.04,0.103,8
691,Z691_C030840,691,D001_3,C030840,10.8282,106.71,40.19,0.125,27
692,Z692_C008532,692,D001_3,C008532,10.8275,106.709,70.45,0.211,39
693,Z693_C031172,693,D001_3,C031172,10.8201,106.695,46.23,0.221,34
694,Z694_C012303,694,D001_3,C012303,10.8352,106.698,46.23,0.167,8
695,Z695_C046709,695,D001_3,C046709,10.8323,106.698,52.27,0.099,23
696,Z696_C013523,696,D001_3,C013523,10.8294,106.693,56.59,0.232,29
697,Z697_C022899,697,D001_3,C022899,10.8279,106.693,50.12,0.167,27
698,Z698_C035408,698,D001_3,C035408,10.8341,106.693,76.19,0.345,24
699,Z699_C038580,699,D001_3,C038580,10.8216,106.689,54.78,0.175,26
700,Z700_C006762,700,D001_3,C006762,10.8232,106.687,69.7,0.264,47
701,Z701_C015079,701,D001_3,C015079,10.815,106.693,51,0.246,28
702,Z702_C028202,702,D001_3,C028202,10.8159,106.694,49.07,0.264,10
703,Z703_C020502,703,D001_3,C020502,10.8222,106.693,36.32,0.066,18
704,Z704_C038273,704,D001_3,C038273,10.7983,106.706,44.75,0.064,11
705,Z705_C005636,705,D001_3,C005636,10.8042,106.704,40.8,0.047,29
706,Z706_C021238,706,D001_3,C021238,10.8176,106.703,69.15,0.563,30
707,Z707_C008799,707,D001_3,C008799,10.8121,106.703,58.77,0.256,31
708,Z708_C019498,708,D001_3,C019498,10.8094,106.708,12.01,0.077,15
709,Z709_C002403,709,D001_3,C002403,10.8103,106.706,73.99,0.37,43
710,Z710_C023110,710,D001_3,C023110,10.8135,106.708,54.64,0.23,30
711,Z711_C020415,711,D001_3,C020415,10.8067,106.708,12.01,0.093,10
712,Z712_C047997,712,D001_3,C047997,10.8091,106.702,40.78,0.193,33
713,Z713_C009381,713,D001_3,C009381,10.8087,106.699,62.3,0.14,36
714,Z714_C014744,714,D001_3,C014744,10.8048,106.704,19.37,0.061,15
715,Z715_C001725,715,D001_3,C001725,10.8125,106.714,29.12,0.179,22
716,Z716_C015598,716,D001_3,C015598,10.819,106.711,41.03,0.239,13
717,Z717_C013226,717,D001_3,C013226,10.8188,106.709,52.86,0.269,38
718,Z718_C032447,718,D001_3,C032447,10.821,106.71,22.28,0.113,8
719,Z719_C015835,719,D001_3,C015835,10.8177,106.711,31.52,0.133,19
720,Z720_C016670,720,D001_3,C016670,10.823,106.707,42.22,0.247,25
721,Z721_C025363,721,D001_3,C025363,10.8211,106.703,61.69,0.267,27
722,Z722_C037477,722,D001_3,C037477,10.8213,106.707,75.26,0.349,54
723,Z723_C009714,723,D001_3,C009714,10.8176,106.704,27,0.14,27
724,Z724_C033525,724,D001_3,C033525,10.8274,106.698,53.9,0.311,23
725,Z725_C012516,725,D001_3,C012516,10.8318,106.698,28.36,0.103,17
726,Z726_C022592,726,D001_3,C022592,10.8288,106.701,53.6,0.268,26
727,Z727_C026167,727,D001_3,C026167,10.8208,106.702,63.67,0.238,30
728,Z728_C008335,728,D001_3,C008335,10.8154,106.699,52.5,0.13,25
729,Z729_C013464,729,D001_3,C013464,10.8142,106.699,20.01,0.031,10
730,Z730_C021546,730,D001_3,C021546,10.809,106.696,24.77,0.107,8
731,Z731_C001722,731,D001_3,C001722,10.8272,106.704,18.2,0.032,5
732,Z732_C009515,732,D001_3,C009515,10.8245,106.7,38.17,0.198,19
733,Z733_C016093,733,D001_3,C016093,10.8213,106.698,39.14,0.295,22
734,Z734_C015661,734,D001_3,C015661,10.8159,106.696,41.79,0.257,20
735,Z735_C021825,735,D001_3,C021825,10.8281,106.702,29,0.125,23
736,Z736_C049929,736,D001_3,C049929,10.8641,106.653,18.53,0.033,3
737,Z737_C008020,737,D001_3,C008020,10.8665,106.66,43.75,0.308,20
738,Z738_C012994,738,D001_3,C012994,10.8621,106.659,47.59,0.545,18
739,Z739_C030836,739,D001_3,C030836,10.8679,106.653,73.62,0.598,34
740,Z740_C022093,740,D001_3,C022093,10.8626,106.652,12.98,0.248,11
741,Z741_C025379,741,D001_3,C025379,10.8559,106.651,21.81,0.35,22
742,Z742_C043132,742,D001_3,C043132,10.8607,106.65,54.67,0.285,20
743,Z743_C009627,743,D001_3,C009627,10.86,106.65,38.78,0.153,22
744,Z744_C043164,744,D001_3,C043164,10.8591,106.649,49.27,0.361,23
745,Z745_C030176,745,D001_3,C030176,10.857,106.66,24.95,0.134,6
746,Z746_C019637,746,D001_3,C019637,10.8594,106.656,51.57,0.279,28
747,Z747_C010781,747,D001_3,C010781,10.8576,106.653,46.81,0.364,18
748,Z748_C043358,748,D001_3,C043358,10.8588,106.657,12.46,0.107,3
749,Z749_C020723,749,D001_3,C020723,10.8538,106.657,69.75,0.441,31
750,Z750_C030349,750,D001_3,C030349,10.8553,106.662,58.17,0.495,28
751,Z751_C019800,751,D001_3,C019800,10.8474,106.657,46.57,0.294,11
752,Z752_C032089,752,D001_3,C032089,10.8434,106.66,45.8,0.327,15
753,Z753_C025604,753,D001_3,C025604,10.851,106.646,44.86,0.487,21
754,Z754_C039308,754,D001_3,C039308,10.8538,106.653,63.57,0.424,21
755,Z755_C030179,755,D001_3,C030179,10.8536,106.656,63.85,0.47,37
756,Z756_C038960,756,D001_3,C038960,10.8539,106.65,30.93,0.236,23
757,Z757_C037478,757,D001_3,C037478,10.8493,106.65,39.18,0.336,26
758,Z758_C020355,758,D001_3,C020355,10.8475,106.651,34.43,0.412,22
759,Z759_C023243,759,D001_3,C023243,10.8821,106.641,21.72,0.177,14
760,Z760_C020239,760,D001_3,C020239,10.8762,106.641,66.31,0.447,27
761,Z761_C011621,761,D001_3,C011621,10.871,106.653,63.5,0.519,20
762,Z762_C002220,762,D001_3,C002220,10.8724,106.645,60.88,0.446,22
763,Z763_C031641,763,D001_3,C031641,10.871,106.642,66.85,0.382,28
764,Z764_C000130,764,D001_3,C000130,10.8709,106.634,41.76,0.419,12
765,Z765_C018602,765,D001_3,C018602,10.8723,106.64,43.4,0.259,18
766,Z766_C013333,766,D001_3,C013333,10.8668,106.634,13.41,0.131,14
767,Z767_C016651,767,D001_3,C016651,10.8678,106.641,33.14,0.348,23
768,Z768_C023221,768,D001_3,C023221,10.8679,106.639,33.26,0.36,7
769,Z769_C036613,769,D001_3,C036613,10.8599,106.638,18.55,0.154,11
770,Z770_C021742,770,D001_3,C021742,10.8647,106.637,63.72,0.595,33
771,Z771_C013913,771,D001_3,C013913,10.8652,106.632,15.93,0.177,10
772,Z772_C003469,772,D001_3,C003469,10.8684,106.646,40.37,0.156,25
773,Z773_C011269,773,D001_3,C011269,10.8689,106.651,41.19,0.278,19
774,Z774_C041431,774,D001_3,C041431,10.8672,106.646,19.1,0.209,12
775,Z775_C004124,775,D001_3,C004124,10.8634,106.646,35.62,0.409,23
776,Z776_C044998,776,D001_3,C044998,10.8592,106.646,66.94,0.387,21
777,Z777_C018660,777,D001_3,C018660,10.8601,106.644,57.11,0.364,22
778,Z778_C027575,778,D001_3,C027575,10.8619,106.643,34.13,0.266,17
779,Z779_C027675,779,D001_3,C027675,10.8546,106.641,23.85,0.077,13
780,Z780_C036946,780,D001_3,C036946,10.8584,106.64,74.83,0.536,45
781,Z781_C027299,781,D001_3,C027299,10.8615,106.641,33.66,0.353,20
782,Z782_C027065,782,D001_3,C027065,10.8597,106.632,48.8,0.345,38
783,Z783_C027379,783,D001_3,C027379,10.8534,106.631,72.56,0.245,25
784,Z784_C044268,784,D001_3,C044268,10.8596,106.63,45.56,0.305,17
785,Z785_C023002,785,D001_3,C023002,10.8565,106.628,39.31,0.266,19
786,Z786_C023574,786,D001_3,C023574,10.8577,106.625,62.4,0.365,38
787,Z787_C025117,787,D001_3,C025117,10.853,106.621,20.65,0.135,14
788,Z788_C049217,788,D001_3,C049217,10.851,106.622,24.77,0.136,10
789,Z789_C000990,789,D001_3,C000990,10.8581,106.638,60.36,0.573,24
790,Z790_C040976,790,D001_3,C040976,10.8533,106.637,51.39,0.305,19
791,Z791_C004778,791,D001_3,C004778,10.8437,106.64,36.33,0.321,25
792,Z792_C021580,792,D001_3,C021580,10.8484,106.635,56.91,0.56,24
793,Z793_C003438,793,D001_3,C003438,10.8489,106.645,58.87,0.674,21
794,Z794_C027475,794,D001_3,C027475,10.8085,106.644,17.01,0.467,16
795,Z795_C020321,795,D001_3,C020321,10.8157,106.643,12.66,0.19,3
796,Z796_C030319,796,D001_3,C030319,10.8115,106.645,30.02,0.589,39
797,Z797_C003410,797,D001_3,C003410,10.8,106.63,21.12,0.454,8
798,Z798_C031532,798,D001_3,C031532,10.7972,106.624,6.83,0.248,7
799,Z799_C014105,799,D001_3,C014105,10.814,106.639,12.64,0.337,24
800,Z800_C034882,800,D001_3,C034882,10.8053,106.642,21.92,0.209,14
801,Z801_C018032,801,D001_3,C018032,10.8062,106.635,29.51,0.553,27
802,Z802_C041561,802,D001_3,C041561,10.8143,106.652,38.53,0.478,20
803,Z803_C005911,803,D001_3,C005911,10.8157,106.654,22.7,0.408,16
804,Z804_C034206,804,D001_3,C034206,10.8104,106.655,17.59,0.137,8
805,Z805_C037714,805,D001_3,C037714,10.8135,106.661,22.9,0.548,36
806,Z806_C012829,806,D001_3,C012829,10.8148,106.65,34.91,0.638,29
807,Z807_C045919,807,D001_3,C045919,10.8107,106.648,16.29,0.199,14
808,Z808_C018895,808,D001_3,C018895,10.7956,106.639,33.16,0.563,30
809,Z809_C014416,809,D001_3,C014416,10.7992,106.637,47.97,0.555,18
810,Z810_C042682,810,D001_3,C042682,10.7895,106.629,66.64,0.659,43
811,Z811_C024020,811,D001_3,C024020,10.7939,106.626,1.99,0.23,7
812,Z812_C013005,812,D001_3,C013005,10.7909,106.636,7.67,0.152,3
813,Z813_C005045,813,D001_3,C005045,10.7926,106.637,46.98,0.451,14
814,Z814_C013645,814,D001_3,C013645,10.7906,106.64,35.98,0.402,15
815,Z815_C024416,815,D001_3,C024416,10.7921,106.641,6.41,0.3,26
816,Z816_C045886,816,D001_3,C045886,10.7776,106.639,14.64,0.589,32
817,Z817_C022032,817,D001_3,C022032,10.781,106.639,44.15,0.376,16
818,Z818_C014016,818,D001_3,C014016,10.7908,106.647,37.16,0.53,21
819,Z819_C011823,819,D001_3,C011823,10.7889,106.647,35.53,0.521,26
820,Z820_C032999,820,D001_3,C032999,10.783,106.655,9.14,0.172,6
821,Z821_C009374,821,D001_3,C009374,10.789,106.653,16.07,0.412,27
822,Z822_C001928,822,D001_3,C001928,10.7943,106.647,68.85,0.413,20
823,Z823_C032112,823,D001_3,C032112,10.8044,106.653,48.61,0.544,12
824,Z824_C027665,824,D001_3,C027665,10.807,106.653,16.56,0.42,14
825,Z825_C009655,825,D001_3,C009655,10.8024,106.649,15.9,0.133,9
826,Z826_C040412,826,D001_3,C040412,10.8025,106.646,46.14,0.599,21
827,Z827_C044074,827,D001_3,C044074,10.7949,106.647,14.8,0.219,12
828,Z828_C025876,828,D001_3,C025876,10.8003,106.662,19.67,0.452,24
829,Z829_C013008,829,D001_3,C013008,10.7894,106.655,32.61,0.623,24
830,Z830_C000071,830,D001_3,C000071,10.7856,106.658,15.55,0.148,10
831,Z831_C006368,831,D001_3,C006368,10.7939,106.657,41.83,0.497,21
832,Z832_C007113,832,D001_3,C007113,10.7848,106.665,19.64,0.23,7
833,Z833_C027071,833,D001_3,C027071,10.796,106.665,35.84,0.663,32
834,Z834_C017819,834,D001_3,C017819,10.7932,106.659,62.64,0.667,37
835,Z835_C035781,835,D001_3,C035781,10.8062,106.659,43.09,0.517,35
836,Z836_C024435,836,D001_3,C024435,10.8066,106.656,27.38,0.34,18
837,Z837_C007402,837,D001_3,C007402,10.8099,106.655,35.93,0.49,23
838,Z838_C012278,838,D001_3,C012278,10.802,106.658,55.11,0.515,14
839,Z839_C028788,839,D001_3,C028788,10.8044,106.661,16.13,0.229,10
840,Z840_C024168,840,D001_3,C024168,10.8016,106.658,6.47,0.174,10
841,Z841_C034912,841,D001_3,C034912,10.8122,106.666,18.52,0.648,29
842,Z842_C049578,842,D001_3,C049578,10.8087,106.66,30.26,0.535,16
843,Z843_C022873,843,D001_3,C022873,10.8082,106.664,15.56,0.376,18
844,Z844_C013618,844,D001_3,C013618,10.8042,106.662,35.44,0.399,26
845,Z845_C031569,845,D001_3,C031569,10.805,106.665,22.37,0.205,13
846,Z846_C025523,846,D001_3,C025523,10.8031,106.667,25.79,0.632,41
847,Z847_C027038,847,D001_3,C027038,10.8049,106.664,19.36,0.434,21
848,Z848_C049133,848,D001_3,C049133,10.7999,106.671,21.97,0.68,26
849,Z849_C000417,849,D001_3,C000417,10.797,106.673,19.78,0.328,10
850,Z850_C016244,850,D001_3,C016244,10.808,106.666,17.49,0.248,12
851,Z851_C049823,851,D001_3,C049823,10.8036,106.673,4.41,0.242,6
852,Z852_C024141,852,D001_3,C024141,10.8058,106.665,7.47,0.672,26
853,Z853_C038651,853,D001_3,C038651,10.8931,106.705,16.13,0.448,40
854,Z854_C035548,854,D001_3,C035548,10.8929,106.692,37.33,0.368,32
855,Z855_C030870,855,D001_3,C030870,10.8933,106.686,17.5,0.391,38
856,Z856_C025376,856,D001_3,C025376,10.8948,106.672,5.59,0.067,14
857,Z857_C000456,857,D001_3,C000456,10.8836,106.698,19.19,0.253,25
858,Z858_C043857,858,D001_3,C043857,10.8804,106.7,29.11,0.647,72
859,Z859_C045882,859,D001_3,C045882,10.8761,106.704,9.47,0.049,5
860,Z860_C029839,860,D001_3,C029839,10.8838,106.707,36.53,0.545,65
861,Z861_C047833,861,D001_3,C047833,10.8629,106.699,10.74,0.436,38
862,Z862_C048195,862,D001_3,C048195,10.8691,106.707,21.45,0.307,52
863,Z863_C037437,863,D001_3,C037437,10.8704,106.692,55.64,0.68,63
864,Z864_C002669,864,D001_3,C002669,10.8642,106.691,10.75,0.245,16
865,Z865_C047956,865,D001_3,C047956,10.8829,106.688,18.73,0.482,27
866,Z866_C029000,866,D001_3,C029000,10.8867,106.693,21.74,0.317,23
867,Z867_C040614,867,D001_3,C040614,10.873,106.686,37.13,0.686,69
868,Z868_C028667,868,D001_3,C028667,10.8739,106.677,12.19,0.444,31
869,Z869_C005548,869,D001_3,C005548,10.8672,106.679,27.75,0.544,48
870,Z870_C044997,870,D001_3,C044997,10.8819,106.682,27.83,0.399,61
871,Z871_C026279,871,D001_3,C026279,10.8846,106.686,48.57,0.388,59
872,Z872_C041566,872,D001_3,C041566,10.8847,106.683,14.8,0.137,13
873,Z873_C002087,873,D001_3,C002087,10.8868,106.685,62.95,0.559,21
874,Z874_C013399,874,D001_3,C013399,10.8818,106.681,43.07,0.436,20
875,Z875_C018635,875,D001_3,C018635,10.8755,106.684,40.66,0.395,19
876,Z876_C025183,876,D001_3,C025183,10.8794,106.688,44.24,0.513,33
877,Z877_C045768,877,D001_3,C045768,10.8758,106.689,42.87,0.563,27
878,Z878_C026665,878,D001_3,C026665,10.8773,106.694,24.21,0.391,26
879,Z879_C025539,879,D001_3,C025539,10.8772,106.683,20.04,0.215,5
880,Z880_C025520,880,D001_3,C025520,10.8728,106.696,43.34,0.483,11
881,Z881_C005490,881,D001_3,C005490,10.8697,106.693,23.15,0.23,8
882,Z882_C004065,882,D001_3,C004065,10.8674,106.693,54.15,0.594,29
883,Z883_C021890,883,D001_3,C021890,10.8904,106.685,27.23,0.361,14
884,Z884_C035402,884,D001_3,C035402,10.8854,106.696,54.53,0.511,24
885,Z885_C012463,885,D001_3,C012463,10.8823,106.696,43.53,0.26,20
886,Z886_C022787,886,D001_3,C022787,10.8938,106.689,46.05,0.416,24
887,Z887_C023278,887,D001_3,C023278,10.8907,106.694,53.98,0.653,31
888,Z888_C023115,888,D001_3,C023115,10.8935,106.693,37.58,0.393,22
889,Z889_C015179,889,D001_3,C015179,10.8866,106.695,28.86,0.372,9
890,Z890_C003372,890,D001_3,C003372,10.8888,106.695,59.76,0.482,43
891,Z891_C028568,891,D001_3,C028568,10.8953,106.687,13.64,0.222,5
892,Z892_C013019,892,D001_3,C013019,10.8783,106.698,50.44,0.528,37
893,Z893_C043425,893,D001_3,C043425,10.8731,106.701,35.86,0.2,11
894,Z894_C008904,894,D001_3,C008904,10.884,106.699,13.14,0.214,6
895,Z895_C015946,895,D001_3,C015946,10.8716,106.699,74.7,0.687,45
896,Z896_C009896,896,D001_3,C009896,10.8679,106.701,43.55,0.531,24
897,Z897_C033566,897,D001_3,C033566,10.8699,106.704,9.92,0.233,6
898,Z898_C030723,898,D001_3,C030723,10.8667,106.707,12.43,0.217,9
899,Z899_C020287,899,D001_3,C020287,10.8663,106.706,41.46,0.577,26
900,Z900_C047114,900,D001_3,C047114,10.8839,106.701,19.63,0.249,13
901,Z901_C024177,901,D001_3,C024177,10.887,106.701,18.74,0.235,11
902,Z902_C012577,902,D001_3,C012577,10.8887,106.701,18.93,0.463,18
903,Z903_C032151,903,D001_3,C032151,10.8921,106.707,55.21,0.444,28
904,Z904_C011238,904,D001_3,C011238,10.8926,106.702,46.1,0.283,9
905,Z905_C032087,905,D001_3,C032087,10.8938,106.711,50.08,0.591,14
906,Z906_C013644,906,D001_3,C013644,10.8829,106.708,47.62,0.216,16
907,Z907_C019331,907,D001_3,C019331,10.8881,106.717,66.3,0.579,23
908,Z908_C021915,908,D001_3,C021915,10.8858,106.711,23.13,0.243,3
909,Z909_C033494,909,D001_3,C033494,10.8816,106.71,32.39,0.3,15
910,Z910_C005948,910,D001_3,C005948,10.8831,106.704,39.27,0.148,17
911,Z911_C008318,911,D001_3,C008318,10.8791,106.704,39.84,0.31,19
912,Z912_C035291,912,D001_3,C035291,10.8807,106.707,19.25,0.437,9
913,Z913_C043825,913,D001_3,C043825,10.8756,106.717,60.48,0.512,30
914,Z914_C000089,914,D001_3,C000089,10.8741,106.711,20.77,0.204,5
915,Z915_C024718,915,D001_3,C024718,10.8704,106.711,30.3,0.611,20
916,Z916_C001899,916,D001_3,C001899,10.8626,106.711,17,0.225,7
917,Z917_C029983,917,D001_3,C029983,10.8662,106.714,54.44,0.646,20
918,Z918_C036614,918,D001_3,C036614,10.8652,106.708,14.8,0.242,10
919,Z919_C030070,919,D001_3,C030070,10.8659,106.707,59.33,0.603,26
920,Z920_C010545,920,D001_3,C010545,10.8003,106.622,44.88,0.539,46
921,Z921_C046872,921,D001_3,C046872,10.7989,106.617,7.68,0.362,29
922,Z922_C020954,922,D001_3,C020954,10.7953,106.623,41.77,0.518,49
923,Z923_C021519,923,D001_3,C021519,10.7855,106.617,44.23,0.627,26
924,Z924_C045395,924,D001_3,C045395,10.7921,106.617,58.13,0.566,37
925,Z925_C007545,925,D001_3,C007545,10.7755,106.626,42.18,0.213,15
926,Z926_C043938,926,D001_3,C043938,10.7884,106.626,52.39,0.634,29
927,Z927_C011826,927,D001_3,C011826,10.7945,106.615,17.16,0.3,22
928,Z928_C022194,928,D001_3,C022194,10.7958,106.61,34.79,0.597,41
929,Z929_C035570,929,D001_3,C035570,10.7829,106.602,49.13,0.547,28
930,Z930_C046794,930,D001_3,C046794,10.7859,106.601,10.72,0.203,4
931,Z931_C033045,931,D001_3,C033045,10.7936,106.601,19.51,0.132,9
932,Z932_C013311,932,D001_3,C013311,10.7783,106.603,7.08,0.193,7
933,Z933_C003065,933,D001_3,C003065,10.7803,106.602,48.12,0.59,18
934,Z934_C048863,934,D001_3,C048863,10.7835,106.6,11.92,0.206,3
935,Z935_C030028,935,D001_3,C030028,10.7774,106.605,25.49,0.187,15
936,Z936_C028105,936,D001_3,C028105,10.7763,106.602,20.05,0.27,15
937,Z937_C004514,937,D001_3,C004514,10.7835,106.612,23.35,0.338,23
938,Z938_C023521,938,D001_3,C023521,10.7821,106.607,19.61,0.402,14
939,Z939_C000698,939,D001_3,C000698,10.7825,106.61,52.32,0.546,24
940,Z940_C002682,940,D001_3,C002682,10.7936,106.607,25.42,0.157,23
941,Z941_C009282,941,D001_3,C009282,10.7774,106.617,63.33,0.352,31
942,Z942_C015244,942,D001_3,C015244,10.796,106.608,21.99,0.318,19
943,Z943_C019100,943,D001_3,C019100,10.7763,106.592,28.17,0.363,30
944,Z944_C022271,944,D001_3,C022271,10.7772,106.587,44.74,0.469,40
945,Z945_C006925,945,D001_3,C006925,10.7749,106.597,59.55,0.489,26
946,Z946_C008372,946,D001_3,C008372,10.7789,106.59,39.98,0.282,20
947,Z947_C003907,947,D001_3,C003907,10.7784,106.595,68.99,0.503,47
948,Z948_C029131,948,D001_3,C029131,10.7849,106.59,31.07,0.591,32
949,Z949_C010446,949,D001_3,C010446,10.7843,106.592,5.93,0.217,14
950,Z950_C027017,950,D001_3,C027017,10.7876,106.593,62.4,0.422,41
951,Z951_C022940,951,D001_3,C022940,10.789,106.596,16.44,0.242,6
952,Z952_C007727,952,D001_3,C007727,10.7793,106.584,43.97,0.267,17
953,Z953_C015918,953,D001_3,C015918,10.8076,106.611,29.77,0.25,14
954,Z954_C019326,954,D001_3,C019326,10.8123,106.608,59.98,0.574,28
955,Z955_C025606,955,D001_3,C025606,10.8034,106.6,53.11,0.491,40
956,Z956_C027330,956,D001_3,C027330,10.8051,106.597,15.97,0.398,32
957,Z957_C003832,957,D001_3,C003832,10.8066,106.601,48.42,0.299,34
958,Z958_C038037,958,D001_3,C038037,10.7935,106.593,70.66,0.629,49
959,Z959_C021600,959,D001_3,C021600,10.7965,106.596,24.62,0.466,17
960,Z960_C015476,960,D001_3,C015476,10.7999,106.594,20.68,0.245,9
961,Z961_C043105,961,D001_3,C043105,10.7959,106.597,34.96,0.359,14
962,Z962_C016031,962,D001_3,C016031,10.8024,106.617,44.47,0.254,33
963,Z963_C033105,963,D001_3,C033105,10.7987,106.608,41.82,0.52,43
964,Z964_C024850,964,D001_3,C024850,10.803,106.613,55.12,0.604,36
965,Z965_C019617,965,D001_3,C019617,10.8049,106.613,46.43,0.301,34
966,Z966_C014653,966,D001_3,C014653,10.8025,106.622,6.95,0.209,8
967,Z967_C028115,967,D001_3,C028115,10.7998,106.586,6.24,0.318,11
968,Z968_C046936,968,D001_3,C046936,10.7932,106.58,24.32,0.109,10
969,Z969_C015956,969,D001_3,C015956,10.7943,106.585,38.19,0.682,28
970,Z970_C038999,970,D001_3,C038999,10.7908,106.582,42.86,0.391,29
971,Z971_C048883,971,D001_3,C048883,10.7898,106.581,47.47,0.4,28
972,Z972_C003161,972,D001_3,C003161,10.8083,106.583,64.44,0.693,62
973,Z973_C046159,973,D001_3,C046159,10.802,106.591,58.61,0.527,42
974,Z974_C015631,974,D001_3,C015631,10.8119,106.592,32.25,0.158,17
975,Z975_C002239,975,D001_3,C002239,10.8113,106.59,44.98,0.336,25
976,Z976_C014737,976,D001_3,C014737,10.81,106.592,39.47,0.121,30
977,Z977_C045994,977,D001_3,C045994,10.8064,106.593,21.62,0.203,3
978,Z978_C042464,978,D001_3,C042464,10.8108,106.595,51.52,0.224,28
979,Z979_C049205,979,D001_3,C049205,10.8148,106.599,41.33,0.212,31
980,Z980_C040487,980,D001_3,C040487,10.8142,106.592,30.42,0.469,25
981,Z981_C041644,981,D001_3,C041644,10.8175,106.585,25.75,0.529,49
982,Z982_C034012,982,D001_3,C034012,10.8535,106.592,33.91,0.367,20
983,Z983_C028135,983,D001_3,C028135,10.8545,106.595,54.9,0.656,28
984,Z984_C041179,984,D001_3,C041179,10.8664,106.592,24.11,0.208,11
985,Z985_C022369,985,D001_3,C022369,10.8627,106.592,12.49,0.234,3
986,Z986_C027277,986,D001_3,C027277,10.8624,106.594,67.02,0.543,37
987,Z987_C016251,987,D001_3,C016251,10.8606,106.594,11.9,0.226,6
988,Z988_C027937,988,D001_3,C027937,10.8562,106.586,63.93,0.512,28
989,Z989_C013709,989,D001_3,C013709,10.8511,106.585,36.27,0.341,13
990,Z990_C000233,990,D001_3,C000233,10.8574,106.584,62.97,0.693,38
991,Z991_C033502,991,D001_3,C033502,10.8613,106.583,62.43,0.572,27
992,Z992_C046881,992,D001_3,C046881,10.8545,106.611,56.73,0.502,29
993,Z993_C018744,993,D001_3,C018744,10.8576,106.6,35.48,0.385,27
994,Z994_C033141,994,D001_3,C033141,10.85,106.601,53,0.543,25
995,Z995_C008062,995,D001_3,C008062,10.8514,106.601,7.66,0.213,14
996,Z996_C040851,996,D001_3,C040851,10.8382,106.581,6.83,0.134,3
997,Z997_C000161,997,D001_3,C000161,10.8402,106.585,65.02,0.529,29
998,Z998_C012329,998,D001_3,C012329,10.8416,106.588,19.91,0.1,3
999,Z999_C032090,999,D001_3,C032090,10.8442,106.584,73.19,0.633,37
1000,Z1000_C038992,1000,D001_3,C038992,10.8427,106.591,11.71,0.149,6
1001,Z1001_C023425,1001,D001_3,C023425,10.8439,106.591,25.02,0.289,8
1002,Z1002_C042645,1002,D001_3,C042645,10.8423,106.597,73.76,0.498,25
1003,Z1003_C011714,1003,D001_3,C011714,10.8409,106.6,12,0.154,10
1004,Z1004_C020395,1004,D001_3,C020395,10.8414,106.601,21.26,0.228,12
1005,Z1005_C026543,1005,D001_3,C026543,10.848,106.598,21.28,0.183,7
1006,Z1006_C020885,1006,D001_3,C020885,10.8431,106.605,29.13,0.468,19
1007,Z1007_C012012,1007,D001_3,C012012,10.8458,106.603,68.59,0.591,26
1008,Z1008_C011426,1008,D001_3,C011426,10.8462,106.608,58.98,0.596,27
1009,Z1009_C039009,1009,D001_3,C039009,10.847,106.613,14.58,0.19,3
1010,Z1010_C031351,1010,D001_3,C031351,10.8353,106.586,65.08,0.59,38
1011,Z1011_C010217,1011,D001_3,C010217,10.8416,106.592,43.96,0.302,19
1012,Z1012_C047574,1012,D001_3,C047574,10.8194,106.6,16.32,0.216,4
1013,Z1013_C015993,1013,D001_3,C015993,10.8266,106.601,76,0.637,33
1014,Z1014_C027145,1014,D001_3,C027145,10.8316,106.605,54.92,0.6,32
1015,Z1015_C012978,1015,D001_3,C012978,10.8365,106.598,60.63,0.607,23
1016,Z1016_C002226,1016,D001_3,C002226,10.8373,106.611,33.25,0.407,19
1017,Z1017_C002076,1017,D001_3,C002076,10.8418,106.607,45.96,0.265,18
1018,Z1018_C027858,1018,D001_3,C027858,10.8364,106.602,49,0.431,20
1019,Z1019_C030775,1019,D001_3,C030775,10.8414,106.604,43.34,0.544,27
1020,Z1020_C033710,1020,D001_3,C033710,10.8239,106.587,24.69,0.152,9
1021,Z1021_C034608,1021,D001_3,C034608,10.8227,106.594,58.2,0.412,18
1022,Z1022_C017184,1022,D001_3,C017184,10.829,106.581,29.03,0.458,18
1023,Z1023_C000671,1023,D001_3,C000671,10.8195,106.584,28.54,0.281,21
1024,Z1024_C042250,1024,D001_3,C042250,10.8304,106.586,55.14,0.642,39
1025,Z1025_C035184,1025,D001_3,C035184,10.824,106.585,46.65,0.382,19
1026,Z1026_C020423,1026,D001_3,C020423,10.7939,106.692,52.27,0.066,32
1027,Z1027_C027444,1027,D001_3,C027444,10.7981,106.684,37.11,0.15,18
1028,Z1028_C013959,1028,D001_3,C013959,10.7961,106.685,45.59,0.148,21
1029,Z1029_C047536,1029,D001_3,C047536,10.8021,106.683,64.28,0.204,18
1030,Z1030_C038728,1030,D001_3,C038728,10.804,106.686,17.28,0.063,4
1031,Z1031_C031454,1031,D001_3,C031454,10.8068,106.69,73.09,0.194,42
1032,Z1032_C027621,1032,D001_3,C027621,10.7925,106.696,20.7,0.008,11
1033,Z1033_C026334,1033,D001_3,C026334,10.8001,106.694,68.92,0.208,13
1034,Z1034_C031777,1034,D001_3,C031777,10.8042,106.697,20.37,0.009,3
1035,Z1035_C047636,1035,D001_3,C047636,10.8025,106.698,20.95,0.081,14
1036,Z1036_C010721,1036,D001_3,C010721,10.8144,106.687,40.25,0.163,12
1037,Z1037_C028769,1037,D001_3,C028769,10.8134,106.689,40.21,0.062,14
1038,Z1038_C046131,1038,D001_3,C046131,10.8102,106.685,19.39,0.133,15
1039,Z1039_C008593,1039,D001_3,C008593,10.8154,106.683,70.18,0.259,34
1040,Z1040_C048753,1040,D001_3,C048753,10.8145,106.681,14.39,0.075,6
1041,Z1041_C004505,1041,D001_3,C004505,10.8066,106.684,39.34,0.187,12
1042,Z1042_C014265,1042,D001_3,C014265,10.8145,106.673,22.12,0.094,15
1043,Z1043_C001611,1043,D001_3,C001611,10.8151,106.674,71.4,0.058,30
1044,Z1044_C026653,1044,D001_3,C026653,10.82,106.675,69.77,0.213,23
1045,Z1045_C006946,1045,D001_3,C006946,10.8139,106.68,15.15,0.025,14
1046,Z1046_C014842,1046,D001_3,C014842,10.8099,106.675,66.38,0.297,49
1047,Z1047_C019457,1047,D001_3,C019457,10.8068,106.678,77.76,0.321,50
1048,Z1048_C014121,1048,D001_3,C014121,10.8036,106.667,57.42,0.148,26
1049,Z1049_C040139,1049,D001_3,C040139,10.8114,106.671,76.5,0.348,50
1050,Z1050_C028963,1050,D001_3,C028963,10.8064,106.668,55.97,0.256,21
1051,Z1051_C049793,1051,D001_3,C049793,10.8156,106.663,66.37,0.133,27
1052,Z1052_C049924,1052,D001_3,C049924,10.8205,106.663,22.37,0.054,3
1053,Z1053_C047130,1053,D001_3,C047130,10.8006,106.679,66.75,0.164,37
1054,Z1054_C002467,1054,D001_3,C002467,10.8008,106.674,49.5,0.134,17
1055,Z1055_C018071,1055,D001_3,C018071,10.8011,106.67,35.46,0.189,18
1056,Z1056_C034546,1056,D001_3,C034546,10.8073,106.672,65.55,0.258,26
1057,Z1057_C016264,1057,D001_3,C016264,10.8084,106.673,24.18,0.063,18
1058,Z1058_C008839,1058,D001_3,C008839,10.7941,106.673,36.38,0.154,15
1059,Z1059_C013713,1059,D001_3,C013713,10.7911,106.674,71.09,0.266,35
1060,Z1060_C004038,1060,D001_3,C004038,10.794,106.677,32.17,0.128,19
1061,Z1061_C033181,1061,D001_3,C033181,10.7886,106.663,50.14,0.152,29
1062,Z1062_C028584,1062,D001_3,C028584,10.7956,106.674,65.99,0.388,41
1063,Z1063_C038489,1063,D001_3,C038489,10.798,106.664,66.66,0.363,15
1064,Z1064_C041205,1064,D001_3,C041205,10.7858,106.697,66.6,0.101,26
1065,Z1065_C013961,1065,D001_3,C013961,10.7895,106.684,58.96,0.165,25
1066,Z1066_C022159,1066,D001_3,C022159,10.7928,106.679,36.8,0.157,20
1067,Z1067_C018672,1067,D001_3,C018672,10.7866,106.687,45.31,0.078,13
1068,Z1068_C038939,1068,D001_3,C038939,10.8395,106.654,72.08,0.357,36
1069,Z1069_C031070,1069,D001_3,C031070,10.8479,106.656,24.59,0.135,40
1070,Z1070_C007149,1070,D001_3,C007149,10.8446,106.652,71.38,0.325,57
1071,Z1071_C001060,1071,D001_3,C001060,10.843,106.661,48.5,0.243,19
1072,Z1072_C024716,1072,D001_3,C024716,10.8352,106.621,13.41,0.011,9
1073,Z1073_C009273,1073,D001_3,C009273,10.8388,106.625,34.06,0.128,18
1074,Z1074_C035010,1074,D001_3,C035010,10.8409,106.627,50.59,0.188,40
1075,Z1075_C024054,1075,D001_3,C024054,10.8399,106.627,28.37,0.138,10
1076,Z1076_C007456,1076,D001_3,C007456,10.8469,106.627,23.43,0.051,4
1077,Z1077_C042744,1077,D001_3,C042744,10.8489,106.633,13.2,0.052,6
1078,Z1078_C026993,1078,D001_3,C026993,10.8383,106.632,77.18,0.247,49
1079,Z1079_C002857,1079,D001_3,C002857,10.8409,106.629,23.64,0.104,19
1080,Z1080_C020836,1080,D001_3,C020836,10.8536,106.63,56.41,0.126,41
1081,Z1081_C030367,1081,D001_3,C030367,10.8551,106.651,35.5,0.025,29
1082,Z1082_C026617,1082,D001_3,C026617,10.8473,106.649,29.52,0.151,27
1083,Z1083_C044695,1083,D001_3,C044695,10.8399,106.649,41.45,0.21,19
1084,Z1084_C037702,1084,D001_3,C037702,10.8466,106.646,48.15,0.103,28
1085,Z1085_C018465,1085,D001_3,C018465,10.8467,106.643,24.2,0.033,15
1086,Z1086_C044455,1086,D001_3,C044455,10.8496,106.638,75.29,0.193,48
1087,Z1087_C046574,1087,D001_3,C046574,10.8429,106.644,74.62,0.205,39
1088,Z1088_C040916,1088,D001_3,C040916,10.839,106.639,70.3,0.437,54
1089,Z1089_C008107,1089,D001_3,C008107,10.8395,106.647,33.33,0.22,24
1090,Z1090_C032853,1090,D001_3,C032853,10.8437,106.635,54.25,0.27,37
1091,Z1091_C000035,1091,D001_3,C000035,10.8359,106.653,78.2,0.202,56
1092,Z1092_C005133,1092,D001_3,C005133,10.834,106.651,30.48,0.199,26
1093,Z1093_C020991,1093,D001_3,C020991,10.8301,106.646,32.59,0.181,31
1094,Z1094_C032476,1094,D001_3,C032476,10.8271,106.648,48.12,0.297,40
1095,Z1095_C007769,1095,D001_3,C007769,10.8283,106.657,61.6,0.109,33
1096,Z1096_C012915,1096,D001_3,C012915,10.8372,106.66,33.96,0.096,22
1097,Z1097_C040194,1097,D001_3,C040194,10.8315,106.627,9.19,0.007,9
1098,Z1098_C014506,1098,D001_3,C014506,10.8322,106.633,73.3,0.168,31
1099,Z1099_C021298,1099,D001_3,C021298,10.8268,106.632,14.47,0.006,12
1100,Z1100_C002739,1100,D001_3,C002739,10.8242,106.634,14.38,0.014,8
1101,Z1101_C014946,1101,D001_3,C014946,10.8263,106.639,65.07,0.112,53
1102,Z1102_C010060,1102,D001_3,C010060,10.8292,106.636,38.72,0.177,27
1103,Z1103_C049416,1103,D001_3,C049416,10.8259,106.643,69.23,0.397,35
1104,Z1104_C018244,1104,D001_3,C018244,10.8336,106.644,57.49,0.177,41
1105,Z1105_C024688,1105,D001_3,C024688,10.7158,106.623,45.62,0.152,35
1106,Z1106_C021676,1106,D001_3,C021676,10.6927,106.586,16.52,0.22,15
1107,Z1107_C025696,1107,D001_3,C025696,10.7052,106.593,48.88,0.685,40
1108,Z1108_C022698,1108,D001_3,C022698,10.6956,106.601,74.58,0.646,43
1109,Z1109_C015507,1109,D001_3,C015507,10.7017,106.614,76.59,0.62,54
1110,Z1110_C034827,1110,D001_3,C034827,10.7071,106.594,21.39,0.094,11
1111,Z1111_C018683,1111,D001_3,C018683,10.6629,106.619,28.46,0.401,25
1112,Z1112_C041359,1112,D001_3,C041359,10.6567,106.605,45.92,0.576,37
1113,Z1113_C014966,1113,D001_3,C014966,10.6662,106.593,46.79,0.503,35
1114,Z1114_C026893,1114,D001_3,C026893,10.6913,106.609,26.72,0.262,16
1115,Z1115_C028482,1115,D001_3,C028482,10.6726,106.603,72.63,0.428,28
1116,Z1116_C030716,1116,D001_3,C030716,10.6914,106.616,18.01,0.122,4
1117,Z1117_C022011,1117,D001_3,C022011,10.6769,106.62,13.11,0.646,48
1118,Z1118_C034814,1118,D001_3,C034814,10.7113,106.65,68.32,0.501,19
1119,Z1119_C010409,1119,D001_3,C010409,10.6666,106.664,20.53,0.295,11
1120,Z1120_C043099,1120,D001_3,C043099,10.6658,106.668,13.57,0.013,11
1121,Z1121_C040775,1121,D001_3,C040775,10.6757,106.668,69.9,0.281,34
1122,Z1122_C006526,1122,D001_3,C006526,10.6904,106.663,12.92,0.476,11
1123,Z1123_C000691,1123,D001_3,C000691,10.6811,106.666,19.43,0.361,25
1124,Z1124_C018378,1124,D001_3,C018378,10.7213,106.639,33.78,0.457,17
1125,Z1125_C005569,1125,D001_3,C005569,10.7096,106.63,40.9,0.372,39
1126,Z1126_C026733,1126,D001_3,C026733,10.6825,106.625,6.72,0.272,17
1127,Z1127_C008739,1127,D001_3,C008739,10.6939,106.647,37.39,0.228,21
1128,Z1128_C009613,1128,D001_3,C009613,10.6884,106.65,51.76,0.574,46
1129,Z1129_C039077,1129,D001_3,C039077,10.6602,106.648,30.49,0.307,21
1130,Z1130_C047906,1130,D001_3,C047906,10.6569,106.641,60.06,0.549,35
1131,Z1131_C002666,1131,D001_3,C002666,10.6796,106.657,26.57,0.256,20
1132,Z1132_C042211,1132,D001_3,C042211,10.6712,106.645,68.67,0.412,33
1133,Z1133_C048999,1133,D001_3,C048999,10.8411,106.686,72.59,0.394,68
1134,Z1134_C017146,1134,D001_3,C017146,10.8413,106.691,13.41,0.219,12
1135,Z1135_C037448,1135,D001_3,C037448,10.8444,106.689,11.6,0.094,8
1136,Z1136_C025936,1136,D001_3,C025936,10.8421,106.694,8.56,0.062,4
1137,Z1137_C002111,1137,D001_3,C002111,10.8514,106.701,42.2,0.538,61
1138,Z1138_C048849,1138,D001_3,C048849,10.8459,106.691,27.53,0.478,41
1139,Z1139_C030044,1139,D001_3,C030044,10.8353,106.694,43.06,0.498,74
1140,Z1140_C000026,1140,D001_3,C000026,10.8406,106.704,9.86,0.269,26
1141,Z1141_C013603,1141,D001_3,C013603,10.8459,106.682,38.11,0.536,69
1142,Z1142_C017068,1142,D001_3,C017068,10.839,106.679,51.45,0.484,64
1143,Z1143_C018231,1143,D001_3,C018231,10.8471,106.671,43.94,0.206,49
1144,Z1144_C030221,1144,D001_3,C030221,10.8521,106.669,39.78,0.28,54
1145,Z1145_C001318,1145,D001_3,C001318,10.8495,106.685,51.59,0.299,31
1146,Z1146_C049139,1146,D001_3,C049139,10.8561,106.688,41.11,0.361,58
1147,Z1147_C014868,1147,D001_3,C014868,10.8541,106.683,45.44,0.487,54
1148,Z1148_C027402,1148,D001_3,C027402,10.8601,106.679,13.72,0.228,24
1149,Z1149_C038468,1149,D001_3,C038468,10.862,106.684,46.48,0.48,44
1150,Z1150_C043106,1150,D001_3,C043106,10.8915,106.814,22.56,0.217,9
1151,Z1151_C036911,1151,D001_3,C036911,10.8866,106.802,63.79,0.608,40
1152,Z1152_C001614,1152,D001_3,C001614,10.8958,106.813,7.37,0.221,7
1153,Z1153_C005374,1153,D001_3,C005374,10.8902,106.798,46.74,0.549,50
1154,Z1154_C038335,1154,D001_3,C038335,10.8858,106.8,1.33,0.165,4
1155,Z1155_C048077,1155,D001_3,C048077,10.8846,106.796,22.18,0.062,9
1156,Z1156_C028212,1156,D001_3,C028212,10.8947,106.805,19.66,0.052,13
1157,Z1157_C029259,1157,D001_3,C029259,10.8796,106.811,67.59,0.497,35
1158,Z1158_C001573,1158,D001_3,C001573,10.861,106.817,29.98,0.161,16
1159,Z1159_C018038,1159,D001_3,C018038,10.8751,106.815,36.91,0.628,35
1160,Z1160_C039023,1160,D001_3,C039023,10.8699,106.814,24.35,0.509,29
1161,Z1161_C016051,1161,D001_3,C016051,10.8769,106.818,30.56,0.154,28
1162,Z1162_C039999,1162,D001_3,C039999,10.838,106.813,63.35,0.659,49
1163,Z1163_C013971,1163,D001_3,C013971,10.835,106.807,30.25,0.376,26
1164,Z1164_C010613,1164,D001_3,C010613,10.8625,106.802,52.48,0.578,42
1165,Z1165_C008151,1165,D001_3,C008151,10.8485,106.811,39.14,0.659,26
1166,Z1166_C040906,1166,D001_3,C040906,10.8537,106.81,16.58,0.041,8
1167,Z1167_C025102,1167,D001_3,C025102,10.8571,106.803,28.17,0.353,21
1168,Z1168_C035843,1168,D001_3,C035843,10.8474,106.802,61.77,0.422,35
1169,Z1169_C005970,1169,D001_3,C005970,10.8492,106.819,10.21,0.027,15
1170,Z1170_C009556,1170,D001_3,C009556,10.869,106.803,19.74,0.478,22
1171,Z1171_C002360,1171,D001_3,C002360,10.8565,106.814,52.14,0.134,41
1172,Z1172_C010997,1172,D001_3,C010997,10.8712,106.806,20.91,0.465,16
1173,Z1173_C015590,1173,D001_3,C015590,10.8593,106.809,30.76,0.365,25
1174,Z1174_C026078,1174,D001_3,C026078,10.8629,106.811,46.85,0.384,12
1175,Z1175_C028354,1175,D001_3,C028354,10.862,106.794,27.5,0.192,37
1176,Z1176_C007750,1176,D001_3,C007750,10.8698,106.785,55.76,0.536,27
1177,Z1177_C014482,1177,D001_3,C014482,10.8695,106.793,54.87,0.451,37
1178,Z1178_C018734,1178,D001_3,C018734,10.8822,106.797,38.49,0.085,37
1179,Z1179_C003586,1179,D001_3,C003586,10.8417,106.784,43.99,0.251,19
1180,Z1180_C014106,1180,D001_3,C014106,10.8564,106.792,42.27,0.652,36
1181,Z1181_C001031,1181,D001_3,C001031,10.8645,106.787,33.83,0.557,49
1182,Z1182_C038952,1182,D001_3,C038952,10.8563,106.783,70.92,0.306,21
1183,Z1183_C011043,1183,D001_3,C011043,10.8618,106.785,21.2,0.164,5
1184,Z1184_C024001,1184,D001_3,C024001,10.8652,106.782,35.4,0.24,22
1185,Z1185_C023770,1185,D001_3,C023770,10.8598,106.781,73.26,0.503,31
1186,Z1186_C040559,1186,D001_3,C040559,10.8395,106.799,65.13,0.51,45
1187,Z1187_C002109,1187,D001_3,C002109,10.8458,106.795,41.1,0.227,17
1188,Z1188_C007095,1188,D001_3,C007095,10.8362,106.79,45.19,0.228,19
1189,Z1189_C002864,1189,D001_3,C002864,10.8442,106.791,35.06,0.321,11
1190,Z1190_C005060,1190,D001_3,C005060,10.848,106.794,15.7,0.206,20
1191,Z1191_C022180,1191,D001_3,C022180,10.8579,106.798,43.61,0.237,16
1192,Z1192_C001576,1192,D001_3,C001576,10.8556,106.794,36.69,0.378,25
1193,Z1193_C033299,1193,D001_3,C033299,10.851,106.8,9.18,0.101,14
1194,Z1194_C031757,1194,D001_3,C031757,10.8603,106.7,65.51,0.328,30
1195,Z1195_C032040,1195,D001_3,C032040,10.864,106.7,22.79,0.061,12
1196,Z1196_C033994,1196,D001_3,C033994,10.8606,106.706,53.78,0.308,23
1197,Z1197_C029962,1197,D001_3,C029962,10.8685,106.706,17.79,0.026,9
1198,Z1198_C014803,1198,D001_3,C014803,10.867,106.706,57.49,0.114,18
1199,Z1199_C002913,1199,D001_3,C002913,10.869,106.703,34.12,0.139,23
1200,Z1200_C013251,1200,D001_3,C013251,10.8528,106.705,46.25,0.247,19
1201,Z1201_C032721,1201,D001_3,C032721,10.8549,106.711,66.76,0.336,34
1202,Z1202_C004821,1202,D001_3,C004821,10.8522,106.707,57.74,0.233,22
1203,Z1203_C020242,1203,D001_3,C020242,10.8498,106.705,39.53,0.194,15
1204,Z1204_C026963,1204,D001_3,C026963,10.8471,106.7,64.69,0.261,33
1205,Z1205_C031687,1205,D001_3,C031687,10.8585,106.714,41.36,0.202,19
1206,Z1206_C029684,1206,D001_3,C029684,10.8579,106.711,42.85,0.061,10
1207,Z1207_C029139,1207,D001_3,C029139,10.855,106.719,24.46,0.212,9
1208,Z1208_C044944,1208,D001_3,C044944,10.8562,106.716,55.58,0.09,23
1209,Z1209_C043847,1209,D001_3,C043847,10.8459,106.708,52.82,0.2,29
1210,Z1210_C045365,1210,D001_3,C045365,10.8415,106.71,74.34,0.253,45
1211,Z1211_C005016,1211,D001_3,C005016,10.8531,106.721,73.94,0.168,40
1212,Z1212_C020536,1212,D001_3,C020536,10.8469,106.714,44.99,0.275,23
1213,Z1213_C003748,1213,D001_3,C003748,10.8351,106.736,20.36,0.027,9
1214,Z1214_C010618,1214,D001_3,C010618,10.8366,106.721,64.5,0.054,26
1215,Z1215_C044136,1215,D001_3,C044136,10.8378,106.723,19.26,0.077,11
1216,Z1216_C020089,1216,D001_3,C020089,10.8646,106.719,43.52,0.287,26
1217,Z1217_C033125,1217,D001_3,C033125,10.8605,106.72,15.9,0.007,4
1218,Z1218_C045608,1218,D001_3,C045608,10.8576,106.724,18.51,0.122,8
1219,Z1219_C017769,1219,D001_3,C017769,10.859,106.723,66.1,0.375,27
1220,Z1220_C012409,1220,D001_3,C012409,10.8603,106.726,37.77,0.226,18
1221,Z1221_C049869,1221,D001_3,C049869,10.854,106.724,55.36,0.355,21
1222,Z1222_C007842,1222,D001_3,C007842,10.881,106.713,40.49,0.058,21
1223,Z1223_C024352,1223,D001_3,C024352,10.8715,106.716,53.15,0.126,26
1224,Z1224_C042889,1224,D001_3,C042889,10.8665,106.724,51.71,0.333,33
1225,Z1225_C007082,1225,D001_3,C007082,10.8657,106.721,50.37,0.328,33
1226,Z1226_C037736,1226,D001_3,C037736,10.8411,106.739,18.44,0.062,10
1227,Z1227_C004895,1227,D001_3,C004895,10.8636,106.735,61.02,0.293,32
1228,Z1228_C014757,1228,D001_3,C014757,10.8531,106.729,40.08,0.284,9
1229,Z1229_C013800,1229,D001_3,C013800,10.8484,106.726,47.93,0.068,10
1230,Z1230_C008693,1230,D001_3,C008693,10.8555,106.741,47.68,0.132,28
1231,Z1231_C008877,1231,D001_3,C008877,10.8342,106.745,54.16,0.63,61
1232,Z1232_C033954,1232,D001_3,C033954,10.8264,106.754,73.85,0.576,47
1233,Z1233_C042326,1233,D001_3,C042326,10.8154,106.76,14.17,0.033,6
1234,Z1234_C009239,1234,D001_3,C009239,10.8383,106.746,24.75,0.512,23
1235,Z1235_C001084,1235,D001_3,C001084,10.8259,106.762,23.67,0.222,15
1236,Z1236_C030321,1236,D001_3,C030321,10.8472,106.749,36.8,0.646,36
1237,Z1237_C018572,1237,D001_3,C018572,10.847,106.743,50.05,0.445,34
1238,Z1238_C034445,1238,D001_3,C034445,10.8505,106.779,45.32,0.518,37
1239,Z1239_C035071,1239,D001_3,C035071,10.8445,106.781,22.14,0.357,15
1240,Z1240_C032530,1240,D001_3,C032530,10.8499,106.768,1.86,0.188,10
1241,Z1241_C020957,1241,D001_3,C020957,10.8515,106.767,38.05,0.556,36
1242,Z1242_C016965,1242,D001_3,C016965,10.8483,106.77,41.15,0.353,17
1243,Z1243_C024172,1243,D001_3,C024172,10.8564,106.775,9.12,0.127,6
1244,Z1244_C048505,1244,D001_3,C048505,10.8446,106.762,35.09,0.636,46
1245,Z1245_C024316,1245,D001_3,C024316,10.8301,106.78,50.02,0.477,33
1246,Z1246_C004025,1246,D001_3,C004025,10.838,106.766,23.53,0.187,12
1247,Z1247_C025786,1247,D001_3,C025786,10.8424,106.767,70.21,0.618,35
1248,Z1248_C020974,1248,D001_3,C020974,10.8493,106.752,12.94,0.207,13
1249,Z1249_C046754,1249,D001_3,C046754,10.8607,106.767,17.96,0.486,18
1250,Z1250_C044848,1250,D001_3,C044848,10.8573,106.764,28.53,0.39,24
1251,Z1251_C011941,1251,D001_3,C011941,10.8527,106.755,43.77,0.359,11
1252,Z1252_C030966,1252,D001_3,C030966,10.8518,106.757,16.24,0.581,36
1253,Z1253_C009218,1253,D001_3,C009218,10.8636,106.762,12.89,0.569,52
1254,Z1254_C045655,1254,D001_3,C045655,10.8581,106.75,29.34,0.504,29
1255,Z1255_C014039,1255,D001_3,C014039,10.8247,106.673,30.31,0.413,17
1256,Z1256_C011448,1256,D001_3,C011448,10.8271,106.671,52.25,0.412,18
1257,Z1257_C009073,1257,D001_3,C009073,10.8297,106.671,29.85,0.37,20
1258,Z1258_C042252,1258,D001_3,C042252,10.8373,106.675,19.64,0.219,7
1259,Z1259_C004417,1259,D001_3,C004417,10.8371,106.674,37.68,0.347,21
1260,Z1260_C048755,1260,D001_3,C048755,10.833,106.674,54.22,0.688,33
1261,Z1261_C025990,1261,D001_3,C025990,10.837,106.679,24.85,0.207,15
1262,Z1262_C022242,1262,D001_3,C022242,10.833,106.671,47.83,0.64,30
1263,Z1263_C000291,1263,D001_3,C000291,10.831,106.676,37.38,0.521,26
1264,Z1264_C024936,1264,D001_3,C024936,10.8311,106.679,54.66,0.42,27
1265,Z1265_C044811,1265,D001_3,C044811,10.8348,106.679,54.44,0.448,27
1266,Z1266_C044082,1266,D001_3,C044082,10.8383,106.67,50.73,0.494,24
1267,Z1267_C019051,1267,D001_3,C019051,10.8391,106.667,40.77,0.323,22
1268,Z1268_C016558,1268,D001_3,C016558,10.8425,106.67,36.79,0.368,20
1269,Z1269_C029385,1269,D001_3,C029385,10.8357,106.665,70.62,0.549,35
1270,Z1270_C011531,1270,D001_3,C011531,10.8317,106.664,39.48,0.359,18
1271,Z1271_C018296,1271,D001_3,C018296,10.8367,106.657,20.63,0.232,8
1272,Z1272_C042829,1272,D001_3,C042829,10.8372,106.66,59.61,0.42,22
1273,Z1273_C036170,1273,D001_3,C036170,10.8327,106.662,30.24,0.272,21
1274,Z1274_C032189,1274,D001_3,C032189,10.8264,106.68,53.63,0.627,25
1275,Z1275_C019400,1275,D001_3,C019400,10.8237,106.678,22.13,0.174,5
1276,Z1276_C021430,1276,D001_3,C021430,10.8223,106.682,70.67,0.69,29
1277,Z1277_C043253,1277,D001_3,C043253,10.8208,106.681,19.16,0.175,15
1278,Z1278_C017932,1278,D001_3,C017932,10.8156,106.686,24.6,0.185,15
1279,Z1279_C049797,1279,D001_3,C049797,10.8218,106.675,8.29,0.245,15
1280,Z1280_C045184,1280,D001_3,C045184,10.8233,106.674,51.14,0.644,25
1281,Z1281_C044227,1281,D001_3,C044227,10.82,106.678,17.15,0.136,12
1282,Z1282_C012245,1282,D001_3,C012245,10.8272,106.685,32.59,0.338,27
1283,Z1283_C033750,1283,D001_3,C033750,10.8291,106.685,50.15,0.598,32
1284,Z1284_C028405,1284,D001_3,C028405,10.8269,106.686,59.23,0.496,16
1285,Z1285_C045959,1285,D001_3,C045959,10.8285,106.681,20.83,0.083,3
1286,Z1286_C000798,1286,D001_3,C000798,10.8191,106.685,36.08,0.319,13
1287,Z1287_C028946,1287,D001_3,C028946,10.8148,106.688,36.87,0.379,18
1288,Z1288_C006376,1288,D001_3,C006376,10.8247,106.682,40.88,0.271,17
1289,Z1289_C019940,1289,D001_3,C019940,10.8179,106.693,39.52,0.458,20
1290,Z1290_C020678,1290,D001_3,C020678,10.821,106.692,19.78,0.241,8
1291,Z1291_C010364,1291,D001_3,C010364,10.8231,106.688,58.45,0.503,26
1292,Z1292_C029368,1292,D001_3,C029368,10.8262,106.686,20.18,0.115,7
1293,Z1293_C035551,1293,D001_3,C035551,10.8304,106.689,47.18,0.63,26
1294,Z1294_C015646,1294,D001_3,C015646,10.8372,106.684,34.73,0.307,11
1295,Z1295_C047880,1295,D001_3,C047880,10.8304,106.659,23.87,0.222,8
1296,Z1296_C001762,1296,D001_3,C001762,10.8313,106.659,65.73,0.607,21
1297,Z1297_C014325,1297,D001_3,C014325,10.829,106.659,39.74,0.306,20
1298,Z1298_C038420,1298,D001_3,C038420,10.8274,106.668,17.54,0.236,3
1299,Z1299_C012058,1299,D001_3,C012058,10.8233,106.656,42.68,0.379,13
1300,Z1300_C008328,1300,D001_3,C008328,10.8248,106.659,49.34,0.53,28
1301,Z1301_C005946,1301,D001_3,C005946,10.8262,106.666,39.57,0.533,23
1302,Z1302_C010460,1302,D001_3,C010460,10.827,106.662,27.46,0.437,23
1303,Z1303_C008169,1303,D001_3,C008169,10.8225,106.662,29.91,0.361,28
1304,Z1304_C019040,1304,D001_3,C019040,10.8198,106.662,60.15,0.687,47
1305,Z1305_C045607,1305,D001_3,C045607,10.8196,106.663,22.93,0.204,5
1306,Z1306_C000451,1306,D001_3,C000451,10.8199,106.657,53.11,0.616,14
1307,Z1307_C023186,1307,D001_3,C023186,10.8211,106.666,39.54,0.377,19
1308,Z1308_C015657,1308,D001_3,C015657,10.8235,106.665,22.31,0.39,26
1309,Z1309_C016369,1309,D001_3,C016369,10.8127,106.666,56.45,0.485,31
1310,Z1310_C014574,1310,D001_3,C014574,10.8172,106.664,24.81,0.219,9
1311,Z1311_C041944,1311,D001_3,C041944,10.8151,106.663,42.63,0.479,14
1312,Z1312_C017037,1312,D001_3,C017037,10.8122,106.67,48.32,0.607,19
1313,Z1313_C048207,1313,D001_3,C048207,10.8093,106.668,71.81,0.574,24
1314,Z1314_C004261,1314,D001_3,C004261,10.8136,106.676,62.2,0.522,24
1315,Z1315_C001575,1315,D001_3,C001575,10.8132,106.679,14.82,0.239,5
1316,Z1316_C014952,1316,D001_3,C014952,10.8151,106.68,17.58,0.163,12
1317,Z1317_C043986,1317,D001_3,C043986,10.8155,106.679,60.88,0.441,26
1318,Z1318_C032949,1318,D001_3,C032949,10.8203,106.671,22.63,0.1,8
1319,Z1319_C002465,1319,D001_3,C002465,10.821,106.671,17.04,0.226,9
1320,Z1320_C001263,1320,D001_3,C001263,10.8211,106.671,26.88,0.471,29
1321,Z1321_C036175,1321,D001_3,C036175,10.8228,106.671,14.61,0.238,15
1322,Z1322_C027569,1322,D001_3,C027569,10.8191,106.678,41.75,0.529,28
1323,Z1323_C019354,1323,D001_3,C019354,10.8179,106.669,36.54,0.662,19
1324,Z1324_C036270,1324,D001_3,C036270,10.7903,106.675,16.11,0.345,36
1325,Z1325_C047929,1325,D001_3,C047929,10.7897,106.69,46.94,0.531,58
1326,Z1326_C005509,1326,D001_3,C005509,10.7852,106.685,56.66,0.215,45
1327,Z1327_C019828,1327,D001_3,C019828,10.7868,106.695,30.4,0.187,35
1328,Z1328_C027471,1328,D001_3,C027471,10.7924,106.682,33.12,0.64,39
1329,Z1329_C018264,1329,D001_3,C018264,10.7977,106.686,21.04,0.387,52
1330,Z1330_C025758,1330,D001_3,C025758,10.7931,106.691,11.93,0.43,31
1331,Z1331_C043762,1331,D001_3,C043762,10.799,106.689,31.9,0.319,45
1332,Z1332_C038753,1332,D001_3,C038753,10.803,106.71,65.38,0.23,71
1333,Z1333_C004816,1333,D001_3,C004816,10.8064,106.699,3.55,0.12,9
1334,Z1334_C011996,1334,D001_3,C011996,10.8043,106.702,42.3,0.619,60
1335,Z1335_C042168,1335,D001_3,C042168,10.7975,106.7,34.57,0.231,27
1336,Z1336_C025592,1336,D001_3,C025592,10.7869,106.699,10.36,0.086,5
1337,Z1337_C043563,1337,D001_3,C043563,10.7887,106.701,37.51,0.619,29
1338,Z1338_C004768,1338,D001_3,C004768,10.7922,106.701,6.42,0.392,20
1339,Z1339_C034348,1339,D001_3,C034348,10.7922,106.698,56.92,0.354,52
1340,Z1340_C041425,1340,D001_3,C041425,10.7939,106.695,7.61,0.258,21
1341,Z1341_C005261,1341,D001_3,C005261,10.7998,106.696,57.24,0.613,99
1342,Z1342_C024698,1342,D001_3,C024698,10.8107,106.699,56.21,0.403,77
1343,Z1343_C027593,1343,D001_3,C027593,10.8132,106.687,39.77,0.432,53
1344,Z1344_C042457,1344,D001_3,C042457,10.8151,106.688,26.03,0.266,35
1345,Z1345_C006567,1345,D001_3,C006567,10.8006,106.683,9.76,0.219,24
1346,Z1346_C031434,1346,D001_3,C031434,10.8041,106.688,36.72,0.486,59
1347,Z1347_C040557,1347,D001_3,C040557,10.8068,106.681,28.27,0.488,41
1348,Z1348_C007847,1348,D001_3,C007847,10.7983,106.681,20.11,0.418,34
1349,Z1349_C040277,1349,D001_3,C040277,10.8036,106.673,11.36,0.365,50
1350,Z1350_C044542,1350,D001_3,C044542,10.8106,106.631,62.4,0.552,22
1351,Z1351_C030992,1351,D001_3,C030992,10.8058,106.63,17.31,0.249,7
1352,Z1352_C002590,1352,D001_3,C002590,10.8134,106.635,64.75,0.676,51
1353,Z1353_C021480,1353,D001_3,C021480,10.8043,106.633,21.78,0.172,3
1354,Z1354_C018616,1354,D001_3,C018616,10.817,106.637,54.04,0.582,30
1355,Z1355_C038560,1355,D001_3,C038560,10.8141,106.636,13.02,0.182,14
1356,Z1356_C024975,1356,D001_3,C024975,10.8332,106.649,56.62,0.513,16
1357,Z1357_C019958,1357,D001_3,C019958,10.8362,106.644,21.88,0.225,11
1358,Z1358_C045767,1358,D001_3,C045767,10.8321,106.644,53.88,0.528,28
1359,Z1359_C013465,1359,D001_3,C013465,10.8302,106.643,38.07,0.345,13
1360,Z1360_C028633,1360,D001_3,C028633,10.827,106.646,18.02,0.134,5
1361,Z1361_C036072,1361,D001_3,C036072,10.8255,106.647,42.72,0.549,34
1362,Z1362_C015284,1362,D001_3,C015284,10.8164,106.646,39.55,0.409,22
1363,Z1363_C041243,1363,D001_3,C041243,10.8264,106.635,21.54,0.207,12
1364,Z1364_C029489,1364,D001_3,C029489,10.828,106.64,42.92,0.427,22
1365,Z1365_C005518,1365,D001_3,C005518,10.8272,106.642,44.49,0.37,19
1366,Z1366_C026322,1366,D001_3,C026322,10.8205,106.638,44.41,0.651,22
1367,Z1367_C038103,1367,D001_3,C038103,10.8168,106.64,31.28,0.334,12
1368,Z1368_C012394,1368,D001_3,C012394,10.8232,106.636,61.71,0.517,24
1369,Z1369_C030732,1369,D001_3,C030732,10.8322,106.641,33.93,0.376,28
1370,Z1370_C007330,1370,D001_3,C007330,10.8265,106.63,36.57,0.272,16
1371,Z1371_C005130,1371,D001_3,C005130,10.8309,106.636,56,0.629,32
1372,Z1372_C001983,1372,D001_3,C001983,10.8294,106.631,31.19,0.317,23
1373,Z1373_C031377,1373,D001_3,C031377,10.8286,106.631,21.33,0.186,3
1374,Z1374_C037901,1374,D001_3,C037901,10.8365,106.634,31.72,0.448,9
1375,Z1375_C027773,1375,D001_3,C027773,10.8345,106.629,39.06,0.286,15
1376,Z1376_C022688,1376,D001_3,C022688,10.842,106.635,37.93,0.321,23
1377,Z1377_C045331,1377,D001_3,C045331,10.8375,106.64,17.11,0.209,7
1378,Z1378_C007432,1378,D001_3,C007432,10.8176,106.631,38.49,0.351,8
1379,Z1379_C024091,1379,D001_3,C024091,10.8217,106.628,41.95,0.381,18
1380,Z1380_C017452,1380,D001_3,C017452,10.8135,106.629,75.52,0.66,56
1381,Z1381_C035031,1381,D001_3,C035031,10.8044,106.625,17.79,0.234,3
1382,Z1382_C029194,1382,D001_3,C029194,10.8043,106.623,45.51,0.467,16
1383,Z1383_C017522,1383,D001_3,C017522,10.837,106.629,30.95,0.394,19
1384,Z1384_C041879,1384,D001_3,C041879,10.8317,106.627,24.51,0.171,12
1385,Z1385_C038233,1385,D001_3,C038233,10.8301,106.624,61.97,0.432,30
1386,Z1386_C036970,1386,D001_3,C036970,10.8179,106.621,53.01,0.598,25
1387,Z1387_C039807,1387,D001_3,C039807,10.8209,106.615,53.45,0.535,30
1388,Z1388_C043454,1388,D001_3,C043454,10.8168,106.62,23.3,0.145,3
1389,Z1389_C044560,1389,D001_3,C044560,10.8271,106.624,72.85,0.652,41
1390,Z1390_C000422,1390,D001_3,C000422,10.8077,106.612,47.98,0.414,10
1391,Z1391_C016279,1391,D001_3,C016279,10.8428,106.629,60.3,0.672,23
1392,Z1392_C038985,1392,D001_3,C038985,10.8459,106.625,19.09,0.164,12
1393,Z1393_C018723,1393,D001_3,C018723,10.8423,106.623,59.01,0.608,35
1394,Z1394_C031944,1394,D001_3,C031944,10.8232,106.613,58.37,0.559,32
1395,Z1395_C031866,1395,D001_3,C031866,10.8365,106.622,34.41,0.218,13
1396,Z1396_C041967,1396,D001_3,C041967,10.8443,106.619,18.67,0.225,3
1397,Z1397_C024169,1397,D001_3,C024169,10.835,106.618,52.44,0.548,21
1398,Z1398_C044323,1398,D001_3,C044323,10.803,106.625,47.48,0.11,30
1399,Z1399_C031505,1399,D001_3,C031505,10.8159,106.633,63.49,0.199,34
1400,Z1400_C009445,1400,D001_3,C009445,10.8188,106.645,35.31,0.404,26
1401,Z1401_C031967,1401,D001_3,C031967,10.8212,106.645,46.77,0.355,42
1402,Z1402_C032761,1402,D001_3,C032761,10.8163,106.654,65.53,0.282,38
1403,Z1403_C020625,1403,D001_3,C020625,10.8199,106.653,70.77,0.229,43
1404,Z1404_C000924,1404,D001_3,C000924,10.8158,106.649,54.22,0.263,37
1405,Z1405_C026338,1405,D001_3,C026338,10.7983,106.633,56.21,0.255,27
1406,Z1406_C015022,1406,D001_3,C015022,10.8107,106.639,31.03,0.102,22
1407,Z1407_C030580,1407,D001_3,C030580,10.8133,106.64,64.42,0.159,32
1408,Z1408_C038975,1408,D001_3,C038975,10.8001,106.642,57.19,0.214,24
1409,Z1409_C018314,1409,D001_3,C018314,10.8099,106.646,54.33,0.353,48
1410,Z1410_C025782,1410,D001_3,C025782,10.8175,106.643,34.27,0.275,38
1411,Z1411_C000428,1411,D001_3,C000428,10.8122,106.648,67.36,0.249,76
1412,Z1412_C010018,1412,D001_3,C010018,10.7951,106.652,58.38,0.195,21
1413,Z1413_C031577,1413,D001_3,C031577,10.7998,106.657,74.91,0.392,52
1414,Z1414_C001817,1414,D001_3,C001817,10.8043,106.66,64.47,0.532,81
1415,Z1415_C009303,1415,D001_3,C009303,10.7953,106.662,57.92,0.391,60
1416,Z1416_C005341,1416,D001_3,C005341,10.8132,106.655,67.66,0.337,43
1417,Z1417_C041214,1417,D001_3,C041214,10.7915,106.642,75.05,0.173,61
1418,Z1418_C029117,1418,D001_3,C029117,10.8095,106.652,56.47,0.226,29
1419,Z1419_C018514,1419,D001_3,C018514,10.8019,106.648,69.59,0.251,45
1420,Z1420_C007809,1420,D001_3,C007809,10.8227,106.683,9.88,0.43,15
1421,Z1421_C017657,1421,D001_3,C017657,10.8218,106.686,14.61,0.488,21
1422,Z1422_C041517,1422,D001_3,C041517,10.8181,106.685,16.39,0.311,11
1423,Z1423_C031768,1423,D001_3,C031768,10.8124,106.678,5.6,0.228,13
1424,Z1424_C007653,1424,D001_3,C007653,10.8178,106.684,14.63,0.577,25
1425,Z1425_C010829,1425,D001_3,C010829,10.8126,106.681,3.11,0.25,10
1426,Z1426_C044565,1426,D001_3,C044565,10.8145,106.688,10.05,0.196,13
1427,Z1427_C040185,1427,D001_3,C040185,10.8116,106.688,16.09,0.607,24
1428,Z1428_C028250,1428,D001_3,C028250,10.8067,106.693,13.9,0.442,16
1429,Z1429_C027904,1429,D001_3,C027904,10.8174,106.688,16.26,0.37,17
1430,Z1430_C016823,1430,D001_3,C016823,10.8237,106.707,1.96,0.167,4
1431,Z1431_C009093,1431,D001_3,C009093,10.822,106.71,24.95,0.665,27
1432,Z1432_C032171,1432,D001_3,C032171,10.8189,106.705,39.68,0.681,45
1433,Z1433_C046248,1433,D001_3,C046248,10.8231,106.715,11.47,0.491,33
1434,Z1434_C005980,1434,D001_3,C005980,10.8202,106.712,9.55,0.431,15
1435,Z1435_C031983,1435,D001_3,C031983,10.8188,106.715,14.58,0.462,29
1436,Z1436_C008712,1436,D001_3,C008712,10.8187,106.711,3.98,0.212,4
1437,Z1437_C041045,1437,D001_3,C041045,10.8172,106.709,6.8,0.168,11
1438,Z1438_C006004,1438,D001_3,C006004,10.8187,106.722,17.69,0.533,21
1439,Z1439_C049579,1439,D001_3,C049579,10.821,106.723,1.81,0.191,12
1440,Z1440_C046194,1440,D001_3,C046194,10.8137,106.716,9.03,0.245,10
1441,Z1441_C041744,1441,D001_3,C041744,10.8099,106.711,25.39,0.333,22
1442,Z1442_C039395,1442,D001_3,C039395,10.8139,106.691,13.38,0.171,13
1443,Z1443_C027991,1443,D001_3,C027991,10.8187,106.688,8.07,0.25,15
1444,Z1444_C005608,1444,D001_3,C005608,10.8175,106.693,34.37,0.654,31
1445,Z1445_C018371,1445,D001_3,C018371,10.8138,106.698,5.26,0.156,3
1446,Z1446_C015606,1446,D001_3,C015606,10.8127,106.7,27.24,0.684,33
1447,Z1447_C022243,1447,D001_3,C022243,10.8158,106.7,2.49,0.135,7
1448,Z1448_C043408,1448,D001_3,C043408,10.8121,106.696,9.73,0.561,26
1449,Z1449_C029528,1449,D001_3,C029528,10.8065,106.698,4.22,0.198,8
1450,Z1450_C001919,1450,D001_3,C001919,10.8192,106.696,34.72,0.631,21
1451,Z1451_C003825,1451,D001_3,C003825,10.8194,106.699,4.17,0.088,4
1452,Z1452_C005373,1452,D001_3,C005373,10.8171,106.701,14.29,0.412,36
1453,Z1453_C038229,1453,D001_3,C038229,10.8203,106.701,15.07,0.398,17
1454,Z1454_C030324,1454,D001_3,C030324,10.8189,106.703,21.46,0.618,30
1455,Z1455_C017549,1455,D001_3,C017549,10.8178,106.706,7.21,0.285,24
1456,Z1456_C033262,1456,D001_3,C033262,10.824,106.689,9.35,0.462,24
1457,Z1457_C003069,1457,D001_3,C003069,10.8247,106.685,7.77,0.354,28
1458,Z1458_C005568,1458,D001_3,C005568,10.8237,106.696,11.21,0.347,22
1459,Z1459_C000957,1459,D001_3,C000957,10.8232,106.691,21.96,0.413,16
1460,Z1460_C002363,1460,D001_3,C002363,10.8207,106.692,7.13,0.299,18
1461,Z1461_C007229,1461,D001_3,C007229,10.8337,106.683,2.85,0.192,8
1462,Z1462_C049064,1462,D001_3,C049064,10.8322,106.687,3.11,0.227,15
1463,Z1463_C039173,1463,D001_3,C039173,10.8291,106.69,27.89,0.488,15
1464,Z1464_C039332,1464,D001_3,C039332,10.8283,106.688,6.27,0.214,8
1465,Z1465_C001677,1465,D001_3,C001677,10.8306,106.691,26.03,0.649,34
1466,Z1466_C048739,1466,D001_3,C048739,10.8337,106.693,10.06,0.552,34
1467,Z1467_C018773,1467,D001_3,C018773,10.8295,106.694,5.7,0.091,7
1468,Z1468_C009099,1468,D001_3,C009099,10.8306,106.697,8.53,0.451,20
1469,Z1469_C024557,1469,D001_3,C024557,10.8335,106.698,1.11,0.247,7
1470,Z1470_C010218,1470,D001_3,C010218,10.8317,106.695,15.6,0.278,24
1471,Z1471_C022184,1471,D001_3,C022184,10.8358,106.7,9.01,0.403,31
1472,Z1472_C000441,1472,D001_3,C000441,10.8362,106.706,7.32,0.557,25
1473,Z1473_C018073,1473,D001_3,C018073,10.828,106.702,18.66,0.324,6
1474,Z1474_C034352,1474,D001_3,C034352,10.8224,106.699,28.97,0.448,34
1475,Z1475_C010638,1475,D001_3,C010638,10.8268,106.701,8.88,0.322,15
1476,Z1476_C028843,1476,D001_3,C028843,10.826,106.705,0.75,0.121,4
1477,Z1477_C047964,1477,D001_3,C047964,10.8289,106.708,15.26,0.317,31
1478,Z1478_C045938,1478,D001_3,C045938,10.8308,106.705,14.96,0.478,31
1479,Z1479_C000689,1479,D001_3,C000689,10.8083,106.709,9.51,0.165,3
1480,Z1480_C045243,1480,D001_3,C045243,10.806,106.71,12.45,0.625,17
1481,Z1481_C001130,1481,D001_3,C001130,10.8077,106.713,19.32,0.347,26
1482,Z1482_C036047,1482,D001_3,C036047,10.8059,106.705,19.02,0.63,32
1483,Z1483_C018639,1483,D001_3,C018639,10.8073,106.702,15.31,0.632,36
1484,Z1484_C042323,1484,D001_3,C042323,10.8806,106.723,64.74,0.556,42
1485,Z1485_C029669,1485,D001_3,C029669,10.874,106.724,7.87,0.218,5
1486,Z1486_C038933,1486,D001_3,C038933,10.8716,106.723,52.67,0.495,26
1487,Z1487_C024457,1487,D001_3,C024457,10.8733,106.72,29.29,0.496,30
1488,Z1488_C003206,1488,D001_3,C003206,10.871,106.717,10.57,0.108,7
1489,Z1489_C033562,1489,D001_3,C033562,10.8855,106.736,63.27,0.506,44
1490,Z1490_C013752,1490,D001_3,C013752,10.8867,106.733,38.65,0.618,32
1491,Z1491_C044293,1491,D001_3,C044293,10.8817,106.736,29.78,0.101,28
1492,Z1492_C046373,1492,D001_3,C046373,10.8895,106.729,19.35,0.199,3
1493,Z1493_C027730,1493,D001_3,C027730,10.8865,106.728,33.74,0.167,14
1494,Z1494_C040633,1494,D001_3,C040633,10.8868,106.73,57.29,0.445,26
1495,Z1495_C005115,1495,D001_3,C005115,10.895,106.736,46.24,0.48,29
1496,Z1496_C009811,1496,D001_3,C009811,10.8921,106.733,51.14,0.467,57
1497,Z1497_C024413,1497,D001_3,C024413,10.8696,106.736,12.78,0.165,12
1498,Z1498_C018545,1498,D001_3,C018545,10.8776,106.735,37.43,0.404,19
1499,Z1499_C007316,1499,D001_3,C007316,10.8758,106.737,38.98,0.333,15
1500,Z1500_C041686,1500,D001_3,C041686,10.8806,106.737,19.81,0.217,8
1501,Z1501_C020665,1501,D001_3,C020665,10.8792,106.732,47.12,0.689,35
1502,Z1502_C014465,1502,D001_3,C014465,10.8786,106.73,6.02,0.06,10
1503,Z1503_C016745,1503,D001_3,C016745,10.8798,106.727,63.05,0.547,43
1504,Z1504_C035840,1504,D001_3,C035840,10.8803,106.729,30.11,0.264,25
1505,Z1505_C046203,1505,D001_3,C046203,10.8844,106.725,14.41,0.145,7
1506,Z1506_C029899,1506,D001_3,C029899,10.8662,106.733,14.45,0.203,10
1507,Z1507_C004198,1507,D001_3,C004198,10.8752,106.729,64.88,0.567,52
1508,Z1508_C043490,1508,D001_3,C043490,10.8899,106.741,46.19,0.233,37
1509,Z1509_C023092,1509,D001_3,C023092,10.8843,106.74,50.58,0.267,36
1510,Z1510_C012386,1510,D001_3,C012386,10.8899,106.745,20.26,0.666,51
1511,Z1511_C012504,1511,D001_3,C012504,10.8873,106.746,11.33,0.23,14
1512,Z1512_C032487,1512,D001_3,C032487,10.8761,106.741,47.01,0.294,21
1513,Z1513_C026432,1513,D001_3,C026432,10.8697,106.742,53.9,0.537,22
1514,Z1514_C001217,1514,D001_3,C001217,10.8746,106.743,10.95,0.39,19
1515,Z1515_C005403,1515,D001_3,C005403,10.8741,106.714,26.89,0.241,11
1516,Z1516_C025245,1516,D001_3,C025245,10.8953,106.73,56.15,0.526,35
1517,Z1517_C046972,1517,D001_3,C046972,10.8956,106.726,0.96,0.206,14
1518,Z1518_C026936,1518,D001_3,C026936,10.8945,106.726,38.87,0.291,28
1519,Z1519_C042789,1519,D001_3,C042789,10.8926,106.729,41.2,0.354,39
1520,Z1520_C021650,1520,D001_3,C021650,10.8952,106.725,11.35,0.199,14
1521,Z1521_C022826,1521,D001_3,C022826,10.8959,106.723,35.19,0.209,7
1522,Z1522_C037699,1522,D001_3,C037699,10.8921,106.723,17.55,0.27,15
1523,Z1523_C033699,1523,D001_3,C033699,10.8943,106.721,50.57,0.465,43
1524,Z1524_C008707,1524,D001_3,C008707,10.8878,106.726,27.47,0.245,23
1525,Z1525_C003836,1525,D001_3,C003836,10.895,106.713,28.56,0.445,43
1526,Z1526_C002577,1526,D001_3,C002577,10.896,106.712,20.4,0.257,26
1527,Z1527_C020956,1527,D001_3,C020956,10.8882,106.721,57.66,0.681,49
1528,Z1528_C021644,1528,D001_3,C021644,10.8823,106.721,33.01,0.685,24
1529,Z1529_C049906,1529,D001_3,C049906,10.8833,106.716,51.67,0.365,40
1530,Z1530_C018711,1530,D001_3,C018711,10.8857,106.712,42.77,0.156,33
1531,Z1531_C044044,1531,D001_3,C044044,10.8909,106.713,46.02,0.681,50
1532,Z1532_C007264,1532,D001_3,C007264,10.8669,106.691,71.4,0.278,20
1533,Z1533_C038097,1533,D001_3,C038097,10.8677,106.689,22,0.01,5
1534,Z1534_C019998,1534,D001_3,C019998,10.8679,106.681,70.13,0.295,30
1535,Z1535_C000979,1535,D001_3,C000979,10.8713,106.678,69.51,0.346,33
1536,Z1536_C017647,1536,D001_3,C017647,10.854,106.681,60.93,0.27,31
1537,Z1537_C001886,1537,D001_3,C001886,10.8548,106.685,21.61,0.014,11
1538,Z1538_C013922,1538,D001_3,C013922,10.8593,106.677,52.58,0.294,33
1539,Z1539_C017988,1539,D001_3,C017988,10.8603,106.681,64.17,0.235,26
1540,Z1540_C016366,1540,D001_3,C016366,10.8614,106.691,21.98,0.069,14
1541,Z1541_C035630,1541,D001_3,C035630,10.8587,106.688,62.98,0.243,39
1542,Z1542_C041556,1542,D001_3,C041556,10.8578,106.686,44.03,0.177,15
1543,Z1543_C028986,1543,D001_3,C028986,10.8619,106.681,24.14,0.109,12
1544,Z1544_C024750,1544,D001_3,C024750,10.8668,106.681,34.56,0.199,14
1545,Z1545_C002070,1545,D001_3,C002070,10.8665,106.677,53.33,0.373,26
1546,Z1546_C013357,1546,D001_3,C013357,10.8641,106.69,67.69,0.25,34
1547,Z1547_C024066,1547,D001_3,C024066,10.8644,106.674,34.62,0.076,16
1548,Z1548_C008078,1548,D001_3,C008078,10.8567,106.668,13.87,0.044,15
1549,Z1549_C015864,1549,D001_3,C015864,10.8591,106.67,19.22,0.162,4
1550,Z1550_C025738,1550,D001_3,C025738,10.8641,106.673,18.64,0.164,14
1551,Z1551_C040030,1551,D001_3,C040030,10.8624,106.671,61.03,0.435,29
1552,Z1552_C017709,1552,D001_3,C017709,10.8615,106.674,42.34,0.197,19
1553,Z1553_C019951,1553,D001_3,C019951,10.8574,106.66,38.83,0.066,18
1554,Z1554_C025564,1554,D001_3,C025564,10.8661,106.667,61.03,0.311,32
1555,Z1555_C033929,1555,D001_3,C033929,10.8626,106.664,44.87,0.181,10
1556,Z1556_C017290,1556,D001_3,C017290,10.8601,106.669,62.11,0.227,28
1557,Z1557_C006932,1557,D001_3,C006932,10.86,106.667,35.4,0.092,27
1558,Z1558_C025399,1558,D001_3,C025399,10.8539,106.663,47.64,0.179,19
1559,Z1559_C006091,1559,D001_3,C006091,10.8562,106.673,36.84,0.157,28
1560,Z1560_C004014,1560,D001_3,C004014,10.8566,106.669,62.57,0.452,31
1561,Z1561_C014921,1561,D001_3,C014921,10.8545,106.671,17.05,0.098,13
1562,Z1562_C029843,1562,D001_3,C029843,10.8538,106.675,17.37,0.115,15
1563,Z1563_C009493,1563,D001_3,C009493,10.8536,106.691,70.59,0.325,31
1564,Z1564_C023506,1564,D001_3,C023506,10.8434,106.69,39.31,0.104,15
1565,Z1565_C026132,1565,D001_3,C026132,10.8392,106.686,56.05,0.36,21
1566,Z1566_C048623,1566,D001_3,C048623,10.8486,106.688,67.94,0.211,33
1567,Z1567_C001559,1567,D001_3,C001559,10.8456,106.682,62.63,0.318,29
1568,Z1568_C006281,1568,D001_3,C006281,10.8503,106.683,67.39,0.495,52
1569,Z1569_C018301,1569,D001_3,C018301,10.8538,106.685,24.22,0.057,5
1570,Z1570_C006988,1570,D001_3,C006988,10.8494,106.663,41.46,0.109,22
1571,Z1571_C028890,1571,D001_3,C028890,10.8475,106.664,42.05,0.203,23
1572,Z1572_C004248,1572,D001_3,C004248,10.8451,106.663,42.87,0.073,6
1573,Z1573_C034692,1573,D001_3,C034692,10.8435,106.671,54.65,0.381,27
1574,Z1574_C026860,1574,D001_3,C026860,10.8482,106.673,29.4,0.039,24
1575,Z1575_C021319,1575,D001_3,C021319,10.8499,106.679,61.62,0.265,16
1576,Z1576_C000442,1576,D001_3,C000442,10.8381,106.675,42.37,0.145,16
1577,Z1577_C008277,1577,D001_3,C008277,10.8375,106.673,46.45,0.069,16
1578,Z1578_C006859,1578,D001_3,C006859,10.8447,106.68,17.69,0.056,3
1579,Z1579_C036567,1579,D001_3,C036567,10.84,106.679,64.42,0.275,25
1580,Z1580_C048800,1580,D001_3,C048800,10.8657,106.683,39.48,0.619,30
1581,Z1581_C025322,1581,D001_3,C025322,10.8599,106.675,34.05,0.412,12
1582,Z1582_C019180,1582,D001_3,C019180,10.8544,106.675,24.6,0.39,9
1583,Z1583_C012452,1583,D001_3,C012452,10.8499,106.673,33.57,0.43,8
1584,Z1584_C048589,1584,D001_3,C048589,10.8643,106.681,22.3,0.526,18
1585,Z1585_C009513,1585,D001_3,C009513,10.8636,106.677,26.77,0.453,15
1586,Z1586_C045828,1586,D001_3,C045828,10.8613,106.678,15.26,0.394,24
1587,Z1587_C010125,1587,D001_3,C010125,10.8586,106.681,15.55,0.41,15
1588,Z1588_C013007,1588,D001_3,C013007,10.8495,106.673,52.66,0.611,17
1589,Z1589_C020642,1589,D001_3,C020642,10.8478,106.676,14.31,0.217,15
1590,Z1590_C003148,1590,D001_3,C003148,10.8462,106.677,36.49,0.531,20
1591,Z1591_C037232,1591,D001_3,C037232,10.8475,106.68,37.89,0.616,27
1592,Z1592_C007391,1592,D001_3,C007391,10.8448,106.684,25.81,0.321,24
1593,Z1593_C000626,1593,D001_3,C000626,10.838,106.679,24.04,0.386,28
1594,Z1594_C027909,1594,D001_3,C027909,10.8408,106.684,23.66,0.356,26
1595,Z1595_C035581,1595,D001_3,C035581,10.8409,106.685,6,0.412,22
1596,Z1596_C048857,1596,D001_3,C048857,10.8384,106.689,35.79,0.67,32
1597,Z1597_C002873,1597,D001_3,C002873,10.8345,106.685,9.39,0.179,15
1598,Z1598_C019384,1598,D001_3,C019384,10.8559,106.702,2.97,0.177,14
1599,Z1599_C015823,1599,D001_3,C015823,10.8582,106.7,33.88,0.668,43
1600,Z1600_C048288,1600,D001_3,C048288,10.8571,106.701,7.44,0.163,7
1601,Z1601_C033226,1601,D001_3,C033226,10.8578,106.704,30.62,0.626,18
1602,Z1602_C021016,1602,D001_3,C021016,10.8616,106.702,6.03,0.249,15
1603,Z1603_C012598,1603,D001_3,C012598,10.8507,106.702,35.59,0.371,25
1604,Z1604_C008636,1604,D001_3,C008636,10.8541,106.702,12.72,0.423,9
1605,Z1605_C040027,1605,D001_3,C040027,10.8521,106.702,4.54,0.216,4
1606,Z1606_C020534,1606,D001_3,C020534,10.8585,106.684,34.47,0.38,10
1607,Z1607_C036488,1607,D001_3,C036488,10.8568,106.69,38.23,0.577,26
1608,Z1608_C007393,1608,D001_3,C007393,10.8635,106.696,22.19,0.361,13
1609,Z1609_C029456,1609,D001_3,C029456,10.8578,106.693,27.22,0.654,26
1610,Z1610_C045944,1610,D001_3,C045944,10.8583,106.693,53.38,0.514,30
1611,Z1611_C014390,1611,D001_3,C014390,10.8615,106.689,17.61,0.341,10
1612,Z1612_C016682,1612,D001_3,C016682,10.8541,106.69,15.7,0.342,14
1613,Z1613_C009854,1613,D001_3,C009854,10.8548,106.697,16.77,0.206,15
1614,Z1614_C023315,1614,D001_3,C023315,10.8535,106.696,39.57,0.539,25
1615,Z1615_C023024,1615,D001_3,C023024,10.8555,106.695,12.42,0.237,9
1616,Z1616_C014760,1616,D001_3,C014760,10.8423,106.701,15.71,0.394,23
1617,Z1617_C007240,1617,D001_3,C007240,10.841,106.692,27.74,0.409,21
1618,Z1618_C017745,1618,D001_3,C017745,10.8394,106.695,42.59,0.627,25
1619,Z1619_C035826,1619,D001_3,C035826,10.8527,106.68,16.85,0.168,12
1620,Z1620_C001232,1620,D001_3,C001232,10.8472,106.685,34.18,0.396,8
1621,Z1621_C006499,1621,D001_3,C006499,10.8543,106.683,27.94,0.283,20
1622,Z1622_C019848,1622,D001_3,C019848,10.85,106.683,14.5,0.418,19
1623,Z1623_C022066,1623,D001_3,C022066,10.8543,106.685,31.82,0.637,38
1624,Z1624_C016174,1624,D001_3,C016174,10.8448,106.693,53.71,0.626,28
1625,Z1625_C012848,1625,D001_3,C012848,10.844,106.687,29.76,0.574,29
1626,Z1626_C038174,1626,D001_3,C038174,10.8419,106.69,7.57,0.201,14
1627,Z1627_C007096,1627,D001_3,C007096,10.8475,106.688,37.75,0.585,32
1628,Z1628_C043322,1628,D001_3,C043322,10.8461,106.688,21.27,0.25,6
1629,Z1629_C017848,1629,D001_3,C017848,10.8458,106.699,21.91,0.314,25
1630,Z1630_C009944,1630,D001_3,C009944,10.8489,106.693,19.78,0.428,11
1631,Z1631_C014878,1631,D001_3,C014878,10.6922,106.683,20.65,0.573,26
1632,Z1632_C049983,1632,D001_3,C049983,10.6827,106.692,12.81,0.491,30
1633,Z1633_C049661,1633,D001_3,C049661,10.6803,106.698,21.01,0.049,9
1634,Z1634_C003847,1634,D001_3,C003847,10.6715,106.699,8.18,0.227,7
1635,Z1635_C029284,1635,D001_3,C029284,10.6685,106.705,24.71,0.558,27
1636,Z1636_C013056,1636,D001_3,C013056,10.6564,106.708,24.68,0.23,18
1637,Z1637_C049891,1637,D001_3,C049891,10.6588,106.695,16.75,0.206,7
1638,Z1638_C001548,1638,D001_3,C001548,10.6576,106.693,20.37,0.523,38
1639,Z1639_C000978,1639,D001_3,C000978,10.6672,106.681,25.66,0.398,14
1640,Z1640_C026147,1640,D001_3,C026147,10.6679,106.723,28.32,0.327,31
1641,Z1641_C008278,1641,D001_3,C008278,10.6668,106.726,48.91,0.43,40
1642,Z1642_C005850,1642,D001_3,C005850,10.6872,106.716,51.8,0.312,33
1643,Z1643_C005040,1643,D001_3,C005040,10.6596,106.713,22.92,0.048,13
1644,Z1644_C036877,1644,D001_3,C036877,10.6581,106.722,74.05,0.548,40
1645,Z1645_C043250,1645,D001_3,C043250,10.6682,106.738,65.98,0.663,22
1646,Z1646_C029442,1646,D001_3,C029442,10.6657,106.74,77.58,0.407,62
1647,Z1647_C020662,1647,D001_3,C020662,10.6642,106.752,6.33,0.176,6
1648,Z1648_C016485,1648,D001_3,C016485,10.6762,106.739,50.15,0.51,29
1649,Z1649_C034762,1649,D001_3,C034762,10.6677,106.76,38.75,0.243,24
1650,Z1650_C049911,1650,D001_3,C049911,10.6757,106.749,57.64,0.642,36
1651,Z1651_C019117,1651,D001_3,C019117,10.6975,106.695,54.16,0.47,22
1652,Z1652_C018345,1652,D001_3,C018345,10.6869,106.742,13.19,0.243,10
1653,Z1653_C008503,1653,D001_3,C008503,10.6932,106.733,43.33,0.39,28
1654,Z1654_C002990,1654,D001_3,C002990,10.6878,106.742,40.95,0.282,22
1655,Z1655_C006845,1655,D001_3,C006845,10.6869,106.756,36.61,0.422,21
1656,Z1656_C048906,1656,D001_3,C048906,10.694,106.754,47.93,0.391,28
1657,Z1657_C040623,1657,D001_3,C040623,10.6922,106.751,42.57,0.364,21
1658,Z1658_C002998,1658,D001_3,C002998,10.8494,106.71,10.8,0.233,14
1659,Z1659_C017080,1659,D001_3,C017080,10.8596,106.72,8,0.363,24
1660,Z1660_C032126,1660,D001_3,C032126,10.8665,106.717,33.5,0.585,51
1661,Z1661_C022655,1661,D001_3,C022655,10.8556,106.715,36.18,0.546,52
1662,Z1662_C003815,1662,D001_3,C003815,10.8647,106.71,11.94,0.175,22
1663,Z1663_C001613,1663,D001_3,C001613,10.8504,106.713,14.92,0.285,11
1664,Z1664_C005711,1664,D001_3,C005711,10.8505,106.721,21.77,0.285,38
1665,Z1665_C023086,1665,D001_3,C023086,10.8575,106.729,20.29,0.477,38
1666,Z1666_C009264,1666,D001_3,C009264,10.8592,106.723,9.23,0.226,18
1667,Z1667_C027982,1667,D001_3,C027982,10.8647,106.727,5.15,0.271,19
1668,Z1668_C003617,1668,D001_3,C003617,10.8636,106.725,5.14,0.429,33
1669,Z1669_C003664,1669,D001_3,C003664,10.8646,106.734,11.23,0.201,7
1670,Z1670_C048925,1670,D001_3,C048925,10.8641,106.731,20.74,0.625,20
1671,Z1671_C019061,1671,D001_3,C019061,10.8683,106.738,15.04,0.237,30
1672,Z1672_C024279,1672,D001_3,C024279,10.8639,106.721,3.99,0.048,13
1673,Z1673_C001610,1673,D001_3,C001610,10.8519,106.738,36.08,0.419,60
1674,Z1674_C022143,1674,D001_3,C022143,10.8642,106.741,36.2,0.443,32
1675,Z1675_C049304,1675,D001_3,C049304,10.8599,106.743,8.69,0.039,6
1676,Z1676_C014536,1676,D001_3,C014536,10.842,106.728,35.96,0.504,42
1677,Z1677_C044821,1677,D001_3,C044821,10.839,106.737,48.22,0.47,97
1678,Z1678_C033142,1678,D001_3,C033142,10.8625,106.611,20.73,0.509,21
1679,Z1679_C047892,1679,D001_3,C047892,10.8617,106.598,1.57,0.214,14
1680,Z1680_C001967,1680,D001_3,C001967,10.8607,106.619,25.29,0.379,23
1681,Z1681_C010543,1681,D001_3,C010543,10.8635,106.618,8.58,0.387,20
1682,Z1682_C020099,1682,D001_3,C020099,10.8592,106.614,18.19,0.245,9
1683,Z1683_C017166,1683,D001_3,C017166,10.865,106.616,17.34,0.309,22
1684,Z1684_C019931,1684,D001_3,C019931,10.8619,106.615,13.22,0.387,26
1685,Z1685_C021239,1685,D001_3,C021239,10.8614,106.617,36.14,0.494,22
1686,Z1686_C037044,1686,D001_3,C037044,10.8697,106.605,10.46,0.441,18
1687,Z1687_C020049,1687,D001_3,C020049,10.8683,106.618,14.95,0.493,40
1688,Z1688_C005902,1688,D001_3,C005902,10.8484,106.606,5.86,0.395,21
1689,Z1689_C000752,1689,D001_3,C000752,10.854,106.611,32.97,0.637,32
1690,Z1690_C001781,1690,D001_3,C001781,10.8565,106.616,21.26,0.293,24
1691,Z1691_C005506,1691,D001_3,C005506,10.8531,106.616,15.43,0.197,15
1692,Z1692_C028601,1692,D001_3,C028601,10.853,106.62,34.82,0.603,27
1693,Z1693_C001984,1693,D001_3,C001984,10.8511,106.618,25.79,0.554,39
1694,Z1694_C014973,1694,D001_3,C014973,10.8607,106.625,18.98,0.348,26
1695,Z1695_C045902,1695,D001_3,C045902,10.8648,106.624,19.42,0.687,53
1696,Z1696_C030757,1696,D001_3,C030757,10.8701,106.621,5.33,0.34,18
1697,Z1697_C012252,1697,D001_3,C012252,10.8666,106.631,33.01,0.659,42
1698,Z1698_C011565,1698,D001_3,C011565,10.8636,106.629,11.37,0.279,25
1699,Z1699_C002523,1699,D001_3,C002523,10.863,106.63,6.88,0.123,5
1700,Z1700_C004517,1700,D001_3,C004517,10.88,106.621,2.85,0.474,24
1701,Z1701_C010654,1701,D001_3,C010654,10.8673,106.643,3.2,0.365,28
1702,Z1702_C017619,1702,D001_3,C017619,10.8751,106.635,1.35,0.184,11
1703,Z1703_C031546,1703,D001_3,C031546,10.8639,106.632,29.29,0.659,42
1704,Z1704_C016802,1704,D001_3,C016802,10.8656,106.635,16.02,0.359,25
1705,Z1705_C030085,1705,D001_3,C030085,10.8584,106.632,15.17,0.298,11
1706,Z1706_C029402,1706,D001_3,C029402,10.8583,106.642,20.9,0.575,32
1707,Z1707_C020240,1707,D001_3,C020240,10.854,106.632,17.22,0.617,28
1708,Z1708_C020110,1708,D001_3,C020110,10.8556,106.639,10.01,0.494,41
1709,Z1709_C027417,1709,D001_3,C027417,10.8513,106.627,19.33,0.244,21
1710,Z1710_C018483,1710,D001_3,C018483,10.8509,106.63,28.54,0.553,31
1711,Z1711_C046277,1711,D001_3,C046277,10.849,106.632,1.83,0.17,9
1712,Z1712_C021409,1712,D001_3,C021409,10.8478,106.622,6.36,0.291,27
1713,Z1713_C012054,1713,D001_3,C012054,10.8476,106.619,21.75,0.473,30
1714,Z1714_C022375,1714,D001_3,C022375,10.8428,106.616,21.06,0.627,21
1715,Z1715_C044981,1715,D001_3,C044981,10.8515,106.62,4.94,0.214,10
1716,Z1716_C001025,1716,D001_3,C001025,10.8444,106.626,27.88,0.522,31
1717,Z1717_C019751,1717,D001_3,C019751,10.8444,106.626,11.41,0.196,8
1718,Z1718_C005720,1718,D001_3,C005720,10.8506,106.639,24.01,0.542,22
1719,Z1719_C032493,1719,D001_3,C032493,10.8494,106.636,13.45,0.468,7
1720,Z1720_C026227,1720,D001_3,C026227,10.8448,106.637,12.81,0.436,17
1721,Z1721_C016628,1721,D001_3,C016628,10.8414,106.631,16.07,0.578,25
1722,Z1722_C010510,1722,D001_3,C010510,10.8458,106.636,20.97,0.427,23
1723,Z1723_C012425,1723,D001_1,C012425,10.7563,106.766,552.31,4.126,328
1724,Z1724_C030868,1724,D001_1,C030868,10.7495,106.779,430.17,3.737,191
1725,Z1725_C009029,1725,D001_1,C009029,10.759,106.78,326.51,2.501,175
1726,Z1726_C019068,1726,D001_1,C019068,10.7383,106.768,428.16,3.438,285
1727,Z1727_C029389,1727,D001_1,C029389,10.6871,106.63,319.29,2.534,216
1728,Z1728_C016488,1728,D001_1,C016488,10.6901,106.602,359.44,2.996,207
1729,Z1729_C042962,1729,D001_1,C042962,10.7323,106.587,174.03,1.847,129
1730,Z1730_C013706,1730,D001_1,C013706,10.7836,106.793,324.45,7.689,362
1731,Z1731_C013862,1731,D001_1,C013862,10.7931,106.778,358.68,8.72,352
1732,Z1732_C038313,1732,D001_1,C038313,10.787,106.788,213.84,1.163,77
1733,Z1733_C018557,1733,D001_1,C018557,10.7984,106.79,549.72,3.048,272
1734,Z1734_C041067,1734,D001_1,C041067,10.789,106.804,178.56,0.915,74
1735,Z1735_C031980,1735,D001_1,C031980,10.8021,106.803,581.64,3.662,229
1736,Z1736_C035003,1736,D001_1,C035003,10.7883,106.811,138.44,0.757,41
1737,Z1737_C002604,1737,D001_1,C002604,10.8141,106.787,542.67,3.033,237
1738,Z1738_C009028,1738,D001_1,C009028,10.887,106.632,653.5,7.478,466
1739,Z1739_C027527,1739,D001_1,C027527,10.877,106.644,580.73,5.199,386
1740,Z1740_C019496,1740,D001_1,C019496,10.8287,106.8,478.83,6.189,297
1741,Z1741_C034429,1741,D001_1,C034429,10.8218,106.792,200.59,2.288,116
1742,Z1742_C016656,1742,D001_1,C016656,10.8448,106.801,68.2,0.673,25
1743,Z1743_C035167,1743,D001_1,C035167,10.8395,106.814,646.67,7.854,365
1744,Z1744_C044601,1744,D001_1,C044601,10.8335,106.658,492.18,5.159,341
1745,Z1745_C016846,1745,D001_1,C016846,10.8628,106.774,305.36,0.868,175
1746,Z1746_C040357,1746,D001_1,C040357,10.8746,106.768,331.99,1.796,129
1747,Z1747_C006462,1747,D001_1,C006462,10.8863,106.776,450.52,2.314,201
1748,Z1748_C005606,1748,D001_1,C005606,10.8776,106.758,534.94,2.289,236
1749,Z1749_C000968,1749,D001_1,C000968,10.8944,106.765,206.75,1.095,108
1750,Z1750_C044575,1750,D001_1,C044575,10.8673,106.792,323.97,1.263,235
1751,Z1751_C017887,1751,D001_1,C017887,10.8876,106.798,571.5,3.029,431
1752,Z1752_C016009,1752,D001_1,C016009,10.813,106.724,627.93,7.817,857
1753,Z1753_C047450,1753,D001_1,C047450,10.8021,106.776,626.11,7.114,693
1754,Z1754_C006573,1754,D001_1,C006573,10.6722,106.685,398.83,3.66,225
1755,Z1755_C013884,1755,D001_1,C013884,10.6801,106.72,542.68,6.887,494
1756,Z1756_C028763,1756,D001_1,C028763,10.8563,106.736,508.88,2.421,376
1757,Z1757_C049649,1757,D001_1,C049649,10.8485,106.747,604.35,3.989,484
1758,Z1758_C029422,1758,D001_1,C029422,10.8356,106.741,458.08,2.572,365
1759,Z1759_C023553,1759,D001_1,C023553,10.7267,106.793,613.34,7.585,523
1760,Z1760_C039315,1760,D001_1,C039315,10.7312,106.811,443,5.871,322
1761,Z1761_C015174,1761,D001_1,C015174,10.8038,106.768,229.56,3.332,120
1762,Z1762_C035201,1762,D001_1,C035201,10.8074,106.762,548.03,8.336,389
1763,Z1763_C031848,1763,D001_1,C031848,10.8271,106.762,248.19,3.149,121
1764,Z1764_C024150,1764,D001_1,C024150,10.8179,106.754,646.55,9.003,423
1765,Z1765_C015822,1765,D001_1,C015822,10.8127,106.814,137.26,2.994,169
1766,Z1766_C035001,1766,D001_1,C035001,10.8028,106.811,446.21,6.909,460
1767,Z1767_C010103,1767,D001_1,C010103,10.7881,106.816,342.05,4.037,254
1768,Z1768_C021948,1768,D001_1,C021948,10.8271,106.778,191.84,5.465,286
1769,Z1769_C032585,1769,D001_1,C032585,10.8396,106.769,253.17,6.389,393
1770,Z1770_C024723,1770,D001_1,C024723,10.8426,106.789,143.28,4.464,236
1771,Z1771_C044049,1771,D001_1,C044049,10.8881,106.812,399.69,7.551,394
1772,Z1772_C036199,1772,D001_1,C036199,10.8757,106.808,162.73,4.165,206
1773,Z1773_C023743,1773,D001_1,C023743,10.8053,106.753,651.8,6.846,871
1774,Z1774_C012320,1774,D001_1,C012320,10.8836,106.599,426.86,5.203,303
1775,Z1775_C045613,1775,D001_1,C045613,10.8852,106.584,240.55,2.69,208
1776,Z1776_C013383,1776,D001_1,C013383,10.8667,106.592,220.42,2.986,195
1777,Z1777_C011685,1777,D001_1,C011685,10.8552,106.608,569.42,5.188,382
1778,Z1778_C005870,1778,D001_1,C005870,10.8525,106.802,581.51,8.835,842
1779,Z1779_C017113,1779,D001_1,C017113,10.8029,106.595,568.66,6.076,406
1780,Z1780_C012108,1780,D001_1,C012108,10.7223,106.748,561.99,4.533,329
1781,Z1781_C004542,1781,D001_1,C004542,10.7155,106.735,176.7,1.376,127
1782,Z1782_C012247,1782,D001_1,C012247,10.7359,106.735,458.5,5.485,397
1783,Z1783_C003768,1783,D001_1,C003768,10.7164,106.715,194.15,1.639,142
1784,Z1784_C009797,1784,D001_1,C009797,10.6974,106.76,613.91,6.946,447
1785,Z1785_C046412,1785,D001_1,C046412,10.6867,106.775,306.6,4.856,299
1786,Z1786_C039276,1786,D001_1,C039276,10.669,106.749,418.41,5.06,369
1787,Z1787_C036062,1787,D001_1,C036062,10.8167,106.731,165.25,6.43,245
1788,Z1788_C041126,1788,D001_1,C041126,10.7996,106.744,44.65,2.468,113
1789,Z1789_C023125,1789,D001_1,C023125,10.7939,106.721,29.63,1.834,66
1790,Z1790_C005101,1790,D001_1,C005101,10.8029,106.732,302.17,8.39,381
1791,Z1791_C014408,1791,D001_1,C014408,10.7759,106.743,659,6.965,426
1792,Z1792_C041940,1792,D001_1,C041940,10.7659,106.755,501.52,4.526,297
1793,Z1793_C020579,1793,D001_1,C020579,10.7815,106.763,207.6,2,113
1794,Z1794_C004787,1794,D001_1,C004787,10.7918,106.751,378.93,2.481,199
1795,Z1795_C016229,1795,D001_1,C016229,10.8595,106.795,534.66,3.215,242
1796,Z1796_C022758,1796,D001_1,C022758,10.8558,106.814,307.87,2.016,157
1797,Z1797_C009383,1797,D001_1,C009383,10.8798,106.81,426.64,2.906,194
1798,Z1798_C035772,1798,D001_1,C035772,10.8664,106.806,577.98,3.873,253
1799,Z1799_C025536,1799,D001_1,C025536,10.8925,106.81,67.8,0.318,27
1800,Z1800_C042066,1800,D001_1,C042066,10.8688,106.761,66.78,2.326,95
1801,Z1801_C018490,1801,D001_1,C018490,10.8792,106.783,204.59,5.595,298
1802,Z1802_C008551,1802,D001_1,C008551,10.8807,106.773,185.49,5.499,290
1803,Z1803_C048137,1803,D001_1,C048137,10.8033,106.719,382.13,1.306,180
1804,Z1804_C022799,1804,D001_1,C022799,10.7928,106.734,395.44,1.148,195
1805,Z1805_C011252,1805,D001_1,C011252,10.8124,106.732,566.13,2.01,321
1806,Z1806_C021292,1806,D001_1,C021292,10.8246,106.723,603.6,2.089,277
1807,Z1807_C016961,1807,D001_1,C016961,10.8882,106.674,477.29,7.532,444
1808,Z1808_C003518,1808,D001_1,C003518,10.8739,106.662,118.28,2.537,163
1809,Z1809_C042805,1809,D001_1,C042805,10.8627,106.673,93.87,2.317,142
1810,Z1810_C017777,1810,D001_1,C017777,10.6644,106.795,335.49,3.641,261
1811,Z1811_C045388,1811,D001_1,C045388,10.6835,106.793,383.21,4.07,329
1812,Z1812_C041345,1812,D001_1,C041345,10.6917,106.811,296.47,3.17,287
1813,Z1813_C030248,1813,D001_1,C030248,10.871,106.68,469.65,1.925,188
1814,Z1814_C032122,1814,D001_1,C032122,10.888,106.701,510.59,2.531,217
1815,Z1815_C025017,1815,D001_1,C025017,10.8767,106.693,631.91,2.827,384
1816,Z1816_C034637,1816,D001_1,C034637,10.7657,106.794,538.19,3.106,411
1817,Z1817_C003558,1817,D001_1,C003558,10.7539,106.803,416.46,3.108,270
1818,Z1818_C047591,1818,D001_1,C047591,10.7666,106.812,545.38,4.401,352
1819,Z1819_C042773,1819,D001_1,C042773,10.8248,106.815,459.74,1.997,327
1820,Z1820_C034514,1820,D001_1,C034514,10.8233,106.799,273.58,1.35,219
1821,Z1821_C022125,1821,D001_1,C022125,10.8844,106.757,285.65,3.872,294
1822,Z1822_C023179,1822,D001_1,C023179,10.8727,106.743,377.92,5.171,342
1823,Z1823_C032989,1823,D001_1,C032989,10.8892,106.746,336.31,4.058,256
1824,Z1824_C036065,1824,D001_1,C036065,10.886,106.732,511.08,5.289,371
1825,Z1825_C015490,1825,D001_1,C015490,10.8448,106.763,606.68,5.905,302
1826,Z1826_C017371,1826,D001_1,C017371,10.8551,106.779,352.86,3.827,181
1827,Z1827_C037490,1827,D001_1,C037490,10.8455,106.778,409.07,3.942,181
1828,Z1828_C009813,1828,D001_1,C009813,10.8632,106.762,444.79,4.234,245
1829,Z1829_C001487,1829,D001_1,C001487,10.852,106.755,350.16,3.464,188
1830,Z1830_C046301,1830,D001_1,C046301,10.8164,106.771,458.81,1.654,226
1831,Z1831_C020300,1831,D001_1,C020300,10.8224,106.761,324.85,1.067,111
1832,Z1832_C036830,1832,D001_1,C036830,10.8289,106.775,203.65,0.614,128
1833,Z1833_C049571,1833,D001_1,C049571,10.8355,106.772,460.39,1.706,240
1834,Z1834_C031273,1834,D001_1,C031273,10.8377,106.76,412.9,1.075,205
1835,Z1835_C017697,1835,D001_1,C017697,10.8588,106.711,445.51,6.759,464
1836,Z1836_C042791,1836,D001_1,C042791,10.8677,106.704,456.37,8.759,521
1837,Z1837_C010766,1837,D001_1,C010766,10.8199,106.72,227.87,2.467,93
1838,Z1838_C029051,1838,D001_1,C029051,10.8049,106.736,534.27,5.713,237
1839,Z1839_C046778,1839,D001_1,C046778,10.8035,106.724,349.47,3.522,167
1840,Z1840_C032659,1840,D001_1,C032659,10.7969,106.722,660.29,6.858,373
1841,Z1841_C040433,1841,D001_1,C040433,10.8458,106.735,478.79,7.221,342
1842,Z1842_C028911,1842,D001_1,C028911,10.8533,106.724,507.17,5.826,293
1843,Z1843_C028270,1843,D001_1,C028270,10.8373,106.716,235.31,2.988,125
1844,Z1844_C039598,1844,D001_1,C039598,10.8439,106.746,133.67,2.329,92
1845,Z1845_C013163,1845,D001_1,C013163,10.8318,106.733,582.29,7.796,448
1846,Z1846_C032990,1846,D001_5,C032990,10.7424,106.76,837.83,6.991,854
1847,Z1847_C004253,1847,D001_5,C004253,10.6656,106.647,832.15,5.213,443
1848,Z1848_C033849,1848,D001_5,C033849,10.8808,106.785,587.91,4.611,490
1849,Z1849_C025070,1849,D001_5,C025070,10.8635,106.736,826.29,7.937,590
1850,Z1850_C046832,1850,D001_5,C046832,10.8796,106.756,551.78,6.327,376
1851,Z1851_C044739,1851,D001_5,C044739,10.727,106.801,842.14,7.887,699
1852,Z1852_C027651,1852,D001_5,C027651,10.6834,106.714,1089.36,3.601,489
1853,Z1853_C046094,1853,D001_5,C046094,10.7607,106.8,1165.59,7.397,592
1854,Z1854_C013914,1854,D001_5,C013914,10.6738,106.786,363.96,10.931,586
1855,Z1855_C002642,1855,D001_5,C002642,10.6723,106.732,253.64,5.438,275
1856,Z1856_C036471,1856,D001_5,C036471,10.6729,106.71,340.4,7.607,387
1857,Z1857_C043555,1857,D001_5,C043555,10.7395,106.729,126.64,5.6,280
1858,Z1858_C033233,1858,D001_5,C033233,10.7217,106.733,414.71,10.904,502
1859,Z1859_C023318,1859,D001_5,C023318,10.6693,106.752,491.38,4.522,585
1860,Z1860_C029936,1860,D001_5,C029936,10.7845,106.766,906.88,6.865,492
1861,Z1861_C021855,1861,D001_5,C021855,10.8218,106.8,1335.15,10.431,724
1862,Z1862_C023112,1862,D001_5,C023112,10.8446,106.787,167.3,1.052,88
1863,Z1863_C004362,1863,D001_5,C004362,10.7628,106.714,523.15,5.813,813
1864,Z1864_C020028,1864,D001_5,C020028,10.664,106.599,714.21,7.652,509
1865,Z1865_C036029,1865,D001_5,C036029,10.6828,106.595,541.36,5.847,469
1866,Z1866_C026489,1866,D001_5,C026489,10.8505,106.604,712.83,7.235,516
1867,Z1867_C003693,1867,D001_5,C003693,10.8802,106.604,957.71,9.944,657
1868,Z1868_C024368,1868,D001_5,C024368,10.8406,106.776,409.56,7.888,498
1869,Z1869_C006339,1869,D001_5,C006339,10.7944,106.799,297.05,6.084,518
1870,Z1870_C026377,1870,D001_5,C026377,10.7687,106.724,97.48,4.194,190
1871,Z1871_C044221,1871,D001_5,C044221,10.7807,106.704,321.39,9.829,501
1872,Z1872_C049567,1872,D001_5,C049567,10.7583,106.708,127.23,3.625,144
1873,Z1873_C007299,1873,D001_5,C007299,10.7248,106.789,649.69,9.038,343
1874,Z1874_C005621,1874,D001_5,C005621,10.7066,106.78,417.84,6.874,292
1875,Z1875_C033755,1875,D001_5,C033755,10.724,106.73,475.25,1.521,273
1876,Z1876_C022902,1876,D001_5,C022902,10.7426,106.732,952.13,3.43,529
1877,Z1877_C019245,1877,D001_5,C019245,10.8831,106.708,849.5,8.273,533
1878,Z1878_C006909,1878,D001_5,C006909,10.7487,106.748,1069.52,11.236,508
1879,Z1879_C045952,1879,D001_5,C045952,10.8121,106.615,613.25,7.226,502
1880,Z1880_C030380,1880,D001_5,C030380,10.8264,106.593,686.44,7.281,474
1881,Z1881_C049799,1881,D001_5,C049799,10.708,106.745,260.85,5.784,392
1882,Z1882_C014327,1882,D001_5,C014327,10.6941,106.759,319.45,7.22,440
1883,Z1883_C024144,1883,D001_5,C024144,10.6697,106.767,1304.54,11.454,694
1884,Z1884_C025577,1884,D001_5,C025577,10.7385,106.607,781.67,8.478,600
1885,Z1885_C035354,1885,D001_5,C035354,10.7556,106.715,898.94,9.715,408
1886,Z1886_C031176,1886,D001_5,C031176,10.7419,106.722,503.65,5.385,230
1887,Z1887_C022249,1887,D001_5,C022249,10.718,106.719,445.87,3.571,616
1888,Z1888_C035491,1888,D001_5,C035491,10.8499,106.802,476.14,6.175,319
1889,Z1889_C010990,1889,D001_5,C010990,10.8739,106.808,706.53,7.396,409
1890,Z1890_C012206,1890,D001_5,C012206,10.7158,106.712,391.38,2.783,183
1891,Z1891_C049109,1891,D001_5,C049109,10.6954,106.719,1192.34,11.888,560
1892,Z1892_C012674,1892,D001_5,C012674,10.8645,106.651,1315.04,11.931,931
1893,Z1893_C009074,1893,D001_5,C009074,10.6647,106.811,712.22,5.754,510
1894,Z1894_C018722,1894,D001_5,C018722,10.7683,106.708,679.53,6.892,313
1895,Z1895_C016377,1895,D001_5,C016377,10.7836,106.709,848.48,9.102,435
1896,Z1896_C041333,1896,D001_5,C041333,10.6937,106.801,1268.95,7.564,596
1897,Z1897_C016091,1897,D001_5,C016091,10.6877,106.637,356.66,8.768,484
1898,Z1898_C044955,1898,D001_5,C044955,10.7075,106.699,380.3,8.504,424
1899,Z1899_C040822,1899,D001_5,C040822,10.7809,106.708,1267.23,5.211,641
1900,Z1900_C018144,1900,D001_5,C018144,10.7112,106.764,523.97,2.726,199
1901,Z1901_C002425,1901,D001_5,C002425,10.6906,106.747,963.09,4.591,448
1902,Z1902_C038444,1902,D001_5,C038444,10.6712,106.679,1106.01,12.133,907
1903,Z1903_C038604,1903,D001_2,C038604,10.736,106.625,477.1,3.128,218
1904,Z1904_C032091,1904,D001_2,C032091,10.7392,106.62,443.86,3.229,244
1905,Z1905_C016139,1905,D001_2,C016139,10.7513,106.631,138.1,0.799,68
1906,Z1906_C008413,1906,D001_2,C008413,10.7279,106.616,564.23,4.337,261
1907,Z1907_C039360,1907,D001_2,C039360,10.7579,106.614,388.75,3.113,207
1908,Z1908_C024411,1908,D001_2,C024411,10.7504,106.621,382.35,2.487,190
1909,Z1909_C010926,1909,D001_2,C010926,10.7393,106.609,402.5,3.386,197
1910,Z1910_C037532,1910,D001_2,C037532,10.7442,106.612,490.78,3.937,273
1911,Z1911_C005280,1911,D001_2,C005280,10.7333,106.609,244.91,1.939,119
1912,Z1912_C008210,1912,D001_2,C008210,10.7554,106.624,126.05,0.742,47
1913,Z1913_C023646,1913,D001_2,C023646,10.6871,106.605,149.64,1.34,208
1914,Z1914_C003538,1914,D001_2,C003538,10.6848,106.599,186.07,1.673,183
1915,Z1915_C043409,1915,D001_2,C043409,10.6878,106.586,645.83,4.625,602
1916,Z1916_C033778,1916,D001_2,C033778,10.7023,106.594,261.99,2.472,279
1917,Z1917_C006200,1917,D001_2,C006200,10.7898,106.65,274.77,7.317,450
1918,Z1918_C007560,1918,D001_2,C007560,10.78,106.647,187.76,7.407,374
1919,Z1919_C016003,1919,D001_2,C016003,10.7935,106.658,343.54,9.045,477
1920,Z1920_C049573,1920,D001_2,C049573,10.718,106.619,634.63,5.574,302
1921,Z1921_C023978,1921,D001_2,C023978,10.7034,106.639,697.07,6.99,285
1922,Z1922_C009084,1922,D001_2,C009084,10.7157,106.642,280.65,2.539,144
1923,Z1923_C004795,1923,D001_2,C004795,10.7175,106.633,715.3,6.195,313
1924,Z1924_C006676,1924,D001_2,C006676,10.7066,106.624,666.52,5.417,307
1925,Z1925_C026404,1925,D001_2,C026404,10.7624,106.62,432.58,9.897,646
1926,Z1926_C034205,1926,D001_2,C034205,10.7535,106.626,347.36,8.789,593
1927,Z1927_C025726,1927,D001_2,C025726,10.7789,106.616,93.73,4.183,256
1928,Z1928_C031904,1928,D001_2,C031904,10.7977,106.606,568.41,7.551,435
1929,Z1929_C013616,1929,D001_2,C013616,10.7996,106.588,748.57,8.02,515
1930,Z1930_C014037,1930,D001_2,C014037,10.792,106.596,441.55,5.129,278
1931,Z1931_C011338,1931,D001_2,C011338,10.8134,106.602,343.38,3.872,248
1932,Z1932_C009631,1932,D001_2,C009631,10.8066,106.597,487.62,4.543,339
1933,Z1933_C044018,1933,D001_2,C044018,10.8147,106.586,245.18,3.294,235
1934,Z1934_C012248,1934,D001_2,C012248,10.7151,106.668,408.28,1.783,269
1935,Z1935_C029943,1935,D001_2,C029943,10.7072,106.671,548.72,1.898,283
1936,Z1936_C047374,1936,D001_2,C047374,10.7179,106.661,112.3,0.171,82
1937,Z1937_C023522,1937,D001_2,C023522,10.7274,106.673,314.37,1.228,178
1938,Z1938_C027520,1938,D001_2,C027520,10.7283,106.665,519.48,2.132,337
1939,Z1939_C014215,1939,D001_2,C014215,10.7072,106.682,415.37,1.932,291
1940,Z1940_C023926,1940,D001_2,C023926,10.7132,106.69,237.44,1.135,129
1941,Z1941_C025892,1941,D001_2,C025892,10.7252,106.684,684.76,3.429,418
1942,Z1942_C036853,1942,D001_2,C036853,10.6692,106.675,306.29,5.381,231
1943,Z1943_C042126,1943,D001_2,C042126,10.687,106.667,591.34,8.597,474
1944,Z1944_C047734,1944,D001_2,C047734,10.6779,106.67,317.71,4.692,248
1945,Z1945_C024565,1945,D001_2,C024565,10.6867,106.679,415.79,4.884,340
1946,Z1946_C020791,1946,D001_2,C020791,10.6929,106.674,341.11,3.073,259
1947,Z1947_C038727,1947,D001_2,C038727,10.6932,106.685,374.99,5.439,285
1948,Z1948_C025605,1948,D001_2,C025605,10.7367,106.583,686.58,4.384,337
1949,Z1949_C013826,1949,D001_2,C013826,10.7433,106.592,682.46,4.837,407
1950,Z1950_C009830,1950,D001_2,C009830,10.7597,106.597,424.2,2.629,192
1951,Z1951_C036855,1951,D001_2,C036855,10.7462,106.6,229.55,1.172,104
1952,Z1952_C033343,1952,D001_2,C033343,10.7574,106.587,534.69,4.259,257
1953,Z1953_C036773,1953,D001_2,C036773,10.8681,106.599,308.25,3.5,235
1954,Z1954_C004724,1954,D001_2,C004724,10.8737,106.586,528.45,5.017,385
1955,Z1955_C004890,1955,D001_2,C004890,10.8851,106.613,509.01,4.484,306
1956,Z1956_C010552,1956,D001_2,C010552,10.8659,106.614,511.83,4.292,326
1957,Z1957_C032023,1957,D001_2,C032023,10.7336,106.593,169.7,3.978,274
1958,Z1958_C012668,1958,D001_2,C012668,10.7484,106.589,260.79,5.166,419
1959,Z1959_C011455,1959,D001_2,C011455,10.7567,106.596,266.03,6.13,446
1960,Z1960_C007309,1960,D001_2,C007309,10.7419,106.609,110.16,3.535,255
1961,Z1961_C005278,1961,D001_2,C005278,10.6587,106.685,418.78,2.578,241
1962,Z1962_C021803,1962,D001_2,C021803,10.6628,106.707,671.49,6.848,409
1963,Z1963_C004690,1963,D001_2,C004690,10.6607,106.694,509.58,3.644,326
1964,Z1964_C045324,1964,D001_2,C045324,10.6847,106.704,385.7,2.846,236
1965,Z1965_C005486,1965,D001_2,C005486,10.6789,106.692,743.38,4.403,444
1966,Z1966_C012575,1966,D001_2,C012575,10.6741,106.702,457.98,4.114,325
1967,Z1967_C021400,1967,D001_2,C021400,10.7512,106.65,570.62,7.615,399
1968,Z1968_C040742,1968,D001_2,C040742,10.7546,106.64,547.7,8.131,416
1969,Z1969_C046153,1969,D001_2,C046153,10.7463,106.658,72.63,1.601,64
1970,Z1970_C023999,1970,D001_2,C023999,10.7449,106.648,290.37,3.695,194
1971,Z1971_C019360,1971,D001_2,C019360,10.7357,106.656,570.53,7.495,415
1972,Z1972_C045207,1972,D001_2,C045207,10.7374,106.644,421.25,5.999,248
1973,Z1973_C045327,1973,D001_2,C045327,10.735,106.638,232.65,3.448,150
1974,Z1974_C030554,1974,D001_2,C030554,10.6944,106.659,470.19,2.25,312
1975,Z1975_C031289,1975,D001_2,C031289,10.686,106.651,445.56,2.674,373
1976,Z1976_C033587,1976,D001_2,C033587,10.6985,106.638,446.74,2.898,395
1977,Z1977_C049143,1977,D001_2,C049143,10.7061,106.646,664.35,3.498,465
1978,Z1978_C019728,1978,D001_2,C019728,10.6881,106.637,293.75,1.483,270
1979,Z1979_C015953,1979,D001_2,C015953,10.7625,106.634,306.56,3.502,180
1980,Z1980_C000474,1980,D001_2,C000474,10.7726,106.632,620.01,6.664,336
1981,Z1981_C030491,1981,D001_2,C030491,10.779,106.618,550.87,5.93,293
1982,Z1982_C046496,1982,D001_2,C046496,10.7853,106.628,480.45,6.334,310
1983,Z1983_C044717,1983,D001_2,C044717,10.7666,106.649,75.8,0.873,38
1984,Z1984_C027127,1984,D001_2,C027127,10.7805,106.643,682.24,7.704,357
1985,Z1985_C044362,1985,D001_2,C044362,10.75,106.703,647.26,6.102,424
1986,Z1986_C043787,1986,D001_2,C043787,10.7443,106.692,402.52,4.383,368
1987,Z1987_C045404,1987,D001_2,C045404,10.7399,106.689,119.83,0.873,90
1988,Z1988_C044638,1988,D001_2,C044638,10.7304,106.696,731.91,8.388,553
1989,Z1989_C028230,1989,D001_2,C028230,10.7436,106.713,482.51,6.096,379
1990,Z1990_C034972,1990,D001_2,C034972,10.7324,106.711,319.81,3.371,262
1991,Z1991_C025057,1991,D001_2,C025057,10.7253,106.71,357.5,2.926,207
1992,Z1992_C026350,1992,D001_2,C026350,10.7064,106.636,97.14,3.144,135
1993,Z1993_C022792,1993,D001_2,C022792,10.7052,106.621,305.71,9.962,605
1994,Z1994_C037793,1994,D001_2,C037793,10.7225,106.628,292.5,8.486,466
1995,Z1995_C034755,1995,D001_2,C034755,10.7313,106.621,44.64,2.258,113
1996,Z1996_C003228,1996,D001_2,C003228,10.7307,106.676,305.33,3.876,156
1997,Z1997_C010455,1997,D001_2,C010455,10.7375,106.67,579.91,7.215,351
1998,Z1998_C002229,1998,D001_2,C002229,10.7341,106.683,709.01,8.853,424
1999,Z1999_C013214,1999,D001_2,C013214,10.7549,106.67,656.28,6.7,317
2000,Z2000_C032309,2000,D001_2,C032309,10.7485,106.678,588.47,7.245,377
2001,Z2001_C036367,2001,D001_2,C036367,10.7495,106.688,311.66,3.784,174
2002,Z2002_C037717,2002,D001_2,C037717,10.685,106.723,427.42,4.304,334
2003,Z2003_C037542,2003,D001_2,C037542,10.6854,106.737,423.98,2.834,223
2004,Z2004_C029093,2004,D001_2,C029093,10.6649,106.759,232.17,2.251,132
2005,Z2005_C000507,2005,D001_2,C000507,10.6652,106.752,246.19,2.075,138
2006,Z2006_C026316,2006,D001_2,C026316,10.6652,106.74,518.08,5.013,360
2007,Z2007_C005928,2007,D001_2,C005928,10.6639,106.723,620.79,6.533,458
2008,Z2008_C017382,2008,D001_2,C017382,10.673,106.733,534,4.691,339
2009,Z2009_C044733,2009,D001_2,C044733,10.7012,106.693,506.51,4.726,379
2010,Z2010_C039027,2010,D001_2,C039027,10.6938,106.712,545.44,6.35,427
2011,Z2011_C030828,2011,D001_2,C030828,10.6883,106.703,221.1,3.875,208
2012,Z2012_C005737,2012,D001_2,C005737,10.709,106.696,625.4,8.347,489
2013,Z2013_C036944,2013,D001_2,C036944,10.7153,106.709,602.05,5.741,396
2014,Z2014_C010298,2014,D001_2,C010298,10.7063,106.719,582.58,7.343,429
2015,Z2015_C037485,2015,D001_2,C037485,10.8281,106.591,748.31,6.726,458
2016,Z2016_C000620,2016,D001_2,C000620,10.8337,106.611,494.67,3.572,311
2017,Z2017_C019899,2017,D001_2,C019899,10.843,106.601,299.52,2.929,244
2018,Z2018_C028398,2018,D001_2,C028398,10.8516,106.6,565.14,5.719,337
2019,Z2019_C006414,2019,D001_2,C006414,10.6971,106.598,47.56,0.589,23
2020,Z2020_C002419,2020,D001_2,C002419,10.6844,106.609,390.15,5.406,265
2021,Z2021_C026265,2021,D001_2,C026265,10.6929,106.606,493.16,6.757,301
2022,Z2022_C020660,2022,D001_2,C020660,10.6849,106.597,413.6,5.019,234
2023,Z2023_C014983,2023,D001_2,C014983,10.6765,106.596,744.77,9.312,423
2024,Z2024_C034380,2024,D001_2,C034380,10.7275,106.597,438.8,1.955,254
2025,Z2025_C020303,2025,D001_2,C020303,10.7239,106.604,333.15,1.534,238
2026,Z2026_C027416,2026,D001_2,C027416,10.7125,106.604,545.47,1.831,333
2027,Z2027_C026179,2027,D001_2,C026179,10.7085,106.598,450.61,1.52,278
2028,Z2028_C041948,2028,D001_2,C041948,10.7218,106.588,340.45,0.905,225
2029,Z2029_C042183,2029,D001_2,C042183,10.6632,106.671,662,5.455,538
2030,Z2030_C027215,2030,D001_2,C027215,10.6712,106.654,731.59,5.446,526
2031,Z2031_C005579,2031,D001_2,C005579,10.6611,106.651,532.24,3.831,358
2032,Z2032_C021938,2032,D001_2,C021938,10.7266,106.813,109.36,1.351,93
2033,Z2033_C007918,2033,D001_2,C007918,10.6741,106.773,360.57,3.516,270
2034,Z2034_C042198,2034,D001_2,C042198,10.6699,106.804,714.1,6.978,459
2035,Z2035_C002606,2035,D001_2,C002606,10.7074,106.797,634.46,6.861,451
2036,Z2036_C010726,2036,D001_2,C010726,10.6924,106.782,338.22,3.798,306
2037,Z2037_C020261,2037,D001_2,C020261,10.7683,106.696,682.31,5.643,450
2038,Z2038_C021707,2038,D001_2,C021707,10.7576,106.698,248.48,2.55,161
2039,Z2039_C039345,2039,D001_2,C039345,10.7553,106.692,366.52,3.705,297
2040,Z2040_C041618,2040,D001_2,C041618,10.7623,106.689,398.64,4.475,298
2041,Z2041_C048487,2041,D001_2,C048487,10.7702,106.683,272.02,3.556,208
2042,Z2042_C016208,2042,D001_2,C016208,10.7776,106.686,493.86,5.665,399
2043,Z2043_C000813,2043,D001_2,C000813,10.7618,106.681,706.04,5.914,434
2044,Z2044_C046118,2044,D001_2,C046118,10.7767,106.585,576.23,5.932,434
2045,Z2045_C016681,2045,D001_2,C016681,10.7762,106.592,422.82,4.745,288
2046,Z2046_C012048,2046,D001_2,C012048,10.7848,106.611,348.43,2.334,217
2047,Z2047_C048052,2047,D001_2,C048052,10.7824,106.6,475.84,3.946,336
2048,Z2048_C027482,2048,D001_2,C027482,10.7638,106.598,300.19,2.239,208
2049,Z2049_C030652,2049,D001_2,C030652,10.7704,106.606,700.82,4.852,379
2050,Z2050_C044835,2050,D001_2,C044835,10.7694,106.595,181.2,1.237,95
2051,Z2051_C005510,2051,D001_2,C005510,10.7207,106.733,666.7,5.889,459
2052,Z2052_C039831,2052,D001_2,C039831,10.7097,106.74,543.11,5.491,306
2053,Z2053_C046841,2053,D001_2,C046841,10.6971,106.742,345.12,3.641,258
2054,Z2054_C024040,2054,D001_2,C024040,10.7087,106.763,367.12,4.156,263
2055,Z2055_C023091,2055,D001_2,C023091,10.6648,106.601,677.88,6.132,489
2056,Z2056_C008188,2056,D001_2,C008188,10.6691,106.585,712.45,7.894,540
2057,Z2057_C047309,2057,D001_2,C047309,10.6596,106.592,269.06,2.349,182
2058,Z2058_C009441,2058,D001_2,C009441,10.7206,106.637,448.3,1.979,348
2059,Z2059_C007220,2059,D001_2,C007220,10.7307,106.636,437.99,2.311,288
2060,Z2060_C046713,2060,D001_2,C046713,10.741,106.636,404.82,1.724,284
2061,Z2061_C030742,2061,D001_2,C030742,10.7346,106.627,194.44,0.734,139
2062,Z2062_C026424,2062,D001_2,C026424,10.7231,106.651,670.3,3.651,490
2063,Z2063_C044686,2063,D001_2,C044686,10.7353,106.648,533.42,2.385,353
2064,Z2064_C011820,2064,D001_2,C011820,10.7635,106.661,192.66,1.398,71
2065,Z2065_C024614,2065,D001_2,C024614,10.7795,106.663,330.79,2.466,182
2066,Z2066_C023487,2066,D001_2,C023487,10.7779,106.656,266.49,1.958,125
2067,Z2067_C008124,2067,D001_2,C008124,10.772,106.662,573.01,4.841,332
2068,Z2068_C041745,2068,D001_2,C041745,10.7669,106.671,137.06,1.006,69
2069,Z2069_C040037,2069,D001_2,C040037,10.7897,106.654,455.08,2.373,194
2070,Z2070_C032797,2070,D001_2,C032797,10.7764,106.677,300.53,1.519,118
2071,Z2071_C004615,2071,D001_2,C004615,10.8017,106.662,304.74,1.818,154
2072,Z2072_C012336,2072,D001_2,C012336,10.7871,106.666,706.64,5.212,340
2073,Z2073_C013677,2073,D001_2,C013677,10.7899,106.671,521.36,2.944,291
2074,Z2074_C015514,2074,D001_2,C015514,10.728,106.59,73.29,0.958,53
2075,Z2075_C048090,2075,D001_2,C048090,10.705,106.591,632,8.455,420
2076,Z2076_C000380,2076,D001_2,C000380,10.7176,106.588,627.2,8.558,401
2077,Z2077_C024382,2077,D001_2,C024382,10.7123,106.603,600.73,8.468,386
2078,Z2078_C003588,2078,D001_2,C003588,10.6788,106.633,109.54,2.291,229
2079,Z2079_C024209,2079,D001_2,C024209,10.6757,106.62,488.8,10.053,636
2080,Z2080_C022463,2080,D001_2,C022463,10.6624,106.623,235.35,4.573,287
2081,Z2081_C018492,2081,D001_2,C018492,10.6926,106.626,307.71,1.666,194
2082,Z2082_C006444,2082,D001_2,C006444,10.6968,106.618,459.6,1.532,242
2083,Z2083_C026574,2083,D001_2,C026574,10.6846,106.625,411.47,1.971,242
2084,Z2084_C011816,2084,D001_2,C011816,10.6769,106.626,363.09,1.406,160
2085,Z2085_C014476,2085,D001_2,C014476,10.676,106.613,644.23,2.104,310
2086,Z2086_C024607,2086,D001_2,C024607,10.8612,106.626,462.13,5.091,325
2087,Z2087_C029631,2087,D001_2,C029631,10.8438,106.635,330.94,3.858,233
2088,Z2088_C013977,2088,D001_2,C013977,10.8583,106.653,737.16,8.113,612
2089,Z2089_C026374,2089,D001_2,C026374,10.8263,106.624,247.82,3.318,190
2090,Z2090_C028977,2090,D001_2,C028977,10.8194,106.639,600.55,4.915,392
2091,Z2091_C012315,2091,D001_2,C012315,10.8142,106.616,386.34,5.086,292
2092,Z2092_C035210,2092,D001_2,C035210,10.7958,106.617,308.71,2.996,249
2093,Z2093_C016694,2093,D001_2,C016694,10.801,106.624,688.81,7.139,567
2094,Z2094_C027243,2094,D001_2,C027243,10.8033,106.641,310.11,2.115,171
2095,Z2095_C035150,2095,D001_2,C035150,10.8024,106.632,564.82,4.938,366
2096,Z2096_C003984,2096,D001_2,C003984,10.7601,106.662,245.16,3.039,236
2097,Z2097_C012959,2097,D001_2,C012959,10.7645,106.656,570.09,5.631,607
2098,Z2098_C008439,2098,D001_2,C008439,10.7621,106.672,347,3.03,406
2099,Z2099_C044946,2099,D001_2,C044946,10.7474,106.664,723.86,7.023,816
2100,Z2100_C026774,2100,D001_2,C026774,10.6861,106.649,202.91,3.775,174
2101,Z2101_C016592,2101,D001_2,C016592,10.6645,106.649,376.54,6.441,283
2102,Z2102_C029678,2102,D001_2,C029678,10.6756,106.643,331.44,5.782,247
2103,Z2103_C024050,2103,D001_2,C024050,10.6844,106.639,306.34,5.616,239
2104,Z2104_C003420,2104,D001_2,C003420,10.6636,106.632,529,4.966,269
2105,Z2105_C029468,2105,D001_2,C029468,10.6681,106.634,442.43,6.266,337
2106,Z2106_C015911,2106,D001_2,C015911,10.7027,106.659,526.62,8.256,381
2107,Z2107_C001372,2107,D001_2,C001372,10.713,106.661,410.12,5.499,280
2108,Z2108_C000237,2108,D001_2,C000237,10.7058,106.68,367.89,6.322,290
2109,Z2109_C003142,2109,D001_2,C003142,10.7109,106.673,451.49,7.305,371
2110,Z2110_C023193,2110,D001_2,C023193,10.7237,106.666,266.63,5.874,281
2111,Z2111_C035094,2111,D001_2,C035094,10.784,106.647,276.57,0.866,199
2112,Z2112_C047870,2112,D001_2,C047870,10.7705,106.644,574.67,2.709,311
2113,Z2113_C042508,2113,D001_2,C042508,10.774,106.63,682.94,2.812,406
2114,Z2114_C033432,2114,D001_2,C033432,10.7878,106.633,581.95,2.783,359
2115,Z2115_C031166,2115,D001_2,C031166,10.7627,106.642,596.23,2.275,349
