Route_Index,Depot_ID,Vehicle_ID,Seq,Customer_ID,Latitude,Longitude
0,D001_2,V0119,0,Z1903_C038604,10.736,106.625
1,D001_2,V0119,0,Z1904_C032091,10.7392,106.62
2,D001_2,V0119,0,Z1905_C016139,10.7513,106.631
3,D001_2,V0119,0,Z1906_C008413,10.7279,106.616
4,D001_2,V0064,0,Z1907_C039360,10.7579,106.614
5,D001_2,V0119,0,Z1908_C024411,10.7504,106.621
6,D001_2,V0119,0,Z1909_C010926,10.7393,106.609
7,D001_2,V0119,0,Z1910_C037532,10.7442,106.612
8,D001_2,V0119,0,Z1911_C005280,10.7333,106.609
9,D001_2,V0119,0,Z1912_C008210,10.7554,106.624
10,D001_2,V0119,0,Z1913_C023646,10.6871,106.605
11,D001_2,V0119,0,Z1914_C003538,10.6848,106.599
12,D001_2,V0064,0,Z1916_C033778,10.7023,106.594
13,D001_2,V0119,0,Z1917_C006200,10.7898,106.65
14,D001_2,V0064,0,Z1918_C007560,10.78,106.647
15,D001_2,V0119,0,Z1919_C016003,10.7935,106.658
16,D001_2,V0119,0,Z1920_C049573,10.718,106.619
17,D001_2,V0119,0,Z1921_C023978,10.7034,106.639
18,D001_2,V0064,0,Z1922_C009084,10.7157,106.642
19,D001_2,V0119,0,Z1923_C004795,10.7175,106.633
20,D001_2,V0119,0,Z1924_C006676,10.7066,106.624
21,D001_2,V0119,0,Z1927_C025726,10.7789,106.616
22,D001_2,V0119,0,Z1928_C031904,10.7977,106.606
23,D001_2,V0119,0,Z1929_C013616,10.7996,106.588
24,D001_2,V0119,0,Z1930_C014037,10.792,106.596
25,D001_2,V0119,0,Z1931_C011338,10.8134,106.602
26,D001_2,V0119,0,Z1932_C009631,10.8066,106.597
27,D001_2,V0119,0,Z1933_C044018,10.8147,106.586
28,D001_2,V0064,0,Z1934_C012248,10.7151,106.668
29,D001_2,V0119,0,Z1935_C029943,10.7072,106.671
30,D001_2,V0119,0,Z1936_C047374,10.7179,106.661
31,D001_2,V0119,0,Z1937_C023522,10.7274,106.673
32,D001_2,V0064,0,Z1938_C027520,10.7283,106.665
33,D001_2,V0119,0,Z1939_C014215,10.7072,106.682
34,D001_2,V0064,0,Z1940_C023926,10.7132,106.69
35,D001_2,V0119,0,Z1941_C025892,10.7252,106.684
36,D001_2,V0119,0,Z1942_C036853,10.6692,106.675
37,D001_2,V0119,0,Z1943_C042126,10.687,106.667
38,D001_2,V0064,0,Z1944_C047734,10.6779,106.67
39,D001_2,V0119,0,Z1945_C024565,10.6867,106.679
40,D001_2,V0064,0,Z1946_C020791,10.6929,106.674
41,D001_2,V0119,0,Z1947_C038727,10.6932,106.685
42,D001_2,V0119,0,Z1948_C025605,10.7367,106.583
43,D001_2,V0119,0,Z1949_C013826,10.7433,106.592
44,D001_2,V0119,0,Z1950_C009830,10.7597,106.597
45,D001_2,V0119,0,Z1951_C036855,10.7462,106.6
46,D001_2,V0119,0,Z1952_C033343,10.7574,106.587
47,D001_2,V0119,0,Z1953_C036773,10.8681,106.599
48,D001_2,V0119,0,Z1954_C004724,10.8737,106.586
49,D001_2,V0119,0,Z1955_C004890,10.8851,106.613
50,D001_2,V0119,0,Z1956_C010552,10.8659,106.614
51,D001_2,V0119,0,Z1957_C032023,10.7336,106.593
52,D001_2,V0064,0,Z1958_C012668,10.7484,106.589
53,D001_2,V0119,0,Z1959_C011455,10.7567,106.596
54,D001_2,V0119,0,Z1960_C007309,10.7419,106.609
55,D001_2,V0119,0,Z1961_C005278,10.6587,106.685
56,D001_2,V0119,0,Z1962_C021803,10.6628,106.707
57,D001_2,V0119,0,Z1963_C004690,10.6607,106.694
58,D001_2,V0119,0,Z1964_C045324,10.6847,106.704
59,D001_2,V0119,0,Z1965_C005486,10.6789,106.692
60,D001_2,V0064,0,Z1966_C012575,10.6741,106.702
61,D001_2,V0119,0,Z1967_C021400,10.7512,106.65
62,D001_2,V0119,0,Z1968_C040742,10.7546,106.64
63,D001_2,V0119,0,Z1969_C046153,10.7463,106.658
64,D001_2,V0119,0,Z1970_C023999,10.7449,106.648
65,D001_2,V0119,0,Z1971_C019360,10.7357,106.656
66,D001_2,V0119,0,Z1972_C045207,10.7374,106.644
67,D001_2,V0119,0,Z1973_C045327,10.735,106.638
68,D001_2,V0064,0,Z1974_C030554,10.6944,106.659
69,D001_2,V0119,0,Z1975_C031289,10.686,106.651
70,D001_2,V0119,0,Z1976_C033587,10.6985,106.638
71,D001_2,V0119,0,Z1977_C049143,10.7061,106.646
72,D001_2,V0119,0,Z1978_C019728,10.6881,106.637
73,D001_2,V0119,0,Z1979_C015953,10.7625,106.634
74,D001_2,V0119,0,Z1980_C000474,10.7726,106.632
75,D001_2,V0119,0,Z1981_C030491,10.779,106.618
76,D001_2,V0064,0,Z1982_C046496,10.7853,106.628
77,D001_2,V0119,0,Z1983_C044717,10.7666,106.649
78,D001_2,V0064,0,Z1984_C027127,10.7805,106.643
79,D001_2,V0119,0,Z1985_C044362,10.75,106.703
80,D001_2,V0064,0,Z1986_C043787,10.7443,106.692
81,D001_2,V0119,0,Z1987_C045404,10.7399,106.689
82,D001_2,V0064,0,Z1988_C044638,10.7304,106.696
83,D001_2,V0119,0,Z1989_C028230,10.7436,106.713
84,D001_2,V0119,0,Z1990_C034972,10.7324,106.711
85,D001_2,V0119,0,Z1991_C025057,10.7253,106.71
86,D001_2,V0064,0,Z1992_C026350,10.7064,106.636
87,D001_2,V0119,0,Z1994_C037793,10.7225,106.628
88,D001_2,V0119,0,Z1995_C034755,10.7313,106.621
89,D001_2,V0119,0,Z1996_C003228,10.7307,106.676
90,D001_2,V0119,0,Z1997_C010455,10.7375,106.67
91,D001_2,V0119,0,Z1998_C002229,10.7341,106.683
92,D001_2,V0064,0,Z1999_C013214,10.7549,106.67
93,D001_2,V0119,0,Z2000_C032309,10.7485,106.678
94,D001_2,V0064,0,Z2001_C036367,10.7495,106.688
95,D001_2,V0119,0,Z2002_C037717,10.685,106.723
96,D001_2,V0119,0,Z2003_C037542,10.6854,106.737
97,D001_2,V0119,0,Z2004_C029093,10.6649,106.759
98,D001_2,V0064,0,Z2005_C000507,10.6652,106.752
99,D001_2,V0119,0,Z2006_C026316,10.6652,106.74
100,D001_2,V0064,0,Z2007_C005928,10.6639,106.723
101,D001_2,V0119,0,Z2008_C017382,10.673,106.733
102,D001_2,V0119,0,Z2009_C044733,10.7012,106.693
103,D001_2,V0119,0,Z2010_C039027,10.6938,106.712
104,D001_2,V0119,0,Z2011_C030828,10.6883,106.703
105,D001_2,V0119,0,Z2012_C005737,10.709,106.696
106,D001_2,V0119,0,Z2013_C036944,10.7153,106.709
107,D001_2,V0119,0,Z2014_C010298,10.7063,106.719
108,D001_2,V0064,0,Z2015_C037485,10.8281,106.591
109,D001_2,V0119,0,Z2016_C000620,10.8337,106.611
110,D001_2,V0064,0,Z2017_C019899,10.843,106.601
111,D001_2,V0119,0,Z2018_C028398,10.8516,106.6
112,D001_2,V0119,0,Z2019_C006414,10.6971,106.598
113,D001_2,V0119,0,Z2020_C002419,10.6844,106.609
114,D001_2,V0119,0,Z2021_C026265,10.6929,106.606
115,D001_2,V0119,0,Z2022_C020660,10.6849,106.597
116,D001_2,V0119,0,Z2024_C034380,10.7275,106.597
117,D001_2,V0119,0,Z2025_C020303,10.7239,106.604
118,D001_2,V0119,0,Z2026_C027416,10.7125,106.604
119,D001_2,V0119,0,Z2027_C026179,10.7085,106.598
120,D001_2,V0119,0,Z2028_C041948,10.7218,106.588
121,D001_2,V0119,0,Z2029_C042183,10.6632,106.671
122,D001_2,V0064,0,Z2030_C027215,10.6712,106.654
123,D001_2,V0119,0,Z2031_C005579,10.6611,106.651
124,D001_2,V0119,0,Z2032_C021938,10.7266,106.813
125,D001_2,V0119,0,Z2033_C007918,10.6741,106.773
126,D001_2,V0064,0,Z2034_C042198,10.6699,106.804
127,D001_2,V0119,0,Z2035_C002606,10.7074,106.797
128,D001_2,V0119,0,Z2036_C010726,10.6924,106.782
129,D001_2,V0119,0,Z2037_C020261,10.7683,106.696
130,D001_2,V0119,0,Z2038_C021707,10.7576,106.698
131,D001_2,V0119,0,Z2039_C039345,10.7553,106.692
132,D001_2,V0064,0,Z2040_C041618,10.7623,106.689
133,D001_2,V0119,0,Z2041_C048487,10.7702,106.683
134,D001_2,V0064,0,Z2042_C016208,10.7776,106.686
135,D001_2,V0119,0,Z2043_C000813,10.7618,106.681
136,D001_2,V0119,0,Z2044_C046118,10.7767,106.585
137,D001_2,V0119,0,Z2045_C016681,10.7762,106.592
138,D001_2,V0119,0,Z2046_C012048,10.7848,106.611
139,D001_2,V0119,0,Z2047_C048052,10.7824,106.6
140,D001_2,V0119,0,Z2048_C027482,10.7638,106.598
141,D001_2,V0119,0,Z2049_C030652,10.7704,106.606
142,D001_2,V0119,0,Z2050_C044835,10.7694,106.595
143,D001_2,V0119,0,Z2051_C005510,10.7207,106.733
144,D001_2,V0064,0,Z2052_C039831,10.7097,106.74
145,D001_2,V0119,0,Z2053_C046841,10.6971,106.742
146,D001_2,V0119,0,Z2054_C024040,10.7087,106.763
147,D001_2,V0119,0,Z2055_C023091,10.6648,106.601
148,D001_2,V0119,0,Z2057_C047309,10.6596,106.592
149,D001_2,V0119,0,Z2058_C009441,10.7206,106.637
150,D001_2,V0064,0,Z2059_C007220,10.7307,106.636
151,D001_2,V0119,0,Z2060_C046713,10.741,106.636
152,D001_2,V0064,0,Z2061_C030742,10.7346,106.627
153,D001_2,V0119,0,Z2062_C026424,10.7231,106.651
154,D001_2,V0119,0,Z2063_C044686,10.7353,106.648
155,D001_2,V0119,0,Z2064_C011820,10.7635,106.661
156,D001_2,V0064,0,Z2065_C024614,10.7795,106.663
157,D001_2,V0119,0,Z2066_C023487,10.7779,106.656
158,D001_2,V0119,0,Z2067_C008124,10.772,106.662
159,D001_2,V0119,0,Z2068_C041745,10.7669,106.671
160,D001_2,V0064,0,Z2069_C040037,10.7897,106.654
161,D001_2,V0119,0,Z2070_C032797,10.7764,106.677
162,D001_2,V0119,0,Z2071_C004615,10.8017,106.662
163,D001_2,V0119,0,Z2072_C012336,10.7871,106.666
164,D001_2,V0119,0,Z2073_C013677,10.7899,106.671
165,D001_2,V0119,0,Z2074_C015514,10.728,106.59
166,D001_2,V0119,0,Z2075_C048090,10.705,106.591
167,D001_2,V0119,0,Z2076_C000380,10.7176,106.588
168,D001_2,V0119,0,Z2077_C024382,10.7123,106.603
169,D001_2,V0064,0,Z2078_C003588,10.6788,106.633
170,D001_2,V0119,0,Z2080_C022463,10.6624,106.623
171,D001_2,V0119,0,Z2081_C018492,10.6926,106.626
172,D001_2,V0064,0,Z2082_C006444,10.6968,106.618
173,D001_2,V0119,0,Z2083_C026574,10.6846,106.625
174,D001_2,V0119,0,Z2084_C011816,10.6769,106.626
175,D001_2,V0119,0,Z2085_C014476,10.676,106.613
176,D001_2,V0119,0,Z2086_C024607,10.8612,106.626
177,D001_2,V0119,0,Z2087_C029631,10.8438,106.635
178,D001_2,V0064,0,Z2089_C026374,10.8263,106.624
179,D001_2,V0119,0,Z2090_C028977,10.8194,106.639
180,D001_2,V0119,0,Z2091_C012315,10.8142,106.616
181,D001_2,V0119,0,Z2092_C035210,10.7958,106.617
182,D001_2,V0119,0,Z2093_C016694,10.801,106.624
183,D001_2,V0119,0,Z2094_C027243,10.8033,106.641
184,D001_2,V0119,0,Z2095_C035150,10.8024,106.632
185,D001_2,V0119,0,Z2096_C003984,10.7601,106.662
186,D001_2,V0064,0,Z2098_C008439,10.7621,106.672
187,D001_2,V0119,0,Z2100_C026774,10.6861,106.649
188,D001_2,V0119,0,Z2101_C016592,10.6645,106.649
189,D001_2,V0119,0,Z2102_C029678,10.6756,106.643
190,D001_2,V0119,0,Z2103_C024050,10.6844,106.639
191,D001_2,V0119,0,Z2104_C003420,10.6636,106.632
192,D001_2,V0064,0,Z2105_C029468,10.6681,106.634
193,D001_2,V0119,0,Z2106_C015911,10.7027,106.659
194,D001_2,V0064,0,Z2107_C001372,10.713,106.661
195,D001_2,V0119,0,Z2108_C000237,10.7058,106.68
196,D001_2,V0119,0,Z2109_C003142,10.7109,106.673
197,D001_2,V0119,0,Z2110_C023193,10.7237,106.666
198,D001_2,V0119,0,Z2111_C035094,10.784,106.647
199,D001_2,V0119,0,Z2112_C047870,10.7705,106.644
200,D001_2,V0119,0,Z2113_C042508,10.774,106.63
201,D001_2,V0119,0,Z2114_C033432,10.7878,106.633
202,D001_2,V0119,0,Z2115_C031166,10.7627,106.642
203,D001_5,V0004,0,Z1847_C004253,10.6656,106.647
204,D001_5,V0129,0,Z1848_C033849,10.8808,106.785
205,D001_5,V0004,0,Z1849_C025070,10.8635,106.736
206,D001_5,V0004,0,Z1850_C046832,10.8796,106.756
207,D001_5,V0004,0,Z1852_C027651,10.6834,106.714
208,D001_5,V0004,0,Z1853_C046094,10.7607,106.8
209,D001_5,V0103,0,Z1854_C013914,10.6738,106.786
210,D001_5,V0004,0,Z1855_C002642,10.6723,106.732
211,D001_5,V0004,0,Z1856_C036471,10.6729,106.71
212,D001_5,V0129,0,Z1857_C043555,10.7395,106.729
213,D001_5,V0103,0,Z1858_C033233,10.7217,106.733
214,D001_5,V0004,0,Z1859_C023318,10.6693,106.752
215,D001_5,V0004,0,Z1860_C029936,10.7845,106.766
216,D001_5,V0129,0,Z1862_C023112,10.8446,106.787
217,D001_5,V0004,0,Z1864_C020028,10.664,106.599
218,D001_5,V0004,0,Z1865_C036029,10.6828,106.595
219,D001_5,V0004,0,Z1866_C026489,10.8505,106.604
220,D001_5,V0004,0,Z1868_C024368,10.8406,106.776
221,D001_5,V0129,0,Z1869_C006339,10.7944,106.799
222,D001_5,V0129,0,Z1870_C026377,10.7687,106.724
223,D001_5,V0103,0,Z1871_C044221,10.7807,106.704
224,D001_5,V0129,0,Z1872_C049567,10.7583,106.708
225,D001_5,V0103,0,Z1873_C007299,10.7248,106.789
226,D001_5,V0004,0,Z1874_C005621,10.7066,106.78
227,D001_5,V0129,0,Z1875_C033755,10.724,106.73
228,D001_5,V0004,0,Z1876_C022902,10.7426,106.732
229,D001_5,V0004,0,Z1877_C019245,10.8831,106.708
230,D001_5,V0103,0,Z1878_C006909,10.7487,106.748
231,D001_5,V0004,0,Z1879_C045952,10.8121,106.615
232,D001_5,V0103,0,Z1880_C030380,10.8264,106.593
233,D001_5,V0129,0,Z1881_C049799,10.708,106.745
234,D001_5,V0004,0,Z1882_C014327,10.6941,106.759
235,D001_5,V0103,0,Z1884_C025577,10.7385,106.607
236,D001_5,V0103,0,Z1885_C035354,10.7556,106.715
237,D001_5,V0129,0,Z1886_C031176,10.7419,106.722
238,D001_5,V0004,0,Z1887_C022249,10.718,106.719
239,D001_5,V0004,0,Z1888_C035491,10.8499,106.802
240,D001_5,V0004,0,Z1889_C010990,10.8739,106.808
241,D001_5,V0129,0,Z1890_C012206,10.7158,106.712
242,D001_5,V0129,0,Z1893_C009074,10.6647,106.811
243,D001_5,V0004,0,Z1894_C018722,10.7683,106.708
244,D001_5,V0103,0,Z1895_C016377,10.7836,106.709
245,D001_5,V0004,0,Z1896_C041333,10.6937,106.801
246,D001_5,V0103,0,Z1897_C016091,10.6877,106.637
247,D001_5,V0004,0,Z1898_C044955,10.7075,106.699
248,D001_5,V0004,0,Z1899_C040822,10.7809,106.708
249,D001_5,V0129,0,Z1900_C018144,10.7112,106.764
250,D001_5,V0004,0,Z1901_C002425,10.6906,106.747
251,D001_1,V0127,0,Z1723_C012425,10.7563,106.766
252,D001_1,V0127,0,Z1724_C030868,10.7495,106.779
253,D001_1,V0127,0,Z1725_C009029,10.759,106.78
254,D001_1,V0127,0,Z1726_C019068,10.7383,106.768
255,D001_1,V0127,0,Z1727_C029389,10.6871,106.63
256,D001_1,V0127,0,Z1728_C016488,10.6901,106.602
257,D001_1,V0127,0,Z1729_C042962,10.7323,106.587
258,D001_1,V0127,0,Z1730_C013706,10.7836,106.793
259,D001_1,V0127,0,Z1731_C013862,10.7931,106.778
260,D001_1,V0127,0,Z1732_C038313,10.787,106.788
261,D001_1,V0127,0,Z1733_C018557,10.7984,106.79
262,D001_1,V0127,0,Z1734_C041067,10.789,106.804
263,D001_1,V0127,0,Z1735_C031980,10.8021,106.803
264,D001_1,V0127,0,Z1736_C035003,10.7883,106.811
265,D001_1,V0127,0,Z1737_C002604,10.8141,106.787
266,D001_1,V0127,0,Z1739_C027527,10.877,106.644
267,D001_1,V0127,0,Z1740_C019496,10.8287,106.8
268,D001_1,V0127,0,Z1741_C034429,10.8218,106.792
269,D001_1,V0127,0,Z1742_C016656,10.8448,106.801
270,D001_1,V0127,0,Z1743_C035167,10.8395,106.814
271,D001_1,V0127,0,Z1744_C044601,10.8335,106.658
272,D001_1,V0127,0,Z1745_C016846,10.8628,106.774
273,D001_1,V0127,0,Z1746_C040357,10.8746,106.768
274,D001_1,V0127,0,Z1747_C006462,10.8863,106.776
275,D001_1,V0127,0,Z1748_C005606,10.8776,106.758
276,D001_1,V0127,0,Z1749_C000968,10.8944,106.765
277,D001_1,V0127,0,Z1750_C044575,10.8673,106.792
278,D001_1,V0127,0,Z1754_C006573,10.6722,106.685
279,D001_1,V0127,0,Z1756_C028763,10.8563,106.736
280,D001_1,V0127,0,Z1758_C029422,10.8356,106.741
281,D001_1,V0127,0,Z1760_C039315,10.7312,106.811
282,D001_1,V0127,0,Z1761_C015174,10.8038,106.768
283,D001_1,V0127,0,Z1762_C035201,10.8074,106.762
284,D001_1,V0127,0,Z1763_C031848,10.8271,106.762
285,D001_1,V0127,0,Z1764_C024150,10.8179,106.754
286,D001_1,V0127,0,Z1765_C015822,10.8127,106.814
287,D001_1,V0127,0,Z1767_C010103,10.7881,106.816
288,D001_1,V0127,0,Z1768_C021948,10.8271,106.778
289,D001_1,V0127,0,Z1769_C032585,10.8396,106.769
290,D001_1,V0127,0,Z1770_C024723,10.8426,106.789
291,D001_1,V0127,0,Z1771_C044049,10.8881,106.812
292,D001_1,V0127,0,Z1772_C036199,10.8757,106.808
293,D001_1,V0127,0,Z1774_C012320,10.8836,106.599
294,D001_1,V0127,0,Z1775_C045613,10.8852,106.584
295,D001_1,V0127,0,Z1776_C013383,10.8667,106.592
296,D001_1,V0127,0,Z1777_C011685,10.8552,106.608
297,D001_1,V0127,0,Z1779_C017113,10.8029,106.595
298,D001_1,V0127,0,Z1780_C012108,10.7223,106.748
299,D001_1,V0127,0,Z1781_C004542,10.7155,106.735
300,D001_1,V0127,0,Z1782_C012247,10.7359,106.735
301,D001_1,V0127,0,Z1783_C003768,10.7164,106.715
302,D001_1,V0127,0,Z1785_C046412,10.6867,106.775
303,D001_1,V0127,0,Z1786_C039276,10.669,106.749
304,D001_1,V0127,0,Z1787_C036062,10.8167,106.731
305,D001_1,V0127,0,Z1788_C041126,10.7996,106.744
306,D001_1,V0127,0,Z1789_C023125,10.7939,106.721
307,D001_1,V0127,0,Z1790_C005101,10.8029,106.732
308,D001_1,V0127,0,Z1791_C014408,10.7759,106.743
309,D001_1,V0127,0,Z1792_C041940,10.7659,106.755
310,D001_1,V0127,0,Z1793_C020579,10.7815,106.763
311,D001_1,V0127,0,Z1794_C004787,10.7918,106.751
312,D001_1,V0127,0,Z1795_C016229,10.8595,106.795
313,D001_1,V0127,0,Z1796_C022758,10.8558,106.814
314,D001_1,V0127,0,Z1797_C009383,10.8798,106.81
315,D001_1,V0127,0,Z1798_C035772,10.8664,106.806
316,D001_1,V0190,0,Z1799_C025536,10.8925,106.81
317,D001_1,V0127,0,Z1800_C042066,10.8688,106.761
318,D001_1,V0127,0,Z1801_C018490,10.8792,106.783
319,D001_1,V0127,0,Z1802_C008551,10.8807,106.773
320,D001_1,V0127,0,Z1803_C048137,10.8033,106.719
321,D001_1,V0127,0,Z1804_C022799,10.7928,106.734
322,D001_1,V0127,0,Z1805_C011252,10.8124,106.732
323,D001_1,V0127,0,Z1806_C021292,10.8246,106.723
324,D001_1,V0127,0,Z1808_C003518,10.8739,106.662
325,D001_1,V0127,0,Z1809_C042805,10.8627,106.673
326,D001_1,V0127,0,Z1810_C017777,10.6644,106.795
327,D001_1,V0127,0,Z1811_C045388,10.6835,106.793
328,D001_1,V0127,0,Z1812_C041345,10.6917,106.811
329,D001_1,V0127,0,Z1813_C030248,10.871,106.68
330,D001_1,V0127,0,Z1814_C032122,10.888,106.701
331,D001_1,V0127,0,Z1815_C025017,10.8767,106.693
332,D001_1,V0127,0,Z1816_C034637,10.7657,106.794
333,D001_1,V0127,0,Z1817_C003558,10.7539,106.803
334,D001_1,V0127,0,Z1818_C047591,10.7666,106.812
335,D001_1,V0127,0,Z1819_C042773,10.8248,106.815
336,D001_1,V0127,0,Z1820_C034514,10.8233,106.799
337,D001_1,V0127,0,Z1821_C022125,10.8844,106.757
338,D001_1,V0127,0,Z1822_C023179,10.8727,106.743
339,D001_1,V0127,0,Z1823_C032989,10.8892,106.746
340,D001_1,V0127,0,Z1824_C036065,10.886,106.732
341,D001_1,V0127,0,Z1825_C015490,10.8448,106.763
342,D001_1,V0127,0,Z1826_C017371,10.8551,106.779
343,D001_1,V0127,0,Z1827_C037490,10.8455,106.778
344,D001_1,V0127,0,Z1828_C009813,10.8632,106.762
345,D001_1,V0127,0,Z1829_C001487,10.852,106.755
346,D001_1,V0127,0,Z1830_C046301,10.8164,106.771
347,D001_1,V0127,0,Z1831_C020300,10.8224,106.761
348,D001_1,V0127,0,Z1832_C036830,10.8289,106.775
349,D001_1,V0127,0,Z1833_C049571,10.8355,106.772
350,D001_1,V0127,0,Z1834_C031273,10.8377,106.76
351,D001_1,V0127,0,Z1837_C010766,10.8199,106.72
352,D001_1,V0127,0,Z1838_C029051,10.8049,106.736
353,D001_1,V0127,0,Z1839_C046778,10.8035,106.724
354,D001_1,V0127,0,Z1840_C032659,10.7969,106.722
355,D001_1,V0127,0,Z1841_C040433,10.8458,106.735
356,D001_1,V0127,0,Z1842_C028911,10.8533,106.724
357,D001_1,V0127,0,Z1843_C028270,10.8373,106.716
358,D001_1,V0127,0,Z1844_C039598,10.8439,106.746
359,D001_1,V0127,0,Z1845_C013163,10.8318,106.733
360,D001_3,V0049,0,Z100_C031544,10.7605,106.609
361,D001_3,V0049,0,Z101_C042922,10.7703,106.624
362,D001_3,V0049,0,Z102_C004275,10.7476,106.582
363,D001_3,V0049,0,Z103_C013933,10.76,106.584
364,D001_3,V0049,0,Z104_C020560,10.7501,106.594
365,D001_3,V0086,0,Z105_C010286,10.7454,106.587
366,D001_3,V0086,0,Z106_C040790,10.7484,106.584
367,D001_3,V0086,0,Z107_C021198,10.7617,106.584
368,D001_3,V0049,0,Z108_C032717,10.7691,106.59
369,D001_3,V0049,0,Z109_C032287,10.7669,106.589
370,D001_3,V0086,0,Z110_C034563,10.7678,106.598
371,D001_3,V0049,0,Z111_C036881,10.7692,106.585
372,D001_3,V0049,0,Z112_C048773,10.7657,106.588
373,D001_3,V0086,0,Z113_C024114,10.763,106.589
374,D001_3,V0086,0,Z114_C029029,10.7607,106.586
375,D001_3,V0049,0,Z115_C032086,10.7596,106.625
376,D001_3,V0049,0,Z116_C044425,10.75,106.601
377,D001_3,V0049,0,Z117_C026262,10.7425,106.614
378,D001_3,V0049,0,Z118_C043883,10.7498,106.618
379,D001_3,V0086,0,Z119_C029046,10.7392,106.624
380,D001_3,V0086,0,Z120_C015751,10.7412,106.628
381,D001_3,V0049,0,Z121_C009821,10.7334,106.594
382,D001_3,V0049,0,Z122_C047742,10.7442,106.598
383,D001_3,V0049,0,Z123_C020748,10.735,106.614
384,D001_3,V0049,0,Z124_C033302,10.7277,106.61
385,D001_3,V0049,0,Z125_C004072,10.7257,106.595
386,D001_3,V0049,0,Z126_C020416,10.7329,106.587
387,D001_3,V0049,0,Z127_C023630,10.7164,106.595
388,D001_3,V0049,0,Z128_C019807,10.722,106.588
389,D001_3,V0049,0,Z129_C035017,10.8147,106.636
390,D001_3,V0049,0,Z130_C003105,10.8248,106.627
391,D001_3,V0049,0,Z131_C034949,10.8222,106.64
392,D001_3,V0049,0,Z132_C042976,10.8269,106.635
393,D001_3,V0049,0,Z133_C010898,10.8292,106.633
394,D001_3,V0049,0,Z134_C002022,10.8355,106.621
395,D001_3,V0049,0,Z135_C006599,10.8307,106.625
396,D001_3,V0049,0,Z136_C027701,10.8393,106.622
397,D001_3,V0049,0,Z137_C011445,10.8366,106.626
398,D001_3,V0086,0,Z138_C008554,10.8409,106.626
399,D001_3,V0049,0,Z139_C007652,10.8358,106.635
400,D001_3,V0049,0,Z140_C019255,10.8052,106.625
401,D001_3,V0049,0,Z141_C029454,10.8196,106.625
402,D001_3,V0049,0,Z142_C015464,10.8145,106.626
403,D001_3,V0086,0,Z143_C014460,10.821,106.622
404,D001_3,V0049,0,Z144_C012526,10.8159,106.63
405,D001_3,V0049,0,Z145_C009877,10.828,106.623
406,D001_3,V0049,0,Z146_C030420,10.8163,106.606
407,D001_3,V0049,0,Z147_C044397,10.8289,106.611
408,D001_3,V0086,0,Z148_C017090,10.8246,106.61
409,D001_3,V0049,0,Z149_C038810,10.8258,106.609
410,D001_3,V0049,0,Z150_C042749,10.8307,106.607
411,D001_3,V0049,0,Z151_C018357,10.8266,106.606
412,D001_3,V0049,0,Z152_C048816,10.8318,106.618
413,D001_3,V0049,0,Z153_C012418,10.8211,106.621
414,D001_3,V0049,0,Z154_C007717,10.8254,106.617
415,D001_3,V0049,0,Z155_C044980,10.8205,106.616
416,D001_3,V0086,0,Z156_C008276,10.8169,106.617
417,D001_3,V0049,0,Z157_C024968,10.8106,106.618
418,D001_3,V0049,0,Z158_C021487,10.8351,106.614
419,D001_3,V0049,0,Z159_C006085,10.8341,106.617
420,D001_3,V0086,0,Z160_C012222,10.8336,106.62
421,D001_3,V0049,0,Z161_C022105,10.8366,106.615
422,D001_3,V0049,0,Z162_C008368,10.8381,106.613
423,D001_3,V0049,0,Z163_C044147,10.8347,106.612
424,D001_3,V0049,0,Z164_C016987,10.8233,106.601
425,D001_3,V0049,0,Z165_C047023,10.8687,106.664
426,D001_3,V0049,0,Z166_C012031,10.8623,106.663
427,D001_3,V0086,0,Z167_C043266,10.8757,106.662
428,D001_3,V0049,0,Z168_C040612,10.8597,106.646
429,D001_3,V0086,0,Z169_C028465,10.8679,106.648
430,D001_3,V0086,0,Z170_C044840,10.8756,106.658
431,D001_3,V0049,0,Z171_C032696,10.8684,106.652
432,D001_3,V0086,0,Z172_C033790,10.8718,106.652
433,D001_3,V0086,0,Z173_C046634,10.8611,106.646
434,D001_3,V0049,0,Z174_C037165,10.8602,106.651
435,D001_3,V0086,0,Z175_C029499,10.8889,106.654
436,D001_3,V0049,0,Z176_C034152,10.8894,106.638
437,D001_3,V0049,0,Z177_C009923,10.8812,106.641
438,D001_3,V0086,0,Z178_C008878,10.8827,106.629
439,D001_3,V0049,0,Z179_C044339,10.8761,106.63
440,D001_3,V0049,0,Z180_C022542,10.8739,106.645
441,D001_3,V0049,0,Z181_C041558,10.8663,106.638
442,D001_3,V0049,0,Z182_C045130,10.6668,106.811
443,D001_3,V0049,0,Z183_C034980,10.6641,106.807
444,D001_3,V0086,0,Z184_C041922,10.6628,106.805
445,D001_3,V0049,0,Z185_C016529,10.6636,106.802
446,D001_3,V0049,0,Z186_C009102,10.6586,106.798
447,D001_3,V0086,0,Z187_C046760,10.6665,106.797
448,D001_3,V0086,0,Z188_C028864,10.6731,106.803
449,D001_3,V0049,0,Z189_C040592,10.6569,106.787
450,D001_3,V0049,0,Z190_C017936,10.6808,106.793
451,D001_3,V0049,0,Z191_C003180,10.6628,106.785
452,D001_3,V0049,0,Z192_C030738,10.6758,106.793
453,D001_3,V0049,0,Z193_C005847,10.6714,106.772
454,D001_3,V0086,0,Z194_C018622,10.6658,106.782
455,D001_3,V0049,0,Z195_C011459,10.6572,106.766
456,D001_3,V0049,0,Z196_C007948,10.6636,106.772
457,D001_3,V0049,0,Z197_C024451,10.6645,106.784
458,D001_3,V0049,0,Z198_C041435,10.6791,106.781
459,D001_3,V0049,0,Z199_C001968,10.6936,106.76
460,D001_3,V0049,0,Z200_C037375,10.7423,106.818
461,D001_3,V0049,0,Z201_C010353,10.7351,106.814
462,D001_3,V0049,0,Z202_C001638,10.6903,106.813
463,D001_3,V0049,0,Z203_C044405,10.6967,106.817
464,D001_3,V0049,0,Z204_C043809,10.6988,106.808
465,D001_3,V0049,0,Z205_C039663,10.7308,106.804
466,D001_3,V0086,0,Z206_C028078,10.736,106.799
467,D001_3,V0049,0,Z207_C028284,10.7099,106.811
468,D001_3,V0049,0,Z208_C043053,10.7207,106.815
469,D001_3,V0049,0,Z209_C012816,10.6911,106.796
470,D001_3,V0086,0,Z210_C006411,10.6757,106.809
471,D001_3,V0049,0,Z211_C043796,10.6778,106.812
472,D001_3,V0049,0,Z212_C026710,10.6881,106.804
473,D001_3,V0049,0,Z213_C014151,10.6823,106.801
474,D001_3,V0049,0,Z214_C024228,10.7021,106.798
475,D001_3,V0049,0,Z215_C017618,10.7006,106.767
476,D001_3,V0049,0,Z216_C001331,10.7273,106.766
477,D001_3,V0049,0,Z217_C005048,10.7149,106.789
478,D001_3,V0049,0,Z218_C029222,10.695,106.772
479,D001_3,V0086,0,Z219_C007156,10.6858,106.784
480,D001_3,V0049,0,Z220_C018037,10.6939,106.787
481,D001_3,V0049,0,Z221_C038027,10.6954,106.782
482,D001_3,V0049,0,Z222_C036561,10.8244,106.61
483,D001_3,V0086,0,Z223_C033411,10.825,106.592
484,D001_3,V0049,0,Z224_C019439,10.8478,106.598
485,D001_3,V0049,0,Z225_C020621,10.8363,106.595
486,D001_3,V0086,0,Z226_C016431,10.8319,106.603
487,D001_3,V0086,0,Z227_C035406,10.8621,106.585
488,D001_3,V0049,0,Z228_C038192,10.8615,106.592
489,D001_3,V0049,0,Z229_C027164,10.8535,106.593
490,D001_3,V0049,0,Z230_C024071,10.8493,106.585
491,D001_3,V0086,0,Z231_C024736,10.836,106.586
492,D001_3,V0049,0,Z232_C015540,10.8454,106.588
493,D001_3,V0086,0,Z233_C005129,10.8581,106.606
494,D001_3,V0086,0,Z234_C004264,10.8699,106.613
495,D001_3,V0086,0,Z235_C023412,10.862,106.607
496,D001_3,V0086,0,Z236_C041073,10.8595,106.614
497,D001_3,V0049,0,Z237_C047624,10.8585,106.597
498,D001_3,V0049,0,Z238_C021824,10.8662,106.601
499,D001_3,V0086,0,Z239_C015721,10.8571,106.615
500,D001_3,V0049,0,Z240_C024588,10.8546,106.611
501,D001_3,V0086,0,Z241_C013237,10.8521,106.613
502,D001_3,V0086,0,Z242_C011969,10.8598,106.617
503,D001_3,V0086,0,Z243_C040162,10.8517,106.623
504,D001_3,V0086,0,Z244_C014794,10.8474,106.62
505,D001_3,V0086,0,Z245_C002106,10.846,106.618
506,D001_3,V0086,0,Z246_C011244,10.8508,106.618
507,D001_3,V0086,0,Z247_C005148,10.8583,106.618
508,D001_3,V0049,0,Z248_C009037,10.8452,106.606
509,D001_3,V0049,0,Z249_C001527,10.8435,106.607
510,D001_3,V0049,0,Z250_C036434,10.8436,106.609
511,D001_3,V0086,0,Z251_C016759,10.8513,106.6
512,D001_3,V0049,0,Z252_C003719,10.8544,106.601
513,D001_3,V0086,0,Z253_C041133,10.831,106.617
514,D001_3,V0049,0,Z254_C002622,10.8362,106.614
515,D001_3,V0049,0,Z255_C015948,10.839,106.615
516,D001_3,V0049,0,Z256_C044884,10.8523,106.606
517,D001_3,V0049,0,Z257_C042683,10.8084,106.815
518,D001_3,V0049,0,Z258_C041800,10.8059,106.814
519,D001_3,V0086,0,Z259_C020864,10.7955,106.82
520,D001_3,V0049,0,Z260_C035713,10.7766,106.805
521,D001_3,V0049,0,Z261_C013053,10.7615,106.812
522,D001_3,V0086,0,Z262_C004782,10.8266,106.804
523,D001_3,V0049,0,Z263_C041041,10.8233,106.808
524,D001_3,V0086,0,Z264_C044839,10.8191,106.804
525,D001_3,V0049,0,Z265_C028826,10.8268,106.795
526,D001_3,V0049,0,Z266_C013517,10.825,106.801
527,D001_3,V0049,0,Z267_C002527,10.8155,106.79
528,D001_3,V0086,0,Z268_C032158,10.8386,106.668
529,D001_3,V0049,0,Z269_C001179,10.835,106.672
530,D001_3,V0086,0,Z270_C027602,10.8305,106.688
531,D001_3,V0049,0,Z271_C006239,10.8327,106.681
532,D001_3,V0049,0,Z272_C042484,10.8147,106.657
533,D001_3,V0049,0,Z273_C044816,10.8183,106.658
534,D001_3,V0049,0,Z274_C008847,10.8148,106.669
535,D001_3,V0086,0,Z275_C025227,10.8254,106.653
536,D001_3,V0049,0,Z276_C024817,10.824,106.66
537,D001_3,V0049,0,Z277_C010544,10.8266,106.658
538,D001_3,V0086,0,Z278_C036276,10.8177,106.67
539,D001_3,V0049,0,Z279_C039073,10.8213,106.672
540,D001_3,V0049,0,Z280_C034981,10.8295,106.674
541,D001_3,V0049,0,Z281_C047886,10.8195,106.671
542,D001_3,V0049,0,Z282_C012400,10.8233,106.665
543,D001_3,V0086,0,Z283_C043648,10.828,106.671
544,D001_3,V0049,0,Z284_C010843,10.8275,106.666
545,D001_3,V0086,0,Z285_C011888,10.8369,106.661
546,D001_3,V0086,0,Z286_C016122,10.831,106.658
547,D001_3,V0049,0,Z287_C030956,10.8304,106.662
548,D001_3,V0049,0,Z288_C010597,10.8314,106.668
549,D001_3,V0049,0,Z289_C039240,10.8251,106.676
550,D001_3,V0086,0,Z290_C026827,10.8315,106.677
551,D001_3,V0049,0,Z291_C024813,10.8303,106.675
552,D001_3,V0049,0,Z292_C044518,10.8248,106.682
553,D001_3,V0086,0,Z293_C010798,10.8183,106.676
554,D001_3,V0049,0,Z294_C001246,10.8169,106.681
555,D001_3,V0049,0,Z295_C031013,10.8213,106.687
556,D001_3,V0086,0,Z296_C018273,10.7948,106.676
557,D001_3,V0049,0,Z297_C012141,10.7921,106.681
558,D001_3,V0049,0,Z298_C004917,10.7856,106.686
559,D001_3,V0049,0,Z299_C011853,10.7938,106.678
560,D001_3,V0049,0,Z300_C034289,10.7927,106.673
561,D001_3,V0086,0,Z301_C025320,10.7884,106.672
562,D001_3,V0049,0,Z302_C018153,10.7882,106.678
563,D001_3,V0049,0,Z303_C017051,10.8027,106.679
564,D001_3,V0049,0,Z304_C047131,10.8031,106.672
565,D001_3,V0049,0,Z305_C020752,10.7989,106.675
566,D001_3,V0049,0,Z306_C005986,10.7923,106.686
567,D001_3,V0049,0,Z307_C010720,10.7965,106.681
568,D001_3,V0049,0,Z308_C001884,10.7951,106.681
569,D001_3,V0049,0,Z309_C022115,10.7979,106.678
570,D001_3,V0049,0,Z310_C031982,10.8059,106.678
571,D001_3,V0086,0,Z311_C046084,10.7976,106.686
572,D001_3,V0049,0,Z312_C042294,10.8096,106.683
573,D001_3,V0049,0,Z313_C022804,10.802,106.684
574,D001_3,V0049,0,Z314_C003616,10.8016,106.685
575,D001_3,V0049,0,Z315_C001155,10.8066,106.685
576,D001_3,V0049,0,Z316_C000940,10.8043,106.683
577,D001_3,V0049,0,Z317_C001087,10.8135,106.704
578,D001_3,V0086,0,Z318_C018692,10.8092,106.712
579,D001_3,V0049,0,Z319_C039570,10.8077,106.708
580,D001_3,V0049,0,Z320_C030930,10.8091,106.705
581,D001_3,V0049,0,Z321_C012334,10.8032,106.702
582,D001_3,V0049,0,Z322_C013393,10.8007,106.711
583,D001_3,V0049,0,Z323_C019415,10.805,106.712
584,D001_3,V0049,0,Z324_C032243,10.7985,106.708
585,D001_3,V0049,0,Z325_C007358,10.8016,106.704
586,D001_3,V0049,0,Z326_C031614,10.798,106.707
587,D001_3,V0049,0,Z327_C021620,10.8075,106.69
588,D001_3,V0049,0,Z328_C015997,10.8098,106.692
589,D001_3,V0049,0,Z329_C021695,10.8052,106.695
590,D001_3,V0049,0,Z330_C023330,10.8083,106.7
591,D001_3,V0049,0,Z331_C032860,10.8022,106.696
592,D001_3,V0049,0,Z332_C014601,10.8119,106.698
593,D001_3,V0049,0,Z333_C036552,10.816,106.692
594,D001_3,V0049,0,Z334_C038308,10.7898,106.697
595,D001_3,V0049,0,Z335_C019095,10.7882,106.692
596,D001_3,V0049,0,Z336_C030922,10.7885,106.692
597,D001_3,V0049,0,Z337_C016707,10.7906,106.688
598,D001_3,V0049,0,Z338_C023831,10.7904,106.692
599,D001_3,V0086,0,Z339_C033620,10.7997,106.689
600,D001_3,V0086,0,Z340_C017572,10.7925,106.69
601,D001_3,V0049,0,Z341_C022064,10.7947,106.69
602,D001_3,V0049,0,Z342_C041484,10.7997,106.692
603,D001_3,V0049,0,Z343_C018565,10.7998,106.692
604,D001_3,V0049,0,Z344_C023841,10.7974,106.695
605,D001_3,V0049,0,Z345_C015082,10.7955,106.698
606,D001_3,V0049,0,Z346_C008721,10.7926,106.693
607,D001_3,V0086,0,Z347_C028272,10.7971,106.699
608,D001_3,V0049,0,Z348_C012125,10.783,106.687
609,D001_3,V0049,0,Z349_C038159,10.7923,106.708
610,D001_3,V0049,0,Z350_C022567,10.7916,106.702
611,D001_3,V0049,0,Z351_C040255,10.7935,106.704
612,D001_3,V0049,0,Z352_C012739,10.7834,106.694
613,D001_3,V0086,0,Z353_C009863,10.7818,106.697
614,D001_3,V0049,0,Z354_C038428,10.7824,106.695
615,D001_3,V0086,0,Z355_C023081,10.7867,106.697
616,D001_3,V0049,0,Z356_C019145,10.7901,106.698
617,D001_3,V0049,0,Z357_C004811,10.7894,106.702
618,D001_3,V0086,0,Z358_C010903,10.7897,106.699
619,D001_3,V0049,0,Z359_C025641,10.8946,106.633
620,D001_3,V0086,0,Z360_C047241,10.8956,106.64
621,D001_3,V0049,0,Z361_C002083,10.89,106.626
622,D001_3,V0049,0,Z362_C013765,10.8926,106.632
623,D001_3,V0049,0,Z363_C028134,10.8948,106.627
624,D001_3,V0086,0,Z364_C032651,10.8959,106.626
625,D001_3,V0049,0,Z365_C035359,10.8914,106.611
626,D001_3,V0049,0,Z366_C015594,10.8884,106.613
627,D001_3,V0049,0,Z367_C004956,10.8949,106.613
628,D001_3,V0049,0,Z368_C009707,10.8952,106.617
629,D001_3,V0049,0,Z369_C010331,10.8942,106.609
630,D001_3,V0086,0,Z370_C018552,10.8935,106.613
631,D001_3,V0049,0,Z371_C048051,10.8921,106.619
632,D001_3,V0049,0,Z372_C009551,10.8887,106.617
633,D001_3,V0049,0,Z373_C000865,10.8932,106.604
634,D001_3,V0086,0,Z374_C021206,10.8847,106.602
635,D001_3,V0049,0,Z375_C040020,10.8857,106.613
636,D001_3,V0049,0,Z376_C009373,10.8785,106.632
637,D001_3,V0086,0,Z377_C003244,10.8771,106.622
638,D001_3,V0049,0,Z378_C009032,10.8723,106.624
639,D001_3,V0049,0,Z379_C023845,10.8769,106.625
640,D001_3,V0049,0,Z380_C004080,10.8786,106.628
641,D001_3,V0049,0,Z381_C043603,10.8667,106.62
642,D001_3,V0086,0,Z382_C031250,10.8764,106.62
643,D001_3,V0049,0,Z383_C033478,10.871,106.622
644,D001_3,V0086,0,Z384_C016429,10.8706,106.62
645,D001_3,V0049,0,Z385_C025551,10.8742,106.616
646,D001_3,V0049,0,Z386_C007836,10.8837,106.615
647,D001_3,V0049,0,Z387_C018530,10.8797,106.611
648,D001_3,V0049,0,Z388_C042750,10.8822,106.608
649,D001_3,V0049,0,Z389_C024556,10.8774,106.615
650,D001_3,V0049,0,Z390_C007956,10.8791,106.612
651,D001_3,V0049,0,Z391_C018049,10.8769,106.611
652,D001_3,V0086,0,Z392_C031109,10.874,106.61
653,D001_3,V0049,0,Z393_C040544,10.8796,106.622
654,D001_3,V0049,0,Z394_C028104,10.8797,106.626
655,D001_3,V0049,0,Z395_C046209,10.8834,106.627
656,D001_3,V0086,0,Z396_C032720,10.8834,106.62
657,D001_3,V0086,0,Z397_C029138,10.8861,106.619
658,D001_3,V0049,0,Z398_C017968,10.8857,106.621
659,D001_3,V0049,0,Z399_C034145,10.8855,106.637
660,D001_3,V0086,0,Z400_C035997,10.8544,106.672
661,D001_3,V0049,0,Z401_C042827,10.8578,106.671
662,D001_3,V0049,0,Z402_C015118,10.8452,106.666
663,D001_3,V0049,0,Z403_C034374,10.8487,106.666
664,D001_3,V0049,0,Z404_C016378,10.848,106.662
665,D001_3,V0049,0,Z405_C008617,10.8472,106.673
666,D001_3,V0049,0,Z406_C002553,10.8437,106.671
667,D001_3,V0049,0,Z407_C012207,10.8449,106.67
668,D001_3,V0049,0,Z408_C005581,10.8526,106.67
669,D001_3,V0049,0,Z409_C004830,10.8543,106.664
670,D001_3,V0086,0,Z410_C044036,10.8547,106.662
671,D001_3,V0086,0,Z411_C049269,10.856,106.665
672,D001_3,V0049,0,Z412_C038677,10.8573,106.665
673,D001_3,V0049,0,Z413_C024512,10.8587,106.658
674,D001_3,V0049,0,Z414_C026761,10.8606,106.661
675,D001_3,V0049,0,Z415_C035732,10.8621,106.659
676,D001_3,V0049,0,Z416_C009164,10.8518,106.661
677,D001_3,V0049,0,Z417_C026162,10.8527,106.659
678,D001_3,V0049,0,Z418_C034646,10.8528,106.655
679,D001_3,V0049,0,Z419_C044187,10.8553,106.645
680,D001_3,V0049,0,Z420_C017544,10.8535,106.653
681,D001_3,V0086,0,Z421_C015568,10.8567,106.658
682,D001_3,V0086,0,Z422_C021210,10.8551,106.652
683,D001_3,V0049,0,Z423_C023253,10.8482,106.66
684,D001_3,V0086,0,Z424_C045154,10.8484,106.662
685,D001_3,V0049,0,Z425_C004337,10.8404,106.669
686,D001_3,V0049,0,Z426_C007734,10.8384,106.66
687,D001_3,V0049,0,Z427_C023651,10.8403,106.665
688,D001_3,V0049,0,Z428_C009185,10.84,106.657
689,D001_3,V0086,0,Z429_C027099,10.8371,106.653
690,D001_3,V0049,0,Z430_C014622,10.8385,106.648
691,D001_3,V0049,0,Z431_C049931,10.8437,106.659
692,D001_3,V0086,0,Z432_C040232,10.8412,106.648
693,D001_3,V0049,0,Z433_C031425,10.8433,106.654
694,D001_3,V0049,0,Z434_C008990,10.8436,106.655
695,D001_3,V0049,0,Z435_C006011,10.8359,106.64
696,D001_3,V0049,0,Z436_C006711,10.8417,106.645
697,D001_3,V0049,0,Z437_C008288,10.8469,106.651
698,D001_3,V0049,0,Z438_C012019,10.8457,106.649
699,D001_3,V0086,0,Z439_C024042,10.8397,106.635
700,D001_3,V0049,0,Z440_C015534,10.8448,106.641
701,D001_3,V0086,0,Z441_C046045,10.851,106.65
702,D001_3,V0086,0,Z442_C019037,10.8485,106.65
703,D001_3,V0049,0,Z443_C049637,10.8496,106.652
704,D001_3,V0049,0,Z444_C027305,10.8514,106.645
705,D001_3,V0049,0,Z445_C014701,10.8532,106.648
706,D001_3,V0049,0,Z446_C019153,10.8528,106.645
707,D001_3,V0049,0,Z447_C036998,10.835,106.673
708,D001_3,V0049,0,Z448_C044670,10.829,106.664
709,D001_3,V0049,0,Z449_C002206,10.836,106.659
710,D001_3,V0049,0,Z450_C023656,10.8344,106.66
711,D001_3,V0049,0,Z451_C012249,10.8354,106.662
712,D001_3,V0049,0,Z452_C042830,10.8385,106.668
713,D001_3,V0049,0,Z453_C026419,10.8369,106.663
714,D001_3,V0049,0,Z454_C018437,10.8292,106.652
715,D001_3,V0086,0,Z455_C021960,10.8285,106.657
716,D001_3,V0049,0,Z456_C040667,10.8258,106.655
717,D001_3,V0086,0,Z457_C017325,10.8295,106.659
718,D001_3,V0049,0,Z458_C014531,10.8234,106.656
719,D001_3,V0049,0,Z459_C023772,10.8363,106.651
720,D001_3,V0049,0,Z460_C018799,10.8281,106.644
721,D001_3,V0049,0,Z461_C027106,10.8273,106.649
722,D001_3,V0049,0,Z462_C006736,10.8216,106.65
723,D001_3,V0086,0,Z463_C025336,10.8657,106.67
724,D001_3,V0049,0,Z464_C000757,10.8659,106.67
725,D001_3,V0049,0,Z465_C008241,10.8718,106.666
726,D001_3,V0049,0,Z466_C018759,10.8726,106.662
727,D001_3,V0049,0,Z467_C023245,10.8735,106.667
728,D001_3,V0049,0,Z468_C005966,10.8773,106.663
729,D001_3,V0086,0,Z469_C024017,10.8748,106.666
730,D001_3,V0049,0,Z470_C023514,10.8773,106.673
731,D001_3,V0049,0,Z471_C049341,10.8763,106.671
732,D001_3,V0086,0,Z472_C038513,10.8772,106.675
733,D001_3,V0049,0,Z473_C035920,10.8749,106.674
734,D001_3,V0049,0,Z474_C010473,10.8704,106.671
735,D001_3,V0086,0,Z475_C023589,10.8666,106.661
736,D001_3,V0049,0,Z476_C003659,10.8637,106.665
737,D001_3,V0086,0,Z477_C027396,10.8714,106.656
738,D001_3,V0086,0,Z478_C003373,10.8737,106.655
739,D001_3,V0049,0,Z479_C006719,10.8721,106.656
740,D001_3,V0049,0,Z480_C014159,10.873,106.651
741,D001_3,V0049,0,Z481_C010063,10.8794,106.675
742,D001_3,V0049,0,Z482_C020547,10.8802,106.678
743,D001_3,V0049,0,Z483_C009793,10.8817,106.671
744,D001_3,V0049,0,Z484_C010243,10.8789,106.67
745,D001_3,V0049,0,Z485_C015866,10.8944,106.65
746,D001_3,V0049,0,Z486_C034323,10.8921,106.651
747,D001_3,V0049,0,Z487_C014090,10.8833,106.664
748,D001_3,V0049,0,Z488_C034644,10.8841,106.656
749,D001_3,V0049,0,Z489_C016972,10.8896,106.66
750,D001_3,V0049,0,Z490_C008522,10.8935,106.643
751,D001_3,V0049,0,Z491_C025182,10.8871,106.682
752,D001_3,V0049,0,Z492_C014989,10.8915,106.678
753,D001_3,V0049,0,Z493_C031758,10.882,106.669
754,D001_3,V0049,0,Z494_C012895,10.8899,106.676
755,D001_3,V0086,0,Z495_C014741,10.8942,106.659
756,D001_3,V0049,0,Z496_C047908,10.8938,106.665
757,D001_3,V0049,0,Z497_C012234,10.8903,106.663
758,D001_3,V0049,0,Z498_C000988,10.8926,106.674
759,D001_3,V0086,0,Z499_C037538,10.8959,106.675
760,D001_3,V0086,0,Z500_C013912,10.8887,106.669
761,D001_3,V0049,0,Z501_C034494,10.8843,106.668
762,D001_3,V0086,0,Z502_C030146,10.8859,106.664
763,D001_3,V0049,0,Z503_C044613,10.8827,106.651
764,D001_3,V0049,0,Z504_C027590,10.8797,106.652
765,D001_3,V0049,0,Z505_C010169,10.883,106.646
766,D001_3,V0049,0,Z506_C013888,10.8782,106.642
767,D001_3,V0086,0,Z507_C012921,10.8805,106.666
768,D001_3,V0049,0,Z508_C003510,10.8797,106.663
769,D001_3,V0049,0,Z509_C010121,10.8779,106.659
770,D001_3,V0086,0,Z510_C016272,10.8639,106.749
771,D001_3,V0049,0,Z511_C014269,10.8717,106.746
772,D001_3,V0049,0,Z512_C010470,10.873,106.752
773,D001_3,V0049,0,Z513_C032168,10.8754,106.759
774,D001_3,V0086,0,Z514_C026075,10.8643,106.759
775,D001_3,V0086,0,Z515_C001029,10.8738,106.772
776,D001_3,V0086,0,Z516_C045958,10.8755,106.761
777,D001_3,V0049,0,Z517_C028916,10.8742,106.766
778,D001_3,V0049,0,Z518_C027210,10.8687,106.769
779,D001_3,V0086,0,Z519_C006501,10.8725,106.775
780,D001_3,V0049,0,Z520_C016129,10.8772,106.78
781,D001_3,V0049,0,Z521_C021381,10.8798,106.774
782,D001_3,V0086,0,Z522_C025226,10.8786,106.769
783,D001_3,V0049,0,Z523_C015777,10.8868,106.766
784,D001_3,V0049,0,Z524_C037163,10.88,106.762
785,D001_3,V0049,0,Z525_C016803,10.8937,106.765
786,D001_3,V0086,0,Z526_C017535,10.8855,106.762
787,D001_3,V0086,0,Z527_C002489,10.8876,106.759
788,D001_3,V0049,0,Z528_C040281,10.8881,106.761
789,D001_3,V0049,0,Z529_C003417,10.8839,106.76
790,D001_3,V0049,0,Z530_C041191,10.881,106.756
791,D001_3,V0049,0,Z531_C019789,10.8897,106.759
792,D001_3,V0049,0,Z532_C049120,10.8913,106.756
793,D001_3,V0049,0,Z533_C009836,10.8811,106.749
794,D001_3,V0086,0,Z534_C001861,10.8818,106.742
795,D001_3,V0049,0,Z535_C026242,10.8949,106.747
796,D001_3,V0086,0,Z536_C014413,10.8925,106.755
797,D001_3,V0049,0,Z537_C044740,10.8891,106.752
798,D001_3,V0049,0,Z538_C032227,10.8903,106.745
799,D001_3,V0049,0,Z539_C008860,10.8949,106.779
800,D001_3,V0049,0,Z540_C024659,10.8922,106.78
801,D001_3,V0049,0,Z541_C048293,10.8844,106.779
802,D001_3,V0086,0,Z542_C005432,10.8879,106.782
803,D001_3,V0049,0,Z543_C013786,10.8934,106.79
804,D001_3,V0049,0,Z544_C045593,10.8949,106.768
805,D001_3,V0049,0,Z545_C023785,10.8289,106.696
806,D001_3,V0049,0,Z546_C002136,10.8385,106.709
807,D001_3,V0049,0,Z547_C002207,10.8356,106.71
808,D001_3,V0049,0,Z548_C048713,10.8382,106.704
809,D001_3,V0049,0,Z549_C029573,10.834,106.704
810,D001_3,V0049,0,Z550_C030037,10.8333,106.696
811,D001_3,V0049,0,Z551_C024176,10.8404,106.705
812,D001_3,V0049,0,Z552_C011678,10.8398,106.706
813,D001_3,V0049,0,Z553_C039324,10.8431,106.707
814,D001_3,V0086,0,Z554_C018476,10.8422,106.701
815,D001_3,V0049,0,Z555_C000176,10.8531,106.707
816,D001_3,V0086,0,Z556_C034591,10.8477,106.706
817,D001_3,V0049,0,Z557_C003635,10.8561,106.711
818,D001_3,V0086,0,Z558_C035751,10.8577,106.713
819,D001_3,V0049,0,Z559_C019839,10.8443,106.713
820,D001_3,V0086,0,Z560_C015306,10.8469,106.706
821,D001_3,V0049,0,Z561_C014683,10.8493,106.71
822,D001_3,V0086,0,Z562_C037543,10.847,106.713
823,D001_3,V0049,0,Z563_C022047,10.8527,106.713
824,D001_3,V0086,0,Z564_C014053,10.8518,106.718
825,D001_3,V0086,0,Z565_C008836,10.8518,106.723
826,D001_3,V0049,0,Z566_C041459,10.8452,106.722
827,D001_3,V0049,0,Z567_C018040,10.8401,106.72
828,D001_3,V0049,0,Z568_C008718,10.8398,106.716
829,D001_3,V0049,0,Z569_C002971,10.838,106.718
830,D001_3,V0049,0,Z570_C025751,10.8342,106.718
831,D001_3,V0086,0,Z571_C012061,10.8142,106.718
832,D001_3,V0086,0,Z572_C006885,10.8227,106.711
833,D001_3,V0049,0,Z573_C026835,10.8286,106.714
834,D001_3,V0049,0,Z574_C046254,10.8213,106.707
835,D001_3,V0049,0,Z575_C009002,10.8286,106.71
836,D001_3,V0086,0,Z576_C048159,10.837,106.714
837,D001_3,V0049,0,Z577_C024725,10.8363,106.714
838,D001_3,V0086,0,Z578_C033539,10.8299,106.715
839,D001_3,V0049,0,Z579_C035060,10.8321,106.716
840,D001_3,V0086,0,Z580_C003472,10.8382,106.714
841,D001_3,V0049,0,Z581_C007062,10.8356,106.729
842,D001_3,V0049,0,Z582_C020771,10.8291,106.723
843,D001_3,V0049,0,Z583_C014095,10.8412,106.723
844,D001_3,V0086,0,Z584_C037090,10.8474,106.726
845,D001_3,V0049,0,Z585_C017433,10.8321,106.736
846,D001_3,V0086,0,Z586_C034763,10.8328,106.736
847,D001_3,V0049,0,Z587_C018760,10.8175,106.731
848,D001_3,V0049,0,Z588_C034437,10.8353,106.735
849,D001_3,V0086,0,Z589_C010785,10.8379,106.732
850,D001_3,V0049,0,Z590_C027624,10.8917,106.667
851,D001_3,V0049,0,Z591_C041103,10.8926,106.669
852,D001_3,V0086,0,Z592_C014631,10.8919,106.665
853,D001_3,V0086,0,Z593_C003623,10.8856,106.663
854,D001_3,V0049,0,Z594_C045649,10.8874,106.667
855,D001_3,V0086,0,Z595_C026243,10.8808,106.665
856,D001_3,V0049,0,Z596_C045001,10.8874,106.674
857,D001_3,V0049,0,Z597_C003319,10.886,106.669
858,D001_3,V0086,0,Z598_C014477,10.8772,106.664
859,D001_3,V0049,0,Z599_C006346,10.8753,106.661
860,D001_3,V0049,0,Z600_C000646,10.8755,106.667
861,D001_3,V0049,0,Z601_C033814,10.8764,106.673
862,D001_3,V0086,0,Z602_C029733,10.8786,106.672
863,D001_3,V0086,0,Z603_C010985,10.8825,106.678
864,D001_3,V0086,0,Z604_C030747,10.8794,106.683
865,D001_3,V0086,0,Z605_C004589,10.8731,106.663
866,D001_3,V0049,0,Z606_C020581,10.8678,106.657
867,D001_3,V0086,0,Z607_C009557,10.8767,106.657
868,D001_3,V0086,0,Z608_C010359,10.8837,106.658
869,D001_3,V0049,0,Z609_C034495,10.878,106.66
870,D001_3,V0049,0,Z610_C018628,10.8931,106.665
871,D001_3,V0049,0,Z611_C011847,10.894,106.674
872,D001_3,V0049,0,Z612_C049787,10.8827,106.684
873,D001_3,V0049,0,Z613_C007686,10.891,106.68
874,D001_3,V0086,0,Z614_C035203,10.876,106.648
875,D001_3,V0049,0,Z615_C018765,10.8804,106.637
876,D001_3,V0086,0,Z616_C032596,10.8808,106.651
877,D001_3,V0049,0,Z617_C006840,10.893,106.658
878,D001_3,V0086,0,Z618_C045423,10.8863,106.652
879,D001_3,V0086,0,Z619_C003271,10.8904,106.649
880,D001_3,V0086,0,Z620_C007575,10.883,106.65
881,D001_3,V0049,0,Z621_C008917,10.8942,106.652
882,D001_3,V0086,0,Z622_C013449,10.8933,106.647
883,D001_3,V0049,0,Z623_C013268,10.8856,106.644
884,D001_3,V0049,0,Z624_C037244,10.8689,106.582
885,D001_3,V0049,0,Z625_C007554,10.86,106.582
886,D001_3,V0049,0,Z626_C018917,10.8611,106.583
887,D001_3,V0049,0,Z627_C008410,10.8624,106.583
888,D001_3,V0086,0,Z628_C014517,10.8665,106.586
889,D001_3,V0049,0,Z629_C014224,10.8605,106.589
890,D001_3,V0086,0,Z630_C004583,10.8641,106.591
891,D001_3,V0049,0,Z631_C040800,10.8932,106.589
892,D001_3,V0086,0,Z632_C030755,10.8942,106.593
893,D001_3,V0049,0,Z633_C024790,10.8905,106.586
894,D001_3,V0086,0,Z634_C026901,10.8892,106.592
895,D001_3,V0086,0,Z635_C042763,10.8888,106.587
896,D001_3,V0049,0,Z636_C000343,10.8921,106.584
897,D001_3,V0086,0,Z637_C033397,10.8934,106.58
898,D001_3,V0049,0,Z638_C039717,10.8742,106.581
899,D001_3,V0086,0,Z639_C021532,10.8779,106.585
900,D001_3,V0049,0,Z640_C016910,10.8855,106.581
901,D001_3,V0049,0,Z641_C016734,10.8858,106.586
902,D001_3,V0049,0,Z642_C006496,10.8873,106.582
903,D001_3,V0049,0,Z643_C039497,10.8847,106.584
904,D001_3,V0049,0,Z644_C048488,10.8808,106.588
905,D001_3,V0049,0,Z645_C049233,10.885,106.589
906,D001_3,V0086,0,Z646_C021047,10.8918,106.593
907,D001_3,V0049,0,Z647_C019816,10.889,106.593
908,D001_3,V0086,0,Z648_C028625,10.8906,106.594
909,D001_3,V0086,0,Z649_C035171,10.8883,106.592
910,D001_3,V0049,0,Z650_C023079,10.8863,106.594
911,D001_3,V0049,0,Z651_C035110,10.8904,106.596
912,D001_3,V0086,0,Z652_C017651,10.8918,106.599
913,D001_3,V0086,0,Z653_C025213,10.8873,106.602
914,D001_3,V0049,0,Z654_C030772,10.8886,106.599
915,D001_3,V0049,0,Z655_C025690,10.8935,106.605
916,D001_3,V0049,0,Z656_C020811,10.8931,106.598
917,D001_3,V0049,0,Z657_C041417,10.884,106.601
918,D001_3,V0049,0,Z658_C019380,10.8769,106.59
919,D001_3,V0049,0,Z659_C007991,10.8823,106.594
920,D001_3,V0049,0,Z660_C007829,10.883,106.595
921,D001_3,V0049,0,Z661_C012826,10.8783,106.597
922,D001_3,V0049,0,Z662_C030175,10.8775,106.601
923,D001_3,V0049,0,Z663_C011461,10.8773,106.605
924,D001_3,V0049,0,Z664_C026909,10.8812,106.607
925,D001_3,V0086,0,Z665_C012365,10.8709,106.598
926,D001_3,V0049,0,Z666_C032573,10.8722,106.601
927,D001_3,V0049,0,Z667_C015074,10.8668,106.601
928,D001_3,V0086,0,Z668_C018807,10.8756,106.601
929,D001_3,V0049,0,Z669_C031950,10.8719,106.588
930,D001_3,V0049,0,Z670_C018920,10.871,106.592
931,D001_3,V0049,0,Z671_C020200,10.875,106.593
932,D001_3,V0049,0,Z672_C027255,10.8764,106.594
933,D001_3,V0086,0,Z673_C033745,10.8755,106.6
934,D001_3,V0049,0,Z674_C034971,10.869,106.587
935,D001_3,V0049,0,Z675_C022677,10.8655,106.591
936,D001_3,V0086,0,Z676_C006318,10.8231,106.71
937,D001_3,V0086,0,Z677_C001471,10.8196,106.712
938,D001_3,V0086,0,Z678_C013110,10.823,106.715
939,D001_3,V0049,0,Z679_C036235,10.825,106.718
940,D001_3,V0086,0,Z680_C006989,10.8257,106.712
941,D001_3,V0086,0,Z681_C014672,10.8136,106.718
942,D001_3,V0049,0,Z682_C036669,10.8287,106.725
943,D001_3,V0049,0,Z683_C018496,10.8175,106.716
944,D001_3,V0049,0,Z684_C044574,10.8339,106.7
945,D001_3,V0049,0,Z685_C022628,10.8384,106.7
946,D001_3,V0086,0,Z686_C022724,10.8296,106.704
947,D001_3,V0049,0,Z687_C007008,10.8325,106.706
948,D001_3,V0086,0,Z688_C049439,10.8348,106.709
949,D001_3,V0049,0,Z689_C019264,10.8374,106.716
950,D001_3,V0086,0,Z690_C020328,10.8285,106.715
951,D001_3,V0086,0,Z691_C030840,10.8282,106.71
952,D001_3,V0049,0,Z692_C008532,10.8275,106.709
953,D001_3,V0086,0,Z693_C031172,10.8201,106.695
954,D001_3,V0086,0,Z694_C012303,10.8352,106.698
955,D001_3,V0086,0,Z695_C046709,10.8323,106.698
956,D001_3,V0049,0,Z696_C013523,10.8294,106.693
957,D001_3,V0086,0,Z697_C022899,10.8279,106.693
958,D001_3,V0049,0,Z698_C035408,10.8341,106.693
959,D001_3,V0049,0,Z699_C038580,10.8216,106.689
960,D001_3,V0049,0,Z700_C006762,10.8232,106.687
961,D001_3,V0049,0,Z701_C015079,10.815,106.693
962,D001_3,V0049,0,Z702_C028202,10.8159,106.694
963,D001_3,V0086,0,Z703_C020502,10.8222,106.693
964,D001_3,V0049,0,Z704_C038273,10.7983,106.706
965,D001_3,V0086,0,Z705_C005636,10.8042,106.704
966,D001_3,V0049,0,Z706_C021238,10.8176,106.703
967,D001_3,V0049,0,Z707_C008799,10.8121,106.703
968,D001_3,V0086,0,Z708_C019498,10.8094,106.708
969,D001_3,V0049,0,Z709_C002403,10.8103,106.706
970,D001_3,V0086,0,Z710_C023110,10.8135,106.708
971,D001_3,V0086,0,Z711_C020415,10.8067,106.708
972,D001_3,V0086,0,Z712_C047997,10.8091,106.702
973,D001_3,V0049,0,Z713_C009381,10.8087,106.699
974,D001_3,V0086,0,Z714_C014744,10.8048,106.704
975,D001_3,V0086,0,Z715_C001725,10.8125,106.714
976,D001_3,V0086,0,Z716_C015598,10.819,106.711
977,D001_3,V0049,0,Z717_C013226,10.8188,106.709
978,D001_3,V0086,0,Z718_C032447,10.821,106.71
979,D001_3,V0086,0,Z719_C015835,10.8177,106.711
980,D001_3,V0049,0,Z720_C016670,10.823,106.707
981,D001_3,V0049,0,Z721_C025363,10.8211,106.703
982,D001_3,V0049,0,Z722_C037477,10.8213,106.707
983,D001_3,V0086,0,Z723_C009714,10.8176,106.704
984,D001_3,V0049,0,Z724_C033525,10.8274,106.698
985,D001_3,V0086,0,Z725_C012516,10.8318,106.698
986,D001_3,V0049,0,Z726_C022592,10.8288,106.701
987,D001_3,V0049,0,Z727_C026167,10.8208,106.702
988,D001_3,V0086,0,Z728_C008335,10.8154,106.699
989,D001_3,V0086,0,Z729_C013464,10.8142,106.699
990,D001_3,V0086,0,Z730_C021546,10.809,106.696
991,D001_3,V0086,0,Z731_C001722,10.8272,106.704
992,D001_3,V0086,0,Z732_C009515,10.8245,106.7
993,D001_3,V0049,0,Z733_C016093,10.8213,106.698
994,D001_3,V0049,0,Z734_C015661,10.8159,106.696
995,D001_3,V0086,0,Z735_C021825,10.8281,106.702
996,D001_3,V0086,0,Z736_C049929,10.8641,106.653
997,D001_3,V0049,0,Z737_C008020,10.8665,106.66
998,D001_3,V0049,0,Z738_C012994,10.8621,106.659
999,D001_3,V0049,0,Z739_C030836,10.8679,106.653
1000,D001_3,V0049,0,Z740_C022093,10.8626,106.652
1001,D001_3,V0049,0,Z741_C025379,10.8559,106.651
1002,D001_3,V0049,0,Z742_C043132,10.8607,106.65
1003,D001_3,V0086,0,Z743_C009627,10.86,106.65
1004,D001_3,V0049,0,Z744_C043164,10.8591,106.649
1005,D001_3,V0086,0,Z745_C030176,10.857,106.66
1006,D001_3,V0049,0,Z746_C019637,10.8594,106.656
1007,D001_3,V0049,0,Z747_C010781,10.8576,106.653
1008,D001_3,V0086,0,Z748_C043358,10.8588,106.657
1009,D001_3,V0049,0,Z749_C020723,10.8538,106.657
1010,D001_3,V0049,0,Z750_C030349,10.8553,106.662
1011,D001_3,V0049,0,Z751_C019800,10.8474,106.657
1012,D001_3,V0049,0,Z752_C032089,10.8434,106.66
1013,D001_3,V0049,0,Z753_C025604,10.851,106.646
1014,D001_3,V0049,0,Z754_C039308,10.8538,106.653
1015,D001_3,V0049,0,Z755_C030179,10.8536,106.656
1016,D001_3,V0086,0,Z756_C038960,10.8539,106.65
1017,D001_3,V0049,0,Z757_C037478,10.8493,106.65
1018,D001_3,V0049,0,Z758_C020355,10.8475,106.651
1019,D001_3,V0086,0,Z759_C023243,10.8821,106.641
1020,D001_3,V0049,0,Z760_C020239,10.8762,106.641
1021,D001_3,V0049,0,Z761_C011621,10.871,106.653
1022,D001_3,V0049,0,Z762_C002220,10.8724,106.645
1023,D001_3,V0049,0,Z763_C031641,10.871,106.642
1024,D001_3,V0049,0,Z764_C000130,10.8709,106.634
1025,D001_3,V0049,0,Z765_C018602,10.8723,106.64
1026,D001_3,V0086,0,Z766_C013333,10.8668,106.634
1027,D001_3,V0049,0,Z767_C016651,10.8678,106.641
1028,D001_3,V0049,0,Z768_C023221,10.8679,106.639
1029,D001_3,V0086,0,Z769_C036613,10.8599,106.638
1030,D001_3,V0049,0,Z770_C021742,10.8647,106.637
1031,D001_3,V0086,0,Z771_C013913,10.8652,106.632
1032,D001_3,V0086,0,Z772_C003469,10.8684,106.646
1033,D001_3,V0049,0,Z773_C011269,10.8689,106.651
1034,D001_3,V0086,0,Z774_C041431,10.8672,106.646
1035,D001_3,V0049,0,Z775_C004124,10.8634,106.646
1036,D001_3,V0049,0,Z776_C044998,10.8592,106.646
1037,D001_3,V0049,0,Z777_C018660,10.8601,106.644
1038,D001_3,V0049,0,Z778_C027575,10.8619,106.643
1039,D001_3,V0086,0,Z779_C027675,10.8546,106.641
1040,D001_3,V0049,0,Z780_C036946,10.8584,106.64
1041,D001_3,V0049,0,Z781_C027299,10.8615,106.641
1042,D001_3,V0049,0,Z782_C027065,10.8597,106.632
1043,D001_3,V0049,0,Z783_C027379,10.8534,106.631
1044,D001_3,V0049,0,Z784_C044268,10.8596,106.63
1045,D001_3,V0049,0,Z785_C023002,10.8565,106.628
1046,D001_3,V0049,0,Z786_C023574,10.8577,106.625
1047,D001_3,V0086,0,Z787_C025117,10.853,106.621
1048,D001_3,V0086,0,Z788_C049217,10.851,106.622
1049,D001_3,V0049,0,Z789_C000990,10.8581,106.638
1050,D001_3,V0049,0,Z790_C040976,10.8533,106.637
1051,D001_3,V0049,0,Z791_C004778,10.8437,106.64
1052,D001_3,V0049,0,Z792_C021580,10.8484,106.635
1053,D001_3,V0049,0,Z793_C003438,10.8489,106.645
1054,D001_3,V0049,0,Z794_C027475,10.8085,106.644
1055,D001_3,V0086,0,Z795_C020321,10.8157,106.643
1056,D001_3,V0049,0,Z796_C030319,10.8115,106.645
1057,D001_3,V0049,0,Z797_C003410,10.8,106.63
1058,D001_3,V0049,0,Z798_C031532,10.7972,106.624
1059,D001_3,V0049,0,Z799_C014105,10.814,106.639
1060,D001_3,V0086,0,Z800_C034882,10.8053,106.642
1061,D001_3,V0049,0,Z801_C018032,10.8062,106.635
1062,D001_3,V0049,0,Z802_C041561,10.8143,106.652
1063,D001_3,V0049,0,Z803_C005911,10.8157,106.654
1064,D001_3,V0086,0,Z804_C034206,10.8104,106.655
1065,D001_3,V0049,0,Z805_C037714,10.8135,106.661
1066,D001_3,V0049,0,Z806_C012829,10.8148,106.65
1067,D001_3,V0086,0,Z807_C045919,10.8107,106.648
1068,D001_3,V0049,0,Z808_C018895,10.7956,106.639
1069,D001_3,V0049,0,Z809_C014416,10.7992,106.637
1070,D001_3,V0049,0,Z810_C042682,10.7895,106.629
1071,D001_3,V0049,0,Z811_C024020,10.7939,106.626
1072,D001_3,V0086,0,Z812_C013005,10.7909,106.636
1073,D001_3,V0049,0,Z813_C005045,10.7926,106.637
1074,D001_3,V0049,0,Z814_C013645,10.7906,106.64
1075,D001_3,V0049,0,Z815_C024416,10.7921,106.641
1076,D001_3,V0049,0,Z816_C045886,10.7776,106.639
1077,D001_3,V0049,0,Z817_C022032,10.781,106.639
1078,D001_3,V0049,0,Z818_C014016,10.7908,106.647
1079,D001_3,V0049,0,Z819_C011823,10.7889,106.647
1080,D001_3,V0086,0,Z820_C032999,10.783,106.655
1081,D001_3,V0049,0,Z821_C009374,10.789,106.653
1082,D001_3,V0049,0,Z822_C001928,10.7943,106.647
1083,D001_3,V0049,0,Z823_C032112,10.8044,106.653
1084,D001_3,V0049,0,Z824_C027665,10.807,106.653
1085,D001_3,V0086,0,Z825_C009655,10.8024,106.649
1086,D001_3,V0049,0,Z826_C040412,10.8025,106.646
1087,D001_3,V0086,0,Z827_C044074,10.7949,106.647
1088,D001_3,V0049,0,Z828_C025876,10.8003,106.662
1089,D001_3,V0049,0,Z829_C013008,10.7894,106.655
1090,D001_3,V0086,0,Z830_C000071,10.7856,106.658
1091,D001_3,V0049,0,Z831_C006368,10.7939,106.657
1092,D001_3,V0049,0,Z832_C007113,10.7848,106.665
1093,D001_3,V0049,0,Z833_C027071,10.796,106.665
1094,D001_3,V0049,0,Z834_C017819,10.7932,106.659
1095,D001_3,V0049,0,Z835_C035781,10.8062,106.659
1096,D001_3,V0049,0,Z836_C024435,10.8066,106.656
1097,D001_3,V0049,0,Z837_C007402,10.8099,106.655
1098,D001_3,V0049,0,Z838_C012278,10.802,106.658
1099,D001_3,V0086,0,Z839_C028788,10.8044,106.661
1100,D001_3,V0086,0,Z840_C024168,10.8016,106.658
1101,D001_3,V0049,0,Z841_C034912,10.8122,106.666
1102,D001_3,V0049,0,Z842_C049578,10.8087,106.66
1103,D001_3,V0049,0,Z843_C022873,10.8082,106.664
1104,D001_3,V0049,0,Z844_C013618,10.8042,106.662
1105,D001_3,V0086,0,Z845_C031569,10.805,106.665
1106,D001_3,V0049,0,Z846_C025523,10.8031,106.667
1107,D001_3,V0049,0,Z847_C027038,10.8049,106.664
1108,D001_3,V0049,0,Z848_C049133,10.7999,106.671
1109,D001_3,V0049,0,Z849_C000417,10.797,106.673
1110,D001_3,V0049,0,Z850_C016244,10.808,106.666
1111,D001_3,V0049,0,Z851_C049823,10.8036,106.673
1112,D001_3,V0049,0,Z852_C024141,10.8058,106.665
1113,D001_3,V0049,0,Z853_C038651,10.8931,106.705
1114,D001_3,V0049,0,Z854_C035548,10.8929,106.692
1115,D001_3,V0049,0,Z855_C030870,10.8933,106.686
1116,D001_3,V0086,0,Z856_C025376,10.8948,106.672
1117,D001_3,V0049,0,Z857_C000456,10.8836,106.698
1118,D001_3,V0049,0,Z858_C043857,10.8804,106.7
1119,D001_3,V0086,0,Z859_C045882,10.8761,106.704
1120,D001_3,V0049,0,Z860_C029839,10.8838,106.707
1121,D001_3,V0049,0,Z861_C047833,10.8629,106.699
1122,D001_3,V0049,0,Z862_C048195,10.8691,106.707
1123,D001_3,V0049,0,Z863_C037437,10.8704,106.692
1124,D001_3,V0086,0,Z864_C002669,10.8642,106.691
1125,D001_3,V0049,0,Z865_C047956,10.8829,106.688
1126,D001_3,V0049,0,Z866_C029000,10.8867,106.693
1127,D001_3,V0049,0,Z867_C040614,10.873,106.686
1128,D001_3,V0049,0,Z868_C028667,10.8739,106.677
1129,D001_3,V0049,0,Z869_C005548,10.8672,106.679
1130,D001_3,V0049,0,Z870_C044997,10.8819,106.682
1131,D001_3,V0049,0,Z871_C026279,10.8846,106.686
1132,D001_3,V0086,0,Z872_C041566,10.8847,106.683
1133,D001_3,V0049,0,Z873_C002087,10.8868,106.685
1134,D001_3,V0049,0,Z874_C013399,10.8818,106.681
1135,D001_3,V0049,0,Z875_C018635,10.8755,106.684
1136,D001_3,V0049,0,Z876_C025183,10.8794,106.688
1137,D001_3,V0049,0,Z877_C045768,10.8758,106.689
1138,D001_3,V0049,0,Z878_C026665,10.8773,106.694
1139,D001_3,V0086,0,Z879_C025539,10.8772,106.683
1140,D001_3,V0049,0,Z880_C025520,10.8728,106.696
1141,D001_3,V0086,0,Z881_C005490,10.8697,106.693
1142,D001_3,V0049,0,Z882_C004065,10.8674,106.693
1143,D001_3,V0049,0,Z883_C021890,10.8904,106.685
1144,D001_3,V0049,0,Z884_C035402,10.8854,106.696
1145,D001_3,V0049,0,Z885_C012463,10.8823,106.696
1146,D001_3,V0049,0,Z886_C022787,10.8938,106.689
1147,D001_3,V0049,0,Z887_C023278,10.8907,106.694
1148,D001_3,V0049,0,Z888_C023115,10.8935,106.693
1149,D001_3,V0049,0,Z889_C015179,10.8866,106.695
1150,D001_3,V0049,0,Z890_C003372,10.8888,106.695
1151,D001_3,V0086,0,Z891_C028568,10.8953,106.687
1152,D001_3,V0049,0,Z892_C013019,10.8783,106.698
1153,D001_3,V0086,0,Z893_C043425,10.8731,106.701
1154,D001_3,V0086,0,Z894_C008904,10.884,106.699
1155,D001_3,V0049,0,Z895_C015946,10.8716,106.699
1156,D001_3,V0049,0,Z896_C009896,10.8679,106.701
1157,D001_3,V0086,0,Z897_C033566,10.8699,106.704
1158,D001_3,V0086,0,Z898_C030723,10.8667,106.707
1159,D001_3,V0049,0,Z899_C020287,10.8663,106.706
1160,D001_3,V0049,0,Z900_C047114,10.8839,106.701
1161,D001_3,V0049,0,Z901_C024177,10.887,106.701
1162,D001_3,V0049,0,Z902_C012577,10.8887,106.701
1163,D001_3,V0049,0,Z903_C032151,10.8921,106.707
1164,D001_3,V0049,0,Z904_C011238,10.8926,106.702
1165,D001_3,V0049,0,Z905_C032087,10.8938,106.711
1166,D001_3,V0086,0,Z906_C013644,10.8829,106.708
1167,D001_3,V0049,0,Z907_C019331,10.8881,106.717
1168,D001_3,V0086,0,Z908_C021915,10.8858,106.711
1169,D001_3,V0049,0,Z909_C033494,10.8816,106.71
1170,D001_3,V0086,0,Z910_C005948,10.8831,106.704
1171,D001_3,V0049,0,Z911_C008318,10.8791,106.704
1172,D001_3,V0049,0,Z912_C035291,10.8807,106.707
1173,D001_3,V0049,0,Z913_C043825,10.8756,106.717
1174,D001_3,V0086,0,Z914_C000089,10.8741,106.711
1175,D001_3,V0049,0,Z915_C024718,10.8704,106.711
1176,D001_3,V0086,0,Z916_C001899,10.8626,106.711
1177,D001_3,V0049,0,Z917_C029983,10.8662,106.714
1178,D001_3,V0086,0,Z918_C036614,10.8652,106.708
1179,D001_3,V0049,0,Z919_C030070,10.8659,106.707
1180,D001_3,V0049,0,Z920_C010545,10.8003,106.622
1181,D001_3,V0049,0,Z921_C046872,10.7989,106.617
1182,D001_3,V0049,0,Z922_C020954,10.7953,106.623
1183,D001_3,V0049,0,Z923_C021519,10.7855,106.617
1184,D001_3,V0049,0,Z924_C045395,10.7921,106.617
1185,D001_3,V0086,0,Z925_C007545,10.7755,106.626
1186,D001_3,V0049,0,Z926_C043938,10.7884,106.626
1187,D001_3,V0049,0,Z927_C011826,10.7945,106.615
1188,D001_3,V0049,0,Z928_C022194,10.7958,106.61
1189,D001_3,V0049,0,Z929_C035570,10.7829,106.602
1190,D001_3,V0086,0,Z930_C046794,10.7859,106.601
1191,D001_3,V0086,0,Z931_C033045,10.7936,106.601
1192,D001_3,V0086,0,Z932_C013311,10.7783,106.603
1193,D001_3,V0049,0,Z933_C003065,10.7803,106.602
1194,D001_3,V0086,0,Z934_C048863,10.7835,106.6
1195,D001_3,V0086,0,Z935_C030028,10.7774,106.605
1196,D001_3,V0049,0,Z936_C028105,10.7763,106.602
1197,D001_3,V0049,0,Z937_C004514,10.7835,106.612
1198,D001_3,V0049,0,Z938_C023521,10.7821,106.607
1199,D001_3,V0049,0,Z939_C000698,10.7825,106.61
1200,D001_3,V0086,0,Z940_C002682,10.7936,106.607
1201,D001_3,V0049,0,Z941_C009282,10.7774,106.617
1202,D001_3,V0049,0,Z942_C015244,10.796,106.608
1203,D001_3,V0049,0,Z943_C019100,10.7763,106.592
1204,D001_3,V0049,0,Z944_C022271,10.7772,106.587
1205,D001_3,V0049,0,Z945_C006925,10.7749,106.597
1206,D001_3,V0049,0,Z946_C008372,10.7789,106.59
1207,D001_3,V0049,0,Z947_C003907,10.7784,106.595
1208,D001_3,V0049,0,Z948_C029131,10.7849,106.59
1209,D001_3,V0086,0,Z949_C010446,10.7843,106.592
1210,D001_3,V0049,0,Z950_C027017,10.7876,106.593
1211,D001_3,V0086,0,Z951_C022940,10.789,106.596
1212,D001_3,V0049,0,Z952_C007727,10.7793,106.584
1213,D001_3,V0049,0,Z953_C015918,10.8076,106.611
1214,D001_3,V0049,0,Z954_C019326,10.8123,106.608
1215,D001_3,V0049,0,Z955_C025606,10.8034,106.6
1216,D001_3,V0049,0,Z956_C027330,10.8051,106.597
1217,D001_3,V0049,0,Z957_C003832,10.8066,106.601
1218,D001_3,V0049,0,Z958_C038037,10.7935,106.593
1219,D001_3,V0049,0,Z959_C021600,10.7965,106.596
1220,D001_3,V0086,0,Z960_C015476,10.7999,106.594
1221,D001_3,V0049,0,Z961_C043105,10.7959,106.597
1222,D001_3,V0049,0,Z962_C016031,10.8024,106.617
1223,D001_3,V0049,0,Z963_C033105,10.7987,106.608
1224,D001_3,V0049,0,Z964_C024850,10.803,106.613
1225,D001_3,V0049,0,Z965_C019617,10.8049,106.613
1226,D001_3,V0086,0,Z966_C014653,10.8025,106.622
1227,D001_3,V0049,0,Z967_C028115,10.7998,106.586
1228,D001_3,V0086,0,Z968_C046936,10.7932,106.58
1229,D001_3,V0049,0,Z969_C015956,10.7943,106.585
1230,D001_3,V0049,0,Z970_C038999,10.7908,106.582
1231,D001_3,V0049,0,Z971_C048883,10.7898,106.581
1232,D001_3,V0049,0,Z972_C003161,10.8083,106.583
1233,D001_3,V0049,0,Z973_C046159,10.802,106.591
1234,D001_3,V0086,0,Z974_C015631,10.8119,106.592
1235,D001_3,V0049,0,Z975_C002239,10.8113,106.59
1236,D001_3,V0086,0,Z976_C014737,10.81,106.592
1237,D001_3,V0086,0,Z977_C045994,10.8064,106.593
1238,D001_3,V0086,0,Z978_C042464,10.8108,106.595
1239,D001_3,V0086,0,Z979_C049205,10.8148,106.599
1240,D001_3,V0049,0,Z980_C040487,10.8142,106.592
1241,D001_3,V0049,0,Z981_C041644,10.8175,106.585
1242,D001_3,V0049,0,Z982_C034012,10.8535,106.592
1243,D001_3,V0049,0,Z983_C028135,10.8545,106.595
1244,D001_3,V0086,0,Z984_C041179,10.8664,106.592
1245,D001_3,V0086,0,Z985_C022369,10.8627,106.592
1246,D001_3,V0049,0,Z986_C027277,10.8624,106.594
1247,D001_3,V0086,0,Z987_C016251,10.8606,106.594
1248,D001_3,V0049,0,Z988_C027937,10.8562,106.586
1249,D001_3,V0049,0,Z989_C013709,10.8511,106.585
1250,D001_3,V0049,0,Z990_C000233,10.8574,106.584
1251,D001_3,V0049,0,Z991_C033502,10.8613,106.583
1252,D001_3,V0049,0,Z992_C046881,10.8545,106.611
1253,D001_3,V0049,0,Z993_C018744,10.8576,106.6
1254,D001_3,V0049,0,Z994_C033141,10.85,106.601
1255,D001_3,V0086,0,Z995_C008062,10.8514,106.601
1256,D001_3,V0086,0,Z996_C040851,10.8382,106.581
1257,D001_3,V0049,0,Z997_C000161,10.8402,106.585
1258,D001_3,V0086,0,Z998_C012329,10.8416,106.588
1259,D001_3,V0049,0,Z999_C032090,10.8442,106.584
1260,D001_3,V0086,0,Z1000_C038992,10.8427,106.591
1261,D001_3,V0049,0,Z1001_C023425,10.8439,106.591
1262,D001_3,V0049,0,Z1002_C042645,10.8423,106.597
1263,D001_3,V0086,0,Z1003_C011714,10.8409,106.6
1264,D001_3,V0086,0,Z1004_C020395,10.8414,106.601
1265,D001_3,V0086,0,Z1005_C026543,10.848,106.598
1266,D001_3,V0049,0,Z1006_C020885,10.8431,106.605
1267,D001_3,V0049,0,Z1007_C012012,10.8458,106.603
1268,D001_3,V0049,0,Z1008_C011426,10.8462,106.608
1269,D001_3,V0086,0,Z1009_C039009,10.847,106.613
1270,D001_3,V0049,0,Z1010_C031351,10.8353,106.586
1271,D001_3,V0049,0,Z1011_C010217,10.8416,106.592
1272,D001_3,V0086,0,Z1012_C047574,10.8194,106.6
1273,D001_3,V0049,0,Z1013_C015993,10.8266,106.601
1274,D001_3,V0049,0,Z1014_C027145,10.8316,106.605
1275,D001_3,V0049,0,Z1015_C012978,10.8365,106.598
1276,D001_3,V0049,0,Z1016_C002226,10.8373,106.611
1277,D001_3,V0049,0,Z1017_C002076,10.8418,106.607
1278,D001_3,V0049,0,Z1018_C027858,10.8364,106.602
1279,D001_3,V0049,0,Z1019_C030775,10.8414,106.604
1280,D001_3,V0086,0,Z1020_C033710,10.8239,106.587
1281,D001_3,V0049,0,Z1021_C034608,10.8227,106.594
1282,D001_3,V0049,0,Z1022_C017184,10.829,106.581
1283,D001_3,V0049,0,Z1023_C000671,10.8195,106.584
1284,D001_3,V0049,0,Z1024_C042250,10.8304,106.586
1285,D001_3,V0049,0,Z1025_C035184,10.824,106.585
1286,D001_3,V0086,0,Z1026_C020423,10.7939,106.692
1287,D001_3,V0086,0,Z1027_C027444,10.7981,106.684
1288,D001_3,V0086,0,Z1028_C013959,10.7961,106.685
1289,D001_3,V0049,0,Z1029_C047536,10.8021,106.683
1290,D001_3,V0086,0,Z1030_C038728,10.804,106.686
1291,D001_3,V0049,0,Z1031_C031454,10.8068,106.69
1292,D001_3,V0086,0,Z1032_C027621,10.7925,106.696
1293,D001_3,V0049,0,Z1033_C026334,10.8001,106.694
1294,D001_3,V0086,0,Z1034_C031777,10.8042,106.697
1295,D001_3,V0049,0,Z1035_C047636,10.8025,106.698
1296,D001_3,V0086,0,Z1036_C010721,10.8144,106.687
1297,D001_3,V0086,0,Z1037_C028769,10.8134,106.689
1298,D001_3,V0086,0,Z1038_C046131,10.8102,106.685
1299,D001_3,V0049,0,Z1039_C008593,10.8154,106.683
1300,D001_3,V0086,0,Z1040_C048753,10.8145,106.681
1301,D001_3,V0086,0,Z1041_C004505,10.8066,106.684
1302,D001_3,V0086,0,Z1042_C014265,10.8145,106.673
1303,D001_3,V0049,0,Z1043_C001611,10.8151,106.674
1304,D001_3,V0049,0,Z1044_C026653,10.82,106.675
1305,D001_3,V0086,0,Z1045_C006946,10.8139,106.68
1306,D001_3,V0049,0,Z1046_C014842,10.8099,106.675
1307,D001_3,V0049,0,Z1047_C019457,10.8068,106.678
1308,D001_3,V0049,0,Z1048_C014121,10.8036,106.667
1309,D001_3,V0049,0,Z1049_C040139,10.8114,106.671
1310,D001_3,V0049,0,Z1050_C028963,10.8064,106.668
1311,D001_3,V0049,0,Z1051_C049793,10.8156,106.663
1312,D001_3,V0086,0,Z1052_C049924,10.8205,106.663
1313,D001_3,V0049,0,Z1053_C047130,10.8006,106.679
1314,D001_3,V0086,0,Z1054_C002467,10.8008,106.674
1315,D001_3,V0086,0,Z1055_C018071,10.8011,106.67
1316,D001_3,V0049,0,Z1056_C034546,10.8073,106.672
1317,D001_3,V0086,0,Z1057_C016264,10.8084,106.673
1318,D001_3,V0086,0,Z1058_C008839,10.7941,106.673
1319,D001_3,V0049,0,Z1059_C013713,10.7911,106.674
1320,D001_3,V0086,0,Z1060_C004038,10.794,106.677
1321,D001_3,V0086,0,Z1061_C033181,10.7886,106.663
1322,D001_3,V0049,0,Z1062_C028584,10.7956,106.674
1323,D001_3,V0049,0,Z1063_C038489,10.798,106.664
1324,D001_3,V0049,0,Z1064_C041205,10.7858,106.697
1325,D001_3,V0049,0,Z1065_C013961,10.7895,106.684
1326,D001_3,V0086,0,Z1066_C022159,10.7928,106.679
1327,D001_3,V0086,0,Z1067_C018672,10.7866,106.687
1328,D001_3,V0049,0,Z1068_C038939,10.8395,106.654
1329,D001_3,V0086,0,Z1069_C031070,10.8479,106.656
1330,D001_3,V0049,0,Z1070_C007149,10.8446,106.652
1331,D001_3,V0086,0,Z1071_C001060,10.843,106.661
1332,D001_3,V0086,0,Z1072_C024716,10.8352,106.621
1333,D001_3,V0086,0,Z1073_C009273,10.8388,106.625
1334,D001_3,V0086,0,Z1074_C035010,10.8409,106.627
1335,D001_3,V0086,0,Z1075_C024054,10.8399,106.627
1336,D001_3,V0086,0,Z1076_C007456,10.8469,106.627
1337,D001_3,V0086,0,Z1077_C042744,10.8489,106.633
1338,D001_3,V0049,0,Z1078_C026993,10.8383,106.632
1339,D001_3,V0086,0,Z1079_C002857,10.8409,106.629
1340,D001_3,V0049,0,Z1080_C020836,10.8536,106.63
1341,D001_3,V0086,0,Z1081_C030367,10.8551,106.651
1342,D001_3,V0086,0,Z1082_C026617,10.8473,106.649
1343,D001_3,V0086,0,Z1083_C044695,10.8399,106.649
1344,D001_3,V0086,0,Z1084_C037702,10.8466,106.646
1345,D001_3,V0086,0,Z1085_C018465,10.8467,106.643
1346,D001_3,V0049,0,Z1086_C044455,10.8496,106.638
1347,D001_3,V0049,0,Z1087_C046574,10.8429,106.644
1348,D001_3,V0049,0,Z1088_C040916,10.839,106.639
1349,D001_3,V0086,0,Z1089_C008107,10.8395,106.647
1350,D001_3,V0049,0,Z1090_C032853,10.8437,106.635
1351,D001_3,V0049,0,Z1091_C000035,10.8359,106.653
1352,D001_3,V0086,0,Z1092_C005133,10.834,106.651
1353,D001_3,V0086,0,Z1093_C020991,10.8301,106.646
1354,D001_3,V0049,0,Z1094_C032476,10.8271,106.648
1355,D001_3,V0049,0,Z1095_C007769,10.8283,106.657
1356,D001_3,V0086,0,Z1096_C012915,10.8372,106.66
1357,D001_3,V0086,0,Z1097_C040194,10.8315,106.627
1358,D001_3,V0049,0,Z1098_C014506,10.8322,106.633
1359,D001_3,V0086,0,Z1099_C021298,10.8268,106.632
1360,D001_3,V0086,0,Z1100_C002739,10.8242,106.634
1361,D001_3,V0049,0,Z1101_C014946,10.8263,106.639
1362,D001_3,V0086,0,Z1102_C010060,10.8292,106.636
1363,D001_3,V0049,0,Z1103_C049416,10.8259,106.643
1364,D001_3,V0049,0,Z1104_C018244,10.8336,106.644
1365,D001_3,V0086,0,Z1105_C024688,10.7158,106.623
1366,D001_3,V0086,0,Z1106_C021676,10.6927,106.586
1367,D001_3,V0049,0,Z1107_C025696,10.7052,106.593
1368,D001_3,V0049,0,Z1108_C022698,10.6956,106.601
1369,D001_3,V0049,0,Z1109_C015507,10.7017,106.614
1370,D001_3,V0086,0,Z1110_C034827,10.7071,106.594
1371,D001_3,V0049,0,Z1111_C018683,10.6629,106.619
1372,D001_3,V0049,0,Z1112_C041359,10.6567,106.605
1373,D001_3,V0049,0,Z1113_C014966,10.6662,106.593
1374,D001_3,V0049,0,Z1114_C026893,10.6913,106.609
1375,D001_3,V0049,0,Z1115_C028482,10.6726,106.603
1376,D001_3,V0086,0,Z1116_C030716,10.6914,106.616
1377,D001_3,V0049,0,Z1117_C022011,10.6769,106.62
1378,D001_3,V0049,0,Z1118_C034814,10.7113,106.65
1379,D001_3,V0049,0,Z1119_C010409,10.6666,106.664
1380,D001_3,V0086,0,Z1120_C043099,10.6658,106.668
1381,D001_3,V0049,0,Z1121_C040775,10.6757,106.668
1382,D001_3,V0049,0,Z1122_C006526,10.6904,106.663
1383,D001_3,V0049,0,Z1123_C000691,10.6811,106.666
1384,D001_3,V0049,0,Z1124_C018378,10.7213,106.639
1385,D001_3,V0049,0,Z1125_C005569,10.7096,106.63
1386,D001_3,V0049,0,Z1126_C026733,10.6825,106.625
1387,D001_3,V0086,0,Z1127_C008739,10.6939,106.647
1388,D001_3,V0049,0,Z1128_C009613,10.6884,106.65
1389,D001_3,V0049,0,Z1129_C039077,10.6602,106.648
1390,D001_3,V0049,0,Z1130_C047906,10.6569,106.641
1391,D001_3,V0049,0,Z1131_C002666,10.6796,106.657
1392,D001_3,V0049,0,Z1132_C042211,10.6712,106.645
1393,D001_3,V0049,0,Z1133_C048999,10.8411,106.686
1394,D001_3,V0086,0,Z1134_C017146,10.8413,106.691
1395,D001_3,V0086,0,Z1135_C037448,10.8444,106.689
1396,D001_3,V0086,0,Z1136_C025936,10.8421,106.694
1397,D001_3,V0049,0,Z1137_C002111,10.8514,106.701
1398,D001_3,V0049,0,Z1138_C048849,10.8459,106.691
1399,D001_3,V0049,0,Z1139_C030044,10.8353,106.694
1400,D001_3,V0049,0,Z1140_C000026,10.8406,106.704
1401,D001_3,V0049,0,Z1141_C013603,10.8459,106.682
1402,D001_3,V0049,0,Z1142_C017068,10.839,106.679
1403,D001_3,V0086,0,Z1143_C018231,10.8471,106.671
1404,D001_3,V0049,0,Z1144_C030221,10.8521,106.669
1405,D001_3,V0049,0,Z1145_C001318,10.8495,106.685
1406,D001_3,V0049,0,Z1146_C049139,10.8561,106.688
1407,D001_3,V0049,0,Z1147_C014868,10.8541,106.683
1408,D001_3,V0049,0,Z1148_C027402,10.8601,106.679
1409,D001_3,V0049,0,Z1149_C038468,10.862,106.684
1410,D001_3,V0086,0,Z1150_C043106,10.8915,106.814
1411,D001_3,V0049,0,Z1151_C036911,10.8866,106.802
1412,D001_3,V0086,0,Z1152_C001614,10.8958,106.813
1413,D001_3,V0049,0,Z1153_C005374,10.8902,106.798
1414,D001_3,V0086,0,Z1154_C038335,10.8858,106.8
1415,D001_3,V0086,0,Z1155_C048077,10.8846,106.796
1416,D001_3,V0086,0,Z1156_C028212,10.8947,106.805
1417,D001_3,V0049,0,Z1157_C029259,10.8796,106.811
1418,D001_3,V0086,0,Z1158_C001573,10.861,106.817
1419,D001_3,V0049,0,Z1159_C018038,10.8751,106.815
1420,D001_3,V0049,0,Z1160_C039023,10.8699,106.814
1421,D001_3,V0086,0,Z1161_C016051,10.8769,106.818
1422,D001_3,V0049,0,Z1162_C039999,10.838,106.813
1423,D001_3,V0049,0,Z1163_C013971,10.835,106.807
1424,D001_3,V0049,0,Z1164_C010613,10.8625,106.802
1425,D001_3,V0049,0,Z1165_C008151,10.8485,106.811
1426,D001_3,V0086,0,Z1166_C040906,10.8537,106.81
1427,D001_3,V0049,0,Z1167_C025102,10.8571,106.803
1428,D001_3,V0049,0,Z1168_C035843,10.8474,106.802
1429,D001_3,V0086,0,Z1169_C005970,10.8492,106.819
1430,D001_3,V0049,0,Z1170_C009556,10.869,106.803
1431,D001_3,V0086,0,Z1171_C002360,10.8565,106.814
1432,D001_3,V0049,0,Z1172_C010997,10.8712,106.806
1433,D001_3,V0049,0,Z1173_C015590,10.8593,106.809
1434,D001_3,V0049,0,Z1174_C026078,10.8629,106.811
1435,D001_3,V0086,0,Z1175_C028354,10.862,106.794
1436,D001_3,V0049,0,Z1176_C007750,10.8698,106.785
1437,D001_3,V0049,0,Z1177_C014482,10.8695,106.793
1438,D001_3,V0086,0,Z1178_C018734,10.8822,106.797
1439,D001_3,V0049,0,Z1179_C003586,10.8417,106.784
1440,D001_3,V0049,0,Z1180_C014106,10.8564,106.792
1441,D001_3,V0049,0,Z1181_C001031,10.8645,106.787
1442,D001_3,V0049,0,Z1182_C038952,10.8563,106.783
1443,D001_3,V0086,0,Z1183_C011043,10.8618,106.785
1444,D001_3,V0086,0,Z1184_C024001,10.8652,106.782
1445,D001_3,V0049,0,Z1185_C023770,10.8598,106.781
1446,D001_3,V0049,0,Z1186_C040559,10.8395,106.799
1447,D001_3,V0049,0,Z1187_C002109,10.8458,106.795
1448,D001_3,V0086,0,Z1188_C007095,10.8362,106.79
1449,D001_3,V0049,0,Z1189_C002864,10.8442,106.791
1450,D001_3,V0086,0,Z1190_C005060,10.848,106.794
1451,D001_3,V0086,0,Z1191_C022180,10.8579,106.798
1452,D001_3,V0049,0,Z1192_C001576,10.8556,106.794
1453,D001_3,V0086,0,Z1193_C033299,10.851,106.8
1454,D001_3,V0049,0,Z1194_C031757,10.8603,106.7
1455,D001_3,V0086,0,Z1195_C032040,10.864,106.7
1456,D001_3,V0049,0,Z1196_C033994,10.8606,106.706
1457,D001_3,V0086,0,Z1197_C029962,10.8685,106.706
1458,D001_3,V0049,0,Z1198_C014803,10.867,106.706
1459,D001_3,V0086,0,Z1199_C002913,10.869,106.703
1460,D001_3,V0049,0,Z1200_C013251,10.8528,106.705
1461,D001_3,V0049,0,Z1201_C032721,10.8549,106.711
1462,D001_3,V0049,0,Z1202_C004821,10.8522,106.707
1463,D001_3,V0086,0,Z1203_C020242,10.8498,106.705
1464,D001_3,V0049,0,Z1204_C026963,10.8471,106.7
1465,D001_3,V0086,0,Z1205_C031687,10.8585,106.714
1466,D001_3,V0086,0,Z1206_C029684,10.8579,106.711
1467,D001_3,V0086,0,Z1207_C029139,10.855,106.719
1468,D001_3,V0049,0,Z1208_C044944,10.8562,106.716
1469,D001_3,V0086,0,Z1209_C043847,10.8459,106.708
1470,D001_3,V0049,0,Z1210_C045365,10.8415,106.71
1471,D001_3,V0049,0,Z1211_C005016,10.8531,106.721
1472,D001_3,V0049,0,Z1212_C020536,10.8469,106.714
1473,D001_3,V0086,0,Z1213_C003748,10.8351,106.736
1474,D001_3,V0049,0,Z1214_C010618,10.8366,106.721
1475,D001_3,V0086,0,Z1215_C044136,10.8378,106.723
1476,D001_3,V0049,0,Z1216_C020089,10.8646,106.719
1477,D001_3,V0086,0,Z1217_C033125,10.8605,106.72
1478,D001_3,V0086,0,Z1218_C045608,10.8576,106.724
1479,D001_3,V0049,0,Z1219_C017769,10.859,106.723
1480,D001_3,V0086,0,Z1220_C012409,10.8603,106.726
1481,D001_3,V0049,0,Z1221_C049869,10.854,106.724
1482,D001_3,V0086,0,Z1222_C007842,10.881,106.713
1483,D001_3,V0049,0,Z1223_C024352,10.8715,106.716
1484,D001_3,V0049,0,Z1224_C042889,10.8665,106.724
1485,D001_3,V0049,0,Z1225_C007082,10.8657,106.721
1486,D001_3,V0086,0,Z1226_C037736,10.8411,106.739
1487,D001_3,V0049,0,Z1227_C004895,10.8636,106.735
1488,D001_3,V0049,0,Z1228_C014757,10.8531,106.729
1489,D001_3,V0086,0,Z1229_C013800,10.8484,106.726
1490,D001_3,V0086,0,Z1230_C008693,10.8555,106.741
1491,D001_3,V0049,0,Z1231_C008877,10.8342,106.745
1492,D001_3,V0049,0,Z1232_C033954,10.8264,106.754
1493,D001_3,V0086,0,Z1233_C042326,10.8154,106.76
1494,D001_3,V0049,0,Z1234_C009239,10.8383,106.746
1495,D001_3,V0086,0,Z1235_C001084,10.8259,106.762
1496,D001_3,V0049,0,Z1236_C030321,10.8472,106.749
1497,D001_3,V0049,0,Z1237_C018572,10.847,106.743
1498,D001_3,V0049,0,Z1238_C034445,10.8505,106.779
1499,D001_3,V0049,0,Z1239_C035071,10.8445,106.781
1500,D001_3,V0086,0,Z1240_C032530,10.8499,106.768
1501,D001_3,V0049,0,Z1241_C020957,10.8515,106.767
1502,D001_3,V0049,0,Z1242_C016965,10.8483,106.77
1503,D001_3,V0086,0,Z1243_C024172,10.8564,106.775
1504,D001_3,V0049,0,Z1244_C048505,10.8446,106.762
1505,D001_3,V0049,0,Z1245_C024316,10.8301,106.78
1506,D001_3,V0086,0,Z1246_C004025,10.838,106.766
1507,D001_3,V0049,0,Z1247_C025786,10.8424,106.767
1508,D001_3,V0086,0,Z1248_C020974,10.8493,106.752
1509,D001_3,V0049,0,Z1249_C046754,10.8607,106.767
1510,D001_3,V0049,0,Z1250_C044848,10.8573,106.764
1511,D001_3,V0049,0,Z1251_C011941,10.8527,106.755
1512,D001_3,V0049,0,Z1252_C030966,10.8518,106.757
1513,D001_3,V0049,0,Z1253_C009218,10.8636,106.762
1514,D001_3,V0049,0,Z1254_C045655,10.8581,106.75
1515,D001_3,V0049,0,Z1255_C014039,10.8247,106.673
1516,D001_3,V0049,0,Z1256_C011448,10.8271,106.671
1517,D001_3,V0049,0,Z1257_C009073,10.8297,106.671
1518,D001_3,V0086,0,Z1258_C042252,10.8373,106.675
1519,D001_3,V0049,0,Z1259_C004417,10.8371,106.674
1520,D001_3,V0049,0,Z1260_C048755,10.833,106.674
1521,D001_3,V0086,0,Z1261_C025990,10.837,106.679
1522,D001_3,V0049,0,Z1262_C022242,10.833,106.671
1523,D001_3,V0049,0,Z1263_C000291,10.831,106.676
1524,D001_3,V0049,0,Z1264_C024936,10.8311,106.679
1525,D001_3,V0049,0,Z1265_C044811,10.8348,106.679
1526,D001_3,V0049,0,Z1266_C044082,10.8383,106.67
1527,D001_3,V0049,0,Z1267_C019051,10.8391,106.667
1528,D001_3,V0049,0,Z1268_C016558,10.8425,106.67
1529,D001_3,V0049,0,Z1269_C029385,10.8357,106.665
1530,D001_3,V0049,0,Z1270_C011531,10.8317,106.664
1531,D001_3,V0086,0,Z1271_C018296,10.8367,106.657
1532,D001_3,V0049,0,Z1272_C042829,10.8372,106.66
1533,D001_3,V0049,0,Z1273_C036170,10.8327,106.662
1534,D001_3,V0049,0,Z1274_C032189,10.8264,106.68
1535,D001_3,V0086,0,Z1275_C019400,10.8237,106.678
1536,D001_3,V0049,0,Z1276_C021430,10.8223,106.682
1537,D001_3,V0086,0,Z1277_C043253,10.8208,106.681
1538,D001_3,V0049,0,Z1278_C017932,10.8156,106.686
1539,D001_3,V0049,0,Z1279_C049797,10.8218,106.675
1540,D001_3,V0049,0,Z1280_C045184,10.8233,106.674
1541,D001_3,V0086,0,Z1281_C044227,10.82,106.678
1542,D001_3,V0049,0,Z1282_C012245,10.8272,106.685
1543,D001_3,V0049,0,Z1283_C033750,10.8291,106.685
1544,D001_3,V0049,0,Z1284_C028405,10.8269,106.686
1545,D001_3,V0086,0,Z1285_C045959,10.8285,106.681
1546,D001_3,V0049,0,Z1286_C000798,10.8191,106.685
1547,D001_3,V0049,0,Z1287_C028946,10.8148,106.688
1548,D001_3,V0049,0,Z1288_C006376,10.8247,106.682
1549,D001_3,V0049,0,Z1289_C019940,10.8179,106.693
1550,D001_3,V0086,0,Z1290_C020678,10.821,106.692
1551,D001_3,V0049,0,Z1291_C010364,10.8231,106.688
1552,D001_3,V0086,0,Z1292_C029368,10.8262,106.686
1553,D001_3,V0049,0,Z1293_C035551,10.8304,106.689
1554,D001_3,V0049,0,Z1294_C015646,10.8372,106.684
1555,D001_3,V0086,0,Z1295_C047880,10.8304,106.659
1556,D001_3,V0049,0,Z1296_C001762,10.8313,106.659
1557,D001_3,V0049,0,Z1297_C014325,10.829,106.659
1558,D001_3,V0086,0,Z1298_C038420,10.8274,106.668
1559,D001_3,V0049,0,Z1299_C012058,10.8233,106.656
1560,D001_3,V0049,0,Z1300_C008328,10.8248,106.659
1561,D001_3,V0049,0,Z1301_C005946,10.8262,106.666
1562,D001_3,V0049,0,Z1302_C010460,10.827,106.662
1563,D001_3,V0049,0,Z1303_C008169,10.8225,106.662
1564,D001_3,V0049,0,Z1304_C019040,10.8198,106.662
1565,D001_3,V0086,0,Z1305_C045607,10.8196,106.663
1566,D001_3,V0049,0,Z1306_C000451,10.8199,106.657
1567,D001_3,V0049,0,Z1307_C023186,10.8211,106.666
1568,D001_3,V0049,0,Z1308_C015657,10.8235,106.665
1569,D001_3,V0049,0,Z1309_C016369,10.8127,106.666
1570,D001_3,V0086,0,Z1310_C014574,10.8172,106.664
1571,D001_3,V0049,0,Z1311_C041944,10.8151,106.663
1572,D001_3,V0049,0,Z1312_C017037,10.8122,106.67
1573,D001_3,V0049,0,Z1313_C048207,10.8093,106.668
1574,D001_3,V0049,0,Z1314_C004261,10.8136,106.676
1575,D001_3,V0086,0,Z1315_C001575,10.8132,106.679
1576,D001_3,V0086,0,Z1316_C014952,10.8151,106.68
1577,D001_3,V0049,0,Z1317_C043986,10.8155,106.679
1578,D001_3,V0086,0,Z1318_C032949,10.8203,106.671
1579,D001_3,V0049,0,Z1319_C002465,10.821,106.671
1580,D001_3,V0049,0,Z1320_C001263,10.8211,106.671
1581,D001_3,V0086,0,Z1321_C036175,10.8228,106.671
1582,D001_3,V0049,0,Z1322_C027569,10.8191,106.678
1583,D001_3,V0049,0,Z1323_C019354,10.8179,106.669
1584,D001_3,V0049,0,Z1324_C036270,10.7903,106.675
1585,D001_3,V0049,0,Z1325_C047929,10.7897,106.69
1586,D001_3,V0049,0,Z1326_C005509,10.7852,106.685
1587,D001_3,V0086,0,Z1327_C019828,10.7868,106.695
1588,D001_3,V0049,0,Z1328_C027471,10.7924,106.682
1589,D001_3,V0049,0,Z1329_C018264,10.7977,106.686
1590,D001_3,V0049,0,Z1330_C025758,10.7931,106.691
1591,D001_3,V0049,0,Z1331_C043762,10.799,106.689
1592,D001_3,V0049,0,Z1332_C038753,10.803,106.71
1593,D001_3,V0086,0,Z1333_C004816,10.8064,106.699
1594,D001_3,V0049,0,Z1334_C011996,10.8043,106.702
1595,D001_3,V0049,0,Z1335_C042168,10.7975,106.7
1596,D001_3,V0086,0,Z1336_C025592,10.7869,106.699
1597,D001_3,V0049,0,Z1337_C043563,10.7887,106.701
1598,D001_3,V0049,0,Z1338_C004768,10.7922,106.701
1599,D001_3,V0049,0,Z1339_C034348,10.7922,106.698
1600,D001_3,V0049,0,Z1340_C041425,10.7939,106.695
1601,D001_3,V0049,0,Z1341_C005261,10.7998,106.696
1602,D001_3,V0049,0,Z1342_C024698,10.8107,106.699
1603,D001_3,V0049,0,Z1343_C027593,10.8132,106.687
1604,D001_3,V0049,0,Z1344_C042457,10.8151,106.688
1605,D001_3,V0086,0,Z1345_C006567,10.8006,106.683
1606,D001_3,V0049,0,Z1346_C031434,10.8041,106.688
1607,D001_3,V0049,0,Z1347_C040557,10.8068,106.681
1608,D001_3,V0049,0,Z1348_C007847,10.7983,106.681
1609,D001_3,V0049,0,Z1349_C040277,10.8036,106.673
1610,D001_3,V0049,0,Z1350_C044542,10.8106,106.631
1611,D001_3,V0049,0,Z1351_C030992,10.8058,106.63
1612,D001_3,V0049,0,Z1352_C002590,10.8134,106.635
1613,D001_3,V0086,0,Z1353_C021480,10.8043,106.633
1614,D001_3,V0049,0,Z1354_C018616,10.817,106.637
1615,D001_3,V0086,0,Z1355_C038560,10.8141,106.636
1616,D001_3,V0049,0,Z1356_C024975,10.8332,106.649
1617,D001_3,V0086,0,Z1357_C019958,10.8362,106.644
1618,D001_3,V0049,0,Z1358_C045767,10.8321,106.644
1619,D001_3,V0049,0,Z1359_C013465,10.8302,106.643
1620,D001_3,V0086,0,Z1360_C028633,10.827,106.646
1621,D001_3,V0049,0,Z1361_C036072,10.8255,106.647
1622,D001_3,V0049,0,Z1362_C015284,10.8164,106.646
1623,D001_3,V0086,0,Z1363_C041243,10.8264,106.635
1624,D001_3,V0049,0,Z1364_C029489,10.828,106.64
1625,D001_3,V0049,0,Z1365_C005518,10.8272,106.642
1626,D001_3,V0049,0,Z1366_C026322,10.8205,106.638
1627,D001_3,V0049,0,Z1367_C038103,10.8168,106.64
1628,D001_3,V0049,0,Z1368_C012394,10.8232,106.636
1629,D001_3,V0049,0,Z1369_C030732,10.8322,106.641
1630,D001_3,V0049,0,Z1370_C007330,10.8265,106.63
1631,D001_3,V0049,0,Z1371_C005130,10.8309,106.636
1632,D001_3,V0049,0,Z1372_C001983,10.8294,106.631
1633,D001_3,V0086,0,Z1373_C031377,10.8286,106.631
1634,D001_3,V0049,0,Z1374_C037901,10.8365,106.634
1635,D001_3,V0049,0,Z1375_C027773,10.8345,106.629
1636,D001_3,V0049,0,Z1376_C022688,10.842,106.635
1637,D001_3,V0086,0,Z1377_C045331,10.8375,106.64
1638,D001_3,V0049,0,Z1378_C007432,10.8176,106.631
1639,D001_3,V0049,0,Z1379_C024091,10.8217,106.628
1640,D001_3,V0049,0,Z1380_C017452,10.8135,106.629
1641,D001_3,V0086,0,Z1381_C035031,10.8044,106.625
1642,D001_3,V0049,0,Z1382_C029194,10.8043,106.623
1643,D001_3,V0049,0,Z1383_C017522,10.837,106.629
1644,D001_3,V0086,0,Z1384_C041879,10.8317,106.627
1645,D001_3,V0049,0,Z1385_C038233,10.8301,106.624
1646,D001_3,V0049,0,Z1386_C036970,10.8179,106.621
1647,D001_3,V0049,0,Z1387_C039807,10.8209,106.615
1648,D001_3,V0086,0,Z1388_C043454,10.8168,106.62
1649,D001_3,V0049,0,Z1389_C044560,10.8271,106.624
1650,D001_3,V0049,0,Z1390_C000422,10.8077,106.612
1651,D001_3,V0049,0,Z1391_C016279,10.8428,106.629
1652,D001_3,V0086,0,Z1392_C038985,10.8459,106.625
1653,D001_3,V0049,0,Z1393_C018723,10.8423,106.623
1654,D001_3,V0049,0,Z1394_C031944,10.8232,106.613
1655,D001_3,V0086,0,Z1395_C031866,10.8365,106.622
1656,D001_3,V0086,0,Z1396_C041967,10.8443,106.619
1657,D001_3,V0049,0,Z1397_C024169,10.835,106.618
1658,D001_3,V0086,0,Z1398_C044323,10.803,106.625
1659,D001_3,V0049,0,Z1399_C031505,10.8159,106.633
1660,D001_3,V0049,0,Z1400_C009445,10.8188,106.645
1661,D001_3,V0049,0,Z1401_C031967,10.8212,106.645
1662,D001_3,V0049,0,Z1402_C032761,10.8163,106.654
1663,D001_3,V0049,0,Z1403_C020625,10.8199,106.653
1664,D001_3,V0049,0,Z1404_C000924,10.8158,106.649
1665,D001_3,V0049,0,Z1405_C026338,10.7983,106.633
1666,D001_3,V0086,0,Z1406_C015022,10.8107,106.639
1667,D001_3,V0049,0,Z1407_C030580,10.8133,106.64
1668,D001_3,V0049,0,Z1408_C038975,10.8001,106.642
1669,D001_3,V0049,0,Z1409_C018314,10.8099,106.646
1670,D001_3,V0049,0,Z1410_C025782,10.8175,106.643
1671,D001_3,V0049,0,Z1411_C000428,10.8122,106.648
1672,D001_3,V0049,0,Z1412_C010018,10.7951,106.652
1673,D001_3,V0049,0,Z1413_C031577,10.7998,106.657
1674,D001_3,V0049,0,Z1414_C001817,10.8043,106.66
1675,D001_3,V0049,0,Z1415_C009303,10.7953,106.662
1676,D001_3,V0049,0,Z1416_C005341,10.8132,106.655
1677,D001_3,V0049,0,Z1417_C041214,10.7915,106.642
1678,D001_3,V0049,0,Z1418_C029117,10.8095,106.652
1679,D001_3,V0049,0,Z1419_C018514,10.8019,106.648
1680,D001_3,V0049,0,Z1420_C007809,10.8227,106.683
1681,D001_3,V0049,0,Z1421_C017657,10.8218,106.686
1682,D001_3,V0049,0,Z1422_C041517,10.8181,106.685
1683,D001_3,V0086,0,Z1423_C031768,10.8124,106.678
1684,D001_3,V0049,0,Z1424_C007653,10.8178,106.684
1685,D001_3,V0049,0,Z1425_C010829,10.8126,106.681
1686,D001_3,V0086,0,Z1426_C044565,10.8145,106.688
1687,D001_3,V0049,0,Z1427_C040185,10.8116,106.688
1688,D001_3,V0049,0,Z1428_C028250,10.8067,106.693
1689,D001_3,V0049,0,Z1429_C027904,10.8174,106.688
1690,D001_3,V0086,0,Z1430_C016823,10.8237,106.707
1691,D001_3,V0049,0,Z1431_C009093,10.822,106.71
1692,D001_3,V0049,0,Z1432_C032171,10.8189,106.705
1693,D001_3,V0049,0,Z1433_C046248,10.8231,106.715
1694,D001_3,V0049,0,Z1434_C005980,10.8202,106.712
1695,D001_3,V0049,0,Z1435_C031983,10.8188,106.715
1696,D001_3,V0086,0,Z1436_C008712,10.8187,106.711
1697,D001_3,V0086,0,Z1437_C041045,10.8172,106.709
1698,D001_3,V0049,0,Z1438_C006004,10.8187,106.722
1699,D001_3,V0086,0,Z1439_C049579,10.821,106.723
1700,D001_3,V0086,0,Z1440_C046194,10.8137,106.716
1701,D001_3,V0049,0,Z1441_C041744,10.8099,106.711
1702,D001_3,V0086,0,Z1442_C039395,10.8139,106.691
1703,D001_3,V0049,0,Z1443_C027991,10.8187,106.688
1704,D001_3,V0049,0,Z1444_C005608,10.8175,106.693
1705,D001_3,V0086,0,Z1445_C018371,10.8138,106.698
1706,D001_3,V0049,0,Z1446_C015606,10.8127,106.7
1707,D001_3,V0049,0,Z1447_C022243,10.8158,106.7
1708,D001_3,V0049,0,Z1448_C043408,10.8121,106.696
1709,D001_3,V0049,0,Z1449_C029528,10.8065,106.698
1710,D001_3,V0049,0,Z1450_C001919,10.8192,106.696
1711,D001_3,V0086,0,Z1451_C003825,10.8194,106.699
1712,D001_3,V0049,0,Z1452_C005373,10.8171,106.701
1713,D001_3,V0049,0,Z1453_C038229,10.8203,106.701
1714,D001_3,V0049,0,Z1454_C030324,10.8189,106.703
1715,D001_3,V0049,0,Z1455_C017549,10.8178,106.706
1716,D001_3,V0049,0,Z1456_C033262,10.824,106.689
1717,D001_3,V0049,0,Z1457_C003069,10.8247,106.685
1718,D001_3,V0049,0,Z1458_C005568,10.8237,106.696
1719,D001_3,V0049,0,Z1459_C000957,10.8232,106.691
1720,D001_3,V0049,0,Z1460_C002363,10.8207,106.692
1721,D001_3,V0086,0,Z1461_C007229,10.8337,106.683
1722,D001_3,V0086,0,Z1462_C049064,10.8322,106.687
1723,D001_3,V0049,0,Z1463_C039173,10.8291,106.69
1724,D001_3,V0086,0,Z1464_C039332,10.8283,106.688
1725,D001_3,V0049,0,Z1465_C001677,10.8306,106.691
1726,D001_3,V0049,0,Z1466_C048739,10.8337,106.693
1727,D001_3,V0086,0,Z1467_C018773,10.8295,106.694
1728,D001_3,V0049,0,Z1468_C009099,10.8306,106.697
1729,D001_3,V0049,0,Z1469_C024557,10.8335,106.698
1730,D001_3,V0049,0,Z1470_C010218,10.8317,106.695
1731,D001_3,V0049,0,Z1471_C022184,10.8358,106.7
1732,D001_3,V0049,0,Z1472_C000441,10.8362,106.706
1733,D001_3,V0049,0,Z1473_C018073,10.828,106.702
1734,D001_3,V0049,0,Z1474_C034352,10.8224,106.699
1735,D001_3,V0049,0,Z1475_C010638,10.8268,106.701
1736,D001_3,V0086,0,Z1476_C028843,10.826,106.705
1737,D001_3,V0049,0,Z1477_C047964,10.8289,106.708
1738,D001_3,V0049,0,Z1478_C045938,10.8308,106.705
1739,D001_3,V0086,0,Z1479_C000689,10.8083,106.709
1740,D001_3,V0049,0,Z1480_C045243,10.806,106.71
1741,D001_3,V0049,0,Z1481_C001130,10.8077,106.713
1742,D001_3,V0049,0,Z1482_C036047,10.8059,106.705
1743,D001_3,V0049,0,Z1483_C018639,10.8073,106.702
1744,D001_3,V0049,0,Z1484_C042323,10.8806,106.723
1745,D001_3,V0086,0,Z1485_C029669,10.874,106.724
1746,D001_3,V0049,0,Z1486_C038933,10.8716,106.723
1747,D001_3,V0049,0,Z1487_C024457,10.8733,106.72
1748,D001_3,V0086,0,Z1488_C003206,10.871,106.717
1749,D001_3,V0049,0,Z1489_C033562,10.8855,106.736
1750,D001_3,V0049,0,Z1490_C013752,10.8867,106.733
1751,D001_3,V0086,0,Z1491_C044293,10.8817,106.736
1752,D001_3,V0086,0,Z1492_C046373,10.8895,106.729
1753,D001_3,V0086,0,Z1493_C027730,10.8865,106.728
1754,D001_3,V0049,0,Z1494_C040633,10.8868,106.73
1755,D001_3,V0049,0,Z1495_C005115,10.895,106.736
1756,D001_3,V0049,0,Z1496_C009811,10.8921,106.733
1757,D001_3,V0086,0,Z1497_C024413,10.8696,106.736
1758,D001_3,V0049,0,Z1498_C018545,10.8776,106.735
1759,D001_3,V0049,0,Z1499_C007316,10.8758,106.737
1760,D001_3,V0086,0,Z1500_C041686,10.8806,106.737
1761,D001_3,V0049,0,Z1501_C020665,10.8792,106.732
1762,D001_3,V0086,0,Z1502_C014465,10.8786,106.73
1763,D001_3,V0049,0,Z1503_C016745,10.8798,106.727
1764,D001_3,V0049,0,Z1504_C035840,10.8803,106.729
1765,D001_3,V0086,0,Z1505_C046203,10.8844,106.725
1766,D001_3,V0086,0,Z1506_C029899,10.8662,106.733
1767,D001_3,V0049,0,Z1507_C004198,10.8752,106.729
1768,D001_3,V0086,0,Z1508_C043490,10.8899,106.741
1769,D001_3,V0049,0,Z1509_C023092,10.8843,106.74
1770,D001_3,V0049,0,Z1510_C012386,10.8899,106.745
1771,D001_3,V0086,0,Z1511_C012504,10.8873,106.746
1772,D001_3,V0049,0,Z1512_C032487,10.8761,106.741
1773,D001_3,V0049,0,Z1513_C026432,10.8697,106.742
1774,D001_3,V0049,0,Z1514_C001217,10.8746,106.743
1775,D001_3,V0086,0,Z1515_C005403,10.8741,106.714
1776,D001_3,V0049,0,Z1516_C025245,10.8953,106.73
1777,D001_3,V0086,0,Z1517_C046972,10.8956,106.726
1778,D001_3,V0049,0,Z1518_C026936,10.8945,106.726
1779,D001_3,V0049,0,Z1519_C042789,10.8926,106.729
1780,D001_3,V0086,0,Z1520_C021650,10.8952,106.725
1781,D001_3,V0086,0,Z1521_C022826,10.8959,106.723
1782,D001_3,V0049,0,Z1522_C037699,10.8921,106.723
1783,D001_3,V0049,0,Z1523_C033699,10.8943,106.721
1784,D001_3,V0086,0,Z1524_C008707,10.8878,106.726
1785,D001_3,V0049,0,Z1525_C003836,10.895,106.713
1786,D001_3,V0049,0,Z1526_C002577,10.896,106.712
1787,D001_3,V0049,0,Z1527_C020956,10.8882,106.721
1788,D001_3,V0049,0,Z1528_C021644,10.8823,106.721
1789,D001_3,V0049,0,Z1529_C049906,10.8833,106.716
1790,D001_3,V0086,0,Z1530_C018711,10.8857,106.712
1791,D001_3,V0049,0,Z1531_C044044,10.8909,106.713
1792,D001_3,V0049,0,Z1532_C007264,10.8669,106.691
1793,D001_3,V0086,0,Z1533_C038097,10.8677,106.689
1794,D001_3,V0049,0,Z1534_C019998,10.8679,106.681
1795,D001_3,V0049,0,Z1535_C000979,10.8713,106.678
1796,D001_3,V0049,0,Z1536_C017647,10.854,106.681
1797,D001_3,V0086,0,Z1537_C001886,10.8548,106.685
1798,D001_3,V0049,0,Z1538_C013922,10.8593,106.677
1799,D001_3,V0049,0,Z1539_C017988,10.8603,106.681
1800,D001_3,V0086,0,Z1540_C016366,10.8614,106.691
1801,D001_3,V0049,0,Z1541_C035630,10.8587,106.688
1802,D001_3,V0086,0,Z1542_C041556,10.8578,106.686
1803,D001_3,V0086,0,Z1543_C028986,10.8619,106.681
1804,D001_3,V0086,0,Z1544_C024750,10.8668,106.681
1805,D001_3,V0049,0,Z1545_C002070,10.8665,106.677
1806,D001_3,V0049,0,Z1546_C013357,10.8641,106.69
1807,D001_3,V0086,0,Z1547_C024066,10.8644,106.674
1808,D001_3,V0086,0,Z1548_C008078,10.8567,106.668
1809,D001_3,V0086,0,Z1549_C015864,10.8591,106.67
1810,D001_3,V0086,0,Z1550_C025738,10.8641,106.673
1811,D001_3,V0049,0,Z1551_C040030,10.8624,106.671
1812,D001_3,V0086,0,Z1552_C017709,10.8615,106.674
1813,D001_3,V0086,0,Z1553_C019951,10.8574,106.66
1814,D001_3,V0049,0,Z1554_C025564,10.8661,106.667
1815,D001_3,V0086,0,Z1555_C033929,10.8626,106.664
1816,D001_3,V0049,0,Z1556_C017290,10.8601,106.669
1817,D001_3,V0086,0,Z1557_C006932,10.86,106.667
1818,D001_3,V0086,0,Z1558_C025399,10.8539,106.663
1819,D001_3,V0086,0,Z1559_C006091,10.8562,106.673
1820,D001_3,V0049,0,Z1560_C004014,10.8566,106.669
1821,D001_3,V0086,0,Z1561_C014921,10.8545,106.671
1822,D001_3,V0086,0,Z1562_C029843,10.8538,106.675
1823,D001_3,V0049,0,Z1563_C009493,10.8536,106.691
1824,D001_3,V0086,0,Z1564_C023506,10.8434,106.69
1825,D001_3,V0049,0,Z1565_C026132,10.8392,106.686
1826,D001_3,V0049,0,Z1566_C048623,10.8486,106.688
1827,D001_3,V0049,0,Z1567_C001559,10.8456,106.682
1828,D001_3,V0049,0,Z1568_C006281,10.8503,106.683
1829,D001_3,V0086,0,Z1569_C018301,10.8538,106.685
1830,D001_3,V0086,0,Z1570_C006988,10.8494,106.663
1831,D001_3,V0086,0,Z1571_C028890,10.8475,106.664
1832,D001_3,V0086,0,Z1572_C004248,10.8451,106.663
1833,D001_3,V0049,0,Z1573_C034692,10.8435,106.671
1834,D001_3,V0086,0,Z1574_C026860,10.8482,106.673
1835,D001_3,V0049,0,Z1575_C021319,10.8499,106.679
1836,D001_3,V0086,0,Z1576_C000442,10.8381,106.675
1837,D001_3,V0086,0,Z1577_C008277,10.8375,106.673
1838,D001_3,V0086,0,Z1578_C006859,10.8447,106.68
1839,D001_3,V0049,0,Z1579_C036567,10.84,106.679
1840,D001_3,V0049,0,Z1580_C048800,10.8657,106.683
1841,D001_3,V0049,0,Z1581_C025322,10.8599,106.675
1842,D001_3,V0049,0,Z1582_C019180,10.8544,106.675
1843,D001_3,V0049,0,Z1583_C012452,10.8499,106.673
1844,D001_3,V0049,0,Z1584_C048589,10.8643,106.681
1845,D001_3,V0049,0,Z1585_C009513,10.8636,106.677
1846,D001_3,V0049,0,Z1586_C045828,10.8613,106.678
1847,D001_3,V0049,0,Z1587_C010125,10.8586,106.681
1848,D001_3,V0049,0,Z1588_C013007,10.8495,106.673
1849,D001_3,V0086,0,Z1589_C020642,10.8478,106.676
1850,D001_3,V0049,0,Z1590_C003148,10.8462,106.677
1851,D001_3,V0049,0,Z1591_C037232,10.8475,106.68
1852,D001_3,V0049,0,Z1592_C007391,10.8448,106.684
1853,D001_3,V0049,0,Z1593_C000626,10.838,106.679
1854,D001_3,V0049,0,Z1594_C027909,10.8408,106.684
1855,D001_3,V0049,0,Z1595_C035581,10.8409,106.685
1856,D001_3,V0049,0,Z1596_C048857,10.8384,106.689
1857,D001_3,V0086,0,Z1597_C002873,10.8345,106.685
1858,D001_3,V0086,0,Z1598_C019384,10.8559,106.702
1859,D001_3,V0049,0,Z1599_C015823,10.8582,106.7
1860,D001_3,V0086,0,Z1600_C048288,10.8571,106.701
1861,D001_3,V0049,0,Z1601_C033226,10.8578,106.704
1862,D001_3,V0049,0,Z1602_C021016,10.8616,106.702
1863,D001_3,V0049,0,Z1603_C012598,10.8507,106.702
1864,D001_3,V0049,0,Z1604_C008636,10.8541,106.702
1865,D001_3,V0086,0,Z1605_C040027,10.8521,106.702
1866,D001_3,V0049,0,Z1606_C020534,10.8585,106.684
1867,D001_3,V0049,0,Z1607_C036488,10.8568,106.69
1868,D001_3,V0049,0,Z1608_C007393,10.8635,106.696
1869,D001_3,V0049,0,Z1609_C029456,10.8578,106.693
1870,D001_3,V0049,0,Z1610_C045944,10.8583,106.693
1871,D001_3,V0049,0,Z1611_C014390,10.8615,106.689
1872,D001_3,V0049,0,Z1612_C016682,10.8541,106.69
1873,D001_3,V0086,0,Z1613_C009854,10.8548,106.697
1874,D001_3,V0049,0,Z1614_C023315,10.8535,106.696
1875,D001_3,V0086,0,Z1615_C023024,10.8555,106.695
1876,D001_3,V0049,0,Z1616_C014760,10.8423,106.701
1877,D001_3,V0049,0,Z1617_C007240,10.841,106.692
1878,D001_3,V0049,0,Z1618_C017745,10.8394,106.695
1879,D001_3,V0086,0,Z1619_C035826,10.8527,106.68
1880,D001_3,V0049,0,Z1620_C001232,10.8472,106.685
1881,D001_3,V0049,0,Z1621_C006499,10.8543,106.683
1882,D001_3,V0049,0,Z1622_C019848,10.85,106.683
1883,D001_3,V0049,0,Z1623_C022066,10.8543,106.685
1884,D001_3,V0049,0,Z1624_C016174,10.8448,106.693
1885,D001_3,V0049,0,Z1625_C012848,10.844,106.687
1886,D001_3,V0086,0,Z1626_C038174,10.8419,106.69
1887,D001_3,V0049,0,Z1627_C007096,10.8475,106.688
1888,D001_3,V0049,0,Z1628_C043322,10.8461,106.688
1889,D001_3,V0049,0,Z1629_C017848,10.8458,106.699
1890,D001_3,V0049,0,Z1630_C009944,10.8489,106.693
1891,D001_3,V0049,0,Z1631_C014878,10.6922,106.683
1892,D001_3,V0049,0,Z1632_C049983,10.6827,106.692
1893,D001_3,V0086,0,Z1633_C049661,10.6803,106.698
1894,D001_3,V0086,0,Z1634_C003847,10.6715,106.699
1895,D001_3,V0049,0,Z1635_C029284,10.6685,106.705
1896,D001_3,V0086,0,Z1636_C013056,10.6564,106.708
1897,D001_3,V0086,0,Z1637_C049891,10.6588,106.695
1898,D001_3,V0049,0,Z1638_C001548,10.6576,106.693
1899,D001_3,V0049,0,Z1639_C000978,10.6672,106.681
1900,D001_3,V0049,0,Z1640_C026147,10.6679,106.723
1901,D001_3,V0049,0,Z1641_C008278,10.6668,106.726
1902,D001_3,V0049,0,Z1642_C005850,10.6872,106.716
1903,D001_3,V0086,0,Z1643_C005040,10.6596,106.713
1904,D001_3,V0049,0,Z1644_C036877,10.6581,106.722
1905,D001_3,V0049,0,Z1645_C043250,10.6682,106.738
1906,D001_3,V0049,0,Z1646_C029442,10.6657,106.74
1907,D001_3,V0086,0,Z1647_C020662,10.6642,106.752
1908,D001_3,V0049,0,Z1648_C016485,10.6762,106.739
1909,D001_3,V0086,0,Z1649_C034762,10.6677,106.76
1910,D001_3,V0049,0,Z1650_C049911,10.6757,106.749
1911,D001_3,V0049,0,Z1651_C019117,10.6975,106.695
1912,D001_3,V0086,0,Z1652_C018345,10.6869,106.742
1913,D001_3,V0049,0,Z1653_C008503,10.6932,106.733
1914,D001_3,V0049,0,Z1654_C002990,10.6878,106.742
1915,D001_3,V0049,0,Z1655_C006845,10.6869,106.756
1916,D001_3,V0049,0,Z1656_C048906,10.694,106.754
1917,D001_3,V0049,0,Z1657_C040623,10.6922,106.751
1918,D001_3,V0086,0,Z1658_C002998,10.8494,106.71
1919,D001_3,V0049,0,Z1659_C017080,10.8596,106.72
1920,D001_3,V0049,0,Z1660_C032126,10.8665,106.717
1921,D001_3,V0049,0,Z1661_C022655,10.8556,106.715
1922,D001_3,V0086,0,Z1662_C003815,10.8647,106.71
1923,D001_3,V0049,0,Z1663_C001613,10.8504,106.713
1924,D001_3,V0049,0,Z1664_C005711,10.8505,106.721
1925,D001_3,V0049,0,Z1665_C023086,10.8575,106.729
1926,D001_3,V0086,0,Z1666_C009264,10.8592,106.723
1927,D001_3,V0049,0,Z1667_C027982,10.8647,106.727
1928,D001_3,V0049,0,Z1668_C003617,10.8636,106.725
1929,D001_3,V0086,0,Z1669_C003664,10.8646,106.734
1930,D001_3,V0049,0,Z1670_C048925,10.8641,106.731
1931,D001_3,V0086,0,Z1671_C019061,10.8683,106.738
1932,D001_3,V0086,0,Z1672_C024279,10.8639,106.721
1933,D001_3,V0049,0,Z1673_C001610,10.8519,106.738
1934,D001_3,V0049,0,Z1674_C022143,10.8642,106.741
1935,D001_3,V0086,0,Z1675_C049304,10.8599,106.743
1936,D001_3,V0049,0,Z1676_C014536,10.842,106.728
1937,D001_3,V0049,0,Z1677_C044821,10.839,106.737
1938,D001_3,V0049,0,Z1678_C033142,10.8625,106.611
1939,D001_3,V0086,0,Z1679_C047892,10.8617,106.598
1940,D001_3,V0049,0,Z1680_C001967,10.8607,106.619
1941,D001_3,V0049,0,Z1681_C010543,10.8635,106.618
1942,D001_3,V0086,0,Z1682_C020099,10.8592,106.614
1943,D001_3,V0049,0,Z1683_C017166,10.865,106.616
1944,D001_3,V0049,0,Z1684_C019931,10.8619,106.615
1945,D001_3,V0049,0,Z1685_C021239,10.8614,106.617
1946,D001_3,V0049,0,Z1686_C037044,10.8697,106.605
1947,D001_3,V0049,0,Z1687_C020049,10.8683,106.618
1948,D001_3,V0049,0,Z1688_C005902,10.8484,106.606
1949,D001_3,V0049,0,Z1689_C000752,10.854,106.611
1950,D001_3,V0049,0,Z1690_C001781,10.8565,106.616
1951,D001_3,V0086,0,Z1691_C005506,10.8531,106.616
1952,D001_3,V0049,0,Z1692_C028601,10.853,106.62
1953,D001_3,V0049,0,Z1693_C001984,10.8511,106.618
1954,D001_3,V0049,0,Z1694_C014973,10.8607,106.625
1955,D001_3,V0049,0,Z1695_C045902,10.8648,106.624
1956,D001_3,V0049,0,Z1696_C030757,10.8701,106.621
1957,D001_3,V0049,0,Z1697_C012252,10.8666,106.631
1958,D001_3,V0049,0,Z1698_C011565,10.8636,106.629
1959,D001_3,V0086,0,Z1699_C002523,10.863,106.63
1960,D001_3,V0049,0,Z1700_C004517,10.88,106.621
1961,D001_3,V0049,0,Z1701_C010654,10.8673,106.643
1962,D001_3,V0086,0,Z1702_C017619,10.8751,106.635
1963,D001_3,V0049,0,Z1703_C031546,10.8639,106.632
1964,D001_3,V0049,0,Z1704_C016802,10.8656,106.635
1965,D001_3,V0049,0,Z1705_C030085,10.8584,106.632
1966,D001_3,V0049,0,Z1706_C029402,10.8583,106.642
1967,D001_3,V0049,0,Z1707_C020240,10.854,106.632
1968,D001_3,V0049,0,Z1708_C020110,10.8556,106.639
1969,D001_3,V0086,0,Z1709_C027417,10.8513,106.627
1970,D001_3,V0049,0,Z1710_C018483,10.8509,106.63
1971,D001_3,V0086,0,Z1711_C046277,10.849,106.632
1972,D001_3,V0049,0,Z1712_C021409,10.8478,106.622
1973,D001_3,V0049,0,Z1713_C012054,10.8476,106.619
1974,D001_3,V0049,0,Z1714_C022375,10.8428,106.616
1975,D001_3,V0086,0,Z1715_C044981,10.8515,106.62
1976,D001_3,V0049,0,Z1716_C001025,10.8444,106.626
1977,D001_3,V0086,0,Z1717_C019751,10.8444,106.626
1978,D001_3,V0049,0,Z1718_C005720,10.8506,106.639
1979,D001_3,V0049,0,Z1719_C032493,10.8494,106.636
1980,D001_3,V0049,0,Z1720_C026227,10.8448,106.637
1981,D001_3,V0049,0,Z1721_C016628,10.8414,106.631
1982,D001_3,V0049,0,Z1722_C010510,10.8458,106.636
1983,D001_4,V0267,0,Z1_C023706,10.7679,106.592
1984,D001_4,V0267,0,Z2_C001702,10.7074,106.773
1985,D001_4,V0267,0,Z3_C012121,10.7082,106.786
1986,D001_4,V0267,0,Z4_C014876,10.7194,106.793
1987,D001_4,V0267,0,Z6_C043667,10.8012,106.747
1988,D001_4,V0267,0,Z7_C017611,10.8195,106.737
1989,D001_4,V0267,0,Z9_C012642,10.8408,106.623
1990,D001_4,V0267,0,Z10_C036828,10.6717,106.676
1991,D001_4,V0267,0,Z11_C027662,10.6715,106.808
1992,D001_4,V0267,0,Z12_C048744,10.6826,106.799
1993,D001_4,V0267,0,Z13_C035236,10.7838,106.758
1994,D001_4,V0267,0,Z14_C031640,10.77,106.749
1995,D001_4,V0267,0,Z15_C015893,10.7855,106.737
1996,D001_4,V0267,0,Z16_C047601,10.8004,106.754
1997,D001_4,V0267,0,Z18_C001168,10.79,106.733
1998,D001_4,V0267,0,Z19_C011586,10.7865,106.718
1999,D001_4,V0267,0,Z20_C046054,10.7343,106.717
2000,D001_4,V0267,0,Z21_C036585,10.7105,106.71
2001,D001_4,V0267,0,Z23_C025040,10.8466,106.801
2002,D001_4,V0267,0,Z24_C044961,10.8481,106.813
2003,D001_4,V0267,0,Z25_C032366,10.7978,106.801
2004,D001_4,V0267,0,Z26_C038953,10.7874,106.811
2005,D001_4,V0267,0,Z27_C036439,10.8854,106.662
2006,D001_4,V0267,0,Z28_C023197,10.8794,106.688
2007,D001_4,V0267,0,Z29_C001636,10.8541,106.672
2008,D001_4,V0267,0,Z30_C038692,10.8102,106.771
2009,D001_4,V0267,0,Z31_C007272,10.8029,106.775
2010,D001_4,V0267,0,Z32_C041865,10.7807,106.758
2011,D001_4,V0267,0,Z33_C015762,10.7893,106.767
2012,D001_4,V0267,0,Z34_C028830,10.8606,106.761
2013,D001_4,V0267,0,Z35_C023737,10.8739,106.77
2014,D001_4,V0267,0,Z36_C028249,10.8886,106.758
2015,D001_4,V0267,0,Z37_C034810,10.7332,106.72
2016,D001_4,V0267,0,Z38_C012053,10.7183,106.731
2017,D001_4,V0267,0,Z39_C036809,10.7482,106.734
2018,D001_4,V0267,0,Z40_C037691,10.7539,106.745
2019,D001_4,V0267,0,Z41_C021333,10.6821,106.779
2020,D001_4,V0267,0,Z42_C012114,10.7009,106.767
2021,D001_4,V0267,0,Z43_C030114,10.7044,106.784
2022,D001_4,V0267,0,Z44_C023578,10.6835,106.793
2023,D001_4,V0267,0,Z45_C001454,10.676,106.801
2024,D001_4,V0267,0,Z46_C036852,10.6677,106.817
2025,D001_4,V0267,0,Z48_C003622,10.8684,106.814
2026,D001_4,V0267,0,Z49_C011120,10.8899,106.804
2027,D001_4,V0267,0,Z50_C027995,10.8782,106.8
2028,D001_4,V0267,0,Z51_C022444,10.6962,106.811
2029,D001_4,V0267,0,Z52_C036690,10.7113,106.808
2030,D001_4,V0267,0,Z53_C028832,10.7534,106.808
2031,D001_4,V0267,0,Z54_C023357,10.7356,106.806
2032,D001_4,V0267,0,Z55_C042841,10.7239,106.782
2033,D001_4,V0267,0,Z56_C039916,10.7252,106.794
2034,D001_4,V0267,0,Z57_C001543,10.7407,106.792
2035,D001_4,V0267,0,Z58_C014157,10.7458,106.78
2036,D001_4,V0267,0,Z59_C044448,10.8409,106.725
2037,D001_4,V0267,0,Z60_C033696,10.8645,106.727
2038,D001_4,V0267,0,Z61_C005320,10.8816,106.714
2039,D001_4,V0267,0,Z63_C009433,10.7818,106.787
2040,D001_4,V0267,0,Z64_C000391,10.7675,106.776
2041,D001_4,V0267,0,Z65_C020249,10.7658,106.79
2042,D001_4,V0267,0,Z66_C027695,10.762,106.814
2043,D001_4,V0267,0,Z67_C009375,10.7494,106.804
2044,D001_4,V0267,0,Z68_C023925,10.74,106.815
2045,D001_4,V0267,0,Z69_C034496,10.756,106.77
2046,D001_4,V0267,0,Z70_C004567,10.742,106.766
2047,D001_4,V0267,0,Z71_C045226,10.7497,106.748
2048,D001_4,V0267,0,Z72_C002346,10.7693,106.758
2049,D001_4,V0267,0,Z73_C025362,10.7549,106.76
2050,D001_4,V0267,0,Z74_C045278,10.7057,106.761
2051,D001_4,V0267,0,Z75_C032703,10.721,106.757
2052,D001_4,V0267,0,Z77_C023246,10.6903,106.613
2053,D001_4,V0267,0,Z78_C035659,10.7795,106.725
2054,D001_4,V0267,0,Z79_C013042,10.784,106.744
2055,D001_4,V0267,0,Z80_C029072,10.7782,106.736
2056,D001_4,V0267,0,Z81_C039329,10.7589,106.737
2057,D001_4,V0267,0,Z82_C001365,10.7996,106.769
2058,D001_4,V0267,0,Z84_C013121,10.6948,106.726
2059,D001_4,V0267,0,Z85_C024354,10.6615,106.716
2060,D001_4,V0267,0,Z86_C032561,10.6796,106.715
2061,D001_4,V0267,0,Z87_C020996,10.8475,106.763
2062,D001_4,V0267,0,Z88_C048235,10.8318,106.764
2063,D001_4,V0267,0,Z89_C022623,10.8313,106.75
2064,D001_4,V0267,0,Z90_C029309,10.6839,106.749
2065,D001_4,V0267,0,Z91_C015337,10.6615,106.762
2066,D001_4,V0267,0,Z92_C002511,10.7412,106.76
2067,D001_4,V0267,0,Z93_C025121,10.733,106.743
2068,D001_4,V0267,0,Z94_C016050,10.7285,106.762
2069,D001_4,V0267,0,Z95_C017440,10.7191,106.763
2070,D001_4,V0267,0,Z96_C004270,10.7638,106.797
2071,D001_4,V0267,0,Z97_C033463,10.7763,106.788
2072,D001_4,V0267,0,Z98_C048997,10.7598,106.78
2073,D001_4,V0267,0,Z99_C039263,10.7579,106.792
