Customer_ID,Cluster_ID,Assigned_Medoid_Index,Assigned_Medoid_ID,Distance_km
"C000002",2,868,"C001904",5.008120
"C000003",5,21482,"C047883",11.565539
"C000006",5,21482,"C047883",3.651492
"C000010",0,5705,"C012675",10.317195
"C000011",5,21482,"C047883",3.475910
"C000013",0,5705,"C012675",6.327228
"C000014",4,9961,"C022249",5.047328
"C000015",2,868,"C001904",9.936425
"C000017",1,5732,"C012734",2.562707
"C000018",4,9961,"C022249",4.271085
"C000026",1,5732,"C012734",2.740554
"C000027",0,5705,"C012675",4.590583
"C000028",4,9961,"C022249",0.825975
"C000029",4,9961,"C022249",5.842468
"C000031",4,9961,"C022249",0.794526
"C000032",5,21482,"C047883",2.271283
"C000033",3,16827,"C037407",3.178686
"C000035",1,5732,"C012734",8.127820
"C000036",4,9961,"C022249",1.331229
"C000037",0,5705,"C012675",5.796664
"C000042",3,16827,"C037407",3.363704
"C000043",0,5705,"C012675",4.338595
"C000044",1,5732,"C012734",5.383858
"C000046",2,868,"C001904",8.069285
"C000051",2,868,"C001904",1.677009
"C000055",5,21482,"C047883",5.051287
"C000056",0,5705,"C012675",9.001452
"C000057",2,868,"C001904",1.549879
"C000066",5,21482,"C047883",11.343329
"C000068",0,5705,"C012675",4.777293
"C000069",0,5705,"C012675",9.523089
"C000071",5,21482,"C047883",4.601636
"C000075",5,21482,"C047883",12.400363
"C000078",5,21482,"C047883",7.099824
"C000079",5,21482,"C047883",6.158417
"C000081",2,868,"C001904",3.970625
"C000084",3,16827,"C037407",7.352738
"C000087",3,16827,"C037407",1.336061
"C000088",0,5705,"C012675",0.513094
"C000089",1,5732,"C012734",5.092517
"C000090",3,16827,"C037407",6.218910
"C000093",4,9961,"C022249",3.711024
"C000097",2,868,"C001904",6.935829
"C000098",5,21482,"C047883",1.611882
"C000099",2,868,"C001904",7.880505
"C000100",0,5705,"C012675",2.815493
"C000103",1,5732,"C012734",7.464274
"C000104",2,868,"C001904",7.250542
"C000105",3,16827,"C037407",3.530332
"C000110",5,21482,"C047883",12.601831
"C000111",3,16827,"C037407",6.776914
"C000112",2,868,"C001904",4.110602
"C000113",0,5705,"C012675",5.030915
"C000115",4,9961,"C022249",1.506361
"C000119",0,5705,"C012675",1.461146
"C000122",1,5732,"C012734",4.405457
"C000123",3,16827,"C037407",4.903572
"C000127",5,21482,"C047883",4.160919
"C000130",1,5732,"C012734",11.120382
"C000132",3,16827,"C037407",9.194287
"C000136",2,868,"C001904",8.953223
"C000137",1,5732,"C012734",2.931456
"C000138",1,5732,"C012734",4.238186
"C000141",2,868,"C001904",5.163349
"C000142",3,16827,"C037407",7.843821
"C000148",3,16827,"C037407",2.078269
"C000151",2,868,"C001904",5.725571
"C000153",0,5705,"C012675",2.766021
"C000154",0,5705,"C012675",6.703091
"C000156",1,5732,"C012734",15.223783
"C000160",0,5705,"C012675",4.582113
"C000161",5,21482,"C047883",14.378224
"C000164",3,16827,"C037407",3.319468
"C000167",3,16827,"C037407",8.455067
"C000172",1,5732,"C012734",6.826482
"C000176",1,5732,"C012734",3.264550
"C000177",0,5705,"C012675",6.471531
"C000178",0,5705,"C012675",3.836393
"C000179",4,9961,"C022249",1.452023
"C000180",0,5705,"C012675",5.659838
"C000182",4,9961,"C022249",2.832866
"C000183",0,5705,"C012675",3.995131
"C000187",5,21482,"C047883",7.939432
"C000191",5,21482,"C047883",3.905874
"C000193",2,868,"C001904",4.031556
"C000195",1,5732,"C012734",7.939653
"C000197",2,868,"C001904",8.064606
"C000200",2,868,"C001904",3.672846
"C000202",4,9961,"C022249",2.271297
"C000207",2,868,"C001904",5.834827
"C000210",4,9961,"C022249",7.504468
"C000213",3,16827,"C037407",6.390812
"C000215",5,21482,"C047883",8.874254
"C000217",5,21482,"C047883",3.310048
"C000218",1,5732,"C012734",14.798528
"C000220",0,5705,"C012675",4.334092
"C000221",1,5732,"C012734",11.148019
"C000223",1,5732,"C012734",5.547638
"C000226",4,9961,"C022249",0.974144
"C000229",0,5705,"C012675",4.901231
"C000230",1,5732,"C012734",6.165509
"C000231",1,5732,"C012734",8.343758
"C000232",5,21482,"C047883",12.063074
"C000233",5,21482,"C047883",15.530060
"C000236",2,868,"C001904",4.085320
"C000237",4,9961,"C022249",4.413725
"C000241",0,5705,"C012675",3.617339
"C000244",2,868,"C001904",7.974862
"C000245",1,5732,"C012734",8.466737
"C000248",3,16827,"C037407",2.945276
"C000251",0,5705,"C012675",2.218950
"C000252",3,16827,"C037407",8.101781
"C000254",1,5732,"C012734",14.218940
"C000255",0,5705,"C012675",7.591058
"C000259",0,5705,"C012675",7.627622
"C000260",2,868,"C001904",3.625495
"C000262",4,9961,"C022249",6.126521
"C000264",4,9961,"C022249",2.919021
"C000265",1,5732,"C012734",3.872353
"C000266",1,5732,"C012734",7.585406
"C000267",1,5732,"C012734",5.533335
"C000268",5,21482,"C047883",6.523244
"C000269",3,16827,"C037407",7.587675
"C000271",4,9961,"C022249",3.607884
"C000272",2,868,"C001904",3.001201
"C000273",4,9961,"C022249",4.140148
"C000274",2,868,"C001904",11.827418
"C000276",1,5732,"C012734",1.131214
"C000278",1,5732,"C012734",8.897642
"C000280",0,5705,"C012675",2.755208
"C000282",0,5705,"C012675",8.494912
"C000283",0,5705,"C012675",5.879144
"C000285",5,21482,"C047883",2.221798
"C000291",1,5732,"C012734",5.600526
"C000293",3,16827,"C037407",2.651238
"C000295",2,868,"C001904",1.346170
"C000299",1,5732,"C012734",7.885165
"C000301",1,5732,"C012734",13.620605
"C000303",3,16827,"C037407",4.628694
"C000304",5,21482,"C047883",12.899883
"C000305",3,16827,"C037407",2.131354
"C000307",3,16827,"C037407",1.453842
"C000310",1,5732,"C012734",7.059344
"C000313",0,5705,"C012675",1.598592
"C000314",2,868,"C001904",7.340029
"C000321",1,5732,"C012734",12.511542
"C000324",0,5705,"C012675",3.515897
"C000325",2,868,"C001904",3.359798
"C000326",2,868,"C001904",7.924582
"C000327",0,5705,"C012675",8.000246
"C000329",0,5705,"C012675",6.895675
"C000335",5,21482,"C047883",5.196762
"C000336",4,9961,"C022249",3.325150
"C000337",2,868,"C001904",5.661362
"C000339",1,5732,"C012734",17.095354
"C000340",4,9961,"C022249",4.868263
"C000343",1,5732,"C012734",16.982441
"C000345",5,21482,"C047883",12.482269
"C000346",3,16827,"C037407",5.969610
"C000347",4,9961,"C022249",4.002483
"C000348",1,5732,"C012734",2.155247
"C000353",5,21482,"C047883",9.760916
"C000354",5,21482,"C047883",1.173894
"C000355",5,21482,"C047883",13.643721
"C000356",0,5705,"C012675",5.324465
"C000357",2,868,"C001904",11.571104
"C000358",1,5732,"C012734",7.500683
"C000360",0,5705,"C012675",7.031237
"C000362",5,21482,"C047883",8.338843
"C000364",0,5705,"C012675",3.727038
"C000365",5,21482,"C047883",8.633153
"C000368",2,868,"C001904",7.634049
"C000373",0,5705,"C012675",8.031385
"C000376",2,868,"C001904",4.388071
"C000380",2,868,"C001904",9.799322
"C000381",0,5705,"C012675",3.364172
"C000386",5,21482,"C047883",5.971115
"C000390",4,9961,"C022249",3.915766
"C000391",0,5705,"C012675",5.294023
"C000392",4,9961,"C022249",2.628576
"C000395",5,21482,"C047883",1.503893
"C000396",0,5705,"C012675",3.938045
"C000397",5,21482,"C047883",8.799748
"C000398",0,5705,"C012675",5.799947
"C000399",2,868,"C001904",2.765294
"C000402",0,5705,"C012675",3.035746
"C000404",4,9961,"C022249",7.632320
"C000406",4,9961,"C022249",3.382371
"C000409",1,5732,"C012734",8.893248
"C000410",2,868,"C001904",11.444321
"C000411",3,16827,"C037407",1.214173
"C000412",1,5732,"C012734",4.146079
"C000415",1,5732,"C012734",3.738057
"C000417",5,21482,"C047883",3.710401
"C000418",2,868,"C001904",4.773702
"C000419",2,868,"C001904",3.371924
"C000422",5,21482,"C047883",10.188030
"C000425",1,5732,"C012734",4.946536
"C000428",5,21482,"C047883",6.912122
"C000430",0,5705,"C012675",4.100180
"C000431",5,21482,"C047883",9.521060
"C000432",0,5705,"C012675",1.989127
"C000433",0,5705,"C012675",3.534031
"C000434",5,21482,"C047883",3.883560
"C000435",5,21482,"C047883",10.279406
"C000436",1,5732,"C012734",2.299348
"C000438",2,868,"C001904",3.157421
"C000440",4,9961,"C022249",2.649811
"C000441",1,5732,"C012734",2.369159
"C000442",1,5732,"C012734",5.711271
"C000444",4,9961,"C022249",5.887416
"C000445",2,868,"C001904",3.783750
"C000448",1,5732,"C012734",4.977247
"C000450",5,21482,"C047883",3.239118
"C000451",5,21482,"C047883",6.665690
"C000453",4,9961,"C022249",2.113527
"C000456",1,5732,"C012734",6.677315
"C000457",5,21482,"C047883",5.248192
"C000458",0,5705,"C012675",5.499558
"C000462",3,16827,"C037407",3.211548
"C000466",3,16827,"C037407",8.266639
"C000468",1,5732,"C012734",8.276733
"C000469",1,5732,"C012734",3.974466
"C000471",5,21482,"C047883",11.199083
"C000473",3,16827,"C037407",7.252404
"C000474",5,21482,"C047883",7.373093
"C000476",0,5705,"C012675",8.848461
"C000478",4,9961,"C022249",4.300450
"C000480",5,21482,"C047883",2.868837
"C000481",1,5732,"C012734",3.974943
"C000485",1,5732,"C012734",6.304856
"C000486",0,5705,"C012675",5.471581
"C000488",5,21482,"C047883",4.088951
"C000490",1,5732,"C012734",7.813569
"C000494",1,5732,"C012734",3.986189
"C000495",0,5705,"C012675",6.444883
"C000499",5,21482,"C047883",13.152553
"C000501",0,5705,"C012675",10.262309
"C000502",4,9961,"C022249",3.520337
"C000504",2,868,"C001904",8.226980
"C000507",3,16827,"C037407",0.616883
"C000508",1,5732,"C012734",10.880000
"C000514",5,21482,"C047883",10.655107
"C000515",4,9961,"C022249",2.453163
"C000517",1,5732,"C012734",7.560773
"C000519",5,21482,"C047883",10.730853
"C000522",5,21482,"C047883",1.833361
"C000524",3,16827,"C037407",4.561933
"C000525",5,21482,"C047883",11.602806
"C000526",2,868,"C001904",1.353107
"C000527",5,21482,"C047883",11.532173
"C000528",3,16827,"C037407",0.138140
"C000531",2,868,"C001904",6.635404
"C000534",2,868,"C001904",7.446874
"C000536",1,5732,"C012734",4.512169
"C000537",3,16827,"C037407",3.031131
"C000541",3,16827,"C037407",3.097525
"C000545",2,868,"C001904",6.116577
"C000548",4,9961,"C022249",3.754384
"C000552",4,9961,"C022249",4.372649
"C000555",4,9961,"C022249",3.469477
"C000557",1,5732,"C012734",1.171480
"C000559",0,5705,"C012675",6.650822
"C000560",5,21482,"C047883",12.691363
"C000562",0,5705,"C012675",6.942856
"C000567",2,868,"C001904",5.908471
"C000568",1,5732,"C012734",4.426890
"C000571",3,16827,"C037407",2.059484
"C000572",2,868,"C001904",1.935769
"C000573",4,9961,"C022249",0.177681
"C000575",0,5705,"C012675",7.762502
"C000587",2,868,"C001904",3.337343
"C000590",2,868,"C001904",3.429723
"C000592",5,21482,"C047883",2.123548
"C000593",0,5705,"C012675",4.401589
"C000594",5,21482,"C047883",2.827763
"C000596",4,9961,"C022249",4.343639
"C000599",1,5732,"C012734",11.894092
"C000600",0,5705,"C012675",3.858432
"C000608",3,16827,"C037407",7.087655
"C000609",5,21482,"C047883",8.032111
"C000610",4,9961,"C022249",4.107491
"C000612",5,21482,"C047883",3.704406
"C000615",1,5732,"C012734",2.641910
"C000616",0,5705,"C012675",2.730567
"C000617",4,9961,"C022249",1.356744
"C000620",5,21482,"C047883",11.584535
"C000626",1,5732,"C012734",5.252489
"C000629",0,5705,"C012675",4.908245
"C000630",1,5732,"C012734",1.611273
"C000632",2,868,"C001904",11.055950
"C000633",1,5732,"C012734",9.429036
"C000637",5,21482,"C047883",6.178948
"C000640",1,5732,"C012734",7.300160
"C000641",0,5705,"C012675",5.813057
"C000645",5,21482,"C047883",9.170174
"C000646",1,5732,"C012734",8.163599
"C000650",0,5705,"C012675",4.691224
"C000651",5,21482,"C047883",3.495342
"C000652",2,868,"C001904",3.477173
"C000653",1,5732,"C012734",4.463007
"C000656",3,16827,"C037407",6.907005
"C000657",1,5732,"C012734",7.773956
"C000661",3,16827,"C037407",2.627037
"C000663",4,9961,"C022249",3.568273
"C000671",5,21482,"C047883",13.496575
"C000672",2,868,"C001904",11.914520
"C000675",2,868,"C001904",10.313724
"C000676",2,868,"C001904",2.369735
"C000678",5,21482,"C047883",11.440540
"C000680",2,868,"C001904",8.657410
"C000682",0,5705,"C012675",2.720106
"C000685",5,21482,"C047883",8.375939
"C000688",0,5705,"C012675",6.106372
"C000689",1,5732,"C012734",3.154809
"C000690",0,5705,"C012675",1.999109
"C000691",2,868,"C001904",1.741613
"C000693",1,5732,"C012734",14.574113
"C000698",5,21482,"C047883",9.767689
"C000702",3,16827,"C037407",1.931328
"C000704",2,868,"C001904",5.175641
"C000706",1,5732,"C012734",6.164118
"C000710",1,5732,"C012734",4.269122
"C000714",4,9961,"C022249",3.754564
"C000717",0,5705,"C012675",1.450978
"C000719",4,9961,"C022249",2.865455
"C000720",2,868,"C001904",3.916196
"C000724",1,5732,"C012734",1.150478
"C000727",5,21482,"C047883",2.962746
"C000729",2,868,"C001904",1.667737
"C000730",4,9961,"C022249",0.711420
"C000733",0,5705,"C012675",7.448588
"C000734",0,5705,"C012675",5.238261
"C000738",0,5705,"C012675",2.361269
"C000739",4,9961,"C022249",1.104938
"C000751",1,5732,"C012734",5.938889
"C000752",1,5732,"C012734",12.882522
"C000753",5,21482,"C047883",0.574739
"C000755",1,5732,"C012734",4.729929
"C000757",1,5732,"C012734",7.345780
"C000761",0,5705,"C012675",3.336057
"C000767",2,868,"C001904",6.845741
"C000769",3,16827,"C037407",7.220430
"C000772",5,21482,"C047883",15.041686
"C000773",1,5732,"C012734",3.619612
"C000776",3,16827,"C037407",7.162041
"C000777",3,16827,"C037407",7.534863
"C000778",3,16827,"C037407",4.659314
"C000783",3,16827,"C037407",7.264080
"C000784",4,9961,"C022249",3.394082
"C000785",2,868,"C001904",0.789828
"C000789",3,16827,"C037407",4.970328
"C000790",0,5705,"C012675",4.253311
"C000791",4,9961,"C022249",1.356768
"C000792",3,16827,"C037407",7.656909
"C000795",5,21482,"C047883",10.255043
"C000796",0,5705,"C012675",2.007399
"C000798",1,5732,"C012734",4.731777
"C000799",4,9961,"C022249",6.391904
"C000800",5,21482,"C047883",6.454982
"C000801",4,9961,"C022249",6.365321
"C000803",3,16827,"C037407",4.601504
"C000807",5,21482,"C047883",10.011213
"C000809",2,868,"C001904",6.874646
"C000812",5,21482,"C047883",1.246603
"C000813",5,21482,"C047883",2.534236
"C000815",4,9961,"C022249",4.405348
"C000817",1,5732,"C012734",3.403705
"C000818",1,5732,"C012734",1.031974
"C000820",3,16827,"C037407",2.054801
"C000821",5,21482,"C047883",7.959746
"C000822",4,9961,"C022249",2.370553
"C000825",4,9961,"C022249",5.019315
"C000827",0,5705,"C012675",0.665821
"C000829",3,16827,"C037407",3.122455
"C000831",0,5705,"C012675",3.707465
"C000834",5,21482,"C047883",2.158370
"C000836",0,5705,"C012675",0.922842
"C000837",2,868,"C001904",3.589559
"C000838",5,21482,"C047883",2.859989
"C000847",5,21482,"C047883",2.283219
"C000848",5,21482,"C047883",3.384474
"C000849",4,9961,"C022249",3.098074
"C000851",3,16827,"C037407",3.186342
"C000854",1,5732,"C012734",4.327572
"C000858",1,5732,"C012734",7.232865
"C000865",1,5732,"C012734",15.122005
"C000868",1,5732,"C012734",6.091579
"C000871",1,5732,"C012734",2.665701
"C000874",5,21482,"C047883",3.601841
"C000875",4,9961,"C022249",5.134956
"C000876",1,5732,"C012734",1.987410
"C000878",1,5732,"C012734",5.610800
"C000879",4,9961,"C022249",3.106806
"C000883",0,5705,"C012675",6.627019
"C000888",5,21482,"C047883",3.305785
"C000889",5,21482,"C047883",2.489251
"C000893",2,868,"C001904",2.670267
"C000894",5,21482,"C047883",12.154178
"C000895",3,16827,"C037407",8.024366
"C000896",4,9961,"C022249",4.308950
"C000897",1,5732,"C012734",15.461243
"C000899",5,21482,"C047883",14.721083
"C000900",1,5732,"C012734",5.652740
"C000902",2,868,"C001904",5.114948
"C000903",1,5732,"C012734",4.015292
"C000904",1,5732,"C012734",3.891537
"C000906",1,5732,"C012734",2.622612
"C000911",2,868,"C001904",2.298979
"C000922",3,16827,"C037407",9.022416
"C000924",5,21482,"C047883",6.996781
"C000925",0,5705,"C012675",5.336087
"C000926",0,5705,"C012675",3.937592
"C000927",5,21482,"C047883",5.756899
"C000928",3,16827,"C037407",4.388987
"C000930",3,16827,"C037407",4.980315
"C000931",5,21482,"C047883",7.462673
"C000932",1,5732,"C012734",6.877644
"C000933",4,9961,"C022249",2.876905
"C000934",5,21482,"C047883",3.743715
"C000935",3,16827,"C037407",4.275202
"C000936",5,21482,"C047883",2.982833
"C000939",4,9961,"C022249",4.811868
"C000940",5,21482,"C047883",3.578839
"C000944",4,9961,"C022249",4.465279
"C000945",2,868,"C001904",6.749519
"C000947",3,16827,"C037407",0.845312
"C000950",0,5705,"C012675",5.042908
"C000951",1,5732,"C012734",4.836438
"C000952",5,21482,"C047883",12.259066
"C000956",1,5732,"C012734",9.527402
"C000957",1,5732,"C012734",4.017873
"C000958",2,868,"C001904",8.926503
"C000959",2,868,"C001904",9.343179
"C000961",4,9961,"C022249",2.328498
"C000963",2,868,"C001904",3.867149
"C000964",0,5705,"C012675",5.800968
"C000966",5,21482,"C047883",1.538278
"C000968",1,5732,"C012734",8.228676
"C000970",3,16827,"C037407",2.464677
"C000973",1,5732,"C012734",7.218797
"C000976",3,16827,"C037407",5.869922
"C000978",2,868,"C001904",2.225824
"C000979",1,5732,"C012734",7.015500
"C000981",2,868,"C001904",5.539877
"C000983",4,9961,"C022249",1.530114
"C000984",0,5705,"C012675",4.929294
"C000986",5,21482,"C047883",15.547058
"C000987",5,21482,"C047883",8.276015
"C000988",1,5732,"C012734",8.984022
"C000990",1,5732,"C012734",10.196818
"C000992",5,21482,"C047883",6.203691
"C000994",2,868,"C001904",1.684473
"C000996",4,9961,"C022249",1.660995
"C000998",1,5732,"C012734",9.567319
"C000999",5,21482,"C047883",7.441510
"C001000",3,16827,"C037407",2.320289
"C001001",1,5732,"C012734",3.234594
"C001003",0,5705,"C012675",4.118423
"C001006",2,868,"C001904",2.202471
"C001007",1,5732,"C012734",5.561724
"C001010",5,21482,"C047883",6.074281
"C001012",0,5705,"C012675",8.463327
"C001013",5,21482,"C047883",9.689501
"C001015",5,21482,"C047883",10.772193
"C001019",5,21482,"C047883",5.963886
"C001020",2,868,"C001904",3.700862
"C001024",0,5705,"C012675",7.171432
"C001025",5,21482,"C047883",11.050526
"C001027",4,9961,"C022249",3.368429
"C001028",5,21482,"C047883",11.717048
"C001029",0,5705,"C012675",6.758770
"C001031",0,5705,"C012675",6.200873
"C001032",0,5705,"C012675",5.010521
"C001033",2,868,"C001904",8.330087
"C001034",2,868,"C001904",7.408163
"C001035",2,868,"C001904",5.826131
"C001038",2,868,"C001904",8.289399
"C001040",0,5705,"C012675",4.996488
"C001041",2,868,"C001904",0.608720
"C001044",3,16827,"C037407",4.146147
"C001046",3,16827,"C037407",1.931805
"C001049",1,5732,"C012734",1.745714
"C001050",1,5732,"C012734",13.196518
"C001052",2,868,"C001904",2.818451
"C001054",0,5705,"C012675",3.779584
"C001056",1,5732,"C012734",8.170380
"C001057",5,21482,"C047883",2.210093
"C001058",0,5705,"C012675",5.457522
"C001059",2,868,"C001904",4.199198
"C001060",1,5732,"C012734",7.319113
"C001065",5,21482,"C047883",14.781462
"C001066",4,9961,"C022249",0.814540
"C001070",0,5705,"C012675",3.050073
"C001071",1,5732,"C012734",2.452902
"C001072",1,5732,"C012734",4.788217
"C001073",1,5732,"C012734",4.429481
"C001075",3,16827,"C037407",2.021970
"C001078",0,5705,"C012675",0.556357
"C001081",5,21482,"C047883",11.715808
"C001082",0,5705,"C012675",1.666595
"C001084",0,5705,"C012675",1.391276
"C001086",5,21482,"C047883",5.371726
"C001087",1,5732,"C012734",3.110234
"C001091",2,868,"C001904",5.293819
"C001092",3,16827,"C037407",4.306504
"C001093",5,21482,"C047883",11.429633
"C001095",0,5705,"C012675",5.693279
"C001096",5,21482,"C047883",0.541057
"C001098",3,16827,"C037407",2.121645
"C001100",2,868,"C001904",7.367135
"C001101",5,21482,"C047883",6.760378
"C001103",1,5732,"C012734",10.586431
"C001105",5,21482,"C047883",8.758379
"C001106",2,868,"C001904",8.583012
"C001107",2,868,"C001904",3.567638
"C001108",3,16827,"C037407",4.730182
"C001113",1,5732,"C012734",15.585003
"C001114",3,16827,"C037407",10.341765
"C001119",4,9961,"C022249",3.301589
"C001120",2,868,"C001904",3.012905
"C001122",2,868,"C001904",6.293582
"C001123",3,16827,"C037407",3.824377
"C001127",0,5705,"C012675",8.322852
"C001128",3,16827,"C037407",6.610246
"C001129",1,5732,"C012734",6.671051
"C001130",1,5732,"C012734",2.959376
"C001131",0,5705,"C012675",3.869060
"C001132",5,21482,"C047883",2.168183
"C001136",5,21482,"C047883",4.340736
"C001144",2,868,"C001904",8.100404
"C001147",1,5732,"C012734",1.819067
"C001149",5,21482,"C047883",2.277188
"C001152",5,21482,"C047883",6.202049
"C001153",1,5732,"C012734",4.815576
"C001155",5,21482,"C047883",3.695973
"C001157",5,21482,"C047883",11.363030
"C001159",1,5732,"C012734",16.462298
"C001165",4,9961,"C022249",3.646121
"C001166",2,868,"C001904",5.094580
"C001167",5,21482,"C047883",4.084331
"C001168",5,21482,"C047883",3.945095
"C001169",4,9961,"C022249",3.995456
"C001171",1,5732,"C012734",13.773504
"C001172",5,21482,"C047883",3.862743
"C001174",3,16827,"C037407",2.423072
"C001175",3,16827,"C037407",2.866482
"C001179",1,5732,"C012734",6.022072
"C001180",4,9961,"C022249",3.638181
"C001181",0,5705,"C012675",7.365043
"C001182",5,21482,"C047883",3.858802
"C001183",3,16827,"C037407",0.863469
"C001184",0,5705,"C012675",4.020830
"C001185",5,21482,"C047883",2.140677
"C001186",2,868,"C001904",5.019248
"C001187",0,5705,"C012675",1.535080
"C001188",1,5732,"C012734",9.126530
"C001190",2,868,"C001904",8.392319
"C001193",1,5732,"C012734",0.964093
"C001195",3,16827,"C037407",6.524949
"C001197",0,5705,"C012675",8.159820
"C001200",5,21482,"C047883",4.363963
"C001206",2,868,"C001904",8.957901
"C001208",2,868,"C001904",4.158208
"C001211",2,868,"C001904",8.798691
"C001213",3,16827,"C037407",4.951752
"C001217",1,5732,"C012734",5.172874
"C001218",4,9961,"C022249",1.279940
"C001222",5,21482,"C047883",1.866786
"C001225",3,16827,"C037407",2.262327
"C001226",3,16827,"C037407",6.921737
"C001232",1,5732,"C012734",4.910939
"C001237",0,5705,"C012675",6.365430
"C001239",0,5705,"C012675",2.325398
"C001240",4,9961,"C022249",4.240064
"C001243",1,5732,"C012734",7.214003
"C001245",5,21482,"C047883",9.658115
"C001246",5,21482,"C047883",4.918200
"C001250",5,21482,"C047883",3.392544
"C001251",4,9961,"C022249",3.696608
"C001252",0,5705,"C012675",7.874416
"C001253",5,21482,"C047883",4.826082
"C001254",2,868,"C001904",3.516147
"C001255",5,21482,"C047883",10.357303
"C001257",1,5732,"C012734",6.911361
"C001258",4,9961,"C022249",4.117929
"C001260",3,16827,"C037407",2.714511
"C001263",5,21482,"C047883",5.848847
"C001265",5,21482,"C047883",12.579636
"C001268",2,868,"C001904",9.044945
"C001269",5,21482,"C047883",14.859937
"C001274",0,5705,"C012675",2.973364
"C001281",1,5732,"C012734",0.941986
"C001282",1,5732,"C012734",6.555537
"C001284",0,5705,"C012675",1.600246
"C001286",2,868,"C001904",2.464391
"C001288",5,21482,"C047883",12.147365
"C001289",1,5732,"C012734",9.271493
"C001290",5,21482,"C047883",4.585113
"C001294",5,21482,"C047883",15.445179
"C001295",3,16827,"C037407",1.385854
"C001296",0,5705,"C012675",3.367225
"C001298",1,5732,"C012734",5.363067
"C001299",5,21482,"C047883",2.482879
"C001301",2,868,"C001904",8.113608
"C001304",5,21482,"C047883",0.954059
"C001305",5,21482,"C047883",2.498788
"C001309",2,868,"C001904",6.613863
"C001311",4,9961,"C022249",2.690700
"C001312",3,16827,"C037407",6.332560
"C001313",4,9961,"C022249",3.746962
"C001314",0,5705,"C012675",4.371810
"C001318",1,5732,"C012734",4.986601
"C001319",5,21482,"C047883",12.910302
"C001323",5,21482,"C047883",9.382242
"C001326",5,21482,"C047883",12.935583
"C001327",3,16827,"C037407",5.422098
"C001328",2,868,"C001904",6.303907
"C001330",2,868,"C001904",11.098544
"C001331",4,9961,"C022249",5.271833
"C001336",3,16827,"C037407",3.189770
"C001337",5,21482,"C047883",7.051201
"C001338",3,16827,"C037407",7.953989
"C001342",2,868,"C001904",1.313514
"C001345",4,9961,"C022249",4.190411
"C001348",4,9961,"C022249",1.058749
"C001349",1,5732,"C012734",12.346555
"C001357",5,21482,"C047883",4.597829
"C001358",0,5705,"C012675",0.798352
"C001359",5,21482,"C047883",2.905133
"C001360",5,21482,"C047883",10.694905
"C001361",0,5705,"C012675",5.855500
"C001364",4,9961,"C022249",1.959334
"C001365",0,5705,"C012675",1.631475
"C001368",5,21482,"C047883",14.550847
"C001370",1,5732,"C012734",2.979341
"C001372",2,868,"C001904",5.203701
"C001376",1,5732,"C012734",11.798343
"C001378",0,5705,"C012675",4.268304
"C001382",5,21482,"C047883",0.103899
"C001385",2,868,"C001904",6.935123
"C001388",1,5732,"C012734",16.286334
"C001389",4,9961,"C022249",5.814254
"C001391",3,16827,"C037407",3.730807
"C001394",3,16827,"C037407",1.287932
"C001397",4,9961,"C022249",5.160392
"C001403",2,868,"C001904",6.234849
"C001405",2,868,"C001904",6.865400
"C001409",2,868,"C001904",7.277873
"C001412",4,9961,"C022249",3.106296
"C001417",5,21482,"C047883",8.135723
"C001419",0,5705,"C012675",1.513508
"C001423",0,5705,"C012675",7.750810
"C001426",1,5732,"C012734",1.974961
"C001430",0,5705,"C012675",2.236177
"C001431",1,5732,"C012734",15.520533
"C001433",0,5705,"C012675",8.979879
"C001434",0,5705,"C012675",7.312719
"C001435",4,9961,"C022249",3.692590
"C001437",5,21482,"C047883",12.335325
"C001439",5,21482,"C047883",11.521844
"C001443",0,5705,"C012675",6.356717
"C001445",1,5732,"C012734",12.252675
"C001451",3,16827,"C037407",1.802386
"C001452",1,5732,"C012734",8.182370
"C001454",3,16827,"C037407",6.077620
"C001459",2,868,"C001904",6.765341
"C001462",5,21482,"C047883",3.325817
"C001463",3,16827,"C037407",8.919174
"C001464",5,21482,"C047883",9.934743
"C001467",5,21482,"C047883",5.565427
"C001468",2,868,"C001904",2.095248
"C001469",1,5732,"C012734",11.922006
"C001471",1,5732,"C012734",2.048859
"C001473",1,5732,"C012734",5.623039
"C001476",3,16827,"C037407",8.517057
"C001477",0,5705,"C012675",3.716921
"C001482",4,9961,"C022249",2.648873
"C001485",3,16827,"C037407",2.989286
"C001486",0,5705,"C012675",0.941605
"C001487",1,5732,"C012734",3.873682
"C001490",1,5732,"C012734",3.303216
"C001492",2,868,"C001904",10.091299
"C001493",1,5732,"C012734",16.593462
"C001494",2,868,"C001904",6.637501
"C001497",0,5705,"C012675",3.848418
"C001498",0,5705,"C012675",5.596058
"C001500",5,21482,"C047883",3.396902
"C001502",5,21482,"C047883",2.297312
"C001506",0,5705,"C012675",4.866760
"C001507",2,868,"C001904",11.701742
"C001508",5,21482,"C047883",5.304396
"C001511",4,9961,"C022249",2.265566
"C001512",3,16827,"C037407",7.787956
"C001513",5,21482,"C047883",9.054826
"C001521",1,5732,"C012734",7.028984
"C001522",4,9961,"C022249",4.783581
"C001524",4,9961,"C022249",1.753052
"C001527",5,21482,"C047883",12.578591
"C001530",2,868,"C001904",8.013099
"C001531",4,9961,"C022249",6.683033
"C001533",2,868,"C001904",2.445450
"C001534",0,5705,"C012675",4.159576
"C001536",5,21482,"C047883",3.633497
"C001540",2,868,"C001904",2.282873
"C001543",4,9961,"C022249",8.371960
"C001545",0,5705,"C012675",3.920165
"C001546",0,5705,"C012675",6.328864
"C001548",2,868,"C001904",3.634502
"C001549",5,21482,"C047883",1.970956
"C001550",1,5732,"C012734",13.215965
"C001551",2,868,"C001904",2.838047
"C001552",2,868,"C001904",2.511557
"C001554",2,868,"C001904",3.925248
"C001555",2,868,"C001904",5.767181
"C001557",1,5732,"C012734",6.191376
"C001559",1,5732,"C012734",5.140612
"C001562",5,21482,"C047883",1.739943
"C001563",4,9961,"C022249",3.799615
"C001564",4,9961,"C022249",4.456555
"C001565",4,9961,"C022249",3.799047
"C001568",2,868,"C001904",8.770815
"C001573",0,5705,"C012675",7.879528
"C001575",5,21482,"C047883",4.660971
"C001576",0,5705,"C012675",5.727077
"C001581",3,16827,"C037407",2.469200
"C001582",3,16827,"C037407",6.381627
"C001583",3,16827,"C037407",7.160628
"C001587",5,21482,"C047883",10.659880
"C001589",0,5705,"C012675",0.473903
"C001590",2,868,"C001904",5.971459
"C001595",3,16827,"C037407",5.972351
"C001598",2,868,"C001904",7.442698
"C001602",0,5705,"C012675",4.548618
"C001603",5,21482,"C047883",11.756169
"C001607",3,16827,"C037407",8.282199
"C001610",1,5732,"C012734",2.628195
"C001611",5,21482,"C047883",5.135376
"C001612",3,16827,"C037407",10.342191
"C001613",1,5732,"C012734",2.666558
"C001614",0,5705,"C012675",10.598222
"C001615",5,21482,"C047883",5.357164
"C001616",4,9961,"C022249",5.251002
"C001618",1,5732,"C012734",8.632366
"C001622",2,868,"C001904",3.635334
"C001625",1,5732,"C012734",9.590533
"C001628",5,21482,"C047883",2.959214
"C001629",0,5705,"C012675",7.136125
"C001633",5,21482,"C047883",10.723360
"C001635",1,5732,"C012734",17.107943
"C001636",1,5732,"C012734",6.569354
"C001638",3,16827,"C037407",7.707524
"C001639",3,16827,"C037407",3.992205
"C001641",5,21482,"C047883",11.172598
"C001644",0,5705,"C012675",4.250279
"C001649",4,9961,"C022249",2.549819
"C001651",0,5705,"C012675",6.042981
"C001654",0,5705,"C012675",4.758241
"C001659",2,868,"C001904",9.557601
"C001660",0,5705,"C012675",9.693408
"C001662",2,868,"C001904",5.063331
"C001664",0,5705,"C012675",6.894885
"C001666",1,5732,"C012734",7.939912
"C001675",0,5705,"C012675",3.073739
"C001677",1,5732,"C012734",3.909185
"C001678",0,5705,"C012675",4.975826
"C001679",0,5705,"C012675",7.740109
"C001680",1,5732,"C012734",13.550598
"C001682",4,9961,"C022249",9.136066
"C001684",1,5732,"C012734",5.184452
"C001686",0,5705,"C012675",4.171274
"C001687",3,16827,"C037407",2.326166
"C001689",2,868,"C001904",7.026495
"C001691",2,868,"C001904",3.731461
"C001693",5,21482,"C047883",7.557250
"C001694",4,9961,"C022249",4.019693
"C001697",1,5732,"C012734",3.278825
"C001702",3,16827,"C037407",5.347149
"C001703",4,9961,"C022249",4.564425
"C001706",4,9961,"C022249",0.931232
"C001708",1,5732,"C012734",12.323917
"C001709",2,868,"C001904",8.634777
"C001710",4,9961,"C022249",6.105188
"C001714",4,9961,"C022249",4.692853
"C001715",0,5705,"C012675",3.927238
"C001717",4,9961,"C022249",2.014879
"C001718",2,868,"C001904",10.280290
"C001719",3,16827,"C037407",2.691646
"C001722",1,5732,"C012734",2.492330
"C001725",1,5732,"C012734",2.463574
"C001726",0,5705,"C012675",9.512842
"C001729",0,5705,"C012675",7.839585
"C001732",3,16827,"C037407",7.018184
"C001735",5,21482,"C047883",2.870605
"C001736",0,5705,"C012675",6.995296
"C001737",1,5732,"C012734",6.535442
"C001741",1,5732,"C012734",5.950806
"C001748",1,5732,"C012734",3.887779
"C001750",3,16827,"C037407",2.869932
"C001755",1,5732,"C012734",4.392321
"C001758",1,5732,"C012734",4.446565
"C001761",5,21482,"C047883",8.554438
"C001762",1,5732,"C012734",7.416134
"C001763",1,5732,"C012734",3.784875
"C001765",2,868,"C001904",2.921189
"C001766",3,16827,"C037407",3.891498
"C001767",0,5705,"C012675",6.322341
"C001768",2,868,"C001904",11.291664
"C001769",5,21482,"C047883",5.847997
"C001771",0,5705,"C012675",5.266775
"C001772",4,9961,"C022249",4.012873
"C001774",0,5705,"C012675",1.478888
"C001775",0,5705,"C012675",5.930133
"C001779",5,21482,"C047883",5.922431
"C001780",1,5732,"C012734",2.458331
"C001781",1,5732,"C012734",12.472010
"C001783",1,5732,"C012734",7.268370
"C001784",4,9961,"C022249",3.868116
"C001787",2,868,"C001904",7.552814
"C001788",5,21482,"C047883",2.822625
"C001789",3,16827,"C037407",4.196954
"C001791",4,9961,"C022249",6.323019
"C001792",0,5705,"C012675",3.647250
"C001796",4,9961,"C022249",6.939487
"C001797",0,5705,"C012675",4.693605
"C001801",2,868,"C001904",0.973604
"C001803",4,9961,"C022249",1.529584
"C001806",2,868,"C001904",6.033200
"C001809",5,21482,"C047883",11.819188
"C001811",0,5705,"C012675",2.855272
"C001812",1,5732,"C012734",6.165616
"C001813",1,5732,"C012734",2.827187
"C001814",2,868,"C001904",5.090010
"C001815",5,21482,"C047883",6.798867
"C001817",5,21482,"C047883",5.306778
"C001819",1,5732,"C012734",3.263589
"C001822",3,16827,"C037407",9.567117
"C001823",0,5705,"C012675",5.943531
"C001831",4,9961,"C022249",3.266373
"C001832",0,5705,"C012675",1.681077
"C001834",5,21482,"C047883",10.121435
"C001843",2,868,"C001904",4.626187
"C001845",0,5705,"C012675",2.517118
"C001849",0,5705,"C012675",6.437344
"C001851",1,5732,"C012734",13.747697
"C001853",2,868,"C001904",3.043843
"C001855",3,16827,"C037407",4.973859
"C001856",4,9961,"C022249",3.183197
"C001859",5,21482,"C047883",10.736714
"C001861",1,5732,"C012734",5.912421
"C001867",5,21482,"C047883",6.965474
"C001869",0,5705,"C012675",1.453256
"C001872",1,5732,"C012734",4.616713
"C001875",1,5732,"C012734",11.257831
"C001878",0,5705,"C012675",4.843987
"C001879",0,5705,"C012675",7.184673
"C001880",4,9961,"C022249",5.169266
"C001882",4,9961,"C022249",2.628875
"C001884",5,21482,"C047883",2.858762
"C001885",0,5705,"C012675",4.178419
"C001886",1,5732,"C012734",5.259313
"C001890",4,9961,"C022249",2.089333
"C001891",5,21482,"C047883",11.745543
"C001893",5,21482,"C047883",11.122242
"C001896",2,868,"C001904",10.600371
"C001899",1,5732,"C012734",3.919164
"C001900",4,9961,"C022249",4.096511
"C001901",3,16827,"C037407",4.577101
"C001904",2,868,"C001904",0.000000
"C001907",0,5705,"C012675",6.436109
"C001910",2,868,"C001904",5.751565
"C001914",5,21482,"C047883",9.141050
"C001915",1,5732,"C012734",13.081707
"C001916",1,5732,"C012734",7.789436
"C001917",5,21482,"C047883",10.496497
"C001918",2,868,"C001904",5.290688
"C001919",1,5732,"C012734",3.636888
"C001925",3,16827,"C037407",4.586200
"C001928",5,21482,"C047883",6.001438
"C001929",4,9961,"C022249",4.373566
"C001938",0,5705,"C012675",3.847226
"C001941",3,16827,"C037407",5.783368
"C001946",4,9961,"C022249",4.856888
"C001947",2,868,"C001904",9.038635
"C001952",1,5732,"C012734",3.600588
"C001954",2,868,"C001904",1.420887
"C001959",1,5732,"C012734",0.615186
"C001960",1,5732,"C012734",3.531964
"C001961",2,868,"C001904",5.021080
"C001962",1,5732,"C012734",15.075785
"C001964",2,868,"C001904",3.740440
"C001965",0,5705,"C012675",5.292430
"C001966",5,21482,"C047883",4.659079
"C001967",1,5732,"C012734",12.196096
"C001968",3,16827,"C037407",3.349366
"C001971",2,868,"C001904",4.534265
"C001972",5,21482,"C047883",3.598673
"C001974",1,5732,"C012734",2.112867
"C001977",2,868,"C001904",3.438056
"C001978",5,21482,"C047883",1.210446
"C001979",1,5732,"C012734",9.336886
"C001980",1,5732,"C012734",2.990636
"C001981",3,16827,"C037407",8.221969
"C001983",5,21482,"C047883",9.468019
"C001984",1,5732,"C012734",12.100226
"C001986",3,16827,"C037407",2.298899
"C001987",5,21482,"C047883",4.928820
"C001989",1,5732,"C012734",7.787357
"C001990",0,5705,"C012675",6.949931
"C001996",1,5732,"C012734",1.879160
"C001998",1,5732,"C012734",5.449298
"C002000",5,21482,"C047883",10.036744
"C002001",0,5705,"C012675",2.007273
"C002002",0,5705,"C012675",6.871514
"C002003",0,5705,"C012675",6.731458
"C002008",5,21482,"C047883",11.858640
"C002010",2,868,"C001904",4.377539
"C002011",3,16827,"C037407",6.674304
"C002012",3,16827,"C037407",2.873041
"C002018",4,9961,"C022249",3.301725
"C002022",5,21482,"C047883",10.781994
"C002023",4,9961,"C022249",2.842172
"C002027",3,16827,"C037407",1.226756
"C002029",0,5705,"C012675",4.306413
"C002032",4,9961,"C022249",4.517470
"C002034",5,21482,"C047883",2.428759
"C002035",5,21482,"C047883",4.164005
"C002037",0,5705,"C012675",7.245224
"C002041",2,868,"C001904",3.088081
"C002043",2,868,"C001904",7.797251
"C002047",4,9961,"C022249",1.016586
"C002048",1,5732,"C012734",10.719644
"C002054",2,868,"C001904",3.928542
"C002055",5,21482,"C047883",11.090952
"C002056",0,5705,"C012675",0.688213
"C002058",1,5732,"C012734",1.385972
"C002061",4,9961,"C022249",3.966108
"C002063",4,9961,"C022249",4.420415
"C002064",0,5705,"C012675",5.803231
"C002065",4,9961,"C022249",1.538864
"C002069",0,5705,"C012675",6.592410
"C002070",1,5732,"C012734",6.749963
"C002072",4,9961,"C022249",2.956911
"C002074",0,5705,"C012675",1.534581
"C002076",5,21482,"C047883",12.432179
"C002080",0,5705,"C012675",8.561299
"C002081",3,16827,"C037407",2.194096
"C002082",5,21482,"C047883",10.265601
"C002083",1,5732,"C012734",12.813385
"C002087",1,5732,"C012734",7.708902
"C002088",2,868,"C001904",8.912316
"C002089",5,21482,"C047883",3.196214
"C002090",0,5705,"C012675",5.521818
"C002093",0,5705,"C012675",8.420096
"C002094",4,9961,"C022249",6.976542
"C002095",0,5705,"C012675",8.404753
"C002098",5,21482,"C047883",1.780312
"C002102",5,21482,"C047883",10.986229
"C002104",3,16827,"C037407",7.622864
"C002106",5,21482,"C047883",11.799485
"C002107",4,9961,"C022249",4.592747
"C002108",5,21482,"C047883",4.366383
"C002109",0,5705,"C012675",4.926259
"C002110",3,16827,"C037407",1.222804
"C002111",1,5732,"C012734",3.670881
"C002114",2,868,"C001904",3.922701
"C002115",2,868,"C001904",3.620795
"C002118",0,5705,"C012675",9.793775
"C002124",0,5705,"C012675",2.560191
"C002125",0,5705,"C012675",3.591707
"C002126",4,9961,"C022249",2.816766
"C002128",1,5732,"C012734",5.876237
"C002129",0,5705,"C012675",3.216240
"C002131",4,9961,"C022249",1.051696
"C002133",2,868,"C001904",10.053122
"C002136",1,5732,"C012734",2.133627
"C002138",4,9961,"C022249",5.392909
"C002139",2,868,"C001904",7.412559
"C002143",0,5705,"C012675",4.242208
"C002147",5,21482,"C047883",6.457863
"C002148",5,21482,"C047883",9.827868
"C002152",0,5705,"C012675",2.666244
"C002154",5,21482,"C047883",2.748533
"C002159",5,21482,"C047883",6.049958
"C002160",0,5705,"C012675",5.403269
"C002161",0,5705,"C012675",3.692140
"C002163",2,868,"C001904",9.879391
"C002165",0,5705,"C012675",1.879422
"C002166",5,21482,"C047883",7.074242
"C002167",1,5732,"C012734",3.070929
"C002168",1,5732,"C012734",16.866824
"C002169",5,21482,"C047883",9.046678
"C002170",0,5705,"C012675",8.070113
"C002172",0,5705,"C012675",9.022086
"C002178",5,21482,"C047883",5.180262
"C002179",0,5705,"C012675",4.219227
"C002183",4,9961,"C022249",3.553906
"C002188",2,868,"C001904",10.064473
"C002192",0,5705,"C012675",1.326177
"C002200",5,21482,"C047883",6.279042
"C002201",1,5732,"C012734",13.056878
"C002203",3,16827,"C037407",5.228523
"C002204",1,5732,"C012734",3.765418
"C002205",2,868,"C001904",1.736408
"C002206",1,5732,"C012734",7.400552
"C002207",1,5732,"C012734",1.966244
"C002209",0,5705,"C012675",2.064262
"C002211",0,5705,"C012675",6.060020
"C002212",0,5705,"C012675",8.024942
"C002217",5,21482,"C047883",12.154116
"C002218",5,21482,"C047883",4.255977
"C002220",1,5732,"C012734",10.071013
"C002221",0,5705,"C012675",6.809017
"C002222",2,868,"C001904",7.033929
"C002225",4,9961,"C022249",6.879232
"C002226",5,21482,"C047883",11.820754
"C002227",2,868,"C001904",7.587810
"C002228",2,868,"C001904",2.362002
"C002229",4,9961,"C022249",4.225251
"C002230",5,21482,"C047883",4.705056
"C002233",2,868,"C001904",7.945990
"C002234",1,5732,"C012734",11.418680
"C002235",2,868,"C001904",3.254848
"C002238",2,868,"C001904",4.739570
"C002239",5,21482,"C047883",12.512297
"C002241",5,21482,"C047883",4.748523
"C002243",4,9961,"C022249",3.697453
"C002245",0,5705,"C012675",4.421501
"C002246",2,868,"C001904",3.845198
"C002247",2,868,"C001904",4.502508
"C002251",5,21482,"C047883",4.363218
"C002252",0,5705,"C012675",7.671461
"C002255",3,16827,"C037407",7.338670
"C002258",0,5705,"C012675",2.919456
"C002259",3,16827,"C037407",7.150406
"C002260",5,21482,"C047883",10.309623
"C002261",0,5705,"C012675",5.611059
"C002262",2,868,"C001904",11.911467
"C002265",1,5732,"C012734",2.497326
"C002268",2,868,"C001904",8.472289
"C002270",3,16827,"C037407",3.703465
"C002271",1,5732,"C012734",5.658065
"C002273",4,9961,"C022249",3.569564
"C002274",5,21482,"C047883",12.825568
"C002275",5,21482,"C047883",10.438954
"C002277",3,16827,"C037407",6.578049
"C002279",5,21482,"C047883",4.778002
"C002281",0,5705,"C012675",5.915937
"C002282",5,21482,"C047883",4.009113
"C002283",1,5732,"C012734",6.951493
"C002284",5,21482,"C047883",3.812585
"C002292",3,16827,"C037407",3.343313
"C002294",5,21482,"C047883",10.497496
"C002295",0,5705,"C012675",8.325802
"C002300",2,868,"C001904",7.705183
"C002301",2,868,"C001904",4.005246
"C002304",5,21482,"C047883",12.089868
"C002307",3,16827,"C037407",3.255063
"C002310",5,21482,"C047883",8.582252
"C002311",4,9961,"C022249",0.664848
"C002314",1,5732,"C012734",4.499222
"C002315",2,868,"C001904",3.846842
"C002320",5,21482,"C047883",13.150859
"C002322",0,5705,"C012675",6.495353
"C002325",0,5705,"C012675",4.645711
"C002328",5,21482,"C047883",4.883251
"C002331",2,868,"C001904",4.591536
"C002332",5,21482,"C047883",11.555025
"C002333",1,5732,"C012734",7.889984
"C002335",5,21482,"C047883",2.157876
"C002336",0,5705,"C012675",7.194071
"C002338",1,5732,"C012734",2.282858
"C002339",1,5732,"C012734",10.822737
"C002341",5,21482,"C047883",15.608430
"C002346",0,5705,"C012675",4.963043
"C002347",4,9961,"C022249",4.077707
"C002348",4,9961,"C022249",4.724514
"C002350",2,868,"C001904",4.469524
"C002355",4,9961,"C022249",4.125341
"C002360",0,5705,"C012675",7.287389
"C002361",5,21482,"C047883",6.545383
"C002362",4,9961,"C022249",1.832175
"C002363",1,5732,"C012734",4.011490
"C002365",4,9961,"C022249",3.920039
"C002368",0,5705,"C012675",6.148526
"C002371",3,16827,"C037407",2.872948
"C002373",5,21482,"C047883",9.874032
"C002374",2,868,"C001904",4.951723
"C002376",5,21482,"C047883",3.299906
"C002378",5,21482,"C047883",10.431274
"C002381",0,5705,"C012675",8.819496
"C002385",2,868,"C001904",9.907571
"C002390",1,5732,"C012734",6.921545
"C002391",5,21482,"C047883",2.513752
"C002393",5,21482,"C047883",2.803364
"C002396",1,5732,"C012734",7.039760
"C002397",5,21482,"C047883",12.315628
"C002398",2,868,"C001904",3.881221
"C002399",1,5732,"C012734",7.626194
"C002403",1,5732,"C012734",3.208472
"C002404",5,21482,"C047883",12.124294
"C002405",2,868,"C001904",0.588289
"C002406",0,5705,"C012675",1.239496
"C002408",3,16827,"C037407",8.538003
"C002410",0,5705,"C012675",5.184389
"C002412",0,5705,"C012675",4.561289
"C002413",1,5732,"C012734",8.079040
"C002415",1,5732,"C012734",8.996605
"C002416",4,9961,"C022249",2.718635
"C002417",5,21482,"C047883",7.587300
"C002418",4,9961,"C022249",1.326168
"C002419",2,868,"C001904",5.970530
"C002422",2,868,"C001904",10.979834
"C002423",1,5732,"C012734",6.606342
"C002424",0,5705,"C012675",5.056004
"C002425",3,16827,"C037407",2.647801
"C002427",0,5705,"C012675",6.368813
"C002429",0,5705,"C012675",2.475775
"C002434",1,5732,"C012734",5.227911
"C002436",2,868,"C001904",7.725772
"C002440",5,21482,"C047883",2.119378
"C002443",3,16827,"C037407",5.944425
"C002444",1,5732,"C012734",7.504969
"C002446",5,21482,"C047883",6.896539
"C002449",0,5705,"C012675",5.925084
"C002452",1,5732,"C012734",5.678635
"C002454",3,16827,"C037407",8.433301
"C002456",4,9961,"C022249",1.387940
"C002463",1,5732,"C012734",6.288516
"C002465",5,21482,"C047883",5.859759
"C002467",5,21482,"C047883",3.876403
"C002473",1,5732,"C012734",4.309279
"C002474",2,868,"C001904",11.007592
"C002479",2,868,"C001904",11.109912
"C002480",3,16827,"C037407",4.182979
"C002481",1,5732,"C012734",4.301725
"C002483",3,16827,"C037407",3.259427
"C002487",1,5732,"C012734",15.236114
"C002489",1,5732,"C012734",7.225645
"C002494",4,9961,"C022249",1.620181
"C002495",5,21482,"C047883",1.844710
"C002499",3,16827,"C037407",3.585254
"C002501",2,868,"C001904",6.545532
"C002503",5,21482,"C047883",1.499523
"C002506",3,16827,"C037407",1.484253
"C002510",4,9961,"C022249",2.105377
"C002511",4,9961,"C022249",5.183494
"C002514",5,21482,"C047883",11.450420
"C002515",1,5732,"C012734",5.865821
"C002516",0,5705,"C012675",7.663476
"C002517",2,868,"C001904",2.926696
"C002522",3,16827,"C037407",2.759419
"C002523",1,5732,"C012734",11.169016
"C002524",3,16827,"C037407",3.171906
"C002527",0,5705,"C012675",2.886306
"C002534",5,21482,"C047883",0.993887
"C002536",1,5732,"C012734",3.300441
"C002537",5,21482,"C047883",1.222817
"C002538",5,21482,"C047883",6.721291
"C002540",0,5705,"C012675",3.075118
"C002543",5,21482,"C047883",13.085493
"C002545",2,868,"C001904",10.021563
"C002547",5,21482,"C047883",5.678762
"C002548",4,9961,"C022249",5.009269
"C002549",5,21482,"C047883",6.971195
"C002551",1,5732,"C012734",8.382421
"C002553",1,5732,"C012734",6.253273
"C002554",4,9961,"C022249",3.778498
"C002558",4,9961,"C022249",4.751209
"C002560",1,5732,"C012734",8.209577
"C002564",0,5705,"C012675",9.630759
"C002565",0,5705,"C012675",9.356784
"C002571",5,21482,"C047883",6.596306
"C002572",2,868,"C001904",5.480463
"C002574",2,868,"C001904",0.969202
"C002575",2,868,"C001904",4.178661
"C002576",5,21482,"C047883",4.664110
"C002577",1,5732,"C012734",7.432609
"C002578",1,5732,"C012734",1.019538
"C002582",2,868,"C001904",5.395063
"C002584",0,5705,"C012675",4.455571
"C002586",2,868,"C001904",4.506001
"C002588",1,5732,"C012734",12.819322
"C002590",5,21482,"C047883",8.135314
"C002592",0,5705,"C012675",4.891986
"C002594",5,21482,"C047883",8.057693
"C002595",0,5705,"C012675",4.079686
"C002596",3,16827,"C037407",5.800711
"C002600",5,21482,"C047883",6.618915
"C002601",3,16827,"C037407",4.660782
"C002602",2,868,"C001904",9.391279
"C002604",0,5705,"C012675",2.487004
"C002605",1,5732,"C012734",6.037847
"C002606",3,16827,"C037407",7.153401
"C002609",1,5732,"C012734",8.170469
"C002610",2,868,"C001904",4.799448
"C002614",5,21482,"C047883",3.117367
"C002616",3,16827,"C037407",1.242529
"C002618",1,5732,"C012734",9.646074
"C002620",1,5732,"C012734",3.076091
"C002622",5,21482,"C047883",11.470235
"C002625",4,9961,"C022249",3.673730
"C002631",2,868,"C001904",12.199468
"C002633",2,868,"C001904",5.691581
"C002634",1,5732,"C012734",8.818491
"C002637",5,21482,"C047883",11.462214
"C002639",2,868,"C001904",9.853759
"C002640",1,5732,"C012734",2.245982
"C002642",3,16827,"C037407",1.685497
"C002646",0,5705,"C012675",6.620741
"C002648",4,9961,"C022249",4.075837
"C002650",3,16827,"C037407",5.775853
"C002655",1,5732,"C012734",7.695293
"C002656",0,5705,"C012675",4.230849
"C002658",2,868,"C001904",11.714651
"C002661",5,21482,"C047883",3.323751
"C002665",5,21482,"C047883",7.747895
"C002666",2,868,"C001904",1.539172
"C002669",1,5732,"C012734",5.410260
"C002675",3,16827,"C037407",4.888846
"C002676",2,868,"C001904",3.891524
"C002681",5,21482,"C047883",3.093372
"C002682",5,21482,"C047883",10.206364
"C002683",0,5705,"C012675",6.792492
"C002685",4,9961,"C022249",3.235027
"C002686",5,21482,"C047883",1.016658
"C002695",1,5732,"C012734",7.613580
"C002696",0,5705,"C012675",3.400152
"C002699",5,21482,"C047883",12.625213
"C002700",4,9961,"C022249",0.634249
"C002701",5,21482,"C047883",13.523952
"C002703",5,21482,"C047883",5.570440
"C002704",4,9961,"C022249",3.603333
"C002705",5,21482,"C047883",2.496203
"C002708",2,868,"C001904",0.959825
"C002713",5,21482,"C047883",3.116733
"C002714",3,16827,"C037407",0.970233
"C002720",5,21482,"C047883",5.294361
"C002721",5,21482,"C047883",1.877843
"C002722",0,5705,"C012675",1.505331
"C002726",4,9961,"C022249",2.116049
"C002728",5,21482,"C047883",1.668023
"C002731",0,5705,"C012675",6.877736
"C002733",3,16827,"C037407",7.027245
"C002734",1,5732,"C012734",6.803080
"C002735",0,5705,"C012675",7.708035
"C002738",1,5732,"C012734",0.492160
"C002739",5,21482,"C047883",8.863587
"C002740",5,21482,"C047883",4.301177
"C002742",0,5705,"C012675",4.338553
"C002753",4,9961,"C022249",3.953857
"C002754",3,16827,"C037407",2.208697
"C002757",1,5732,"C012734",6.224222
"C002760",5,21482,"C047883",13.420969
"C002762",5,21482,"C047883",10.666063
"C002763",4,9961,"C022249",4.658904
"C002765",2,868,"C001904",7.626219
"C002766",4,9961,"C022249",2.777657
"C002769",1,5732,"C012734",3.026730
"C002773",2,868,"C001904",9.388454
"C002777",5,21482,"C047883",6.304904
"C002778",5,21482,"C047883",4.200943
"C002779",3,16827,"C037407",6.024121
"C002784",3,16827,"C037407",4.468331
"C002789",2,868,"C001904",7.386059
"C002791",3,16827,"C037407",0.380165
"C002792",1,5732,"C012734",6.005579
"C002794",1,5732,"C012734",15.472578
"C002796",3,16827,"C037407",1.788360
"C002798",2,868,"C001904",7.440373
"C002800",0,5705,"C012675",3.828766
"C002805",1,5732,"C012734",14.243390
"C002807",2,868,"C001904",7.816863
"C002810",2,868,"C001904",2.589229
"C002812",2,868,"C001904",10.584734
"C002816",0,5705,"C012675",10.387379
"C002817",4,9961,"C022249",4.383889
"C002818",5,21482,"C047883",14.569840
"C002819",1,5732,"C012734",10.745123
"C002822",0,5705,"C012675",7.286251
"C002824",4,9961,"C022249",4.503334
"C002830",5,21482,"C047883",6.156423
"C002831",1,5732,"C012734",5.656942
"C002832",3,16827,"C037407",1.682860
"C002834",2,868,"C001904",3.180460
"C002836",4,9961,"C022249",2.362947
"C002841",0,5705,"C012675",9.194770
"C002842",4,9961,"C022249",3.627021
"C002843",5,21482,"C047883",3.856405
"C002847",0,5705,"C012675",6.009262
"C002850",2,868,"C001904",2.877297
"C002852",5,21482,"C047883",11.746481
"C002853",1,5732,"C012734",4.939120
"C002854",5,21482,"C047883",5.130729
"C002857",5,21482,"C047883",10.517603
"C002860",5,21482,"C047883",7.845797
"C002862",4,9961,"C022249",2.322846
"C002863",4,9961,"C022249",0.859163
"C002864",0,5705,"C012675",4.480942
"C002866",5,21482,"C047883",3.650422
"C002868",1,5732,"C012734",5.609817
"C002869",0,5705,"C012675",2.593178
"C002871",1,5732,"C012734",12.594929
"C002873",1,5732,"C012734",4.541918
"C002874",1,5732,"C012734",7.871013
"C002878",5,21482,"C047883",2.097552
"C002880",1,5732,"C012734",7.935384
"C002882",5,21482,"C047883",13.161459
"C002887",0,5705,"C012675",4.165598
"C002888",3,16827,"C037407",9.437174
"C002893",0,5705,"C012675",1.819152
"C002895",5,21482,"C047883",11.228452
"C002899",1,5732,"C012734",7.350836
"C002900",3,16827,"C037407",4.279364
"C002902",2,868,"C001904",5.711261
"C002903",1,5732,"C012734",11.878808
"C002904",5,21482,"C047883",7.740996
"C002906",1,5732,"C012734",6.651818
"C002910",4,9961,"C022249",1.515594
"C002913",1,5732,"C012734",4.993520
"C002914",4,9961,"C022249",2.693774
"C002915",1,5732,"C012734",1.333742
"C002921",2,868,"C001904",10.429826
"C002926",4,9961,"C022249",3.950611
"C002927",3,16827,"C037407",2.493176
"C002929",3,16827,"C037407",2.693310
"C002931",2,868,"C001904",9.635112
"C002934",0,5705,"C012675",4.430654
"C002936",5,21482,"C047883",2.832434
"C002937",4,9961,"C022249",5.009906
"C002938",5,21482,"C047883",4.946027
"C002943",1,5732,"C012734",1.174348
"C002945",1,5732,"C012734",10.044771
"C002950",5,21482,"C047883",7.600611
"C002953",4,9961,"C022249",3.992228
"C002955",0,5705,"C012675",1.660358
"C002957",5,21482,"C047883",13.290369
"C002959",2,868,"C001904",8.583068
"C002961",1,5732,"C012734",16.221547
"C002963",0,5705,"C012675",2.269518
"C002965",3,16827,"C037407",2.669554
"C002967",5,21482,"C047883",15.770789
"C002971",1,5732,"C012734",1.292230
"C002976",2,868,"C001904",0.939345
"C002977",5,21482,"C047883",4.176980
"C002979",5,21482,"C047883",8.928367
"C002987",2,868,"C001904",7.828963
"C002988",1,5732,"C012734",7.776354
"C002990",3,16827,"C037407",2.373720
"C002991",1,5732,"C012734",0.726276
"C002993",2,868,"C001904",3.871403
"C002995",4,9961,"C022249",0.997074
"C002998",1,5732,"C012734",2.753293
"C003000",1,5732,"C012734",7.061391
"C003003",4,9961,"C022249",4.457809
"C003008",5,21482,"C047883",15.440493
"C003009",2,868,"C001904",4.180973
"C003012",2,868,"C001904",7.001879
"C003013",5,21482,"C047883",11.440411
"C003015",5,21482,"C047883",9.899711
"C003016",5,21482,"C047883",12.067283
"C003021",5,21482,"C047883",6.643292
"C003022",2,868,"C001904",11.376448
"C003031",5,21482,"C047883",10.829414
"C003032",1,5732,"C012734",7.444132
"C003037",0,5705,"C012675",8.183909
"C003038",4,9961,"C022249",4.259188
"C003040",4,9961,"C022249",3.003799
"C003041",2,868,"C001904",4.291016
"C003043",2,868,"C001904",3.181058
"C003044",5,21482,"C047883",11.199928
"C003045",3,16827,"C037407",6.186286
"C003046",0,5705,"C012675",4.442825
"C003047",1,5732,"C012734",10.539825
"C003049",4,9961,"C022249",3.098572
"C003051",2,868,"C001904",3.752285
"C003052",5,21482,"C047883",13.646102
"C003053",5,21482,"C047883",11.816785
"C003054",3,16827,"C037407",3.802210
"C003058",3,16827,"C037407",7.664641
"C003059",0,5705,"C012675",6.345548
"C003061",4,9961,"C022249",3.332846
"C003062",4,9961,"C022249",4.295572
"C003065",5,21482,"C047883",10.640692
"C003069",1,5732,"C012734",4.632581
"C003070",0,5705,"C012675",6.642002
"C003071",2,868,"C001904",6.859430
"C003073",1,5732,"C012734",16.445738
"C003076",2,868,"C001904",6.914547
"C003079",1,5732,"C012734",12.547198
"C003080",3,16827,"C037407",5.146471
"C003083",3,16827,"C037407",4.335609
"C003085",1,5732,"C012734",14.387246
"C003088",2,868,"C001904",9.609328
"C003091",0,5705,"C012675",7.328321
"C003092",0,5705,"C012675",4.994511
"C003102",5,21482,"C047883",2.359168
"C003105",5,21482,"C047883",9.559633
"C003106",5,21482,"C047883",11.004652
"C003107",4,9961,"C022249",4.437082
"C003109",0,5705,"C012675",6.609500
"C003116",4,9961,"C022249",4.311022
"C003118",1,5732,"C012734",5.845235
"C003120",1,5732,"C012734",2.684379
"C003121",3,16827,"C037407",3.028229
"C003122",0,5705,"C012675",8.530935
"C003124",1,5732,"C012734",16.306892
"C003125",3,16827,"C037407",7.579718
"C003126",5,21482,"C047883",2.012984
"C003127",2,868,"C001904",3.377659
"C003128",4,9961,"C022249",2.648027
"C003129",5,21482,"C047883",6.587320
"C003130",5,21482,"C047883",10.587593
"C003131",1,5732,"C012734",7.418124
"C003136",1,5732,"C012734",4.078884
"C003137",2,868,"C001904",8.270729
"C003138",2,868,"C001904",10.823941
"C003139",4,9961,"C022249",6.292759
"C003141",0,5705,"C012675",4.077327
"C003142",4,9961,"C022249",5.060519
"C003145",5,21482,"C047883",7.783631
"C003148",1,5732,"C012734",5.671769
"C003149",5,21482,"C047883",8.179382
"C003151",5,21482,"C047883",3.437775
"C003153",3,16827,"C037407",5.392969
"C003155",0,5705,"C012675",3.596907
"C003160",0,5705,"C012675",3.982233
"C003161",5,21482,"C047883",13.158469
"C003162",5,21482,"C047883",5.909841
"C003164",3,16827,"C037407",0.157704
"C003165",1,5732,"C012734",7.745230
"C003169",1,5732,"C012734",4.463523
"C003172",0,5705,"C012675",7.880790
"C003174",5,21482,"C047883",3.204408
"C003175",2,868,"C001904",4.654089
"C003176",0,5705,"C012675",5.354548
"C003177",2,868,"C001904",8.666983
"C003180",3,16827,"C037407",4.240847
"C003182",2,868,"C001904",9.915782
"C003183",0,5705,"C012675",2.377675
"C003184",5,21482,"C047883",2.610031
"C003185",2,868,"C001904",3.256085
"C003186",4,9961,"C022249",1.029592
"C003189",2,868,"C001904",1.998028
"C003195",5,21482,"C047883",11.179659
"C003201",4,9961,"C022249",2.273011
"C003203",1,5732,"C012734",4.412234
"C003206",1,5732,"C012734",4.590311
"C003210",5,21482,"C047883",5.204515
"C003211",5,21482,"C047883",13.300701
"C003212",4,9961,"C022249",6.155072
"C003215",5,21482,"C047883",13.373895
"C003216",1,5732,"C012734",7.627154
"C003218",0,5705,"C012675",9.636337
"C003220",5,21482,"C047883",12.815179
"C003221",0,5705,"C012675",7.003619
"C003224",5,21482,"C047883",4.414966
"C003225",1,5732,"C012734",15.641910
"C003226",2,868,"C001904",9.115516
"C003227",2,868,"C001904",7.081072
"C003228",4,9961,"C022249",4.869654
"C003230",3,16827,"C037407",1.086762
"C003233",5,21482,"C047883",9.385676
"C003235",1,5732,"C012734",4.480028
"C003237",5,21482,"C047883",6.618896
"C003239",2,868,"C001904",4.235624
"C003242",2,868,"C001904",4.559620
"C003243",2,868,"C001904",6.299858
"C003244",1,5732,"C012734",12.501098
"C003245",5,21482,"C047883",11.487279
"C003250",1,5732,"C012734",17.480143
"C003251",4,9961,"C022249",1.604824
"C003254",3,16827,"C037407",7.760064
"C003256",2,868,"C001904",4.987919
"C003259",0,5705,"C012675",5.329022
"C003261",5,21482,"C047883",11.197288
"C003271",1,5732,"C012734",10.772254
"C003272",5,21482,"C047883",4.608676
"C003274",4,9961,"C022249",2.418497
"C003277",5,21482,"C047883",13.289187
"C003278",0,5705,"C012675",8.367740
"C003280",1,5732,"C012734",0.936372
"C003284",4,9961,"C022249",7.874034
"C003285",2,868,"C001904",1.792635
"C003288",5,21482,"C047883",1.541737
"C003289",0,5705,"C012675",1.595648
"C003293",0,5705,"C012675",9.518875
"C003297",2,868,"C001904",3.007827
"C003300",2,868,"C001904",1.311303
"C003303",2,868,"C001904",10.630915
"C003304",0,5705,"C012675",6.163180
"C003306",1,5732,"C012734",2.351267
"C003309",0,5705,"C012675",5.449124
"C003310",4,9961,"C022249",5.551031
"C003314",4,9961,"C022249",5.822662
"C003319",1,5732,"C012734",8.818159
"C003328",3,16827,"C037407",1.979638
"C003329",4,9961,"C022249",4.568911
"C003330",0,5705,"C012675",4.078597
"C003332",0,5705,"C012675",3.258890
"C003334",4,9961,"C022249",2.382220
"C003337",4,9961,"C022249",4.978799
"C003338",5,21482,"C047883",10.228978
"C003344",5,21482,"C047883",8.944619
"C003345",1,5732,"C012734",3.197649
"C003346",1,5732,"C012734",4.641002
"C003350",0,5705,"C012675",8.384291
"C003353",5,21482,"C047883",13.929324
"C003356",5,21482,"C047883",2.260682
"C003361",0,5705,"C012675",2.671967
"C003364",2,868,"C001904",5.353579
"C003367",5,21482,"C047883",11.113362
"C003372",1,5732,"C012734",7.346462
"C003373",1,5732,"C012734",9.142391
"C003375",4,9961,"C022249",1.138932
"C003376",0,5705,"C012675",3.212392
"C003377",2,868,"C001904",4.077377
"C003382",2,868,"C001904",4.947415
"C003383",5,21482,"C047883",4.108754
"C003385",4,9961,"C022249",1.764116
"C003387",4,9961,"C022249",5.880141
"C003388",1,5732,"C012734",9.174717
"C003394",2,868,"C001904",5.324482
"C003395",5,21482,"C047883",12.929317
"C003400",2,868,"C001904",7.624719
"C003404",2,868,"C001904",1.998102
"C003405",4,9961,"C022249",7.417813
"C003406",2,868,"C001904",4.035236
"C003408",5,21482,"C047883",4.053487
"C003410",5,21482,"C047883",8.039891
"C003411",0,5705,"C012675",5.055696
"C003413",0,5705,"C012675",6.329156
"C003415",1,5732,"C012734",1.351179
"C003416",5,21482,"C047883",4.317961
"C003417",1,5732,"C012734",6.924243
"C003418",3,16827,"C037407",1.409183
"C003420",2,868,"C001904",3.180662
"C003423",0,5705,"C012675",4.623567
"C003424",5,21482,"C047883",4.120620
"C003429",5,21482,"C047883",2.501898
"C003431",3,16827,"C037407",2.126410
"C003432",5,21482,"C047883",5.123231
"C003433",1,5732,"C012734",4.159387
"C003434",4,9961,"C022249",2.323679
"C003435",3,16827,"C037407",4.453742
"C003438",1,5732,"C012734",9.212458
"C003447",2,868,"C001904",9.056573
"C003448",5,21482,"C047883",6.267429
"C003449",5,21482,"C047883",3.600951
"C003450",0,5705,"C012675",2.501056
"C003452",1,5732,"C012734",1.718974
"C003453",0,5705,"C012675",2.444910
"C003454",0,5705,"C012675",3.768975
"C003462",2,868,"C001904",5.927656
"C003464",1,5732,"C012734",4.578735
"C003469",1,5732,"C012734",9.725539
"C003471",2,868,"C001904",8.724572
"C003472",1,5732,"C012734",1.637933
"C003477",3,16827,"C037407",4.905318
"C003480",1,5732,"C012734",7.800226
"C003485",0,5705,"C012675",10.608848
"C003487",2,868,"C001904",1.647715
"C003490",1,5732,"C012734",5.017706
"C003491",5,21482,"C047883",6.758047
"C003492",5,21482,"C047883",1.045431
"C003493",5,21482,"C047883",9.529865
"C003495",0,5705,"C012675",4.727069
"C003503",0,5705,"C012675",4.866271
"C003504",0,5705,"C012675",6.800784
"C003507",4,9961,"C022249",3.221241
"C003509",0,5705,"C012675",6.428101
"C003510",1,5732,"C012734",8.815006
"C003516",5,21482,"C047883",10.170645
"C003518",1,5732,"C012734",8.512238
"C003520",4,9961,"C022249",6.651608
"C003521",1,5732,"C012734",0.945861
"C003522",2,868,"C001904",8.725406
"C003523",5,21482,"C047883",6.044700
"C003524",4,9961,"C022249",2.929708
"C003526",3,16827,"C037407",2.832804
"C003529",5,21482,"C047883",9.252117
"C003531",0,5705,"C012675",6.467112
"C003532",3,16827,"C037407",3.951011
"C003534",0,5705,"C012675",0.541933
"C003535",1,5732,"C012734",4.063414
"C003537",0,5705,"C012675",0.350032
"C003538",2,868,"C001904",7.060969
"C003540",1,5732,"C012734",10.401701
"C003542",0,5705,"C012675",4.260318
"C003545",0,5705,"C012675",1.531219
"C003546",1,5732,"C012734",9.249230
"C003548",5,21482,"C047883",8.628145
"C003549",0,5705,"C012675",0.510692
"C003552",5,21482,"C047883",4.006929
"C003556",0,5705,"C012675",6.695355
"C003557",0,5705,"C012675",4.543195
"C003558",0,5705,"C012675",7.881157
"C003561",0,5705,"C012675",4.338456
"C003562",5,21482,"C047883",6.533980
"C003564",5,21482,"C047883",3.013940
"C003566",5,21482,"C047883",4.747746
"C003568",3,16827,"C037407",9.049486
"C003571",0,5705,"C012675",4.932477
"C003572",0,5705,"C012675",0.401063
"C003575",4,9961,"C022249",0.718418
"C003576",5,21482,"C047883",4.711334
"C003579",0,5705,"C012675",8.073624
"C003580",5,21482,"C047883",3.764131
"C003581",0,5705,"C012675",5.893891
"C003582",1,5732,"C012734",3.759752
"C003585",1,5732,"C012734",7.645201
"C003586",0,5705,"C012675",3.813629
"C003587",2,868,"C001904",8.598078
"C003588",2,868,"C001904",3.382715
"C003592",1,5732,"C012734",5.082238
"C003596",5,21482,"C047883",12.419751
"C003597",0,5705,"C012675",2.780772
"C003600",2,868,"C001904",2.399411
"C003601",0,5705,"C012675",5.085099
"C003602",5,21482,"C047883",7.080978
"C003604",1,5732,"C012734",15.050444
"C003607",4,9961,"C022249",4.231928
"C003616",5,21482,"C047883",3.213217
"C003617",1,5732,"C012734",3.655679
"C003618",5,21482,"C047883",7.888545
"C003620",5,21482,"C047883",1.123046
"C003622",0,5705,"C012675",8.215896
"C003623",1,5732,"C012734",9.271346
"C003625",4,9961,"C022249",8.000476
"C003628",5,21482,"C047883",8.306358
"C003629",0,5705,"C012675",10.880449
"C003630",5,21482,"C047883",9.444185
"C003632",2,868,"C001904",7.186332
"C003633",3,16827,"C037407",1.702205
"C003635",1,5732,"C012734",3.321998
"C003636",2,868,"C001904",5.956961
"C003643",1,5732,"C012734",9.604464
"C003646",5,21482,"C047883",4.398965
"C003647",0,5705,"C012675",4.090832
"C003648",3,16827,"C037407",4.893215
"C003652",2,868,"C001904",8.202380
"C003654",0,5705,"C012675",8.417681
"C003659",1,5732,"C012734",7.724011
"C003660",4,9961,"C022249",3.578574
"C003662",5,21482,"C047883",10.608642
"C003664",1,5732,"C012734",3.843529
"C003666",3,16827,"C037407",5.786157
"C003668",2,868,"C001904",2.121814
"C003671",1,5732,"C012734",1.422043
"C003672",1,5732,"C012734",2.970881
"C003673",0,5705,"C012675",6.799036
"C003675",0,5705,"C012675",6.392465
"C003677",0,5705,"C012675",5.868655
"C003678",1,5732,"C012734",16.845103
"C003680",5,21482,"C047883",9.820468
"C003683",5,21482,"C047883",12.003540
"C003684",3,16827,"C037407",8.877920
"C003685",2,868,"C001904",2.110430
"C003686",2,868,"C001904",4.496061
"C003687",0,5705,"C012675",2.398729
"C003691",0,5705,"C012675",4.197201
"C003692",5,21482,"C047883",4.688738
"C003693",1,5732,"C012734",14.543556
"C003696",5,21482,"C047883",4.804131
"C003697",1,5732,"C012734",5.614252
"C003699",5,21482,"C047883",11.050931
"C003701",0,5705,"C012675",3.804576
"C003703",3,16827,"C037407",4.761928
"C003711",1,5732,"C012734",2.561316
"C003714",2,868,"C001904",11.296849
"C003717",2,868,"C001904",2.331605
"C003719",5,21482,"C047883",13.769610
"C003720",0,5705,"C012675",6.449185
"C003721",1,5732,"C012734",7.418394
"C003722",0,5705,"C012675",6.324490
"C003725",2,868,"C001904",1.840891
"C003726",1,5732,"C012734",9.717268
"C003728",1,5732,"C012734",13.989071
"C003729",5,21482,"C047883",3.700633
"C003732",3,16827,"C037407",3.810188
"C003733",5,21482,"C047883",11.226042
"C003736",4,9961,"C022249",2.668181
"C003738",2,868,"C001904",3.307587
"C003740",2,868,"C001904",5.531469
"C003743",2,868,"C001904",2.989731
"C003744",2,868,"C001904",4.359049
"C003748",1,5732,"C012734",1.065720
"C003750",2,868,"C001904",5.623048
"C003751",0,5705,"C012675",2.688219
"C003753",1,5732,"C012734",3.615498
"C003754",5,21482,"C047883",1.194482
"C003756",5,21482,"C047883",1.638864
"C003757",0,5705,"C012675",6.158413
"C003758",2,868,"C001904",3.555626
"C003762",2,868,"C001904",3.773122
"C003764",0,5705,"C012675",5.315131
"C003765",2,868,"C001904",3.330688
"C003768",4,9961,"C022249",0.406104
"C003769",0,5705,"C012675",7.088265
"C003771",3,16827,"C037407",4.454462
"C003774",0,5705,"C012675",4.127690
"C003777",3,16827,"C037407",2.754528
"C003779",5,21482,"C047883",9.139516
"C003781",1,5732,"C012734",2.258564
"C003784",1,5732,"C012734",4.817828
"C003787",5,21482,"C047883",1.749228
"C003788",1,5732,"C012734",5.364746
"C003792",0,5705,"C012675",6.131183
"C003794",1,5732,"C012734",11.864102
"C003795",3,16827,"C037407",1.890612
"C003797",0,5705,"C012675",1.225051
"C003799",5,21482,"C047883",3.410090
"C003803",0,5705,"C012675",9.593999
"C003806",1,5732,"C012734",6.972866
"C003807",1,5732,"C012734",9.763924
"C003808",0,5705,"C012675",5.837815
"C003809",3,16827,"C037407",4.907411
"C003814",3,16827,"C037407",2.229753
"C003815",1,5732,"C012734",4.169281
"C003817",5,21482,"C047883",4.221999
"C003823",2,868,"C001904",6.686791
"C003825",1,5732,"C012734",3.266836
"C003830",2,868,"C001904",0.198676
"C003832",5,21482,"C047883",11.293545
"C003833",1,5732,"C012734",7.295294
"C003836",1,5732,"C012734",7.281231
"C003840",3,16827,"C037407",4.044148
"C003843",1,5732,"C012734",5.649069
"C003845",1,5732,"C012734",4.803016
"C003847",2,868,"C001904",4.194395
"C003853",2,868,"C001904",5.894081
"C003857",1,5732,"C012734",4.455422
"C003859",2,868,"C001904",4.555582
"C003863",2,868,"C001904",3.111623
"C003865",2,868,"C001904",8.725678
"C003866",3,16827,"C037407",0.457377
"C003870",5,21482,"C047883",5.807036
"C003871",3,16827,"C037407",9.194972
"C003872",5,21482,"C047883",10.952503
"C003874",1,5732,"C012734",8.225805
"C003881",3,16827,"C037407",4.589182
"C003884",1,5732,"C012734",2.299659
"C003886",0,5705,"C012675",5.785252
"C003887",0,5705,"C012675",7.475595
"C003889",1,5732,"C012734",3.191472
"C003890",5,21482,"C047883",3.036053
"C003892",2,868,"C001904",3.920125
"C003894",5,21482,"C047883",13.146339
"C003897",2,868,"C001904",1.775767
"C003898",1,5732,"C012734",11.270541
"C003899",0,5705,"C012675",8.641890
"C003900",5,21482,"C047883",5.540235
"C003901",2,868,"C001904",6.558059
"C003902",5,21482,"C047883",12.307657
"C003904",2,868,"C001904",4.091404
"C003905",5,21482,"C047883",8.051400
"C003906",1,5732,"C012734",14.932841
"C003907",5,21482,"C047883",11.405240
"C003910",5,21482,"C047883",15.075010
"C003913",5,21482,"C047883",11.440305
"C003916",0,5705,"C012675",7.743411
"C003919",2,868,"C001904",7.444495
"C003920",1,5732,"C012734",11.480605
"C003922",5,21482,"C047883",3.934500
"C003924",0,5705,"C012675",6.237388
"C003926",3,16827,"C037407",7.835016
"C003928",5,21482,"C047883",3.935390
"C003932",1,5732,"C012734",2.434212
"C003933",5,21482,"C047883",2.088003
"C003934",3,16827,"C037407",1.727336
"C003939",5,21482,"C047883",8.811666
"C003940",5,21482,"C047883",7.038576
"C003941",2,868,"C001904",6.355526
"C003942",0,5705,"C012675",8.224588
"C003943",0,5705,"C012675",4.573411
"C003946",1,5732,"C012734",5.073663
"C003947",5,21482,"C047883",6.416647
"C003948",1,5732,"C012734",7.669068
"C003950",4,9961,"C022249",4.961947
"C003953",0,5705,"C012675",5.121862
"C003954",2,868,"C001904",4.624848
"C003955",4,9961,"C022249",4.751060
"C003960",2,868,"C001904",6.204489
"C003961",2,868,"C001904",2.894625
"C003963",1,5732,"C012734",7.298835
"C003964",2,868,"C001904",4.601003
"C003966",2,868,"C001904",6.789704
"C003967",0,5705,"C012675",7.289272
"C003968",0,5705,"C012675",1.761825
"C003969",2,868,"C001904",4.520727
"C003970",2,868,"C001904",8.225118
"C003973",1,5732,"C012734",7.288330
"C003977",0,5705,"C012675",9.258692
"C003978",1,5732,"C012734",15.502302
"C003980",2,868,"C001904",8.359401
"C003984",5,21482,"C047883",4.468130
"C003988",0,5705,"C012675",7.722980
"C003989",1,5732,"C012734",4.832761
"C003991",1,5732,"C012734",11.145050
"C003995",0,5705,"C012675",6.772383
"C004001",2,868,"C001904",4.951465
"C004004",2,868,"C001904",1.315819
"C004006",2,868,"C001904",2.603979
"C004007",2,868,"C001904",7.190333
"C004009",5,21482,"C047883",5.337051
"C004010",1,5732,"C012734",10.379187
"C004012",4,9961,"C022249",3.131006
"C004013",3,16827,"C037407",3.850441
"C004014",1,5732,"C012734",6.925324
"C004017",0,5705,"C012675",7.019136
"C004018",0,5705,"C012675",1.517887
"C004019",0,5705,"C012675",4.817578
"C004020",5,21482,"C047883",7.261707
"C004022",0,5705,"C012675",5.965328
"C004025",0,5705,"C012675",2.725246
"C004033",4,9961,"C022249",1.232785
"C004034",1,5732,"C012734",3.976779
"C004035",5,21482,"C047883",5.658614
"C004036",5,21482,"C047883",12.741957
"C004038",5,21482,"C047883",3.158468
"C004039",3,16827,"C037407",2.792564
"C004040",4,9961,"C022249",5.188428
"C004042",1,5732,"C012734",4.889805
"C004045",5,21482,"C047883",3.951700
"C004046",3,16827,"C037407",3.032570
"C004048",0,5705,"C012675",8.318713
"C004057",5,21482,"C047883",9.171234
"C004058",2,868,"C001904",2.548574
"C004060",3,16827,"C037407",3.900987
"C004065",1,5732,"C012734",5.475448
"C004069",1,5732,"C012734",9.315385
"C004071",0,5705,"C012675",3.245355
"C004072",2,868,"C001904",9.763371
"C004073",5,21482,"C047883",3.806956
"C004074",5,21482,"C047883",5.776846
"C004075",0,5705,"C012675",1.451616
"C004078",4,9961,"C022249",3.109324
"C004080",1,5732,"C012734",12.017732
"C004081",0,5705,"C012675",7.370861
"C004084",0,5705,"C012675",3.634847
"C004086",3,16827,"C037407",4.674798
"C004087",4,9961,"C022249",3.130224
"C004088",3,16827,"C037407",5.017694
"C004094",5,21482,"C047883",12.224011
"C004095",5,21482,"C047883",3.016696
"C004096",0,5705,"C012675",2.372742
"C004097",3,16827,"C037407",3.981059
"C004099",4,9961,"C022249",6.522025
"C004103",0,5705,"C012675",6.838331
"C004106",5,21482,"C047883",5.295743
"C004107",1,5732,"C012734",5.802330
"C004110",1,5732,"C012734",6.585214
"C004113",0,5705,"C012675",7.606494
"C004115",2,868,"C001904",8.282810
"C004117",0,5705,"C012675",4.226886
"C004119",3,16827,"C037407",1.805857
"C004124",1,5732,"C012734",9.499316
"C004130",1,5732,"C012734",10.181539
"C004131",5,21482,"C047883",1.460540
"C004132",5,21482,"C047883",6.010342
"C004138",2,868,"C001904",2.322702
"C004149",2,868,"C001904",7.842630
"C004152",0,5705,"C012675",1.314472
"C004153",1,5732,"C012734",14.726695
"C004154",0,5705,"C012675",2.941263
"C004155",0,5705,"C012675",3.949056
"C004156",2,868,"C001904",4.363389
"C004157",0,5705,"C012675",0.719760
"C004158",5,21482,"C047883",6.894785
"C004164",1,5732,"C012734",9.704621
"C004171",5,21482,"C047883",2.040517
"C004174",0,5705,"C012675",3.596007
"C004176",0,5705,"C012675",2.432733
"C004178",3,16827,"C037407",3.949577
"C004181",0,5705,"C012675",5.486534
"C004182",0,5705,"C012675",2.223441
"C004185",1,5732,"C012734",5.960665
"C004186",5,21482,"C047883",13.519943
"C004187",0,5705,"C012675",8.246768
"C004192",4,9961,"C022249",5.322251
"C004193",1,5732,"C012734",4.909144
"C004197",3,16827,"C037407",0.846672
"C004198",1,5732,"C012734",4.934475
"C004200",0,5705,"C012675",8.219700
"C004201",1,5732,"C012734",10.018193
"C004202",2,868,"C001904",13.128493
"C004206",1,5732,"C012734",5.584337
"C004208",5,21482,"C047883",4.525735
"C004210",2,868,"C001904",6.159320
"C004212",1,5732,"C012734",13.141755
"C004213",4,9961,"C022249",5.763464
"C004217",4,9961,"C022249",3.237056
"C004218",5,21482,"C047883",1.684387
"C004219",3,16827,"C037407",3.182308
"C004220",1,5732,"C012734",2.852124
"C004221",4,9961,"C022249",5.662875
"C004223",5,21482,"C047883",7.129156
"C004234",5,21482,"C047883",3.018628
"C004237",4,9961,"C022249",4.602882
"C004238",0,5705,"C012675",8.848455
"C004243",3,16827,"C037407",4.286561
"C004247",0,5705,"C012675",3.975991
"C004248",1,5732,"C012734",7.190768
"C004249",0,5705,"C012675",7.103410
"C004253",2,868,"C001904",1.515551
"C004254",4,9961,"C022249",4.089904
"C004255",2,868,"C001904",3.564099
"C004256",5,21482,"C047883",9.419747
"C004259",3,16827,"C037407",2.036515
"C004261",5,21482,"C047883",4.893623
"C004264",1,5732,"C012734",13.120400
"C004269",5,21482,"C047883",6.004629
"C004270",0,5705,"C012675",6.589326
"C004273",0,5705,"C012675",6.763281
"C004275",2,868,"C001904",12.487829
"C004280",1,5732,"C012734",14.244459
"C004283",5,21482,"C047883",4.984331
"C004284",0,5705,"C012675",6.688467
"C004286",0,5705,"C012675",4.144017
"C004290",4,9961,"C022249",2.051845
"C004291",0,5705,"C012675",5.902748
"C004292",3,16827,"C037407",1.525811
"C004293",1,5732,"C012734",12.127976
"C004294",3,16827,"C037407",4.300117
"C004300",5,21482,"C047883",8.489300
"C004303",2,868,"C001904",4.569981
"C004304",5,21482,"C047883",5.680842
"C004305",2,868,"C001904",7.079085
"C004306",4,9961,"C022249",5.121661
"C004307",5,21482,"C047883",13.114640
"C004310",0,5705,"C012675",4.284715
"C004317",0,5705,"C012675",1.834868
"C004318",3,16827,"C037407",8.574600
"C004322",0,5705,"C012675",5.695945
"C004326",3,16827,"C037407",4.533830
"C004327",3,16827,"C037407",2.857338
"C004330",5,21482,"C047883",8.534627
"C004331",1,5732,"C012734",4.959860
"C004332",1,5732,"C012734",9.667265
"C004335",0,5705,"C012675",3.079230
"C004337",1,5732,"C012734",6.422819
"C004340",4,9961,"C022249",9.626764
"C004342",3,16827,"C037407",2.719161
"C004343",4,9961,"C022249",0.755631
"C004344",3,16827,"C037407",2.416474
"C004347",4,9961,"C022249",0.480448
"C004348",0,5705,"C012675",6.581387
"C004350",2,868,"C001904",3.794233
"C004353",3,16827,"C037407",2.157403
"C004356",3,16827,"C037407",4.599780
"C004358",3,16827,"C037407",6.949619
"C004360",3,16827,"C037407",3.558522
"C004361",2,868,"C001904",7.842724
"C004362",5,21482,"C047883",2.203082
"C004366",2,868,"C001904",4.410121
"C004367",1,5732,"C012734",16.298725
"C004369",2,868,"C001904",2.816003
"C004370",1,5732,"C012734",15.395327
"C004372",2,868,"C001904",3.568741
"C004373",2,868,"C001904",12.008599
"C004375",3,16827,"C037407",7.842743
"C004377",5,21482,"C047883",3.366876
"C004378",0,5705,"C012675",6.182401
"C004379",1,5732,"C012734",10.969342
"C004382",5,21482,"C047883",12.956621
"C004386",1,5732,"C012734",9.220845
"C004389",4,9961,"C022249",7.743644
"C004391",1,5732,"C012734",2.958726
"C004392",1,5732,"C012734",1.151959
"C004394",3,16827,"C037407",3.058866
"C004397",2,868,"C001904",10.331970
"C004398",5,21482,"C047883",10.950138
"C004402",0,5705,"C012675",2.531402
"C004407",2,868,"C001904",1.736796
"C004408",0,5705,"C012675",8.444334
"C004410",3,16827,"C037407",3.797566
"C004411",2,868,"C001904",3.433144
"C004414",3,16827,"C037407",4.638677
"C004417",1,5732,"C012734",5.785672
"C004420",5,21482,"C047883",7.814944
"C004421",2,868,"C001904",10.079236
"C004423",0,5705,"C012675",9.480420
"C004425",4,9961,"C022249",7.831472
"C004427",0,5705,"C012675",6.222586
"C004430",1,5732,"C012734",6.450565
"C004431",5,21482,"C047883",3.641173
"C004432",2,868,"C001904",3.556161
"C004433",5,21482,"C047883",7.376106
"C004436",2,868,"C001904",5.979910
"C004437",5,21482,"C047883",6.894622
"C004442",3,16827,"C037407",5.104201
"C004445",0,5705,"C012675",3.262123
"C004447",4,9961,"C022249",2.369021
"C004448",1,5732,"C012734",6.477726
"C004449",4,9961,"C022249",2.604827
"C004450",0,5705,"C012675",8.792123
"C004451",3,16827,"C037407",9.443196
"C004452",1,5732,"C012734",11.618666
"C004456",2,868,"C001904",2.029725
"C004459",5,21482,"C047883",4.479074
"C004460",3,16827,"C037407",1.749371
"C004461",5,21482,"C047883",2.081971
"C004463",0,5705,"C012675",3.455796
"C004464",1,5732,"C012734",9.656599
"C004468",2,868,"C001904",4.076516
"C004471",5,21482,"C047883",3.516035
"C004473",2,868,"C001904",5.149063
"C004474",1,5732,"C012734",4.609613
"C004475",5,21482,"C047883",2.040639
"C004477",1,5732,"C012734",10.287917
"C004478",5,21482,"C047883",3.691277
"C004479",1,5732,"C012734",3.595346
"C004480",2,868,"C001904",3.926462
"C004481",1,5732,"C012734",7.712728
"C004482",4,9961,"C022249",1.562761
"C004485",0,5705,"C012675",5.097906
"C004489",2,868,"C001904",4.404775
"C004493",5,21482,"C047883",9.619154
"C004496",4,9961,"C022249",4.505080
"C004498",2,868,"C001904",12.206846
"C004499",1,5732,"C012734",6.584087
"C004500",4,9961,"C022249",4.283898
"C004502",2,868,"C001904",1.813901
"C004503",4,9961,"C022249",1.781589
"C004505",5,21482,"C047883",3.769444
"C004507",2,868,"C001904",2.882817
"C004512",0,5705,"C012675",2.074237
"C004514",5,21482,"C047883",9.532326
"C004515",4,9961,"C022249",4.550729
"C004517",1,5732,"C012734",12.777664
"C004518",1,5732,"C012734",3.968043
"C004519",2,868,"C001904",2.355766
"C004520",2,868,"C001904",9.649776
"C004521",0,5705,"C012675",6.354237
"C004522",1,5732,"C012734",5.920827
"C004523",1,5732,"C012734",4.913079
"C004525",2,868,"C001904",9.446423
"C004526",2,868,"C001904",4.933456
"C004527",2,868,"C001904",6.246993
"C004532",0,5705,"C012675",2.369801
"C004534",5,21482,"C047883",3.348129
"C004542",4,9961,"C022249",1.773163
"C004543",1,5732,"C012734",5.523609
"C004544",0,5705,"C012675",3.557524
"C004546",3,16827,"C037407",5.155754
"C004549",0,5705,"C012675",3.206953
"C004555",5,21482,"C047883",6.874488
"C004557",3,16827,"C037407",3.197410
"C004559",3,16827,"C037407",5.818286
"C004560",0,5705,"C012675",4.003046
"C004561",0,5705,"C012675",8.942263
"C004565",1,5732,"C012734",14.145510
"C004566",2,868,"C001904",5.331012
"C004567",4,9961,"C022249",5.812215
"C004571",5,21482,"C047883",5.562896
"C004575",1,5732,"C012734",7.832329
"C004578",2,868,"C001904",2.141510
"C004582",0,5705,"C012675",7.251160
"C004583",1,5732,"C012734",15.302022
"C004585",0,5705,"C012675",3.072359
"C004586",3,16827,"C037407",2.609828
"C004587",1,5732,"C012734",13.047614
"C004589",1,5732,"C012734",8.371834
"C004590",5,21482,"C047883",6.784041
"C004592",2,868,"C001904",4.674102
"C004593",2,868,"C001904",3.307648
"C004594",1,5732,"C012734",7.264697
"C004596",0,5705,"C012675",9.983922
"C004598",5,21482,"C047883",2.258847
"C004600",2,868,"C001904",2.690211
"C004601",1,5732,"C012734",13.623818
"C004604",0,5705,"C012675",4.407675
"C004605",5,21482,"C047883",2.611456
"C004606",1,5732,"C012734",6.735167
"C004608",2,868,"C001904",6.689611
"C004613",1,5732,"C012734",4.104794
"C004614",0,5705,"C012675",2.981987
"C004615",5,21482,"C047883",4.948636
"C004617",4,9961,"C022249",1.415298
"C004618",2,868,"C001904",9.527443
"C004619",0,5705,"C012675",7.841436
"C004621",0,5705,"C012675",8.995391
"C004622",0,5705,"C012675",4.054246
"C004623",5,21482,"C047883",3.961663
"C004626",4,9961,"C022249",1.498298
"C004627",0,5705,"C012675",6.430175
"C004630",2,868,"C001904",4.074793
"C004631",4,9961,"C022249",2.917396
"C004632",5,21482,"C047883",13.565788
"C004637",3,16827,"C037407",3.061274
"C004638",1,5732,"C012734",5.892913
"C004640",5,21482,"C047883",9.641740
"C004642",1,5732,"C012734",4.130909
"C004643",5,21482,"C047883",10.902438
"C004644",1,5732,"C012734",16.692372
"C004649",0,5705,"C012675",3.321100
"C004653",0,5705,"C012675",4.592106
"C004658",5,21482,"C047883",8.121279
"C004660",0,5705,"C012675",5.677580
"C004661",5,21482,"C047883",1.534324
"C004664",1,5732,"C012734",14.228005
"C004669",2,868,"C001904",5.843424
"C004674",1,5732,"C012734",15.915830
"C004678",1,5732,"C012734",4.377452
"C004681",0,5705,"C012675",5.779560
"C004685",5,21482,"C047883",10.244464
"C004686",2,868,"C001904",5.461394
"C004687",2,868,"C001904",8.249050
"C004690",2,868,"C001904",3.651343
"C004691",0,5705,"C012675",2.731134
"C004692",5,21482,"C047883",9.318790
"C004697",2,868,"C001904",11.224372
"C004698",1,5732,"C012734",2.700724
"C004699",4,9961,"C022249",5.570236
"C004700",4,9961,"C022249",4.391129
"C004707",2,868,"C001904",7.482956
"C004708",5,21482,"C047883",10.059872
"C004719",3,16827,"C037407",7.860534
"C004720",4,9961,"C022249",8.294676
"C004721",5,21482,"C047883",11.105911
"C004722",2,868,"C001904",7.241239
"C004724",1,5732,"C012734",16.122756
"C004725",0,5705,"C012675",5.311438
"C004728",5,21482,"C047883",4.589662
"C004730",0,5705,"C012675",2.251189
"C004732",4,9961,"C022249",4.088505
"C004736",0,5705,"C012675",2.966641
"C004740",0,5705,"C012675",2.320693
"C004744",2,868,"C001904",0.681173
"C004745",1,5732,"C012734",0.858885
"C004748",0,5705,"C012675",8.426763
"C004750",2,868,"C001904",2.878683
"C004751",0,5705,"C012675",9.159827
"C004754",4,9961,"C022249",2.515952
"C004755",1,5732,"C012734",6.535780
"C004756",0,5705,"C012675",4.559757
"C004757",0,5705,"C012675",2.189865
"C004761",5,21482,"C047883",15.904852
"C004766",0,5705,"C012675",6.215304
"C004768",5,21482,"C047883",1.781641
"C004771",0,5705,"C012675",6.809233
"C004775",1,5732,"C012734",17.012236
"C004776",0,5705,"C012675",4.301791
"C004777",2,868,"C001904",8.708649
"C004778",1,5732,"C012734",9.634128
"C004779",4,9961,"C022249",6.428461
"C004782",0,5705,"C012675",4.613072
"C004783",0,5705,"C012675",2.755019
"C004784",0,5705,"C012675",1.610131
"C004787",0,5705,"C012675",2.782073
"C004788",4,9961,"C022249",2.866552
"C004789",2,868,"C001904",8.014216
"C004794",2,868,"C001904",3.737337
"C004795",2,868,"C001904",6.465403
"C004796",4,9961,"C022249",1.802874
"C004798",5,21482,"C047883",3.540489
"C004800",5,21482,"C047883",12.214702
"C004801",4,9961,"C022249",3.270075
"C004803",1,5732,"C012734",9.831640
"C004805",5,21482,"C047883",6.797789
"C004806",3,16827,"C037407",8.072846
"C004807",2,868,"C001904",3.884325
"C004809",5,21482,"C047883",7.173205
"C004810",1,5732,"C012734",9.964897
"C004811",5,21482,"C047883",1.482321
"C004816",5,21482,"C047883",3.356167
"C004817",5,21482,"C047883",6.043271
"C004818",5,21482,"C047883",1.416921
"C004820",5,21482,"C047883",4.094415
"C004821",1,5732,"C012734",3.241302
"C004824",2,868,"C001904",5.250468
"C004825",0,5705,"C012675",3.342294
"C004827",0,5705,"C012675",7.454523
"C004829",1,5732,"C012734",7.117002
"C004830",1,5732,"C012734",7.305641
"C004831",1,5732,"C012734",11.332069
"C004832",2,868,"C001904",4.304681
"C004833",1,5732,"C012734",1.476625
"C004834",1,5732,"C012734",9.424984
"C004836",4,9961,"C022249",5.190289
"C004837",5,21482,"C047883",7.514416
"C004838",5,21482,"C047883",7.299074
"C004839",0,5705,"C012675",9.016205
"C004845",1,5732,"C012734",7.794134
"C004848",5,21482,"C047883",8.760371
"C004849",4,9961,"C022249",4.381572
"C004850",0,5705,"C012675",2.974807
"C004851",3,16827,"C037407",5.125432
"C004852",0,5705,"C012675",4.380952
"C004853",0,5705,"C012675",9.324261
"C004854",5,21482,"C047883",7.513901
"C004855",5,21482,"C047883",0.486119
"C004856",5,21482,"C047883",6.524286
"C004857",3,16827,"C037407",3.715493
"C004866",5,21482,"C047883",2.116546
"C004870",1,5732,"C012734",7.382905
"C004872",2,868,"C001904",5.729710
"C004880",4,9961,"C022249",3.562466
"C004881",2,868,"C001904",4.382972
"C004882",5,21482,"C047883",10.585083
"C004884",5,21482,"C047883",5.943357
"C004887",2,868,"C001904",8.466053
"C004890",1,5732,"C012734",13.827358
"C004891",2,868,"C001904",5.914475
"C004892",2,868,"C001904",4.585478
"C004894",1,5732,"C012734",5.616161
"C004895",1,5732,"C012734",3.755744
"C004896",4,9961,"C022249",2.096046
"C004898",4,9961,"C022249",8.139945
"C004899",0,5705,"C012675",5.564911
"C004902",2,868,"C001904",4.447319
"C004905",3,16827,"C037407",3.735969
"C004909",5,21482,"C047883",13.143998
"C004912",1,5732,"C012734",4.703752
"C004914",5,21482,"C047883",6.801229
"C004917",5,21482,"C047883",1.791892
"C004919",2,868,"C001904",3.410451
"C004926",0,5705,"C012675",5.224533
"C004932",1,5732,"C012734",5.797829
"C004933",1,5732,"C012734",7.890323
"C004935",0,5705,"C012675",3.974951
"C004936",5,21482,"C047883",9.716702
"C004937",1,5732,"C012734",1.089298
"C004938",5,21482,"C047883",2.043314
"C004941",5,21482,"C047883",4.592939
"C004943",5,21482,"C047883",8.755181
"C004944",3,16827,"C037407",1.645800
"C004946",5,21482,"C047883",3.726601
"C004948",5,21482,"C047883",10.591572
"C004951",1,5732,"C012734",9.952418
"C004953",5,21482,"C047883",3.473594
"C004954",2,868,"C001904",1.044359
"C004955",5,21482,"C047883",13.374367
"C004956",1,5732,"C012734",14.350176
"C004962",1,5732,"C012734",2.433838
"C004966",5,21482,"C047883",11.357676
"C004968",4,9961,"C022249",2.117129
"C004970",1,5732,"C012734",2.713425
"C004971",2,868,"C001904",5.772355
"C004974",1,5732,"C012734",10.558560
"C004977",4,9961,"C022249",1.246014
"C004981",2,868,"C001904",7.071419
"C004985",1,5732,"C012734",1.549937
"C004989",2,868,"C001904",7.199882
"C004993",2,868,"C001904",6.247874
"C004994",0,5705,"C012675",2.463391
"C004997",0,5705,"C012675",2.563817
"C004998",1,5732,"C012734",1.210590
"C005000",0,5705,"C012675",4.675341
"C005002",1,5732,"C012734",10.272682
"C005007",1,5732,"C012734",6.521772
"C005012",2,868,"C001904",4.589631
"C005016",1,5732,"C012734",2.568879
"C005019",1,5732,"C012734",7.198582
"C005020",3,16827,"C037407",8.921642
"C005027",2,868,"C001904",5.690745
"C005031",1,5732,"C012734",6.004226
"C005032",1,5732,"C012734",11.394559
"C005035",5,21482,"C047883",11.198840
"C005036",2,868,"C001904",6.309294
"C005037",0,5705,"C012675",2.466029
"C005038",3,16827,"C037407",6.997008
"C005040",3,16827,"C037407",3.786285
"C005042",2,868,"C001904",7.487408
"C005045",5,21482,"C047883",7.004375
"C005046",5,21482,"C047883",6.254701
"C005047",5,21482,"C047883",5.726797
"C005048",3,16827,"C037407",7.050879
"C005052",5,21482,"C047883",5.941878
"C005053",0,5705,"C012675",4.080398
"C005054",0,5705,"C012675",4.895279
"C005060",0,5705,"C012675",5.016398
"C005062",0,5705,"C012675",1.351786
"C005064",0,5705,"C012675",4.952134
"C005067",4,9961,"C022249",3.354020
"C005068",1,5732,"C012734",8.208830
"C005072",0,5705,"C012675",1.530571
"C005077",4,9961,"C022249",6.770496
"C005078",1,5732,"C012734",3.648910
"C005080",1,5732,"C012734",4.653663
"C005082",3,16827,"C037407",5.096519
"C005084",0,5705,"C012675",9.318633
"C005086",2,868,"C001904",0.587385
"C005087",5,21482,"C047883",7.254115
"C005088",1,5732,"C012734",11.552886
"C005089",5,21482,"C047883",3.306174
"C005090",1,5732,"C012734",6.063341
"C005091",2,868,"C001904",2.129554
"C005094",5,21482,"C047883",3.973793
"C005095",2,868,"C001904",5.612880
"C005096",4,9961,"C022249",4.541591
"C005097",1,5732,"C012734",6.902085
"C005100",4,9961,"C022249",4.047152
"C005101",1,5732,"C012734",3.153822
"C005104",0,5705,"C012675",7.623150
"C005105",1,5732,"C012734",4.576120
"C005106",1,5732,"C012734",2.188600
"C005107",1,5732,"C012734",8.966096
"C005114",3,16827,"C037407",2.073510
"C005115",1,5732,"C012734",7.202571
"C005116",1,5732,"C012734",4.594174
"C005118",3,16827,"C037407",5.907778
"C005120",5,21482,"C047883",9.235300
"C005121",3,16827,"C037407",5.601049
"C005123",1,5732,"C012734",1.409721
"C005126",5,21482,"C047883",8.765056
"C005129",1,5732,"C012734",13.554060
"C005130",5,21482,"C047883",9.173172
"C005133",1,5732,"C012734",8.317341
"C005141",5,21482,"C047883",8.791645
"C005146",2,868,"C001904",3.672816
"C005148",1,5732,"C012734",12.268198
"C005149",4,9961,"C022249",4.350306
"C005153",2,868,"C001904",4.089347
"C005162",1,5732,"C012734",8.191426
"C005163",0,5705,"C012675",5.789006
"C005164",1,5732,"C012734",3.420135
"C005167",1,5732,"C012734",2.814688
"C005174",1,5732,"C012734",6.656176
"C005175",3,16827,"C037407",2.879958
"C005176",4,9961,"C022249",2.527580
"C005178",1,5732,"C012734",6.393542
"C005179",1,5732,"C012734",9.620678
"C005180",1,5732,"C012734",7.723121
"C005181",0,5705,"C012675",7.593900
"C005182",4,9961,"C022249",2.031355
"C005188",3,16827,"C037407",8.811896
"C005192",3,16827,"C037407",6.312383
"C005194",5,21482,"C047883",10.568804
"C005195",4,9961,"C022249",6.265272
"C005197",0,5705,"C012675",8.968718
"C005199",4,9961,"C022249",2.901847
"C005200",0,5705,"C012675",9.233778
"C005202",1,5732,"C012734",2.355542
"C005205",5,21482,"C047883",7.376557
"C005206",1,5732,"C012734",2.206983
"C005212",5,21482,"C047883",10.275007
"C005217",2,868,"C001904",4.934202
"C005220",0,5705,"C012675",5.450829
"C005223",1,5732,"C012734",3.419600
"C005226",3,16827,"C037407",5.554395
"C005227",1,5732,"C012734",3.439604
"C005228",3,16827,"C037407",2.906480
"C005231",3,16827,"C037407",2.249400
"C005232",5,21482,"C047883",9.574354
"C005234",5,21482,"C047883",7.256782
"C005235",4,9961,"C022249",5.548210
"C005236",1,5732,"C012734",14.619960
"C005243",1,5732,"C012734",13.592697
"C005245",5,21482,"C047883",3.677372
"C005246",5,21482,"C047883",11.976767
"C005247",1,5732,"C012734",7.433095
"C005249",0,5705,"C012675",3.304872
"C005250",1,5732,"C012734",4.389305
"C005255",0,5705,"C012675",9.142973
"C005257",1,5732,"C012734",11.258885
"C005260",1,5732,"C012734",5.727541
"C005261",5,21482,"C047883",2.646562
"C005262",5,21482,"C047883",1.613797
"C005268",1,5732,"C012734",8.628332
"C005270",4,9961,"C022249",3.919824
"C005275",5,21482,"C047883",2.608523
"C005276",3,16827,"C037407",0.957722
"C005277",0,5705,"C012675",0.897447
"C005278",2,868,"C001904",2.742503
"C005279",0,5705,"C012675",4.307638
"C005280",2,868,"C001904",9.347760
"C005282",5,21482,"C047883",1.979410
"C005284",1,5732,"C012734",5.306259
"C005285",4,9961,"C022249",2.006113
"C005286",3,16827,"C037407",5.731409
"C005290",2,868,"C001904",3.704744
"C005291",4,9961,"C022249",5.048626
"C005296",5,21482,"C047883",11.131844
"C005303",3,16827,"C037407",1.371684
"C005305",4,9961,"C022249",4.214337
"C005309",5,21482,"C047883",4.224026
"C005311",3,16827,"C037407",4.858236
"C005312",1,5732,"C012734",14.898890
"C005313",1,5732,"C012734",14.625128
"C005315",5,21482,"C047883",8.213380
"C005318",1,5732,"C012734",3.930706
"C005319",0,5705,"C012675",1.926325
"C005320",1,5732,"C012734",5.804372
"C005321",4,9961,"C022249",3.763413
"C005323",5,21482,"C047883",11.355948
"C005329",5,21482,"C047883",2.692877
"C005332",2,868,"C001904",1.929005
"C005333",0,5705,"C012675",4.622133
"C005335",5,21482,"C047883",3.319249
"C005337",4,9961,"C022249",2.783019
"C005338",3,16827,"C037407",2.445741
"C005339",4,9961,"C022249",1.856672
"C005341",5,21482,"C047883",6.351666
"C005344",0,5705,"C012675",7.064132
"C005345",1,5732,"C012734",12.284317
"C005346",1,5732,"C012734",4.393652
"C005350",1,5732,"C012734",3.296095
"C005352",1,5732,"C012734",2.376098
"C005353",5,21482,"C047883",8.533709
"C005354",2,868,"C001904",4.977066
"C005356",4,9961,"C022249",3.545606
"C005359",1,5732,"C012734",2.454468
"C005365",2,868,"C001904",6.993035
"C005368",5,21482,"C047883",0.739832
"C005369",0,5705,"C012675",4.885231
"C005370",1,5732,"C012734",7.102250
"C005373",1,5732,"C012734",3.210089
"C005374",0,5705,"C012675",9.316854
"C005376",0,5705,"C012675",5.684462
"C005379",4,9961,"C022249",3.725045
"C005380",2,868,"C001904",1.911562
"C005381",2,868,"C001904",9.313994
"C005383",0,5705,"C012675",7.345675
"C005395",5,21482,"C047883",1.015325
"C005396",1,5732,"C012734",1.977172
"C005403",1,5732,"C012734",5.019073
"C005404",3,16827,"C037407",6.999985
"C005405",1,5732,"C012734",5.140843
"C005406",1,5732,"C012734",6.263523
"C005409",0,5705,"C012675",1.456124
"C005412",2,868,"C001904",5.450683
"C005419",0,5705,"C012675",6.285276
"C005421",1,5732,"C012734",9.001027
"C005423",3,16827,"C037407",2.888330
"C005424",2,868,"C001904",10.305100
"C005427",5,21482,"C047883",10.676303
"C005432",0,5705,"C012675",8.511095
"C005434",5,21482,"C047883",12.702370
"C005435",5,21482,"C047883",1.574483
"C005438",1,5732,"C012734",16.552331
"C005443",2,868,"C001904",3.394858
"C005445",0,5705,"C012675",10.047127
"C005448",0,5705,"C012675",3.430020
"C005451",2,868,"C001904",8.470424
"C005452",4,9961,"C022249",2.727997
"C005453",5,21482,"C047883",13.889974
"C005454",5,21482,"C047883",2.393387
"C005455",5,21482,"C047883",5.546180
"C005460",1,5732,"C012734",14.768958
"C005461",4,9961,"C022249",2.312973
"C005463",2,868,"C001904",12.806833
"C005464",1,5732,"C012734",1.624613
"C005465",1,5732,"C012734",0.769238
"C005468",5,21482,"C047883",2.335493
"C005471",5,21482,"C047883",9.342786
"C005474",5,21482,"C047883",3.278333
"C005477",1,5732,"C012734",2.251279
"C005480",5,21482,"C047883",15.539569
"C005482",0,5705,"C012675",6.844646
"C005483",4,9961,"C022249",3.839395
"C005485",1,5732,"C012734",3.016990
"C005486",2,868,"C001904",3.685466
"C005488",2,868,"C001904",2.296691
"C005489",3,16827,"C037407",1.921095
"C005490",1,5732,"C012734",5.700895
"C005492",5,21482,"C047883",2.734721
"C005493",4,9961,"C022249",4.216754
"C005496",4,9961,"C022249",4.180749
"C005498",0,5705,"C012675",7.404465
"C005502",4,9961,"C022249",3.018782
"C005503",0,5705,"C012675",9.544986
"C005505",3,16827,"C037407",0.547124
"C005506",1,5732,"C012734",12.350494
"C005509",5,21482,"C047883",1.835145
"C005510",4,9961,"C022249",1.603380
"C005511",1,5732,"C012734",7.386664
"C005513",2,868,"C001904",4.527956
"C005514",1,5732,"C012734",12.598495
"C005518",5,21482,"C047883",8.436024
"C005519",5,21482,"C047883",2.397784
"C005520",4,9961,"C022249",4.624970
"C005527",1,5732,"C012734",2.375438
"C005528",5,21482,"C047883",8.402419
"C005529",4,9961,"C022249",4.208548
"C005530",1,5732,"C012734",4.468200
"C005533",3,16827,"C037407",8.952912
"C005534",3,16827,"C037407",1.404995
"C005543",1,5732,"C012734",13.251544
"C005544",1,5732,"C012734",7.187464
"C005548",1,5732,"C012734",6.587718
"C005551",0,5705,"C012675",5.982649
"C005552",2,868,"C001904",2.604055
"C005558",2,868,"C001904",5.066401
"C005560",4,9961,"C022249",2.871520
"C005562",2,868,"C001904",10.629762
"C005568",1,5732,"C012734",3.413301
"C005569",2,868,"C001904",5.865514
"C005570",5,21482,"C047883",1.981801
"C005575",0,5705,"C012675",10.117240
"C005576",5,21482,"C047883",9.079891
"C005577",0,5705,"C012675",3.929550
"C005578",1,5732,"C012734",15.635579
"C005579",2,868,"C001904",1.225457
"C005581",1,5732,"C012734",6.615092
"C005582",1,5732,"C012734",4.095357
"C005583",5,21482,"C047883",4.377537
"C005586",5,21482,"C047883",3.073480
"C005587",1,5732,"C012734",3.332542
"C005589",1,5732,"C012734",3.400302
"C005592",1,5732,"C012734",2.818577
"C005601",4,9961,"C022249",2.196863
"C005602",5,21482,"C047883",7.784939
"C005606",1,5732,"C012734",6.212782
"C005608",1,5732,"C012734",3.985806
"C005612",5,21482,"C047883",10.961156
"C005614",2,868,"C001904",10.634774
"C005615",0,5705,"C012675",6.072631
"C005616",2,868,"C001904",4.282709
"C005618",0,5705,"C012675",4.040606
"C005620",1,5732,"C012734",8.066782
"C005621",3,16827,"C037407",5.747929
"C005622",5,21482,"C047883",10.637486
"C005627",3,16827,"C037407",2.306706
"C005628",0,5705,"C012675",9.645264
"C005629",4,9961,"C022249",3.284394
"C005631",3,16827,"C037407",6.625223
"C005632",2,868,"C001904",6.722442
"C005633",1,5732,"C012734",8.116416
"C005636",5,21482,"C047883",3.138479
"C005638",0,5705,"C012675",6.064606
"C005640",3,16827,"C037407",8.201760
"C005642",5,21482,"C047883",5.334641
"C005645",5,21482,"C047883",2.282110
"C005649",5,21482,"C047883",4.111781
"C005650",0,5705,"C012675",8.460113
"C005651",3,16827,"C037407",5.325403
"C005655",4,9961,"C022249",3.444841
"C005658",2,868,"C001904",4.810117
"C005660",2,868,"C001904",6.958006
"C005661",5,21482,"C047883",6.737407
"C005664",0,5705,"C012675",9.350218
"C005665",5,21482,"C047883",2.728875
"C005666",4,9961,"C022249",3.203070
"C005673",4,9961,"C022249",3.416864
"C005674",3,16827,"C037407",3.509580
"C005675",4,9961,"C022249",3.015053
"C005677",1,5732,"C012734",10.305980
"C005679",5,21482,"C047883",12.836210
"C005685",3,16827,"C037407",7.050774
"C005686",2,868,"C001904",3.659983
"C005688",5,21482,"C047883",13.320383
"C005692",0,5705,"C012675",4.992333
"C005695",4,9961,"C022249",6.449093
"C005696",1,5732,"C012734",7.348654
"C005697",0,5705,"C012675",4.786490
"C005702",1,5732,"C012734",11.936910
"C005703",5,21482,"C047883",6.150586
"C005705",5,21482,"C047883",1.922764
"C005706",5,21482,"C047883",9.003219
"C005711",1,5732,"C012734",2.271389
"C005714",0,5705,"C012675",1.421999
"C005716",1,5732,"C012734",7.333184
"C005720",1,5732,"C012734",9.808038
"C005724",4,9961,"C022249",1.813058
"C005725",5,21482,"C047883",7.393461
"C005727",1,5732,"C012734",11.541351
"C005728",1,5732,"C012734",14.629913
"C005729",0,5705,"C012675",6.743644
"C005737",4,9961,"C022249",2.663053
"C005741",5,21482,"C047883",6.078767
"C005743",5,21482,"C047883",7.381094
"C005746",0,5705,"C012675",0.674264
"C005747",5,21482,"C047883",6.444422
"C005748",4,9961,"C022249",6.829631
"C005749",4,9961,"C022249",2.527953
"C005750",1,5732,"C012734",1.574273
"C005751",5,21482,"C047883",6.631437
"C005752",2,868,"C001904",4.327365
"C005756",1,5732,"C012734",3.474066
"C005758",5,21482,"C047883",10.281344
"C005760",5,21482,"C047883",2.436524
"C005764",2,868,"C001904",8.758725
"C005768",1,5732,"C012734",1.951612
"C005769",5,21482,"C047883",8.677323
"C005771",5,21482,"C047883",6.633441
"C005773",0,5705,"C012675",6.455539
"C005774",3,16827,"C037407",6.206305
"C005775",3,16827,"C037407",6.165615
"C005776",3,16827,"C037407",2.157461
"C005777",1,5732,"C012734",4.072645
"C005783",4,9961,"C022249",7.439345
"C005784",4,9961,"C022249",3.334831
"C005786",2,868,"C001904",7.306188
"C005787",4,9961,"C022249",3.804700
"C005789",2,868,"C001904",5.588138
"C005791",2,868,"C001904",0.978885
"C005793",5,21482,"C047883",12.319658
"C005794",5,21482,"C047883",2.876166
"C005797",0,5705,"C012675",2.076147
"C005801",4,9961,"C022249",3.286518
"C005803",0,5705,"C012675",6.559972
"C005805",5,21482,"C047883",11.346586
"C005808",3,16827,"C037407",1.953086
"C005812",2,868,"C001904",4.143844
"C005816",3,16827,"C037407",2.905629
"C005824",1,5732,"C012734",6.246774
"C005825",4,9961,"C022249",1.556410
"C005826",4,9961,"C022249",2.960959
"C005830",0,5705,"C012675",5.649668
"C005832",5,21482,"C047883",3.554235
"C005834",5,21482,"C047883",12.808675
"C005844",0,5705,"C012675",1.914959
"C005845",1,5732,"C012734",2.975847
"C005847",3,16827,"C037407",2.817382
"C005849",4,9961,"C022249",2.168660
"C005850",4,9961,"C022249",3.433685
"C005851",0,5705,"C012675",10.581124
"C005852",5,21482,"C047883",9.662308
"C005854",3,16827,"C037407",2.576753
"C005856",4,9961,"C022249",6.994594
"C005858",4,9961,"C022249",3.866118
"C005862",5,21482,"C047883",11.933169
"C005864",1,5732,"C012734",6.785242
"C005866",5,21482,"C047883",7.064852
"C005867",3,16827,"C037407",3.078406
"C005870",0,5705,"C012675",5.978463
"C005878",0,5705,"C012675",7.567092
"C005881",0,5705,"C012675",1.068969
"C005883",5,21482,"C047883",3.592780
"C005884",2,868,"C001904",6.314417
"C005886",3,16827,"C037407",6.366966
"C005888",2,868,"C001904",3.251263
"C005889",0,5705,"C012675",2.777655
"C005890",0,5705,"C012675",6.541551
"C005892",0,5705,"C012675",3.800185
"C005894",5,21482,"C047883",4.972454
"C005895",0,5705,"C012675",2.901707
"C005900",0,5705,"C012675",3.418931
"C005902",5,21482,"C047883",12.931885
"C005903",3,16827,"C037407",1.579741
"C005907",3,16827,"C037407",8.664197
"C005909",2,868,"C001904",6.182090
"C005910",1,5732,"C012734",0.965746
"C005911",5,21482,"C047883",6.579248
"C005914",2,868,"C001904",5.437760
"C005915",5,21482,"C047883",7.963349
"C005916",2,868,"C001904",3.467052
"C005917",5,21482,"C047883",9.279731
"C005919",0,5705,"C012675",7.406533
"C005920",2,868,"C001904",6.114728
"C005921",2,868,"C001904",10.929592
"C005926",0,5705,"C012675",6.130210
"C005927",0,5705,"C012675",3.400922
"C005928",3,16827,"C037407",2.572935
"C005930",4,9961,"C022249",8.029559
"C005931",0,5705,"C012675",2.936781
"C005934",0,5705,"C012675",3.018191
"C005937",3,16827,"C037407",0.728188
"C005938",2,868,"C001904",1.701350
"C005940",2,868,"C001904",1.093268
"C005941",1,5732,"C012734",16.027873
"C005942",1,5732,"C012734",5.516161
"C005944",0,5705,"C012675",2.387545
"C005946",5,21482,"C047883",6.660918
"C005948",1,5732,"C012734",6.330343
"C005949",3,16827,"C037407",3.340439
"C005953",0,5705,"C012675",3.294109
"C005954",4,9961,"C022249",0.862586
"C005956",4,9961,"C022249",4.821986
"C005958",5,21482,"C047883",4.312085
"C005959",1,5732,"C012734",0.975038
"C005960",1,5732,"C012734",5.060844
"C005962",3,16827,"C037407",5.274179
"C005965",2,868,"C001904",4.443841
"C005966",1,5732,"C012734",8.650299
"C005967",3,16827,"C037407",3.895315
"C005968",5,21482,"C047883",6.884921
"C005970",0,5705,"C012675",7.246020
"C005972",5,21482,"C047883",3.788158
"C005974",1,5732,"C012734",5.046259
"C005977",5,21482,"C047883",8.550346
"C005978",3,16827,"C037407",4.975636
"C005980",1,5732,"C012734",1.996544
"C005983",1,5732,"C012734",1.862417
"C005984",0,5705,"C012675",2.400022
"C005986",5,21482,"C047883",2.320093
"C005987",4,9961,"C022249",1.249206
"C005989",5,21482,"C047883",11.151397
"C006000",1,5732,"C012734",2.350004
"C006001",5,21482,"C047883",3.460648
"C006002",0,5705,"C012675",7.735482
"C006004",1,5732,"C012734",1.467875
"C006007",0,5705,"C012675",5.554568
"C006009",5,21482,"C047883",3.914899
"C006010",2,868,"C001904",4.520598
"C006011",5,21482,"C047883",9.270799
"C006012",0,5705,"C012675",4.934755
"C006013",5,21482,"C047883",6.472250
"C006014",4,9961,"C022249",3.183847
"C006015",3,16827,"C037407",8.029966
"C006017",1,5732,"C012734",10.993669
"C006022",2,868,"C001904",6.751918
"C006023",1,5732,"C012734",7.121682
"C006024",4,9961,"C022249",7.180962
"C006025",5,21482,"C047883",13.485026
"C006027",5,21482,"C047883",12.236948
"C006029",4,9961,"C022249",1.881461
"C006030",5,21482,"C047883",9.492434
"C006031",0,5705,"C012675",4.931771
"C006035",4,9961,"C022249",3.057455
"C006039",1,5732,"C012734",1.446222
"C006040",3,16827,"C037407",5.596931
"C006043",5,21482,"C047883",6.372892
"C006050",4,9961,"C022249",3.021854
"C006052",1,5732,"C012734",7.773267
"C006056",3,16827,"C037407",4.805969
"C006058",5,21482,"C047883",1.788514
"C006059",1,5732,"C012734",8.260578
"C006060",0,5705,"C012675",2.831958
"C006061",1,5732,"C012734",4.530038
"C006062",5,21482,"C047883",10.865031
"C006066",2,868,"C001904",3.368457
"C006070",5,21482,"C047883",10.391993
"C006073",5,21482,"C047883",8.142424
"C006079",1,5732,"C012734",6.795264
"C006080",1,5732,"C012734",2.586130
"C006084",0,5705,"C012675",2.489631
"C006085",5,21482,"C047883",11.072153
"C006090",1,5732,"C012734",12.495131
"C006091",1,5732,"C012734",6.539147
"C006094",0,5705,"C012675",3.250782
"C006100",2,868,"C001904",4.289489
"C006104",3,16827,"C037407",7.550846
"C006109",1,5732,"C012734",7.365883
"C006113",1,5732,"C012734",3.283883
"C006114",1,5732,"C012734",14.973601
"C006115",1,5732,"C012734",3.905786
"C006117",0,5705,"C012675",7.830330
"C006118",0,5705,"C012675",3.152187
"C006122",0,5705,"C012675",6.042224
"C006128",1,5732,"C012734",4.355188
"C006129",0,5705,"C012675",2.633872
"C006131",1,5732,"C012734",16.064416
"C006134",4,9961,"C022249",2.082544
"C006135",2,868,"C001904",12.512966
"C006136",1,5732,"C012734",11.612626
"C006141",1,5732,"C012734",5.402417
"C006143",5,21482,"C047883",7.644409
"C006149",5,21482,"C047883",7.997843
"C006151",3,16827,"C037407",3.568861
"C006157",2,868,"C001904",4.968537
"C006158",2,868,"C001904",0.188498
"C006159",0,5705,"C012675",5.714058
"C006164",5,21482,"C047883",0.165880
"C006169",2,868,"C001904",8.551253
"C006171",5,21482,"C047883",7.288440
"C006173",5,21482,"C047883",5.279637
"C006181",4,9961,"C022249",4.112379
"C006190",0,5705,"C012675",5.008341
"C006191",4,9961,"C022249",7.319443
"C006199",0,5705,"C012675",3.698344
"C006200",5,21482,"C047883",5.595276
"C006201",1,5732,"C012734",15.893695
"C006205",0,5705,"C012675",1.944243
"C006208",2,868,"C001904",3.599899
"C006209",1,5732,"C012734",6.507977
"C006213",0,5705,"C012675",3.790655
"C006214",1,5732,"C012734",2.037048
"C006216",0,5705,"C012675",8.840200
"C006220",2,868,"C001904",2.577029
"C006223",3,16827,"C037407",3.475863
"C006226",3,16827,"C037407",6.194342
"C006227",5,21482,"C047883",13.874966
"C006233",1,5732,"C012734",4.113914
"C006234",1,5732,"C012734",8.098285
"C006235",1,5732,"C012734",6.720514
"C006238",2,868,"C001904",10.014722
"C006239",1,5732,"C012734",5.009714
"C006240",5,21482,"C047883",12.061666
"C006244",0,5705,"C012675",8.192017
"C006245",1,5732,"C012734",8.769084
"C006246",3,16827,"C037407",5.806424
"C006248",5,21482,"C047883",15.036541
"C006252",0,5705,"C012675",3.498080
"C006254",0,5705,"C012675",2.191868
"C006258",1,5732,"C012734",2.666037
"C006259",0,5705,"C012675",9.893081
"C006261",4,9961,"C022249",0.995035
"C006264",1,5732,"C012734",13.452034
"C006265",2,868,"C001904",2.442384
"C006266",3,16827,"C037407",2.384747
"C006267",5,21482,"C047883",5.145931
"C006268",1,5732,"C012734",5.587343
"C006271",4,9961,"C022249",2.944822
"C006274",0,5705,"C012675",2.326002
"C006275",4,9961,"C022249",2.709899
"C006276",5,21482,"C047883",5.398383
"C006277",5,21482,"C047883",6.572065
"C006278",2,868,"C001904",5.544861
"C006281",1,5732,"C012734",5.296114
"C006283",5,21482,"C047883",7.902285
"C006284",2,868,"C001904",8.400570
"C006285",5,21482,"C047883",5.793260
"C006286",0,5705,"C012675",1.800353
"C006287",1,5732,"C012734",10.158569
"C006289",4,9961,"C022249",2.709687
"C006293",5,21482,"C047883",3.985137
"C006295",1,5732,"C012734",5.770528
"C006296",5,21482,"C047883",5.521140
"C006298",2,868,"C001904",1.741371
"C006299",1,5732,"C012734",11.828452
"C006304",4,9961,"C022249",1.891589
"C006305",1,5732,"C012734",4.438796
"C006310",1,5732,"C012734",2.319471
"C006311",0,5705,"C012675",6.219603
"C006313",2,868,"C001904",4.243319
"C006316",1,5732,"C012734",2.144489
"C006318",1,5732,"C012734",1.980441
"C006319",0,5705,"C012675",6.089190
"C006327",1,5732,"C012734",11.172385
"C006328",4,9961,"C022249",2.863119
"C006334",1,5732,"C012734",5.742586
"C006336",5,21482,"C047883",8.177305
"C006337",5,21482,"C047883",13.262199
"C006338",3,16827,"C037407",3.358908
"C006339",0,5705,"C012675",4.420269
"C006340",1,5732,"C012734",4.605437
"C006341",2,868,"C001904",2.495451
"C006346",1,5732,"C012734",8.719869
"C006349",0,5705,"C012675",6.999949
"C006350",5,21482,"C047883",6.899188
"C006351",5,21482,"C047883",5.988853
"C006352",5,21482,"C047883",6.769574
"C006355",0,5705,"C012675",9.421921
"C006357",2,868,"C001904",8.271786
"C006358",3,16827,"C037407",8.459154
"C006359",1,5732,"C012734",12.672385
"C006361",3,16827,"C037407",7.624875
"C006363",5,21482,"C047883",4.493816
"C006368",5,21482,"C047883",5.001322
"C006369",5,21482,"C047883",5.858959
"C006370",4,9961,"C022249",2.746338
"C006371",4,9961,"C022249",4.309454
"C006372",0,5705,"C012675",5.609569
"C006375",4,9961,"C022249",2.260399
"C006376",1,5732,"C012734",4.891347
"C006377",4,9961,"C022249",4.471416
"C006380",0,5705,"C012675",3.658924
"C006381",5,21482,"C047883",9.802054
"C006382",2,868,"C001904",2.402851
"C006384",1,5732,"C012734",14.151203
"C006387",5,21482,"C047883",8.642175
"C006392",5,21482,"C047883",11.216103
"C006395",5,21482,"C047883",7.328375
"C006399",5,21482,"C047883",1.684061
"C006400",1,5732,"C012734",4.916837
"C006401",4,9961,"C022249",2.291954
"C006406",5,21482,"C047883",7.693181
"C006411",3,16827,"C037407",6.867661
"C006414",2,868,"C001904",7.698567
"C006420",2,868,"C001904",7.039148
"C006421",0,5705,"C012675",3.323109
"C006422",1,5732,"C012734",2.474193
"C006425",2,868,"C001904",8.235300
"C006426",5,21482,"C047883",8.860006
"C006427",0,5705,"C012675",7.208571
"C006429",4,9961,"C022249",4.789770
"C006431",0,5705,"C012675",3.141799
"C006434",0,5705,"C012675",6.071957
"C006435",5,21482,"C047883",5.888091
"C006437",1,5732,"C012734",10.349254
"C006438",2,868,"C001904",10.801608
"C006440",1,5732,"C012734",5.071687
"C006441",1,5732,"C012734",4.833531
"C006444",2,868,"C001904",5.802045
"C006445",5,21482,"C047883",10.314752
"C006446",5,21482,"C047883",4.507844
"C006447",1,5732,"C012734",7.984003
"C006448",1,5732,"C012734",10.844270
"C006449",5,21482,"C047883",7.124741
"C006450",2,868,"C001904",3.123615
"C006451",4,9961,"C022249",3.982761
"C006452",5,21482,"C047883",8.222857
"C006454",5,21482,"C047883",8.749212
"C006457",5,21482,"C047883",8.871644
"C006461",1,5732,"C012734",3.544631
"C006462",1,5732,"C012734",8.178918
"C006468",1,5732,"C012734",6.128578
"C006469",5,21482,"C047883",7.339265
"C006472",1,5732,"C012734",3.763825
"C006478",1,5732,"C012734",14.957490
"C006480",0,5705,"C012675",4.364119
"C006488",1,5732,"C012734",12.882270
"C006489",1,5732,"C012734",11.167946
"C006491",5,21482,"C047883",4.391260
"C006492",2,868,"C001904",7.799711
"C006493",5,21482,"C047883",12.892257
"C006494",4,9961,"C022249",1.777127
"C006496",1,5732,"C012734",17.033872
"C006499",1,5732,"C012734",5.466345
"C006500",3,16827,"C037407",5.534749
"C006501",0,5705,"C012675",6.656496
"C006504",1,5732,"C012734",0.925517
"C006505",5,21482,"C047883",10.757093
"C006507",0,5705,"C012675",7.193809
"C006508",5,21482,"C047883",2.164180
"C006511",2,868,"C001904",2.853462
"C006512",5,21482,"C047883",11.563183
"C006514",5,21482,"C047883",3.544587
"C006515",0,5705,"C012675",2.326136
"C006518",0,5705,"C012675",5.195771
"C006519",5,21482,"C047883",10.611614
"C006520",0,5705,"C012675",7.244699
"C006522",2,868,"C001904",8.276066
"C006524",3,16827,"C037407",2.599211
"C006526",2,868,"C001904",2.709222
"C006531",4,9961,"C022249",7.009285
"C006534",1,5732,"C012734",5.677203
"C006541",5,21482,"C047883",12.198411
"C006544",1,5732,"C012734",6.424139
"C006545",5,21482,"C047883",8.131413
"C006547",5,21482,"C047883",7.238541
"C006549",0,5705,"C012675",9.394758
"C006551",5,21482,"C047883",15.507808
"C006554",3,16827,"C037407",4.219983
"C006557",3,16827,"C037407",7.102905
"C006559",3,16827,"C037407",2.068286
"C006561",5,21482,"C047883",12.732691
"C006565",1,5732,"C012734",2.446736
"C006567",5,21482,"C047883",3.241370
"C006568",5,21482,"C047883",12.427233
"C006569",0,5705,"C012675",9.913578
"C006570",5,21482,"C047883",3.094823
"C006571",3,16827,"C037407",6.058214
"C006572",3,16827,"C037407",1.973572
"C006573",2,868,"C001904",2.790322
"C006575",4,9961,"C022249",1.152137
"C006577",5,21482,"C047883",2.951491
"C006579",2,868,"C001904",3.243907
"C006581",1,5732,"C012734",6.648487
"C006587",3,16827,"C037407",3.134319
"C006593",3,16827,"C037407",8.030304
"C006595",2,868,"C001904",2.800382
"C006599",5,21482,"C047883",10.092880
"C006601",5,21482,"C047883",4.343897
"C006604",2,868,"C001904",4.645474
"C006605",2,868,"C001904",8.248038
"C006610",1,5732,"C012734",6.066411
"C006611",1,5732,"C012734",7.267402
"C006612",2,868,"C001904",6.368250
"C006613",1,5732,"C012734",2.508997
"C006617",0,5705,"C012675",4.408245
"C006619",0,5705,"C012675",7.385863
"C006620",5,21482,"C047883",2.639770
"C006622",5,21482,"C047883",1.719254
"C006623",4,9961,"C022249",3.572521
"C006624",5,21482,"C047883",10.159674
"C006627",0,5705,"C012675",6.188686
"C006630",2,868,"C001904",6.163336
"C006631",5,21482,"C047883",4.250664
"C006633",2,868,"C001904",7.714938
"C006634",5,21482,"C047883",11.582385
"C006636",3,16827,"C037407",7.681032
"C006638",0,5705,"C012675",3.522092
"C006642",0,5705,"C012675",2.645074
"C006643",0,5705,"C012675",4.396408
"C006647",2,868,"C001904",7.769378
"C006648",4,9961,"C022249",3.564859
"C006651",3,16827,"C037407",2.204608
"C006653",1,5732,"C012734",9.189983
"C006654",0,5705,"C012675",2.739881
"C006655",5,21482,"C047883",12.763038
"C006656",5,21482,"C047883",3.514038
"C006659",0,5705,"C012675",3.956018
"C006661",1,5732,"C012734",6.938784
"C006662",3,16827,"C037407",2.500122
"C006665",2,868,"C001904",6.171075
"C006666",3,16827,"C037407",5.235787
"C006667",3,16827,"C037407",6.284297
"C006668",0,5705,"C012675",0.813867
"C006669",5,21482,"C047883",10.263312
"C006671",0,5705,"C012675",6.216379
"C006673",2,868,"C001904",2.049758
"C006674",1,5732,"C012734",2.247951
"C006676",2,868,"C001904",5.986929
"C006677",0,5705,"C012675",7.759942
"C006678",3,16827,"C037407",2.907434
"C006680",1,5732,"C012734",2.332288
"C006681",1,5732,"C012734",5.679391
"C006683",5,21482,"C047883",12.076157
"C006684",2,868,"C001904",4.240803
"C006685",2,868,"C001904",7.044252
"C006689",0,5705,"C012675",6.502934
"C006690",5,21482,"C047883",9.685890
"C006692",2,868,"C001904",6.636506
"C006694",0,5705,"C012675",10.246089
"C006695",1,5732,"C012734",1.788051
"C006699",1,5732,"C012734",2.682026
"C006702",2,868,"C001904",8.679180
"C006704",0,5705,"C012675",3.741046
"C006706",3,16827,"C037407",2.379224
"C006707",5,21482,"C047883",12.909704
"C006708",1,5732,"C012734",4.532514
"C006709",1,5732,"C012734",6.681312
"C006711",1,5732,"C012734",9.020006
"C006713",2,868,"C001904",8.432191
"C006715",5,21482,"C047883",1.099761
"C006717",2,868,"C001904",9.043976
"C006719",1,5732,"C012734",8.992533
"C006720",5,21482,"C047883",7.178533
"C006721",0,5705,"C012675",10.090535
"C006724",5,21482,"C047883",6.263392
"C006728",5,21482,"C047883",4.671063
"C006730",2,868,"C001904",7.731329
"C006731",5,21482,"C047883",1.554907
"C006736",5,21482,"C047883",7.336917
"C006738",0,5705,"C012675",2.246992
"C006741",5,21482,"C047883",14.235600
"C006744",1,5732,"C012734",6.663567
"C006747",1,5732,"C012734",9.278573
"C006749",2,868,"C001904",6.588506
"C006750",2,868,"C001904",6.437166
"C006756",0,5705,"C012675",3.543783
"C006757",5,21482,"C047883",7.754929
"C006760",5,21482,"C047883",13.026080
"C006761",2,868,"C001904",5.632540
"C006762",1,5732,"C012734",4.477539
"C006764",5,21482,"C047883",8.869123
"C006765",1,5732,"C012734",9.602430
"C006766",5,21482,"C047883",12.188731
"C006769",3,16827,"C037407",8.218169
"C006770",1,5732,"C012734",6.863264
"C006772",3,16827,"C037407",9.927653
"C006777",1,5732,"C012734",3.988167
"C006780",5,21482,"C047883",6.668542
"C006781",1,5732,"C012734",1.649768
"C006785",2,868,"C001904",5.699093
"C006786",3,16827,"C037407",8.788128
"C006789",5,21482,"C047883",7.082494
"C006795",2,868,"C001904",4.207281
"C006797",5,21482,"C047883",3.439186
"C006799",4,9961,"C022249",2.672685
"C006804",0,5705,"C012675",3.644982
"C006806",1,5732,"C012734",4.033188
"C006807",5,21482,"C047883",16.304301
"C006812",5,21482,"C047883",6.047899
"C006813",0,5705,"C012675",4.710768
"C006820",0,5705,"C012675",6.817540
"C006824",0,5705,"C012675",4.507354
"C006831",1,5732,"C012734",11.220135
"C006834",3,16827,"C037407",5.827352
"C006835",1,5732,"C012734",2.629212
"C006837",5,21482,"C047883",6.870650
"C006840",1,5732,"C012734",10.215899
"C006841",3,16827,"C037407",7.429501
"C006842",0,5705,"C012675",3.710055
"C006844",2,868,"C001904",7.997697
"C006845",3,16827,"C037407",2.449338
"C006848",2,868,"C001904",3.970397
"C006850",2,868,"C001904",1.017690
"C006856",3,16827,"C037407",1.956285
"C006859",1,5732,"C012734",5.320761
"C006865",0,5705,"C012675",4.568476
"C006866",0,5705,"C012675",2.889377
"C006867",0,5705,"C012675",6.696075
"C006868",5,21482,"C047883",2.579245
"C006871",2,868,"C001904",3.961685
"C006873",2,868,"C001904",7.428910
"C006875",1,5732,"C012734",12.845151
"C006877",2,868,"C001904",5.952149
"C006879",0,5705,"C012675",1.572156
"C006882",1,5732,"C012734",7.914389
"C006883",3,16827,"C037407",2.235137
"C006885",1,5732,"C012734",1.922633
"C006888",1,5732,"C012734",3.183689
"C006900",0,5705,"C012675",7.441090
"C006904",0,5705,"C012675",5.952144
"C006906",3,16827,"C037407",2.368354
"C006907",1,5732,"C012734",1.850526
"C006908",2,868,"C001904",0.788310
"C006909",4,9961,"C022249",4.703153
"C006913",5,21482,"C047883",9.333055
"C006915",4,9961,"C022249",2.880076
"C006916",5,21482,"C047883",10.379707
"C006919",2,868,"C001904",7.839680
"C006920",2,868,"C001904",3.211228
"C006921",2,868,"C001904",12.096996
"C006925",5,21482,"C047883",11.162551
"C006926",2,868,"C001904",2.415612
"C006928",5,21482,"C047883",9.105357
"C006929",2,868,"C001904",1.492526
"C006930",5,21482,"C047883",8.566199
"C006931",5,21482,"C047883",11.641419
"C006932",1,5732,"C012734",7.326321
"C006935",4,9961,"C022249",6.715536
"C006937",2,868,"C001904",8.220282
"C006938",2,868,"C001904",8.939665
"C006939",2,868,"C001904",6.857920
"C006940",0,5705,"C012675",4.103289
"C006946",5,21482,"C047883",4.676895
"C006950",1,5732,"C012734",13.143817
"C006952",5,21482,"C047883",2.762144
"C006953",5,21482,"C047883",11.686409
"C006955",0,5705,"C012675",2.283921
"C006956",0,5705,"C012675",4.300987
"C006957",0,5705,"C012675",2.610439
"C006958",3,16827,"C037407",8.249281
"C006963",2,868,"C001904",4.267916
"C006967",0,5705,"C012675",5.060539
"C006969",0,5705,"C012675",6.141379
"C006974",1,5732,"C012734",15.208800
"C006977",5,21482,"C047883",6.821369
"C006979",5,21482,"C047883",5.493230
"C006981",1,5732,"C012734",5.989754
"C006987",5,21482,"C047883",3.286106
"C006988",1,5732,"C012734",7.284454
"C006989",1,5732,"C012734",1.732765
"C006990",5,21482,"C047883",11.110509
"C006992",5,21482,"C047883",1.123907
"C006999",0,5705,"C012675",5.257023
"C007004",5,21482,"C047883",2.304722
"C007008",1,5732,"C012734",2.280735
"C007012",2,868,"C001904",5.870374
"C007014",0,5705,"C012675",5.393793
"C007015",2,868,"C001904",4.460844
"C007017",5,21482,"C047883",3.191517
"C007018",5,21482,"C047883",6.304232
"C007021",1,5732,"C012734",4.716524
"C007026",3,16827,"C037407",7.777511
"C007027",0,5705,"C012675",6.486211
"C007028",2,868,"C001904",5.497836
"C007029",1,5732,"C012734",4.802706
"C007032",1,5732,"C012734",7.207976
"C007039",1,5732,"C012734",2.299442
"C007041",5,21482,"C047883",11.066184
"C007047",0,5705,"C012675",4.775194
"C007048",3,16827,"C037407",7.126574
"C007054",0,5705,"C012675",3.755182
"C007055",3,16827,"C037407",5.980191
"C007056",3,16827,"C037407",4.954564
"C007057",5,21482,"C047883",1.774930
"C007062",1,5732,"C012734",0.595408
"C007063",2,868,"C001904",3.076515
"C007064",4,9961,"C022249",2.577917
"C007065",3,16827,"C037407",0.798561
"C007069",5,21482,"C047883",8.756696
"C007072",0,5705,"C012675",7.313263
"C007073",1,5732,"C012734",10.469491
"C007076",3,16827,"C037407",2.898457
"C007078",5,21482,"C047883",9.424450
"C007080",2,868,"C001904",4.489689
"C007082",1,5732,"C012734",3.940811
"C007089",0,5705,"C012675",4.389367
"C007092",5,21482,"C047883",6.106393
"C007093",2,868,"C001904",7.894070
"C007095",0,5705,"C012675",3.784270
"C007096",1,5732,"C012734",4.591176
"C007100",0,5705,"C012675",3.221617
"C007106",5,21482,"C047883",3.183747
"C007109",1,5732,"C012734",5.613495
"C007111",0,5705,"C012675",8.355335
"C007113",5,21482,"C047883",3.832996
"C007118",1,5732,"C012734",3.899363
"C007119",0,5705,"C012675",1.473011
"C007120",0,5705,"C012675",9.592376
"C007123",4,9961,"C022249",4.784229
"C007125",0,5705,"C012675",2.514086
"C007126",5,21482,"C047883",12.705134
"C007127",4,9961,"C022249",4.818701
"C007128",2,868,"C001904",7.599967
"C007129",5,21482,"C047883",2.638741
"C007131",4,9961,"C022249",5.212776
"C007133",2,868,"C001904",0.871143
"C007134",5,21482,"C047883",7.093533
"C007139",3,16827,"C037407",6.636024
"C007140",2,868,"C001904",9.656031
"C007142",0,5705,"C012675",7.713326
"C007148",5,21482,"C047883",3.978256
"C007149",1,5732,"C012734",8.343950
"C007150",4,9961,"C022249",6.422028
"C007152",1,5732,"C012734",5.145461
"C007153",5,21482,"C047883",2.159808
"C007156",3,16827,"C037407",4.644018
"C007157",3,16827,"C037407",4.005003
"C007160",0,5705,"C012675",8.170271
"C007161",5,21482,"C047883",11.882928
"C007166",4,9961,"C022249",2.897367
"C007168",2,868,"C001904",4.558266
"C007169",0,5705,"C012675",6.180473
"C007171",2,868,"C001904",4.526360
"C007173",3,16827,"C037407",7.674795
"C007180",0,5705,"C012675",1.388582
"C007183",4,9961,"C022249",3.671500
"C007184",1,5732,"C012734",3.889885
"C007188",0,5705,"C012675",2.053015
"C007195",5,21482,"C047883",3.513958
"C007197",4,9961,"C022249",3.048089
"C007199",5,21482,"C047883",2.674557
"C007200",2,868,"C001904",7.191281
"C007201",2,868,"C001904",1.085405
"C007204",4,9961,"C022249",5.200531
"C007207",2,868,"C001904",4.926406
"C007209",0,5705,"C012675",7.965601
"C007210",1,5732,"C012734",2.820028
"C007212",0,5705,"C012675",5.459207
"C007213",4,9961,"C022249",3.049765
"C007215",5,21482,"C047883",7.166615
"C007216",4,9961,"C022249",4.420164
"C007217",0,5705,"C012675",3.329194
"C007220",2,868,"C001904",7.679015
"C007222",0,5705,"C012675",6.712966
"C007223",5,21482,"C047883",14.631563
"C007226",0,5705,"C012675",6.248370
"C007227",3,16827,"C037407",5.814800
"C007228",0,5705,"C012675",9.352350
"C007229",1,5732,"C012734",4.743742
"C007232",0,5705,"C012675",6.426458
"C007234",5,21482,"C047883",10.794540
"C007235",4,9961,"C022249",0.658807
"C007236",1,5732,"C012734",5.988665
"C007237",2,868,"C001904",6.682630
"C007238",2,868,"C001904",11.459890
"C007240",1,5732,"C012734",3.989863
"C007241",2,868,"C001904",8.692854
"C007244",1,5732,"C012734",12.941348
"C007246",5,21482,"C047883",5.875268
"C007247",3,16827,"C037407",3.714172
"C007251",1,5732,"C012734",7.623566
"C007253",4,9961,"C022249",3.371634
"C007255",0,5705,"C012675",4.306904
"C007259",2,868,"C001904",9.292406
"C007264",1,5732,"C012734",5.572093
"C007267",2,868,"C001904",9.644399
"C007268",5,21482,"C047883",8.374835
"C007270",0,5705,"C012675",5.441440
"C007271",2,868,"C001904",3.471344
"C007272",0,5705,"C012675",1.685021
"C007273",2,868,"C001904",3.310902
"C007277",0,5705,"C012675",7.365443
"C007278",0,5705,"C012675",5.419203
"C007280",1,5732,"C012734",5.237542
"C007282",1,5732,"C012734",7.439034
"C007286",3,16827,"C037407",2.695757
"C007289",4,9961,"C022249",6.065420
"C007290",1,5732,"C012734",7.153780
"C007292",0,5705,"C012675",3.736226
"C007294",5,21482,"C047883",2.551999
"C007295",0,5705,"C012675",5.592161
"C007296",2,868,"C001904",7.826276
"C007298",5,21482,"C047883",12.147090
"C007299",4,9961,"C022249",7.755741
"C007301",1,5732,"C012734",11.024873
"C007305",0,5705,"C012675",6.130030
"C007306",3,16827,"C037407",7.499868
"C007307",0,5705,"C012675",2.199838
"C007308",1,5732,"C012734",5.991832
"C007309",2,868,"C001904",10.145554
"C007311",1,5732,"C012734",9.887561
"C007312",0,5705,"C012675",6.126532
"C007314",0,5705,"C012675",2.019178
"C007315",4,9961,"C022249",5.541765
"C007316",1,5732,"C012734",5.131144
"C007317",3,16827,"C037407",7.293884
"C007318",5,21482,"C047883",8.335657
"C007319",4,9961,"C022249",2.562630
"C007320",0,5705,"C012675",7.717355
"C007321",2,868,"C001904",5.577315
"C007322",5,21482,"C047883",8.533051
"C007326",0,5705,"C012675",1.816962
"C007328",2,868,"C001904",5.887332
"C007329",2,868,"C001904",10.218897
"C007330",5,21482,"C047883",9.394324
"C007331",5,21482,"C047883",13.042962
"C007337",5,21482,"C047883",3.903721
"C007339",3,16827,"C037407",4.396864
"C007342",5,21482,"C047883",10.858778
"C007344",0,5705,"C012675",3.246037
"C007346",1,5732,"C012734",10.227762
"C007348",1,5732,"C012734",2.320531
"C007350",0,5705,"C012675",8.430118
"C007351",0,5705,"C012675",8.030908
"C007352",4,9961,"C022249",3.297759
"C007354",1,5732,"C012734",5.812079
"C007356",5,21482,"C047883",3.316185
"C007357",1,5732,"C012734",3.991478
"C007358",5,21482,"C047883",2.865370
"C007359",4,9961,"C022249",1.468482
"C007362",5,21482,"C047883",7.586081
"C007363",5,21482,"C047883",3.268669
"C007370",5,21482,"C047883",11.951264
"C007374",2,868,"C001904",6.861090
"C007380",3,16827,"C037407",0.900621
"C007381",2,868,"C001904",2.726793
"C007387",2,868,"C001904",2.878707
"C007390",5,21482,"C047883",5.105560
"C007391",1,5732,"C012734",4.942461
"C007392",1,5732,"C012734",14.218513
"C007393",1,5732,"C012734",4.917527
"C007395",5,21482,"C047883",11.835414
"C007396",4,9961,"C022249",3.660033
"C007400",5,21482,"C047883",3.643541
"C007402",5,21482,"C047883",6.072971
"C007405",5,21482,"C047883",11.251723
"C007406",5,21482,"C047883",13.113301
"C007408",4,9961,"C022249",1.217015
"C007412",1,5732,"C012734",11.944224
"C007413",5,21482,"C047883",5.425701
"C007414",4,9961,"C022249",1.793945
"C007417",5,21482,"C047883",4.391422
"C007419",2,868,"C001904",5.859833
"C007420",0,5705,"C012675",7.196150
"C007421",2,868,"C001904",12.698509
"C007422",2,868,"C001904",1.646646
"C007425",0,5705,"C012675",5.785532
"C007426",5,21482,"C047883",14.739501
"C007427",5,21482,"C047883",7.333103
"C007428",5,21482,"C047883",4.818821
"C007430",0,5705,"C012675",6.004805
"C007431",5,21482,"C047883",4.995258
"C007432",5,21482,"C047883",8.763169
"C007433",0,5705,"C012675",3.123870
"C007437",2,868,"C001904",0.799237
"C007438",1,5732,"C012734",14.038659
"C007440",1,5732,"C012734",1.987807
"C007441",4,9961,"C022249",6.602020
"C007443",0,5705,"C012675",7.969726
"C007445",5,21482,"C047883",1.496908
"C007448",3,16827,"C037407",1.609011
"C007449",5,21482,"C047883",2.345625
"C007450",1,5732,"C012734",6.753859
"C007454",0,5705,"C012675",6.448801
"C007455",0,5705,"C012675",5.043334
"C007456",1,5732,"C012734",11.089443
"C007461",5,21482,"C047883",6.514800
"C007463",5,21482,"C047883",7.754877
"C007465",5,21482,"C047883",5.220659
"C007466",4,9961,"C022249",6.004600
"C007467",3,16827,"C037407",3.540915
"C007469",2,868,"C001904",8.882743
"C007470",1,5732,"C012734",10.753098
"C007471",5,21482,"C047883",6.690771
"C007472",2,868,"C001904",4.113068
"C007473",3,16827,"C037407",1.129843
"C007477",1,5732,"C012734",6.777740
"C007479",2,868,"C001904",6.166603
"C007481",5,21482,"C047883",0.699899
"C007482",5,21482,"C047883",14.682690
"C007485",5,21482,"C047883",1.612359
"C007495",3,16827,"C037407",1.584180
"C007496",2,868,"C001904",4.387651
"C007498",3,16827,"C037407",7.340409
"C007505",1,5732,"C012734",12.498808
"C007506",4,9961,"C022249",3.445335
"C007508",2,868,"C001904",2.493256
"C007509",5,21482,"C047883",0.788506
"C007510",1,5732,"C012734",7.946716
"C007512",3,16827,"C037407",6.149638
"C007513",2,868,"C001904",2.115590
"C007515",1,5732,"C012734",3.143944
"C007516",2,868,"C001904",3.118213
"C007517",1,5732,"C012734",5.465507
"C007518",4,9961,"C022249",6.963195
"C007520",1,5732,"C012734",8.924304
"C007525",5,21482,"C047883",4.893902
"C007527",5,21482,"C047883",12.279153
"C007528",1,5732,"C012734",8.329185
"C007535",3,16827,"C037407",8.397157
"C007538",1,5732,"C012734",3.972984
"C007540",1,5732,"C012734",4.221126
"C007541",5,21482,"C047883",11.362405
"C007542",0,5705,"C012675",7.353122
"C007544",5,21482,"C047883",5.716947
"C007545",5,21482,"C047883",7.968662
"C007549",4,9961,"C022249",1.230433
"C007550",0,5705,"C012675",8.180250
"C007551",5,21482,"C047883",1.135715
"C007554",5,21482,"C047883",15.858802
"C007557",2,868,"C001904",6.645529
"C007560",5,21482,"C047883",5.763760
"C007561",4,9961,"C022249",1.263985
"C007563",3,16827,"C037407",3.842493
"C007564",4,9961,"C022249",5.637812
"C007572",1,5732,"C012734",12.443038
"C007574",5,21482,"C047883",12.433645
"C007575",1,5732,"C012734",10.172051
"C007578",0,5705,"C012675",3.414910
"C007581",2,868,"C001904",6.502743
"C007585",2,868,"C001904",3.206802
"C007588",3,16827,"C037407",4.780291
"C007589",1,5732,"C012734",6.396262
"C007592",0,5705,"C012675",1.194387
"C007594",1,5732,"C012734",8.175656
"C007595",5,21482,"C047883",8.294698
"C007599",1,5732,"C012734",2.885043
"C007600",0,5705,"C012675",6.196805
"C007603",5,21482,"C047883",2.611435
"C007605",2,868,"C001904",7.608483
"C007606",1,5732,"C012734",4.757375
"C007608",2,868,"C001904",4.299889
"C007609",5,21482,"C047883",4.327462
"C007610",1,5732,"C012734",17.404281
"C007612",3,16827,"C037407",5.945649
"C007615",5,21482,"C047883",4.381188
"C007617",1,5732,"C012734",3.857706
"C007618",0,5705,"C012675",5.116506
"C007619",2,868,"C001904",5.359659
"C007621",1,5732,"C012734",2.691799
"C007622",2,868,"C001904",8.702528
"C007624",4,9961,"C022249",3.872509
"C007625",5,21482,"C047883",11.303706
"C007626",0,5705,"C012675",6.436938
"C007627",2,868,"C001904",2.246396
"C007628",5,21482,"C047883",5.537305
"C007633",1,5732,"C012734",1.496404
"C007635",5,21482,"C047883",6.176189
"C007636",5,21482,"C047883",8.497360
"C007643",1,5732,"C012734",9.756440
"C007644",0,5705,"C012675",4.184967
"C007645",4,9961,"C022249",2.912241
"C007648",1,5732,"C012734",2.292510
"C007649",0,5705,"C012675",6.429739
"C007650",2,868,"C001904",7.094424
"C007652",5,21482,"C047883",9.666198
"C007653",5,21482,"C047883",4.923142
"C007655",5,21482,"C047883",2.260716
"C007657",0,5705,"C012675",2.156913
"C007659",2,868,"C001904",2.785106
"C007660",5,21482,"C047883",7.714571
"C007662",0,5705,"C012675",6.751061
"C007663",4,9961,"C022249",5.795937
"C007666",0,5705,"C012675",4.977111
"C007667",0,5705,"C012675",3.863264
"C007672",1,5732,"C012734",1.731229
"C007674",2,868,"C001904",2.105587
"C007676",3,16827,"C037407",2.955513
"C007679",2,868,"C001904",1.927814
"C007680",3,16827,"C037407",1.585100
"C007684",2,868,"C001904",10.909638
"C007685",0,5705,"C012675",5.832981
"C007686",1,5732,"C012734",8.415368
"C007693",2,868,"C001904",1.107915
"C007703",5,21482,"C047883",7.347705
"C007705",2,868,"C001904",4.147002
"C007710",1,5732,"C012734",7.021920
"C007712",2,868,"C001904",9.033449
"C007715",2,868,"C001904",0.747061
"C007717",5,21482,"C047883",10.531152
"C007719",1,5732,"C012734",4.648952
"C007720",5,21482,"C047883",8.310285
"C007722",1,5732,"C012734",3.987809
"C007724",4,9961,"C022249",1.412093
"C007727",5,21482,"C047883",12.582075
"C007729",1,5732,"C012734",2.631620
"C007732",2,868,"C001904",8.041544
"C007733",3,16827,"C037407",2.860872
"C007734",1,5732,"C012734",7.385682
"C007738",2,868,"C001904",5.624134
"C007739",5,21482,"C047883",9.309436
"C007741",1,5732,"C012734",7.120965
"C007744",5,21482,"C047883",5.739303
"C007745",5,21482,"C047883",3.300158
"C007746",0,5705,"C012675",1.312382
"C007750",0,5705,"C012675",6.676654
"C007751",5,21482,"C047883",4.599990
"C007752",4,9961,"C022249",3.299757
"C007753",5,21482,"C047883",6.134241
"C007758",5,21482,"C047883",3.780239
"C007760",1,5732,"C012734",7.982790
"C007761",0,5705,"C012675",2.098351
"C007762",5,21482,"C047883",4.201587
"C007764",0,5705,"C012675",3.680745
"C007768",4,9961,"C022249",5.018794
"C007769",5,21482,"C047883",7.398167
"C007770",0,5705,"C012675",3.164848
"C007771",0,5705,"C012675",4.379651
"C007773",1,5732,"C012734",3.309650
"C007774",1,5732,"C012734",4.792684
"C007775",2,868,"C001904",4.415855
"C007776",2,868,"C001904",2.666095
"C007777",2,868,"C001904",6.874626
"C007779",1,5732,"C012734",1.937592
"C007782",0,5705,"C012675",7.703567
"C007784",2,868,"C001904",3.114227
"C007787",5,21482,"C047883",1.520057
"C007788",4,9961,"C022249",3.757075
"C007789",2,868,"C001904",6.701709
"C007790",5,21482,"C047883",5.953802
"C007793",4,9961,"C022249",2.572161
"C007794",0,5705,"C012675",6.716672
"C007795",5,21482,"C047883",3.310195
"C007798",4,9961,"C022249",3.512705
"C007799",3,16827,"C037407",7.550262
"C007801",2,868,"C001904",1.467938
"C007803",5,21482,"C047883",10.172047
"C007804",1,5732,"C012734",13.664425
"C007809",1,5732,"C012734",4.879183
"C007811",3,16827,"C037407",4.766214
"C007814",4,9961,"C022249",6.940983
"C007815",1,5732,"C012734",5.591155
"C007817",0,5705,"C012675",3.787668
"C007819",5,21482,"C047883",12.181018
"C007820",5,21482,"C047883",5.251710
"C007822",2,868,"C001904",3.711523
"C007824",4,9961,"C022249",4.874947
"C007825",2,868,"C001904",8.656204
"C007826",3,16827,"C037407",6.592145
"C007827",5,21482,"C047883",12.202764
"C007829",1,5732,"C012734",15.509676
"C007830",2,868,"C001904",7.675087
"C007833",3,16827,"C037407",7.985530
"C007834",1,5732,"C012734",12.274706
"C007835",0,5705,"C012675",10.050132
"C007836",1,5732,"C012734",13.528528
"C007838",2,868,"C001904",5.304896
"C007839",5,21482,"C047883",4.275855
"C007842",1,5732,"C012734",5.767489
"C007844",3,16827,"C037407",5.313679
"C007845",3,16827,"C037407",1.938615
"C007846",2,868,"C001904",7.120661
"C007847",5,21482,"C047883",3.172199
"C007849",3,16827,"C037407",7.838450
"C007850",0,5705,"C012675",6.312854
"C007853",0,5705,"C012675",1.816486
"C007855",0,5705,"C012675",2.464179
"C007856",0,5705,"C012675",4.741602
"C007857",0,5705,"C012675",3.357778
"C007859",2,868,"C001904",2.959650
"C007860",1,5732,"C012734",5.068299
"C007861",0,5705,"C012675",5.554275
"C007862",0,5705,"C012675",1.350578
"C007871",4,9961,"C022249",2.828764
"C007873",0,5705,"C012675",3.308377
"C007874",5,21482,"C047883",7.816270
"C007877",5,21482,"C047883",4.163932
"C007878",5,21482,"C047883",9.259548
"C007881",1,5732,"C012734",14.344320
"C007883",5,21482,"C047883",12.035982
"C007884",5,21482,"C047883",6.202723
"C007885",2,868,"C001904",1.914564
"C007889",1,5732,"C012734",6.853149
"C007891",5,21482,"C047883",2.827029
"C007892",1,5732,"C012734",10.324294
"C007894",1,5732,"C012734",6.189104
"C007897",3,16827,"C037407",4.052698
"C007901",4,9961,"C022249",3.940672
"C007902",0,5705,"C012675",6.370087
"C007904",1,5732,"C012734",10.159010
"C007906",5,21482,"C047883",7.961085
"C007908",0,5705,"C012675",5.896025
"C007910",1,5732,"C012734",4.828588
"C007912",5,21482,"C047883",11.149096
"C007914",5,21482,"C047883",2.599648
"C007917",5,21482,"C047883",8.277919
"C007918",3,16827,"C037407",2.975535
"C007919",2,868,"C001904",1.156507
"C007920",1,5732,"C012734",1.916599
"C007922",0,5705,"C012675",8.166447
"C007928",0,5705,"C012675",2.728626
"C007931",1,5732,"C012734",2.524817
"C007935",5,21482,"C047883",5.144467
"C007939",5,21482,"C047883",12.773277
"C007943",0,5705,"C012675",3.721816
"C007944",2,868,"C001904",3.102473
"C007946",4,9961,"C022249",5.579032
"C007948",3,16827,"C037407",2.823875
"C007949",5,21482,"C047883",1.170118
"C007955",3,16827,"C037407",5.191322
"C007956",1,5732,"C012734",13.633529
"C007960",0,5705,"C012675",5.924216
"C007961",2,868,"C001904",3.414953
"C007962",0,5705,"C012675",3.590510
"C007966",2,868,"C001904",7.960520
"C007972",5,21482,"C047883",1.566334
"C007975",0,5705,"C012675",1.559567
"C007976",1,5732,"C012734",3.155725
"C007977",1,5732,"C012734",4.872862
"C007979",0,5705,"C012675",6.533141
"C007983",0,5705,"C012675",5.403090
"C007986",3,16827,"C037407",7.026011
"C007987",4,9961,"C022249",1.315332
"C007989",1,5732,"C012734",5.737325
"C007991",1,5732,"C012734",15.593376
"C007993",1,5732,"C012734",1.521051
"C007996",1,5732,"C012734",3.029394
"C008000",0,5705,"C012675",2.721697
"C008001",1,5732,"C012734",7.659242
"C008002",4,9961,"C022249",0.971585
"C008003",0,5705,"C012675",6.367012
"C008005",5,21482,"C047883",3.299398
"C008006",5,21482,"C047883",10.825093
"C008007",3,16827,"C037407",7.173755
"C008008",5,21482,"C047883",3.681950
"C008009",0,5705,"C012675",6.650305
"C008011",4,9961,"C022249",5.613885
"C008015",3,16827,"C037407",2.682340
"C008016",5,21482,"C047883",4.401151
"C008018",0,5705,"C012675",9.254113
"C008020",1,5732,"C012734",8.334459
"C008022",5,21482,"C047883",12.245235
"C008023",2,868,"C001904",3.819414
"C008024",1,5732,"C012734",1.711938
"C008025",4,9961,"C022249",5.174507
"C008026",3,16827,"C037407",3.119936
"C008030",0,5705,"C012675",3.564012
"C008034",2,868,"C001904",7.987868
"C008035",0,5705,"C012675",0.703547
"C008037",2,868,"C001904",6.544814
"C008038",5,21482,"C047883",13.593648
"C008041",4,9961,"C022249",3.183234
"C008044",0,5705,"C012675",4.060133
"C008047",0,5705,"C012675",6.033854
"C008051",3,16827,"C037407",5.885682
"C008057",5,21482,"C047883",8.581713
"C008062",5,21482,"C047883",13.585373
"C008067",1,5732,"C012734",13.263485
"C008068",2,868,"C001904",5.736708
"C008076",2,868,"C001904",9.700630
"C008078",1,5732,"C012734",7.049826
"C008079",3,16827,"C037407",3.288303
"C008084",1,5732,"C012734",12.223056
"C008087",1,5732,"C012734",7.547458
"C008091",5,21482,"C047883",5.891375
"C008093",1,5732,"C012734",7.120271
"C008094",2,868,"C001904",6.212560
"C008099",1,5732,"C012734",4.482131
"C008100",0,5705,"C012675",2.742181
"C008104",4,9961,"C022249",5.906344
"C008107",1,5732,"C012734",8.782020
"C008110",5,21482,"C047883",8.632119
"C008113",1,5732,"C012734",5.728375
"C008115",5,21482,"C047883",5.673548
"C008116",5,21482,"C047883",6.610263
"C008119",5,21482,"C047883",1.605938
"C008120",1,5732,"C012734",11.573634
"C008121",0,5705,"C012675",6.729441
"C008122",5,21482,"C047883",11.262783
"C008124",5,21482,"C047883",4.102425
"C008126",4,9961,"C022249",3.069041
"C008128",1,5732,"C012734",15.012226
"C008131",5,21482,"C047883",4.118233
"C008133",5,21482,"C047883",3.120346
"C008135",5,21482,"C047883",10.610616
"C008138",4,9961,"C022249",4.566729
"C008139",5,21482,"C047883",12.320918
"C008140",2,868,"C001904",9.111075
"C008142",3,16827,"C037407",6.162504
"C008143",5,21482,"C047883",2.191046
"C008144",3,16827,"C037407",7.742724
"C008145",0,5705,"C012675",7.805910
"C008147",1,5732,"C012734",5.855590
"C008148",5,21482,"C047883",3.468089
"C008149",5,21482,"C047883",4.763233
"C008151",0,5705,"C012675",6.430732
"C008152",1,5732,"C012734",2.881264
"C008153",2,868,"C001904",1.103498
"C008159",4,9961,"C022249",3.407449
"C008161",3,16827,"C037407",1.630214
"C008166",2,868,"C001904",2.876766
"C008168",0,5705,"C012675",4.783281
"C008169",5,21482,"C047883",6.540147
"C008170",5,21482,"C047883",9.209317
"C008172",2,868,"C001904",1.828075
"C008177",3,16827,"C037407",1.589855
"C008178",5,21482,"C047883",4.860755
"C008179",2,868,"C001904",1.880034
"C008180",5,21482,"C047883",2.853366
"C008182",2,868,"C001904",3.070968
"C008186",2,868,"C001904",10.356432
"C008187",5,21482,"C047883",4.395177
"C008188",2,868,"C001904",8.297110
"C008189",5,21482,"C047883",6.720400
"C008192",0,5705,"C012675",5.840731
"C008198",5,21482,"C047883",5.578229
"C008204",0,5705,"C012675",3.952684
"C008206",5,21482,"C047883",7.731909
"C008210",5,21482,"C047883",8.503322
"C008211",3,16827,"C037407",4.916691
"C008213",1,5732,"C012734",3.054765
"C008214",4,9961,"C022249",5.393129
"C008215",5,21482,"C047883",10.863260
"C008227",5,21482,"C047883",4.163842
"C008228",4,9961,"C022249",1.825886
"C008233",5,21482,"C047883",11.133330
"C008234",3,16827,"C037407",7.862013
"C008236",0,5705,"C012675",6.886835
"C008237",1,5732,"C012734",3.952140
"C008238",2,868,"C001904",8.102817
"C008241",1,5732,"C012734",8.045084
"C008247",5,21482,"C047883",9.463228
"C008251",5,21482,"C047883",8.358717
"C008252",3,16827,"C037407",2.828975
"C008257",2,868,"C001904",5.725692
"C008258",0,5705,"C012675",5.179089
"C008260",5,21482,"C047883",11.548826
"C008263",2,868,"C001904",6.098948
"C008274",5,21482,"C047883",8.229111
"C008276",5,21482,"C047883",10.031664
"C008277",1,5732,"C012734",5.911252
"C008278",3,16827,"C037407",2.250931
"C008284",1,5732,"C012734",2.848899
"C008286",0,5705,"C012675",8.012389
"C008288",1,5732,"C012734",8.488464
"C008289",3,16827,"C037407",6.058119
"C008297",1,5732,"C012734",14.710719
"C008301",5,21482,"C047883",13.583022
"C008302",1,5732,"C012734",4.842996
"C008304",5,21482,"C047883",6.247961
"C008305",1,5732,"C012734",8.888914
"C008306",2,868,"C001904",5.475742
"C008308",2,868,"C001904",6.808919
"C008312",5,21482,"C047883",4.929742
"C008315",2,868,"C001904",5.710066
"C008316",0,5705,"C012675",9.415733
"C008317",1,5732,"C012734",15.569331
"C008318",1,5732,"C012734",5.905679
"C008319",0,5705,"C012675",4.521401
"C008320",5,21482,"C047883",7.495228
"C008321",4,9961,"C022249",3.946098
"C008322",0,5705,"C012675",5.334009
"C008323",4,9961,"C022249",4.922568
"C008324",5,21482,"C047883",6.679010
"C008325",2,868,"C001904",1.671887
"C008326",4,9961,"C022249",3.122588
"C008327",5,21482,"C047883",1.326494
"C008328",5,21482,"C047883",6.962838
"C008329",0,5705,"C012675",7.020364
"C008331",3,16827,"C037407",5.710481
"C008335",1,5732,"C012734",3.504018
"C008336",4,9961,"C022249",0.739082
"C008337",2,868,"C001904",7.612151
"C008339",3,16827,"C037407",3.730382
"C008341",1,5732,"C012734",12.045187
"C008346",4,9961,"C022249",4.167869
"C008347",2,868,"C001904",7.769928
"C008348",1,5732,"C012734",16.059721
"C008349",5,21482,"C047883",2.509552
"C008350",3,16827,"C037407",7.476968
"C008351",2,868,"C001904",5.814121
"C008353",2,868,"C001904",8.638506
"C008356",0,5705,"C012675",3.820754
"C008358",3,16827,"C037407",2.873961
"C008360",4,9961,"C022249",3.231691
"C008363",0,5705,"C012675",5.755029
"C008364",5,21482,"C047883",10.839872
"C008365",4,9961,"C022249",3.453388
"C008368",5,21482,"C047883",11.676459
"C008370",1,5732,"C012734",1.479961
"C008371",0,5705,"C012675",3.287266
"C008372",5,21482,"C047883",11.988472
"C008374",0,5705,"C012675",5.645256
"C008377",5,21482,"C047883",5.478866
"C008379",0,5705,"C012675",6.485219
"C008381",3,16827,"C037407",2.628315
"C008382",5,21482,"C047883",3.902926
"C008383",1,5732,"C012734",6.220576
"C008389",4,9961,"C022249",2.358589
"C008390",5,21482,"C047883",4.836127
"C008391",5,21482,"C047883",3.403761
"C008393",5,21482,"C047883",8.927976
"C008394",3,16827,"C037407",2.578594
"C008395",4,9961,"C022249",0.950445
"C008396",1,5732,"C012734",6.691879
"C008398",1,5732,"C012734",1.505868
"C008401",4,9961,"C022249",5.698786
"C008402",2,868,"C001904",2.997698
"C008403",5,21482,"C047883",1.884966
"C008406",5,21482,"C047883",1.803095
"C008407",5,21482,"C047883",3.195386
"C008409",4,9961,"C022249",0.206245
"C008410",5,21482,"C047883",15.880686
"C008412",0,5705,"C012675",3.967196
"C008413",2,868,"C001904",8.445893
"C008417",1,5732,"C012734",12.065072
"C008418",5,21482,"C047883",3.111541
"C008419",0,5705,"C012675",2.977189
"C008421",3,16827,"C037407",9.810902
"C008424",3,16827,"C037407",1.805214
"C008425",5,21482,"C047883",11.942506
"C008427",5,21482,"C047883",2.880983
"C008429",4,9961,"C022249",2.923486
"C008435",5,21482,"C047883",7.358329
"C008436",2,868,"C001904",4.477926
"C008437",3,16827,"C037407",3.727936
"C008439",5,21482,"C047883",3.343665
"C008441",5,21482,"C047883",10.302268
"C008442",1,5732,"C012734",3.013931
"C008443",5,21482,"C047883",2.580306
"C008447",3,16827,"C037407",6.259888
"C008453",5,21482,"C047883",10.544505
"C008454",2,868,"C001904",1.701001
"C008455",5,21482,"C047883",2.669092
"C008457",5,21482,"C047883",8.663552
"C008458",5,21482,"C047883",0.181605
"C008467",3,16827,"C037407",6.444570
"C008468",0,5705,"C012675",3.855309
"C008469",0,5705,"C012675",2.874286
"C008474",1,5732,"C012734",11.782976
"C008477",1,5732,"C012734",3.846360
"C008482",5,21482,"C047883",0.367917
"C008489",1,5732,"C012734",8.364559
"C008490",5,21482,"C047883",12.396586
"C008498",3,16827,"C037407",10.114585
"C008501",0,5705,"C012675",5.643077
"C008502",5,21482,"C047883",11.664469
"C008503",4,9961,"C022249",3.194761
"C008505",5,21482,"C047883",4.106654
"C008506",0,5705,"C012675",4.788670
"C008507",5,21482,"C047883",11.935197
"C008510",5,21482,"C047883",7.213465
"C008512",5,21482,"C047883",12.143900
"C008514",3,16827,"C037407",5.713660
"C008515",1,5732,"C012734",4.949288
"C008516",5,21482,"C047883",3.593321
"C008517",3,16827,"C037407",5.448874
"C008520",1,5732,"C012734",2.896461
"C008521",2,868,"C001904",3.101495
"C008522",1,5732,"C012734",11.540557
"C008523",4,9961,"C022249",5.650874
"C008525",0,5705,"C012675",5.135015
"C008527",2,868,"C001904",6.958631
"C008528",5,21482,"C047883",12.762375
"C008529",0,5705,"C012675",7.064933
"C008530",1,5732,"C012734",6.897581
"C008532",1,5732,"C012734",2.022254
"C008533",0,5705,"C012675",7.854776
"C008534",1,5732,"C012734",1.868641
"C008535",5,21482,"C047883",3.155563
"C008537",1,5732,"C012734",14.312569
"C008540",2,868,"C001904",4.316666
"C008542",0,5705,"C012675",4.496397
"C008548",0,5705,"C012675",4.066970
"C008549",2,868,"C001904",12.556652
"C008551",1,5732,"C012734",7.476817
"C008552",4,9961,"C022249",7.425125
"C008554",5,21482,"C047883",10.768666
"C008556",1,5732,"C012734",3.192409
"C008557",1,5732,"C012734",15.548725
"C008558",1,5732,"C012734",4.552674
"C008559",5,21482,"C047883",9.555748
"C008563",0,5705,"C012675",1.322702
"C008565",5,21482,"C047883",1.942785
"C008567",3,16827,"C037407",8.241348
"C008569",2,868,"C001904",6.776222
"C008574",2,868,"C001904",9.716007
"C008575",5,21482,"C047883",4.354133
"C008576",5,21482,"C047883",3.913791
"C008578",2,868,"C001904",6.969087
"C008579",5,21482,"C047883",13.081669
"C008581",4,9961,"C022249",4.471049
"C008582",2,868,"C001904",2.789687
"C008583",5,21482,"C047883",4.349565
"C008585",0,5705,"C012675",5.283637
"C008586",2,868,"C001904",5.522429
"C008587",5,21482,"C047883",11.650375
"C008589",2,868,"C001904",10.551083
"C008591",1,5732,"C012734",2.325462
"C008593",5,21482,"C047883",4.685702
"C008594",0,5705,"C012675",7.035145
"C008597",2,868,"C001904",1.682489
"C008598",0,5705,"C012675",5.481597
"C008601",5,21482,"C047883",3.755358
"C008602",2,868,"C001904",10.395114
"C008606",1,5732,"C012734",5.398480
"C008608",3,16827,"C037407",7.968614
"C008609",3,16827,"C037407",8.057610
"C008611",5,21482,"C047883",15.044370
"C008612",4,9961,"C022249",3.747902
"C008613",2,868,"C001904",3.621585
"C008615",3,16827,"C037407",8.440262
"C008617",1,5732,"C012734",6.154260
"C008623",2,868,"C001904",11.515763
"C008627",0,5705,"C012675",6.901468
"C008628",5,21482,"C047883",12.760458
"C008630",5,21482,"C047883",14.955243
"C008632",4,9961,"C022249",4.918341
"C008634",1,5732,"C012734",12.246646
"C008636",1,5732,"C012734",3.769271
"C008637",4,9961,"C022249",2.565267
"C008638",2,868,"C001904",7.395001
"C008641",5,21482,"C047883",1.954548
"C008642",2,868,"C001904",11.458651
"C008643",3,16827,"C037407",7.690569
"C008646",4,9961,"C022249",2.124226
"C008647",4,9961,"C022249",3.465186
"C008649",5,21482,"C047883",13.329815
"C008655",0,5705,"C012675",5.170317
"C008658",5,21482,"C047883",8.233070
"C008662",2,868,"C001904",1.707948
"C008668",3,16827,"C037407",7.188141
"C008669",4,9961,"C022249",0.614562
"C008671",3,16827,"C037407",7.550162
"C008672",5,21482,"C047883",5.089976
"C008675",5,21482,"C047883",11.222941
"C008677",5,21482,"C047883",12.364441
"C008678",5,21482,"C047883",8.991890
"C008679",5,21482,"C047883",11.810217
"C008682",2,868,"C001904",3.560382
"C008683",0,5705,"C012675",10.430265
"C008686",0,5705,"C012675",4.031703
"C008690",2,868,"C001904",5.762917
"C008691",4,9961,"C022249",2.898550
"C008692",4,9961,"C022249",1.153191
"C008693",1,5732,"C012734",3.147784
"C008698",2,868,"C001904",5.805460
"C008699",1,5732,"C012734",7.044174
"C008701",5,21482,"C047883",5.059030
"C008702",0,5705,"C012675",3.295924
"C008703",4,9961,"C022249",3.262185
"C008705",1,5732,"C012734",14.702982
"C008707",1,5732,"C012734",6.339630
"C008708",4,9961,"C022249",1.739681
"C008709",2,868,"C001904",4.548753
"C008711",5,21482,"C047883",3.419175
"C008712",1,5732,"C012734",2.151637
"C008713",2,868,"C001904",8.143464
"C008714",2,868,"C001904",2.391316
"C008718",1,5732,"C012734",1.520547
"C008720",3,16827,"C037407",7.552530
"C008721",5,21482,"C047883",1.925907
"C008722",5,21482,"C047883",6.565670
"C008723",4,9961,"C022249",6.509529
"C008729",1,5732,"C012734",5.002495
"C008734",0,5705,"C012675",0.480933
"C008738",0,5705,"C012675",8.115434
"C008739",2,868,"C001904",3.437050
"C008742",0,5705,"C012675",7.634840
"C008744",0,5705,"C012675",3.848337
"C008745",3,16827,"C037407",4.716490
"C008747",2,868,"C001904",1.764317
"C008748",0,5705,"C012675",5.451638
"C008750",1,5732,"C012734",5.683602
"C008759",4,9961,"C022249",3.757303
"C008760",2,868,"C001904",7.597578
"C008761",1,5732,"C012734",8.605337
"C008764",0,5705,"C012675",5.324646
"C008769",2,868,"C001904",2.766998
"C008771",5,21482,"C047883",5.468890
"C008775",0,5705,"C012675",5.378111
"C008776",5,21482,"C047883",3.420078
"C008779",0,5705,"C012675",4.269328
"C008780",5,21482,"C047883",5.885306
"C008781",4,9961,"C022249",2.170291
"C008783",5,21482,"C047883",2.611990
"C008784",3,16827,"C037407",3.997306
"C008786",1,5732,"C012734",3.571912
"C008787",1,5732,"C012734",4.736734
"C008789",0,5705,"C012675",3.300812
"C008791",5,21482,"C047883",1.700513
"C008796",0,5705,"C012675",8.429756
"C008797",2,868,"C001904",4.000626
"C008799",1,5732,"C012734",3.367634
"C008803",5,21482,"C047883",4.384190
"C008804",3,16827,"C037407",4.495636
"C008806",1,5732,"C012734",7.840549
"C008810",5,21482,"C047883",13.992072
"C008811",5,21482,"C047883",8.894419
"C008813",4,9961,"C022249",2.750301
"C008815",1,5732,"C012734",10.342255
"C008816",4,9961,"C022249",5.841326
"C008818",5,21482,"C047883",5.141403
"C008819",2,868,"C001904",4.322384
"C008821",5,21482,"C047883",2.816410
"C008825",1,5732,"C012734",12.371770
"C008826",5,21482,"C047883",6.368484
"C008829",0,5705,"C012675",7.335206
"C008830",5,21482,"C047883",2.977909
"C008831",5,21482,"C047883",4.066652
"C008834",3,16827,"C037407",2.951589
"C008835",2,868,"C001904",7.404657
"C008836",1,5732,"C012734",2.374458
"C008839",5,21482,"C047883",3.509891
"C008840",4,9961,"C022249",5.254132
"C008842",2,868,"C001904",2.558014
"C008843",1,5732,"C012734",10.288062
"C008845",3,16827,"C037407",5.112178
"C008847",5,21482,"C047883",5.413346
"C008850",2,868,"C001904",2.055895
"C008852",3,16827,"C037407",4.698876
"C008855",2,868,"C001904",7.979453
"C008859",3,16827,"C037407",1.965468
"C008860",1,5732,"C012734",9.118124
"C008866",4,9961,"C022249",3.943762
"C008870",0,5705,"C012675",6.917070
"C008874",0,5705,"C012675",7.089804
"C008875",4,9961,"C022249",8.010025
"C008877",1,5732,"C012734",1.975725
"C008878",1,5732,"C012734",12.150381
"C008881",1,5732,"C012734",1.620537
"C008886",2,868,"C001904",5.083388
"C008889",3,16827,"C037407",3.914088
"C008892",2,868,"C001904",3.818372
"C008895",1,5732,"C012734",3.584245
"C008901",1,5732,"C012734",3.842356
"C008902",5,21482,"C047883",8.773910
"C008904",1,5732,"C012734",6.652032
"C008907",3,16827,"C037407",9.200314
"C008913",2,868,"C001904",1.259662
"C008915",0,5705,"C012675",5.142190
"C008916",1,5732,"C012734",3.225519
"C008917",1,5732,"C012734",10.762064
"C008918",4,9961,"C022249",3.145992
"C008919",0,5705,"C012675",0.118709
"C008927",4,9961,"C022249",3.442717
"C008928",1,5732,"C012734",1.343837
"C008929",4,9961,"C022249",6.201397
"C008938",2,868,"C001904",6.313157
"C008939",3,16827,"C037407",2.945815
"C008940",5,21482,"C047883",8.284683
"C008942",2,868,"C001904",2.152841
"C008943",4,9961,"C022249",4.646885
"C008944",5,21482,"C047883",11.078116
"C008946",3,16827,"C037407",2.709957
"C008948",1,5732,"C012734",17.155572
"C008949",5,21482,"C047883",8.512997
"C008951",2,868,"C001904",2.589265
"C008953",0,5705,"C012675",2.500918
"C008954",3,16827,"C037407",2.672592
"C008956",2,868,"C001904",2.877893
"C008957",0,5705,"C012675",7.159504
"C008959",2,868,"C001904",5.317326
"C008960",5,21482,"C047883",5.784219
"C008961",3,16827,"C037407",1.199972
"C008963",1,5732,"C012734",3.212760
"C008964",1,5732,"C012734",11.919724
"C008965",3,16827,"C037407",4.679798
"C008966",2,868,"C001904",5.161177
"C008967",1,5732,"C012734",4.348826
"C008970",0,5705,"C012675",6.532788
"C008971",4,9961,"C022249",4.803435
"C008976",1,5732,"C012734",14.007714
"C008978",5,21482,"C047883",9.626277
"C008979",2,868,"C001904",4.642112
"C008981",3,16827,"C037407",8.272310
"C008985",3,16827,"C037407",7.207269
"C008986",3,16827,"C037407",7.661286
"C008990",1,5732,"C012734",7.941389
"C008991",5,21482,"C047883",4.144306
"C008992",4,9961,"C022249",6.630390
"C008993",0,5705,"C012675",6.674786
"C008996",5,21482,"C047883",5.955534
"C008998",4,9961,"C022249",2.477634
"C009000",5,21482,"C047883",3.041510
"C009002",1,5732,"C012734",1.904880
"C009003",5,21482,"C047883",8.776473
"C009005",0,5705,"C012675",4.089989
"C009007",5,21482,"C047883",12.548496
"C009010",2,868,"C001904",9.201541
"C009011",1,5732,"C012734",8.536979
"C009012",4,9961,"C022249",3.713142
"C009014",5,21482,"C047883",5.896207
"C009015",0,5705,"C012675",3.532372
"C009016",4,9961,"C022249",1.447919
"C009019",0,5705,"C012675",8.665684
"C009021",3,16827,"C037407",3.577219
"C009022",4,9961,"C022249",4.194763
"C009025",5,21482,"C047883",11.076274
"C009027",0,5705,"C012675",6.733305
"C009028",1,5732,"C012734",12.102742
"C009029",0,5705,"C012675",6.310335
"C009032",1,5732,"C012734",12.158771
"C009033",0,5705,"C012675",7.533083
"C009035",4,9961,"C022249",2.894993
"C009036",2,868,"C001904",3.400965
"C009037",5,21482,"C047883",12.778176
"C009039",2,868,"C001904",7.614312
"C009041",5,21482,"C047883",1.572134
"C009042",3,16827,"C037407",3.846921
"C009045",1,5732,"C012734",7.054631
"C009047",0,5705,"C012675",7.869860
"C009048",4,9961,"C022249",1.656861
"C009055",5,21482,"C047883",7.582175
"C009057",0,5705,"C012675",4.187105
"C009062",1,5732,"C012734",6.417246
"C009066",1,5732,"C012734",0.745278
"C009067",0,5705,"C012675",8.277735
"C009069",0,5705,"C012675",7.023725
"C009070",4,9961,"C022249",4.953881
"C009071",3,16827,"C037407",4.606645
"C009073",1,5732,"C012734",6.079711
"C009074",3,16827,"C037407",7.094196
"C009075",3,16827,"C037407",3.314375
"C009077",0,5705,"C012675",4.760924
"C009079",1,5732,"C012734",7.134831
"C009081",3,16827,"C037407",3.436868
"C009084",2,868,"C001904",5.863516
"C009085",5,21482,"C047883",5.360994
"C009087",0,5705,"C012675",5.422603
"C009093",1,5732,"C012734",2.107434
"C009096",4,9961,"C022249",2.653235
"C009098",4,9961,"C022249",3.035488
"C009099",1,5732,"C012734",3.228770
"C009100",3,16827,"C037407",4.854732
"C009102",3,16827,"C037407",5.730965
"C009103",2,868,"C001904",2.339825
"C009108",0,5705,"C012675",4.218078
"C009109",0,5705,"C012675",4.405743
"C009110",0,5705,"C012675",4.300367
"C009112",0,5705,"C012675",1.093755
"C009120",1,5732,"C012734",0.784743
"C009121",4,9961,"C022249",9.938520
"C009124",0,5705,"C012675",5.193220
"C009127",2,868,"C001904",1.043246
"C009128",2,868,"C001904",3.986654
"C009131",4,9961,"C022249",1.709896
"C009133",3,16827,"C037407",5.974789
"C009136",5,21482,"C047883",12.420847
"C009137",4,9961,"C022249",5.609499
"C009138",5,21482,"C047883",4.854637
"C009145",1,5732,"C012734",6.190299
"C009147",5,21482,"C047883",2.628963
"C009150",1,5732,"C012734",3.881727
"C009151",5,21482,"C047883",3.942141
"C009154",2,868,"C001904",8.040389
"C009156",5,21482,"C047883",3.937639
"C009157",1,5732,"C012734",6.952363
"C009161",0,5705,"C012675",2.474974
"C009164",1,5732,"C012734",7.531865
"C009166",5,21482,"C047883",1.341339
"C009167",2,868,"C001904",7.148828
"C009172",5,21482,"C047883",10.085445
"C009175",5,21482,"C047883",7.623839
"C009176",5,21482,"C047883",2.658139
"C009181",5,21482,"C047883",4.615543
"C009183",4,9961,"C022249",4.084102
"C009185",1,5732,"C012734",7.726909
"C009186",5,21482,"C047883",2.659240
"C009189",5,21482,"C047883",9.501996
"C009190",0,5705,"C012675",9.078788
"C009191",0,5705,"C012675",2.900456
"C009193",0,5705,"C012675",5.858403
"C009194",1,5732,"C012734",4.179150
"C009196",2,868,"C001904",9.584503
"C009201",0,5705,"C012675",4.578737
"C009205",1,5732,"C012734",4.443921
"C009212",5,21482,"C047883",3.938836
"C009215",0,5705,"C012675",2.997348
"C009216",4,9961,"C022249",1.900993
"C009217",1,5732,"C012734",7.777105
"C009218",1,5732,"C012734",5.301621
"C009219",2,868,"C001904",7.833734
"C009224",2,868,"C001904",6.589745
"C009226",4,9961,"C022249",2.798730
"C009228",5,21482,"C047883",11.812991
"C009231",5,21482,"C047883",8.220675
"C009233",1,5732,"C012734",3.208781
"C009235",3,16827,"C037407",6.559345
"C009237",3,16827,"C037407",7.417759
"C009239",1,5732,"C012734",2.304714
"C009240",3,16827,"C037407",7.932647
"C009242",1,5732,"C012734",8.416168
"C009251",2,868,"C001904",3.930740
"C009253",1,5732,"C012734",5.738618
"C009256",2,868,"C001904",5.892138
"C009259",2,868,"C001904",8.683472
"C009263",3,16827,"C037407",3.269322
"C009264",1,5732,"C012734",3.178581
"C009266",0,5705,"C012675",2.155472
"C009267",5,21482,"C047883",1.769504
"C009268",3,16827,"C037407",9.024964
"C009271",5,21482,"C047883",12.033565
"C009272",0,5705,"C012675",6.957846
"C009273",5,21482,"C047883",10.703903
"C009278",5,21482,"C047883",1.067104
"C009279",5,21482,"C047883",12.016443
"C009280",5,21482,"C047883",11.820569
"C009282",5,21482,"C047883",9.001244
"C009283",0,5705,"C012675",2.594706
"C009288",1,5732,"C012734",6.984225
"C009290",2,868,"C001904",7.675319
"C009297",3,16827,"C037407",6.981022
"C009299",0,5705,"C012675",6.307158
"C009301",2,868,"C001904",7.596828
"C009303",5,21482,"C047883",4.621414
"C009309",0,5705,"C012675",4.031744
"C009313",1,5732,"C012734",15.730397
"C009314",3,16827,"C037407",8.191145
"C009315",4,9961,"C022249",2.648704
"C009316",2,868,"C001904",5.104458
"C009317",3,16827,"C037407",7.836113
"C009319",2,868,"C001904",10.317550
"C009321",2,868,"C001904",10.399444
"C009323",5,21482,"C047883",2.982604
"C009326",1,5732,"C012734",12.967115
"C009329",5,21482,"C047883",2.995232
"C009332",2,868,"C001904",9.358953
"C009337",0,5705,"C012675",1.428172
"C009340",4,9961,"C022249",5.583201
"C009343",1,5732,"C012734",2.831696
"C009345",0,5705,"C012675",7.720766
"C009346",3,16827,"C037407",5.401780
"C009347",0,5705,"C012675",4.250002
"C009349",3,16827,"C037407",2.667048
"C009357",1,5732,"C012734",3.418563
"C009360",3,16827,"C037407",8.624161
"C009365",0,5705,"C012675",5.436890
"C009367",2,868,"C001904",3.655290
"C009370",4,9961,"C022249",4.595117
"C009371",4,9961,"C022249",3.234594
"C009372",5,21482,"C047883",4.013988
"C009373",1,5732,"C012734",11.610890
"C009374",5,21482,"C047883",5.251726
"C009375",0,5705,"C012675",8.373055
"C009376",5,21482,"C047883",12.565056
"C009377",1,5732,"C012734",12.920799
"C009378",1,5732,"C012734",10.036123
"C009381",5,21482,"C047883",3.601748
"C009383",0,5705,"C012675",8.933410
"C009384",5,21482,"C047883",6.566956
"C009385",1,5732,"C012734",9.298186
"C009386",1,5732,"C012734",10.293624
"C009388",5,21482,"C047883",2.286047
"C009389",5,21482,"C047883",11.076813
"C009393",1,5732,"C012734",6.594071
"C009394",2,868,"C001904",2.237055
"C009395",1,5732,"C012734",8.025135
"C009396",0,5705,"C012675",7.966165
"C009401",0,5705,"C012675",3.452553
"C009403",1,5732,"C012734",2.979947
"C009405",0,5705,"C012675",2.459723
"C009407",0,5705,"C012675",4.797879
"C009410",2,868,"C001904",11.863603
"C009411",1,5732,"C012734",5.315487
"C009414",1,5732,"C012734",6.590646
"C009418",2,868,"C001904",0.819918
"C009420",5,21482,"C047883",0.950224
"C009424",0,5705,"C012675",7.533612
"C009429",0,5705,"C012675",4.334244
"C009430",0,5705,"C012675",3.980036
"C009433",0,5705,"C012675",4.352510
"C009435",0,5705,"C012675",10.387105
"C009436",0,5705,"C012675",6.969473
"C009439",5,21482,"C047883",5.520194
"C009441",2,868,"C001904",6.569728
"C009443",3,16827,"C037407",3.063775
"C009444",1,5732,"C012734",2.260124
"C009445",5,21482,"C047883",7.626247
"C009446",4,9961,"C022249",4.600212
"C009448",5,21482,"C047883",3.290822
"C009449",3,16827,"C037407",1.768608
"C009451",1,5732,"C012734",14.876705
"C009457",4,9961,"C022249",1.945601
"C009458",5,21482,"C047883",6.685912
"C009459",0,5705,"C012675",9.405828
"C009460",4,9961,"C022249",3.866344
"C009461",4,9961,"C022249",5.014544
"C009462",5,21482,"C047883",10.599786
"C009466",0,5705,"C012675",4.351065
"C009467",5,21482,"C047883",8.696976
"C009470",0,5705,"C012675",5.887543
"C009477",0,5705,"C012675",5.390956
"C009480",4,9961,"C022249",3.501154
"C009481",0,5705,"C012675",7.508173
"C009483",4,9961,"C022249",4.394631
"C009484",1,5732,"C012734",9.770000
"C009486",3,16827,"C037407",4.712757
"C009487",2,868,"C001904",3.031381
"C009492",2,868,"C001904",10.648248
"C009493",1,5732,"C012734",4.672737
"C009494",1,5732,"C012734",4.323904
"C009498",3,16827,"C037407",6.478743
"C009502",0,5705,"C012675",9.034573
"C009506",3,16827,"C037407",8.290905
"C009507",1,5732,"C012734",9.515856
"C009509",5,21482,"C047883",7.240093
"C009512",0,5705,"C012675",4.489510
"C009513",1,5732,"C012734",6.518851
"C009515",1,5732,"C012734",3.013199
"C009520",2,868,"C001904",3.376176
"C009522",4,9961,"C022249",3.340613
"C009523",2,868,"C001904",10.244610
"C009526",4,9961,"C022249",4.960691
"C009528",3,16827,"C037407",6.330894
"C009530",5,21482,"C047883",3.679185
"C009534",4,9961,"C022249",4.607315
"C009536",5,21482,"C047883",2.344072
"C009537",2,868,"C001904",4.783958
"C009538",5,21482,"C047883",5.372361
"C009540",2,868,"C001904",7.945620
"C009541",2,868,"C001904",5.316064
"C009544",3,16827,"C037407",0.312808
"C009551",1,5732,"C012734",13.626780
"C009554",1,5732,"C012734",10.179593
"C009556",0,5705,"C012675",7.484475
"C009557",1,5732,"C012734",9.166277
"C009559",2,868,"C001904",7.002532
"C009563",3,16827,"C037407",5.210118
"C009564",2,868,"C001904",2.662040
"C009565",5,21482,"C047883",3.053779
"C009569",5,21482,"C047883",4.192369
"C009573",4,9961,"C022249",3.414042
"C009576",2,868,"C001904",5.569905
"C009580",3,16827,"C037407",7.228660
"C009585",1,5732,"C012734",6.305402
"C009590",1,5732,"C012734",7.170002
"C009591",3,16827,"C037407",7.565247
"C009598",4,9961,"C022249",2.135744
"C009601",4,9961,"C022249",1.242674
"C009602",2,868,"C001904",7.149254
"C009604",0,5705,"C012675",6.558869
"C009608",5,21482,"C047883",10.248258
"C009612",2,868,"C001904",4.817490
"C009613",2,868,"C001904",2.725559
"C009619",5,21482,"C047883",3.683682
"C009620",1,5732,"C012734",7.726973
"C009621",5,21482,"C047883",13.294937
"C009622",3,16827,"C037407",7.371087
"C009623",5,21482,"C047883",4.675057
"C009624",2,868,"C001904",2.224204
"C009625",2,868,"C001904",8.281972
"C009627",1,5732,"C012734",9.046215
"C009631",5,21482,"C047883",11.666756
"C009633",5,21482,"C047883",12.795258
"C009635",1,5732,"C012734",5.545310
"C009639",4,9961,"C022249",6.687526
"C009648",5,21482,"C047883",7.658243
"C009649",0,5705,"C012675",9.062257
"C009650",0,5705,"C012675",3.272076
"C009651",1,5732,"C012734",9.160652
"C009652",5,21482,"C047883",3.035853
"C009653",1,5732,"C012734",3.337511
"C009655",5,21482,"C047883",6.168486
"C009656",0,5705,"C012675",6.793949
"C009657",2,868,"C001904",3.085904
"C009660",0,5705,"C012675",4.425330
"C009662",1,5732,"C012734",2.833394
"C009664",0,5705,"C012675",8.196467
"C009669",3,16827,"C037407",8.655412
"C009670",1,5732,"C012734",11.789118
"C009671",2,868,"C001904",3.469135
"C009672",5,21482,"C047883",8.400444
"C009674",2,868,"C001904",11.143081
"C009675",3,16827,"C037407",0.335805
"C009676",2,868,"C001904",6.126085
"C009678",1,5732,"C012734",2.137918
"C009679",4,9961,"C022249",6.513544
"C009682",2,868,"C001904",6.124472
"C009688",1,5732,"C012734",7.128927
"C009691",1,5732,"C012734",6.674475
"C009695",1,5732,"C012734",2.500626
"C009696",0,5705,"C012675",3.024099
"C009698",2,868,"C001904",3.630497
"C009702",5,21482,"C047883",6.815155
"C009703",3,16827,"C037407",4.822925
"C009704",0,5705,"C012675",6.300151
"C009707",1,5732,"C012734",13.988337
"C009709",3,16827,"C037407",7.108515
"C009710",3,16827,"C037407",6.897484
"C009712",2,868,"C001904",1.813826
"C009714",1,5732,"C012734",2.938431
"C009715",1,5732,"C012734",1.596306
"C009721",3,16827,"C037407",7.021899
"C009723",4,9961,"C022249",2.223669
"C009726",2,868,"C001904",6.780870
"C009728",5,21482,"C047883",10.095760
"C009731",5,21482,"C047883",11.755592
"C009732",5,21482,"C047883",0.247295
"C009738",2,868,"C001904",5.197799
"C009742",1,5732,"C012734",4.771113
"C009743",0,5705,"C012675",7.283035
"C009746",0,5705,"C012675",3.809926
"C009748",4,9961,"C022249",1.886534
"C009750",3,16827,"C037407",7.699163
"C009753",2,868,"C001904",8.801187
"C009754",5,21482,"C047883",10.864376
"C009755",1,5732,"C012734",2.445771
"C009760",5,21482,"C047883",9.732721
"C009761",0,5705,"C012675",8.975429
"C009763",0,5705,"C012675",7.168561
"C009767",5,21482,"C047883",4.664161
"C009770",2,868,"C001904",2.853106
"C009772",5,21482,"C047883",5.175708
"C009773",1,5732,"C012734",5.731855
"C009774",5,21482,"C047883",3.781306
"C009775",1,5732,"C012734",1.457429
"C009776",5,21482,"C047883",8.183683
"C009777",5,21482,"C047883",2.897493
"C009779",2,868,"C001904",2.040643
"C009780",3,16827,"C037407",0.635859
"C009781",4,9961,"C022249",5.000709
"C009782",0,5705,"C012675",7.353176
"C009783",5,21482,"C047883",6.203733
"C009785",2,868,"C001904",5.912553
"C009790",1,5732,"C012734",5.399407
"C009791",2,868,"C001904",5.003772
"C009792",0,5705,"C012675",5.645046
"C009793",1,5732,"C012734",8.303199
"C009794",3,16827,"C037407",3.039187
"C009795",4,9961,"C022249",4.378493
"C009796",0,5705,"C012675",5.849369
"C009797",3,16827,"C037407",3.694407
"C009799",0,5705,"C012675",1.817166
"C009801",5,21482,"C047883",1.870500
"C009802",1,5732,"C012734",1.195524
"C009805",5,21482,"C047883",3.286828
"C009807",2,868,"C001904",10.533052
"C009811",1,5732,"C012734",6.848472
"C009813",1,5732,"C012734",5.291199
"C009816",0,5705,"C012675",7.511073
"C009818",5,21482,"C047883",11.219399
"C009819",3,16827,"C037407",4.523743
"C009820",1,5732,"C012734",10.809888
"C009821",2,868,"C001904",10.440232
"C009823",2,868,"C001904",3.637695
"C009825",1,5732,"C012734",14.029749
"C009827",1,5732,"C012734",11.902231
"C009829",5,21482,"C047883",13.093540
"C009830",5,21482,"C047883",11.322730
"C009835",2,868,"C001904",5.166163
"C009836",1,5732,"C012734",6.099488
"C009838",5,21482,"C047883",7.880877
"C009839",5,21482,"C047883",11.733437
"C009840",2,868,"C001904",12.174083
"C009846",2,868,"C001904",8.973528
"C009847",1,5732,"C012734",6.283604
"C009848",5,21482,"C047883",3.327345
"C009849",0,5705,"C012675",7.109621
"C009852",1,5732,"C012734",6.343587
"C009854",1,5732,"C012734",4.176516
"C009855",4,9961,"C022249",3.656026
"C009858",0,5705,"C012675",3.315844
"C009860",3,16827,"C037407",7.453518
"C009863",5,21482,"C047883",0.671327
"C009864",2,868,"C001904",9.725641
"C009865",1,5732,"C012734",8.745725
"C009866",0,5705,"C012675",6.054131
"C009867",1,5732,"C012734",7.335233
"C009869",0,5705,"C012675",3.458809
"C009870",5,21482,"C047883",3.277007
"C009871",5,21482,"C047883",5.193353
"C009873",1,5732,"C012734",9.677888
"C009874",0,5705,"C012675",1.443639
"C009876",0,5705,"C012675",6.185312
"C009877",5,21482,"C047883",10.157736
"C009882",2,868,"C001904",4.688349
"C009886",5,21482,"C047883",12.439942
"C009887",5,21482,"C047883",1.934395
"C009889",0,5705,"C012675",9.771030
"C009890",4,9961,"C022249",3.432814
"C009891",3,16827,"C037407",1.446536
"C009894",2,868,"C001904",8.267614
"C009896",1,5732,"C012734",4.991087
"C009898",2,868,"C001904",5.725179
"C009899",1,5732,"C012734",12.585491
"C009903",1,5732,"C012734",8.459091
"C009905",2,868,"C001904",3.042259
"C009907",5,21482,"C047883",12.924918
"C009908",0,5705,"C012675",2.464313
"C009909",0,5705,"C012675",2.763409
"C009911",2,868,"C001904",4.137020
"C009912",4,9961,"C022249",4.150466
"C009913",0,5705,"C012675",4.738632
"C009916",0,5705,"C012675",7.198012
"C009917",3,16827,"C037407",2.006259
"C009919",1,5732,"C012734",4.306597
"C009923",1,5732,"C012734",10.916302
"C009924",2,868,"C001904",6.525101
"C009926",1,5732,"C012734",10.705442
"C009928",0,5705,"C012675",1.990422
"C009929",0,5705,"C012675",6.193015
"C009931",0,5705,"C012675",2.786501
"C009934",1,5732,"C012734",10.790540
"C009936",5,21482,"C047883",12.326644
"C009937",5,21482,"C047883",10.994026
"C009938",3,16827,"C037407",7.887473
"C009941",5,21482,"C047883",1.932373
"C009944",1,5732,"C012734",4.167944
"C009948",2,868,"C001904",7.624387
"C009950",3,16827,"C037407",1.574833
"C009952",2,868,"C001904",7.539265
"C009953",1,5732,"C012734",1.378075
"C009954",0,5705,"C012675",5.901658
"C009959",5,21482,"C047883",0.282492
"C009961",5,21482,"C047883",13.323084
"C009962",2,868,"C001904",8.013860
"C009963",5,21482,"C047883",4.909176
"C009966",0,5705,"C012675",6.953405
"C009967",2,868,"C001904",7.477367
"C009968",0,5705,"C012675",3.047582
"C009969",0,5705,"C012675",6.473610
"C009970",0,5705,"C012675",2.759265
"C009974",1,5732,"C012734",7.358842
"C009975",2,868,"C001904",6.932680
"C009976",1,5732,"C012734",8.448940
"C009979",3,16827,"C037407",2.966895
"C009980",0,5705,"C012675",2.404969
"C009981",5,21482,"C047883",3.420590
"C009982",0,5705,"C012675",4.955006
"C009985",2,868,"C001904",8.612579
"C009986",2,868,"C001904",4.805169
"C009991",5,21482,"C047883",3.471061
"C009992",3,16827,"C037407",7.385919
"C009993",5,21482,"C047883",1.324042
"C009994",5,21482,"C047883",11.619763
"C009996",5,21482,"C047883",3.881858
"C009999",4,9961,"C022249",5.785558
"C010004",0,5705,"C012675",3.047635
"C010005",5,21482,"C047883",8.479986
"C010006",5,21482,"C047883",8.107883
"C010010",0,5705,"C012675",3.892408
"C010011",5,21482,"C047883",9.024926
"C010014",3,16827,"C037407",5.057825
"C010016",5,21482,"C047883",6.631375
"C010017",4,9961,"C022249",3.078100
"C010018",5,21482,"C047883",5.530724
"C010019",3,16827,"C037407",3.556574
"C010021",0,5705,"C012675",1.151654
"C010022",5,21482,"C047883",5.569696
"C010023",1,5732,"C012734",5.050459
"C010027",5,21482,"C047883",9.687022
"C010028",1,5732,"C012734",9.341729
"C010029",0,5705,"C012675",2.730438
"C010030",3,16827,"C037407",0.659263
"C010035",5,21482,"C047883",2.811709
"C010040",0,5705,"C012675",4.644095
"C010041",1,5732,"C012734",11.681762
"C010042",2,868,"C001904",9.079488
"C010047",2,868,"C001904",6.192657
"C010050",2,868,"C001904",5.068059
"C010054",0,5705,"C012675",1.914486
"C010058",1,5732,"C012734",2.201803
"C010059",0,5705,"C012675",2.647275
"C010060",5,21482,"C047883",9.050364
"C010061",1,5732,"C012734",7.157231
"C010062",2,868,"C001904",1.076364
"C010063",1,5732,"C012734",7.826032
"C010066",5,21482,"C047883",8.537656
"C010067",1,5732,"C012734",12.962291
"C010072",4,9961,"C022249",4.127836
"C010073",2,868,"C001904",5.635944
"C010080",3,16827,"C037407",2.667657
"C010086",4,9961,"C022249",7.260177
"C010087",4,9961,"C022249",6.317166
"C010088",0,5705,"C012675",2.154249
"C010090",4,9961,"C022249",6.757832
"C010097",5,21482,"C047883",4.139399
"C010102",4,9961,"C022249",2.880244
"C010103",0,5705,"C012675",6.350027
"C010115",4,9961,"C022249",4.598386
"C010116",4,9961,"C022249",4.746684
"C010117",1,5732,"C012734",7.334389
"C010118",1,5732,"C012734",4.662928
"C010121",1,5732,"C012734",9.028543
"C010122",2,868,"C001904",3.033611
"C010125",1,5732,"C012734",5.854234
"C010128",5,21482,"C047883",14.052851
"C010130",4,9961,"C022249",8.485701
"C010131",5,21482,"C047883",6.949434
"C010132",0,5705,"C012675",7.172306
"C010136",1,5732,"C012734",0.811664
"C010138",2,868,"C001904",4.395641
"C010139",0,5705,"C012675",7.885324
"C010140",2,868,"C001904",3.427478
"C010143",5,21482,"C047883",2.101708
"C010147",4,9961,"C022249",7.009360
"C010150",5,21482,"C047883",8.787247
"C010152",5,21482,"C047883",9.999216
"C010156",0,5705,"C012675",7.087697
"C010157",4,9961,"C022249",4.007786
"C010159",5,21482,"C047883",2.998966
"C010162",3,16827,"C037407",7.720683
"C010163",0,5705,"C012675",6.053491
"C010165",2,868,"C001904",9.129454
"C010169",1,5732,"C012734",10.596401
"C010178",2,868,"C001904",1.468382
"C010179",3,16827,"C037407",6.021616
"C010182",1,5732,"C012734",11.749189
"C010183",5,21482,"C047883",4.242085
"C010186",0,5705,"C012675",2.389771
"C010187",5,21482,"C047883",2.443797
"C010194",4,9961,"C022249",3.807637
"C010197",0,5705,"C012675",4.680223
"C010198",0,5705,"C012675",8.344074
"C010199",1,5732,"C012734",2.840606
"C010205",2,868,"C001904",12.151640
"C010207",5,21482,"C047883",9.223766
"C010208",2,868,"C001904",7.522822
"C010211",0,5705,"C012675",9.400515
"C010213",1,5732,"C012734",5.819433
"C010215",2,868,"C001904",6.918954
"C010217",5,21482,"C047883",13.747489
"C010218",1,5732,"C012734",3.483748
"C010221",1,5732,"C012734",3.992505
"C010226",5,21482,"C047883",9.362385
"C010228",5,21482,"C047883",7.069448
"C010229",1,5732,"C012734",15.478182
"C010231",2,868,"C001904",8.417403
"C010233",5,21482,"C047883",10.467247
"C010235",0,5705,"C012675",3.426852
"C010239",0,5705,"C012675",3.853505
"C010240",4,9961,"C022249",7.405879
"C010241",0,5705,"C012675",7.606664
"C010242",4,9961,"C022249",4.832903
"C010243",1,5732,"C012734",8.168162
"C010246",0,5705,"C012675",4.211001
"C010248",3,16827,"C037407",3.816504
"C010251",2,868,"C001904",3.423230
"C010252",2,868,"C001904",7.511960
"C010254",4,9961,"C022249",5.732315
"C010258",0,5705,"C012675",4.814039
"C010260",2,868,"C001904",8.430686
"C010261",2,868,"C001904",8.319299
"C010262",0,5705,"C012675",6.399172
"C010264",1,5732,"C012734",5.547655
"C010268",1,5732,"C012734",7.666238
"C010269",2,868,"C001904",9.596920
"C010272",2,868,"C001904",5.670724
"C010273",0,5705,"C012675",2.086082
"C010276",1,5732,"C012734",9.531298
"C010279",5,21482,"C047883",4.934022
"C010280",3,16827,"C037407",4.032963
"C010281",4,9961,"C022249",3.821932
"C010283",3,16827,"C037407",7.203874
"C010284",2,868,"C001904",4.120743
"C010285",0,5705,"C012675",4.722556
"C010286",2,868,"C001904",11.925469
"C010287",4,9961,"C022249",2.880369
"C010290",3,16827,"C037407",7.303175
"C010292",0,5705,"C012675",3.724094
"C010293",2,868,"C001904",6.644000
"C010296",0,5705,"C012675",8.678974
"C010297",1,5732,"C012734",2.020823
"C010298",4,9961,"C022249",1.304861
"C010302",3,16827,"C037407",1.913386
"C010305",5,21482,"C047883",2.271324
"C010309",1,5732,"C012734",12.595621
"C010310",0,5705,"C012675",5.519427
"C010311",5,21482,"C047883",7.155124
"C010313",3,16827,"C037407",6.489355
"C010317",5,21482,"C047883",8.554226
"C010322",0,5705,"C012675",2.310929
"C010330",5,21482,"C047883",3.908947
"C010331",1,5732,"C012734",14.636614
"C010334",1,5732,"C012734",1.107074
"C010335",1,5732,"C012734",10.272115
"C010336",5,21482,"C047883",2.808424
"C010338",3,16827,"C037407",4.423008
"C010339",5,21482,"C047883",8.804284
"C010340",2,868,"C001904",12.325044
"C010341",5,21482,"C047883",6.229031
"C010348",0,5705,"C012675",5.562592
"C010350",2,868,"C001904",9.309784
"C010351",4,9961,"C022249",4.376283
"C010353",0,5705,"C012675",10.286974
"C010356",1,5732,"C012734",16.223208
"C010359",1,5732,"C012734",9.525387
"C010361",5,21482,"C047883",8.650514
"C010362",2,868,"C001904",7.516573
"C010363",5,21482,"C047883",3.938804
"C010364",1,5732,"C012734",4.282645
"C010365",4,9961,"C022249",2.952582
"C010366",4,9961,"C022249",1.254911
"C010369",4,9961,"C022249",7.065469
"C010370",5,21482,"C047883",12.958104
"C010374",5,21482,"C047883",11.695669
"C010376",1,5732,"C012734",10.667292
"C010379",1,5732,"C012734",6.181930
"C010380",2,868,"C001904",8.601344
"C010382",5,21482,"C047883",11.746905
"C010383",5,21482,"C047883",9.348779
"C010384",5,21482,"C047883",6.547031
"C010386",3,16827,"C037407",7.497846
"C010387",5,21482,"C047883",5.576706
"C010394",0,5705,"C012675",9.582524
"C010396",1,5732,"C012734",4.843814
"C010399",0,5705,"C012675",5.729185
"C010405",5,21482,"C047883",4.482360
"C010408",3,16827,"C037407",9.656568
"C010409",2,868,"C001904",0.412895
"C010410",1,5732,"C012734",1.196560
"C010411",0,5705,"C012675",6.167929
"C010414",5,21482,"C047883",2.932382
"C010415",4,9961,"C022249",1.726058
"C010416",1,5732,"C012734",6.440132
"C010420",2,868,"C001904",8.150205
"C010422",2,868,"C001904",1.163609
"C010423",3,16827,"C037407",9.259200
"C010424",5,21482,"C047883",7.362852
"C010425",5,21482,"C047883",3.946455
"C010427",1,5732,"C012734",11.248578
"C010435",1,5732,"C012734",6.603054
"C010436",5,21482,"C047883",0.667860
"C010438",4,9961,"C022249",7.413140
"C010440",0,5705,"C012675",6.071131
"C010442",3,16827,"C037407",6.177626
"C010446",5,21482,"C047883",11.731498
"C010447",4,9961,"C022249",4.316515
"C010448",0,5705,"C012675",7.259369
"C010449",5,21482,"C047883",14.517026
"C010455",5,21482,"C047883",5.352439
"C010456",2,868,"C001904",4.379407
"C010457",5,21482,"C047883",8.289949
"C010458",2,868,"C001904",6.495192
"C010459",1,5732,"C012734",11.633101
"C010460",5,21482,"C047883",6.926561
"C010461",5,21482,"C047883",13.490607
"C010465",5,21482,"C047883",2.554958
"C010470",1,5732,"C012734",5.440818
"C010473",1,5732,"C012734",7.495356
"C010475",2,868,"C001904",4.347974
"C010476",4,9961,"C022249",8.216528
"C010477",2,868,"C001904",1.490703
"C010480",0,5705,"C012675",8.018064
"C010481",5,21482,"C047883",6.742202
"C010482",3,16827,"C037407",1.391765
"C010484",1,5732,"C012734",12.801645
"C010486",2,868,"C001904",9.469732
"C010487",1,5732,"C012734",8.790274
"C010490",0,5705,"C012675",4.750689
"C010491",2,868,"C001904",8.430686
"C010493",4,9961,"C022249",3.102240
"C010495",3,16827,"C037407",7.742767
"C010497",0,5705,"C012675",6.001850
"C010501",0,5705,"C012675",3.702651
"C010505",4,9961,"C022249",0.711124
"C010506",4,9961,"C022249",3.836603
"C010507",5,21482,"C047883",6.763612
"C010508",3,16827,"C037407",2.809841
"C010510",1,5732,"C012734",10.108214
"C010511",5,21482,"C047883",3.174656
"C010512",3,16827,"C037407",4.832271
"C010515",5,21482,"C047883",5.056327
"C010516",5,21482,"C047883",13.370629
"C010518",1,5732,"C012734",4.513792
"C010522",2,868,"C001904",8.660547
"C010524",5,21482,"C047883",6.495784
"C010527",2,868,"C001904",3.959944
"C010528",3,16827,"C037407",6.650296
"C010534",5,21482,"C047883",6.107604
"C010537",5,21482,"C047883",3.653775
"C010539",2,868,"C001904",4.667191
"C010540",1,5732,"C012734",3.192002
"C010543",1,5732,"C012734",12.427288
"C010544",5,21482,"C047883",7.165264
"C010545",5,21482,"C047883",8.872728
"C010546",5,21482,"C047883",5.921409
"C010547",0,5705,"C012675",5.228908
"C010548",5,21482,"C047883",2.360071
"C010550",0,5705,"C012675",5.350990
"C010551",1,5732,"C012734",6.686372
"C010552",1,5732,"C012734",12.972761
"C010555",3,16827,"C037407",3.922366
"C010558",5,21482,"C047883",14.530644
"C010561",3,16827,"C037407",5.481979
"C010564",0,5705,"C012675",2.293684
"C010567",2,868,"C001904",8.453386
"C010568",2,868,"C001904",10.411434
"C010569",2,868,"C001904",3.822134
"C010571",5,21482,"C047883",9.560306
"C010575",1,5732,"C012734",10.258659
"C010576",5,21482,"C047883",5.925799
"C010577",1,5732,"C012734",2.254299
"C010580",4,9961,"C022249",1.012986
"C010584",0,5705,"C012675",5.967747
"C010585",0,5705,"C012675",5.271855
"C010589",1,5732,"C012734",9.123676
"C010590",2,868,"C001904",8.256483
"C010595",4,9961,"C022249",1.097064
"C010596",1,5732,"C012734",2.453447
"C010597",1,5732,"C012734",6.462272
"C010598",5,21482,"C047883",13.017504
"C010599",3,16827,"C037407",8.849635
"C010600",5,21482,"C047883",10.573001
"C010601",0,5705,"C012675",6.195805
"C010603",3,16827,"C037407",6.908160
"C010604",2,868,"C001904",3.346699
"C010605",0,5705,"C012675",2.688049
"C010608",1,5732,"C012734",7.154340
"C010609",0,5705,"C012675",4.343481
"C010613",0,5705,"C012675",6.832987
"C010615",0,5705,"C012675",2.801625
"C010616",2,868,"C001904",5.229575
"C010617",5,21482,"C047883",10.379285
"C010618",1,5732,"C012734",0.913116
"C010623",2,868,"C001904",2.879835
"C010627",2,868,"C001904",6.977948
"C010629",5,21482,"C047883",9.475032
"C010631",0,5705,"C012675",1.556644
"C010632",1,5732,"C012734",6.410105
"C010633",3,16827,"C037407",8.594836
"C010635",4,9961,"C022249",3.280112
"C010636",1,5732,"C012734",13.594715
"C010638",1,5732,"C012734",2.808395
"C010639",5,21482,"C047883",5.171459
"C010647",1,5732,"C012734",6.141604
"C010649",1,5732,"C012734",10.574632
"C010650",2,868,"C001904",5.769145
"C010652",1,5732,"C012734",16.075391
"C010654",1,5732,"C012734",9.986155
"C010655",4,9961,"C022249",4.485386
"C010656",5,21482,"C047883",3.974466
"C010658",3,16827,"C037407",6.656127
"C010660",0,5705,"C012675",5.880936
"C010663",4,9961,"C022249",4.123470
"C010666",2,868,"C001904",9.593169
"C010667",1,5732,"C012734",14.789229
"C010673",0,5705,"C012675",7.656956
"C010674",5,21482,"C047883",11.813712
"C010679",1,5732,"C012734",10.831458
"C010680",0,5705,"C012675",3.581032
"C010683",1,5732,"C012734",7.227440
"C010684",3,16827,"C037407",5.559319
"C010685",4,9961,"C022249",5.322166
"C010687",0,5705,"C012675",1.135058
"C010688",3,16827,"C037407",8.300136
"C010691",5,21482,"C047883",4.194732
"C010697",4,9961,"C022249",4.640484
"C010698",1,5732,"C012734",12.619976
"C010699",2,868,"C001904",3.765496
"C010700",2,868,"C001904",4.129355
"C010701",2,868,"C001904",3.074301
"C010703",0,5705,"C012675",7.585913
"C010704",0,5705,"C012675",6.079983
"C010706",0,5705,"C012675",2.634218
"C010707",2,868,"C001904",1.748769
"C010712",3,16827,"C037407",3.220153
"C010715",1,5732,"C012734",13.225105
"C010716",2,868,"C001904",9.261580
"C010718",2,868,"C001904",9.593465
"C010719",4,9961,"C022249",2.973522
"C010720",5,21482,"C047883",3.016390
"C010721",5,21482,"C047883",4.440424
"C010722",1,5732,"C012734",16.808958
"C010726",3,16827,"C037407",4.843581
"C010731",5,21482,"C047883",5.176483
"C010736",4,9961,"C022249",0.620150
"C010740",4,9961,"C022249",1.749356
"C010741",4,9961,"C022249",4.242288
"C010743",5,21482,"C047883",6.076441
"C010748",0,5705,"C012675",6.253614
"C010749",5,21482,"C047883",14.123706
"C010750",0,5705,"C012675",5.338497
"C010757",0,5705,"C012675",5.516436
"C010758",1,5732,"C012734",8.579712
"C010760",3,16827,"C037407",1.146688
"C010762",0,5705,"C012675",5.287796
"C010765",0,5705,"C012675",1.127735
"C010766",1,5732,"C012734",1.420917
"C010767",3,16827,"C037407",0.715110
"C010768",5,21482,"C047883",5.208668
"C010769",0,5705,"C012675",9.883906
"C010770",5,21482,"C047883",13.029247
"C010771",0,5705,"C012675",4.876821
"C010773",5,21482,"C047883",5.469585
"C010775",2,868,"C001904",7.809623
"C010777",3,16827,"C037407",3.440497
"C010781",1,5732,"C012734",8.565175
"C010782",0,5705,"C012675",5.696299
"C010785",1,5732,"C012734",0.988322
"C010792",4,9961,"C022249",4.340635
"C010793",3,16827,"C037407",5.284158
"C010798",5,21482,"C047883",5.332545
"C010799",3,16827,"C037407",3.810401
"C010800",0,5705,"C012675",5.049832
"C010801",5,21482,"C047883",7.941596
"C010804",5,21482,"C047883",12.709926
"C010805",2,868,"C001904",10.810265
"C010806",4,9961,"C022249",5.247962
"C010807",1,5732,"C012734",3.533636
"C010813",1,5732,"C012734",13.496165
"C010814",5,21482,"C047883",5.041281
"C010815",3,16827,"C037407",7.748676
"C010816",2,868,"C001904",7.307910
"C010817",5,21482,"C047883",2.593076
"C010819",0,5705,"C012675",4.776921
"C010820",4,9961,"C022249",7.970161
"C010822",1,5732,"C012734",7.678987
"C010829",5,21482,"C047883",4.507943
"C010833",1,5732,"C012734",2.207241
"C010834",5,21482,"C047883",4.631446
"C010838",2,868,"C001904",3.589000
"C010841",4,9961,"C022249",7.039929
"C010842",2,868,"C001904",4.391998
"C010843",1,5732,"C012734",6.706886
"C010844",2,868,"C001904",5.066058
"C010848",0,5705,"C012675",3.222876
"C010849",0,5705,"C012675",2.288758
"C010851",1,5732,"C012734",1.831362
"C010852",3,16827,"C037407",7.747049
"C010853",4,9961,"C022249",1.128372
"C010855",5,21482,"C047883",1.971926
"C010856",3,16827,"C037407",1.511743
"C010857",3,16827,"C037407",7.742349
"C010861",5,21482,"C047883",8.365642
"C010862",1,5732,"C012734",1.946462
"C010865",3,16827,"C037407",5.433085
"C010866",3,16827,"C037407",7.406874
"C010869",0,5705,"C012675",3.375552
"C010871",0,5705,"C012675",3.981812
"C010872",0,5705,"C012675",6.774445
"C010876",5,21482,"C047883",1.941735
"C010879",4,9961,"C022249",3.086874
"C010881",5,21482,"C047883",3.675053
"C010885",3,16827,"C037407",5.959185
"C010886",5,21482,"C047883",10.536456
"C010888",4,9961,"C022249",3.507156
"C010890",3,16827,"C037407",8.864117
"C010897",2,868,"C001904",2.957664
"C010898",5,21482,"C047883",9.328214
"C010899",0,5705,"C012675",5.063522
"C010900",1,5732,"C012734",7.591964
"C010901",0,5705,"C012675",6.400041
"C010903",5,21482,"C047883",1.492896
"C010912",1,5732,"C012734",11.801554
"C010913",4,9961,"C022249",2.548086
"C010915",2,868,"C001904",3.243467
"C010918",1,5732,"C012734",12.280280
"C010919",2,868,"C001904",4.567067
"C010921",1,5732,"C012734",11.479227
"C010925",0,5705,"C012675",6.211792
"C010926",2,868,"C001904",9.928691
"C010927",5,21482,"C047883",0.551582
"C010932",0,5705,"C012675",2.447387
"C010934",5,21482,"C047883",11.812488
"C010938",0,5705,"C012675",4.982656
"C010939",3,16827,"C037407",6.838673
"C010945",1,5732,"C012734",6.966524
"C010946",4,9961,"C022249",4.097332
"C010951",1,5732,"C012734",7.977339
"C010955",1,5732,"C012734",1.989768
"C010959",5,21482,"C047883",3.533353
"C010960",0,5705,"C012675",5.443734
"C010961",3,16827,"C037407",1.626217
"C010962",2,868,"C001904",7.563377
"C010964",0,5705,"C012675",3.620839
"C010965",5,21482,"C047883",5.552901
"C010967",2,868,"C001904",8.329385
"C010968",2,868,"C001904",0.749296
"C010969",4,9961,"C022249",3.309578
"C010970",0,5705,"C012675",4.433460
"C010974",5,21482,"C047883",12.336127
"C010976",2,868,"C001904",3.721873
"C010980",3,16827,"C037407",1.802182
"C010981",4,9961,"C022249",6.279909
"C010982",5,21482,"C047883",11.566157
"C010984",5,21482,"C047883",3.941564
"C010985",1,5732,"C012734",7.834915
"C010988",2,868,"C001904",12.116710
"C010989",2,868,"C001904",8.860956
"C010990",0,5705,"C012675",8.258442
"C010994",0,5705,"C012675",6.832185
"C010996",0,5705,"C012675",6.803460
"C010997",0,5705,"C012675",7.891108
"C010998",5,21482,"C047883",3.740376
"C011002",0,5705,"C012675",2.205305
"C011004",1,5732,"C012734",0.992799
"C011005",4,9961,"C022249",2.748095
"C011006",2,868,"C001904",2.453701
"C011007",0,5705,"C012675",5.130538
"C011010",5,21482,"C047883",15.486083
"C011011",2,868,"C001904",0.920101
"C011012",5,21482,"C047883",8.851442
"C011013",0,5705,"C012675",5.771486
"C011015",4,9961,"C022249",2.808705
"C011017",3,16827,"C037407",7.193106
"C011018",4,9961,"C022249",3.050705
"C011024",5,21482,"C047883",11.173116
"C011030",1,5732,"C012734",8.438027
"C011031",5,21482,"C047883",9.310717
"C011033",3,16827,"C037407",2.156131
"C011037",2,868,"C001904",6.191698
"C011042",3,16827,"C037407",7.943684
"C011043",0,5705,"C012675",5.852513
"C011044",0,5705,"C012675",3.669875
"C011045",1,5732,"C012734",13.458007
"C011046",5,21482,"C047883",13.224888
"C011047",1,5732,"C012734",13.984115
"C011049",2,868,"C001904",1.064850
"C011053",2,868,"C001904",9.468745
"C011055",0,5705,"C012675",5.923909
"C011057",5,21482,"C047883",6.691472
"C011062",4,9961,"C022249",7.181005
"C011067",5,21482,"C047883",9.876990
"C011068",4,9961,"C022249",1.252115
"C011070",2,868,"C001904",4.978720
"C011071",0,5705,"C012675",7.582277
"C011072",0,5705,"C012675",4.044583
"C011073",5,21482,"C047883",14.260840
"C011078",5,21482,"C047883",8.759921
"C011082",2,868,"C001904",9.566202
"C011084",0,5705,"C012675",8.047077
"C011087",1,5732,"C012734",4.365726
"C011090",5,21482,"C047883",8.768837
"C011095",1,5732,"C012734",4.711625
"C011096",4,9961,"C022249",1.283408
"C011097",5,21482,"C047883",9.426056
"C011100",1,5732,"C012734",7.663956
"C011101",2,868,"C001904",2.358788
"C011108",5,21482,"C047883",10.713763
"C011109",1,5732,"C012734",3.915280
"C011111",5,21482,"C047883",8.025508
"C011112",3,16827,"C037407",5.913806
"C011115",5,21482,"C047883",12.087390
"C011117",3,16827,"C037407",1.269479
"C011119",0,5705,"C012675",6.431788
"C011120",0,5705,"C012675",9.549543
"C011123",5,21482,"C047883",10.599833
"C011124",0,5705,"C012675",7.443095
"C011125",4,9961,"C022249",7.109234
"C011126",1,5732,"C012734",6.418438
"C011128",0,5705,"C012675",4.808183
"C011130",2,868,"C001904",3.076175
"C011131",0,5705,"C012675",4.167727
"C011132",0,5705,"C012675",4.031363
"C011133",3,16827,"C037407",7.259766
"C011136",3,16827,"C037407",2.399702
"C011140",1,5732,"C012734",9.918765
"C011144",4,9961,"C022249",2.973646
"C011145",4,9961,"C022249",3.341164
"C011146",0,5705,"C012675",3.600181
"C011148",0,5705,"C012675",0.565017
"C011152",0,5705,"C012675",3.909658
"C011153",5,21482,"C047883",7.834070
"C011154",1,5732,"C012734",2.607638
"C011160",5,21482,"C047883",6.063370
"C011161",2,868,"C001904",2.143568
"C011167",0,5705,"C012675",5.088601
"C011168",3,16827,"C037407",4.537569
"C011177",4,9961,"C022249",1.449841
"C011178",4,9961,"C022249",2.984366
"C011179",2,868,"C001904",8.021347
"C011182",0,5705,"C012675",3.166421
"C011183",1,5732,"C012734",1.071114
"C011189",5,21482,"C047883",3.937936
"C011190",1,5732,"C012734",3.854673
"C011192",5,21482,"C047883",1.022042
"C011193",2,868,"C001904",6.221875
"C011194",2,868,"C001904",8.992261
"C011198",0,5705,"C012675",9.869496
"C011199",4,9961,"C022249",1.441387
"C011200",1,5732,"C012734",12.157669
"C011204",5,21482,"C047883",8.943328
"C011207",5,21482,"C047883",11.699231
"C011208",1,5732,"C012734",8.347295
"C011209",5,21482,"C047883",8.750672
"C011214",5,21482,"C047883",4.121229
"C011218",1,5732,"C012734",2.838877
"C011222",2,868,"C001904",3.431644
"C011224",1,5732,"C012734",13.902808
"C011232",0,5705,"C012675",3.910661
"C011238",1,5732,"C012734",7.394512
"C011243",0,5705,"C012675",2.181945
"C011244",1,5732,"C012734",12.092491
"C011245",5,21482,"C047883",2.405671
"C011246",2,868,"C001904",2.666946
"C011247",1,5732,"C012734",1.674815
"C011249",5,21482,"C047883",11.711685
"C011251",1,5732,"C012734",13.294634
"C011252",1,5732,"C012734",2.114186
"C011253",0,5705,"C012675",2.288116
"C011255",1,5732,"C012734",6.110702
"C011259",4,9961,"C022249",4.503937
"C011260",3,16827,"C037407",6.495381
"C011266",1,5732,"C012734",12.921529
"C011269",1,5732,"C012734",9.325872
"C011273",0,5705,"C012675",8.490280
"C011274",0,5705,"C012675",2.555937
"C011277",0,5705,"C012675",8.725001
"C011278",1,5732,"C012734",11.173125
"C011279",2,868,"C001904",7.053505
"C011283",0,5705,"C012675",7.447216
"C011288",1,5732,"C012734",3.059554
"C011289",5,21482,"C047883",1.670879
"C011291",4,9961,"C022249",7.327158
"C011292",1,5732,"C012734",0.673138
"C011293",0,5705,"C012675",3.661195
"C011295",5,21482,"C047883",9.279614
"C011296",1,5732,"C012734",5.264662
"C011297",5,21482,"C047883",12.079117
"C011298",2,868,"C001904",8.320242
"C011299",0,5705,"C012675",9.032620
"C011300",0,5705,"C012675",4.505635
"C011301",2,868,"C001904",5.894496
"C011302",5,21482,"C047883",9.657753
"C011303",1,5732,"C012734",3.445380
"C011307",5,21482,"C047883",13.404205
"C011308",4,9961,"C022249",5.967790
"C011313",2,868,"C001904",1.814153
"C011314",3,16827,"C037407",6.617885
"C011315",4,9961,"C022249",2.337558
"C011317",3,16827,"C037407",2.058665
"C011319",2,868,"C001904",4.624059
"C011320",1,5732,"C012734",5.316488
"C011321",1,5732,"C012734",7.769136
"C011325",1,5732,"C012734",6.653180
"C011326",5,21482,"C047883",9.506796
"C011327",5,21482,"C047883",3.611993
"C011328",2,868,"C001904",8.170699
"C011330",3,16827,"C037407",7.094567
"C011333",0,5705,"C012675",9.418700
"C011334",0,5705,"C012675",6.733341
"C011338",5,21482,"C047883",11.390551
"C011344",1,5732,"C012734",11.802101
"C011347",3,16827,"C037407",2.979554
"C011350",5,21482,"C047883",8.921281
"C011353",2,868,"C001904",4.296819
"C011355",2,868,"C001904",6.812833
"C011358",3,16827,"C037407",4.028453
"C011359",5,21482,"C047883",12.908647
"C011361",3,16827,"C037407",8.614455
"C011362",0,5705,"C012675",9.090295
"C011365",1,5732,"C012734",5.093386
"C011371",5,21482,"C047883",5.698345
"C011374",1,5732,"C012734",5.070361
"C011377",1,5732,"C012734",13.878723
"C011382",4,9961,"C022249",3.733903
"C011383",5,21482,"C047883",4.839181
"C011384",1,5732,"C012734",16.288582
"C011388",5,21482,"C047883",12.867538
"C011392",0,5705,"C012675",3.479707
"C011395",1,5732,"C012734",14.501672
"C011397",5,21482,"C047883",5.890606
"C011401",4,9961,"C022249",0.516409
"C011404",0,5705,"C012675",5.572822
"C011405",2,868,"C001904",8.650918
"C011408",1,5732,"C012734",8.683919
"C011409",3,16827,"C037407",1.403705
"C011411",4,9961,"C022249",1.805652
"C011412",0,5705,"C012675",3.389973
"C011415",5,21482,"C047883",4.903797
"C011416",0,5705,"C012675",5.725952
"C011418",2,868,"C001904",2.965047
"C011419",4,9961,"C022249",5.922468
"C011420",5,21482,"C047883",9.868639
"C011421",5,21482,"C047883",2.889926
"C011422",1,5732,"C012734",2.891168
"C011423",2,868,"C001904",4.973147
"C011424",0,5705,"C012675",5.214419
"C011426",5,21482,"C047883",12.623589
"C011427",5,21482,"C047883",7.294588
"C011430",5,21482,"C047883",5.359714
"C011431",0,5705,"C012675",1.493174
"C011433",5,21482,"C047883",12.525236
"C011436",3,16827,"C037407",6.370893
"C011437",4,9961,"C022249",2.522382
"C011439",5,21482,"C047883",5.808982
"C011442",5,21482,"C047883",4.576208
"C011444",4,9961,"C022249",4.622050
"C011445",5,21482,"C047883",10.454282
"C011447",3,16827,"C037407",6.529432
"C011448",1,5732,"C012734",6.152167
"C011450",5,21482,"C047883",12.400099
"C011452",5,21482,"C047883",5.291971
"C011453",1,5732,"C012734",7.067939
"C011455",5,21482,"C047883",11.485937
"C011456",4,9961,"C022249",2.665634
"C011459",3,16827,"C037407",2.375240
"C011461",1,5732,"C012734",14.246951
"C011463",2,868,"C001904",2.632769
"C011468",4,9961,"C022249",3.062768
"C011469",0,5705,"C012675",5.745334
"C011470",1,5732,"C012734",1.713656
"C011471",0,5705,"C012675",7.353105
"C011472",2,868,"C001904",5.768586
"C011473",5,21482,"C047883",8.493010
"C011481",5,21482,"C047883",9.762180
"C011482",0,5705,"C012675",5.445867
"C011484",1,5732,"C012734",12.815133
"C011491",5,21482,"C047883",6.091855
"C011494",0,5705,"C012675",1.388312
"C011497",4,9961,"C022249",2.808753
"C011502",0,5705,"C012675",4.699487
"C011505",2,868,"C001904",6.163989
"C011507",2,868,"C001904",3.797730
"C011511",0,5705,"C012675",6.113072
"C011515",2,868,"C001904",2.428038
"C011516",1,5732,"C012734",3.001630
"C011519",1,5732,"C012734",7.711119
"C011520",2,868,"C001904",6.732601
"C011521",3,16827,"C037407",3.825060
"C011523",1,5732,"C012734",7.848875
"C011525",3,16827,"C037407",5.273342
"C011526",5,21482,"C047883",10.308011
"C011527",5,21482,"C047883",7.415489
"C011528",2,868,"C001904",5.645894
"C011529",2,868,"C001904",8.937159
"C011531",1,5732,"C012734",6.811071
"C011532",5,21482,"C047883",2.612137
"C011535",4,9961,"C022249",9.059352
"C011536",0,5705,"C012675",5.964448
"C011539",4,9961,"C022249",6.162332
"C011540",0,5705,"C012675",3.997032
"C011542",0,5705,"C012675",9.091917
"C011544",4,9961,"C022249",2.955302
"C011546",2,868,"C001904",7.687330
"C011548",1,5732,"C012734",5.650088
"C011552",0,5705,"C012675",10.365063
"C011553",0,5705,"C012675",4.443313
"C011557",5,21482,"C047883",3.879977
"C011558",0,5705,"C012675",4.993664
"C011559",1,5732,"C012734",10.363328
"C011560",0,5705,"C012675",8.396982
"C011561",4,9961,"C022249",2.694869
"C011565",1,5732,"C012734",11.339495
"C011572",5,21482,"C047883",9.470795
"C011574",5,21482,"C047883",10.493145
"C011576",1,5732,"C012734",14.918079
"C011578",5,21482,"C047883",5.528692
"C011586",5,21482,"C047883",2.303967
"C011587",5,21482,"C047883",1.761545
"C011592",3,16827,"C037407",1.726389
"C011593",3,16827,"C037407",4.227640
"C011595",3,16827,"C037407",6.663468
"C011600",5,21482,"C047883",7.693247
"C011601",0,5705,"C012675",6.394292
"C011606",3,16827,"C037407",1.192676
"C011609",3,16827,"C037407",4.216235
"C011612",0,5705,"C012675",4.237194
"C011613",1,5732,"C012734",10.352509
"C011614",4,9961,"C022249",4.778845
"C011615",2,868,"C001904",2.433822
"C011616",3,16827,"C037407",3.191740
"C011618",2,868,"C001904",10.520959
"C011620",5,21482,"C047883",11.289541
"C011621",1,5732,"C012734",9.246268
"C011626",0,5705,"C012675",6.142130
"C011627",5,21482,"C047883",5.008666
"C011639",0,5705,"C012675",2.103898
"C011644",1,5732,"C012734",6.610074
"C011645",4,9961,"C022249",9.001065
"C011647",3,16827,"C037407",5.598171
"C011650",2,868,"C001904",3.348262
"C011654",1,5732,"C012734",1.114956
"C011655",0,5705,"C012675",3.242993
"C011658",5,21482,"C047883",6.103787
"C011659",0,5705,"C012675",3.501272
"C011661",1,5732,"C012734",9.030345
"C011662",0,5705,"C012675",5.117866
"C011663",5,21482,"C047883",15.170222
"C011665",5,21482,"C047883",6.317855
"C011666",0,5705,"C012675",3.087194
"C011667",3,16827,"C037407",2.893071
"C011669",0,5705,"C012675",2.700439
"C011670",2,868,"C001904",5.413379
"C011672",4,9961,"C022249",3.722271
"C011673",2,868,"C001904",8.423092
"C011675",3,16827,"C037407",1.555925
"C011676",5,21482,"C047883",1.010729
"C011678",1,5732,"C012734",2.444631
"C011684",0,5705,"C012675",1.422179
"C011685",1,5732,"C012734",13.211110
"C011687",2,868,"C001904",3.119852
"C011689",1,5732,"C012734",12.299010
"C011692",1,5732,"C012734",6.046227
"C011693",1,5732,"C012734",5.683977
"C011698",0,5705,"C012675",2.717509
"C011699",2,868,"C001904",2.757817
"C011700",5,21482,"C047883",9.421240
"C011701",4,9961,"C022249",2.598306
"C011703",1,5732,"C012734",2.275519
"C011704",3,16827,"C037407",7.553595
"C011706",5,21482,"C047883",2.809396
"C011708",4,9961,"C022249",2.930941
"C011712",1,5732,"C012734",11.956789
"C011713",5,21482,"C047883",9.187519
"C011714",5,21482,"C047883",13.032913
"C011716",4,9961,"C022249",5.237898
"C011719",3,16827,"C037407",1.338955
"C011721",5,21482,"C047883",7.625142
"C011722",1,5732,"C012734",8.023032
"C011723",0,5705,"C012675",6.776109
"C011724",0,5705,"C012675",9.939361
"C011725",1,5732,"C012734",13.212205
"C011726",4,9961,"C022249",7.489663
"C011727",4,9961,"C022249",3.682177
"C011729",0,5705,"C012675",4.442313
"C011730",2,868,"C001904",3.285581
"C011731",2,868,"C001904",2.347193
"C011732",0,5705,"C012675",4.418306
"C011737",0,5705,"C012675",5.458721
"C011738",1,5732,"C012734",6.789144
"C011739",0,5705,"C012675",2.514747
"C011741",1,5732,"C012734",12.811693
"C011743",1,5732,"C012734",7.254001
"C011749",4,9961,"C022249",1.736743
"C011750",0,5705,"C012675",6.559303
"C011753",4,9961,"C022249",4.275164
"C011756",4,9961,"C022249",5.974130
"C011761",3,16827,"C037407",3.471892
"C011763",5,21482,"C047883",9.986317
"C011765",5,21482,"C047883",8.706823
"C011766",4,9961,"C022249",7.360338
"C011768",0,5705,"C012675",2.359821
"C011769",4,9961,"C022249",3.059475
"C011770",5,21482,"C047883",9.832292
"C011772",4,9961,"C022249",2.781852
"C011773",4,9961,"C022249",5.014619
"C011776",5,21482,"C047883",7.346087
"C011777",5,21482,"C047883",8.243930
"C011779",1,5732,"C012734",16.231766
"C011781",5,21482,"C047883",16.023917
"C011784",1,5732,"C012734",6.588565
"C011788",1,5732,"C012734",9.608306
"C011792",5,21482,"C047883",2.738765
"C011794",4,9961,"C022249",4.018036
"C011795",2,868,"C001904",8.254428
"C011797",0,5705,"C012675",4.702268
"C011798",4,9961,"C022249",3.554349
"C011799",0,5705,"C012675",2.722428
"C011803",5,21482,"C047883",7.070712
"C011811",4,9961,"C022249",5.512587
"C011814",4,9961,"C022249",6.765555
"C011816",2,868,"C001904",3.944536
"C011819",2,868,"C001904",11.605872
"C011820",5,21482,"C047883",4.386174
"C011821",0,5705,"C012675",5.768299
"C011823",5,21482,"C047883",5.825395
"C011824",5,21482,"C047883",6.888728
"C011826",5,21482,"C047883",9.433313
"C011827",0,5705,"C012675",9.137912
"C011828",1,5732,"C012734",2.764522
"C011831",5,21482,"C047883",5.588423
"C011832",1,5732,"C012734",6.829909
"C011834",1,5732,"C012734",5.918728
"C011835",4,9961,"C022249",2.113206
"C011837",3,16827,"C037407",6.547153
"C011838",4,9961,"C022249",3.591440
"C011839",5,21482,"C047883",13.187515
"C011841",5,21482,"C047883",6.700629
"C011843",3,16827,"C037407",9.295994
"C011844",2,868,"C001904",7.980944
"C011845",1,5732,"C012734",8.138659
"C011847",1,5732,"C012734",9.107482
"C011849",4,9961,"C022249",1.897644
"C011851",5,21482,"C047883",11.783921
"C011852",3,16827,"C037407",3.543674
"C011853",5,21482,"C047883",3.050566
"C011854",0,5705,"C012675",2.718211
"C011855",4,9961,"C022249",2.211431
"C011856",5,21482,"C047883",13.321099
"C011868",2,868,"C001904",0.526158
"C011869",1,5732,"C012734",16.135991
"C011871",1,5732,"C012734",7.455660
"C011873",5,21482,"C047883",5.764395
"C011876",5,21482,"C047883",12.120503
"C011879",2,868,"C001904",5.440911
"C011880",0,5705,"C012675",8.096515
"C011883",5,21482,"C047883",1.169438
"C011884",2,868,"C001904",5.890197
"C011888",1,5732,"C012734",7.207514
"C011889",5,21482,"C047883",8.837613
"C011891",5,21482,"C047883",5.152312
"C011892",5,21482,"C047883",6.716493
"C011900",0,5705,"C012675",10.060424
"C011901",4,9961,"C022249",5.816718
"C011902",2,868,"C001904",3.562089
"C011903",4,9961,"C022249",3.688726
"C011904",5,21482,"C047883",1.090719
"C011908",1,5732,"C012734",16.720281
"C011909",0,5705,"C012675",9.108888
"C011913",5,21482,"C047883",8.636518
"C011914",0,5705,"C012675",5.222969
"C011916",5,21482,"C047883",10.138900
"C011917",5,21482,"C047883",11.879242
"C011919",0,5705,"C012675",9.417929
"C011925",5,21482,"C047883",9.717738
"C011926",0,5705,"C012675",8.875833
"C011928",5,21482,"C047883",4.617484
"C011929",1,5732,"C012734",4.885293
"C011930",0,5705,"C012675",2.660497
"C011933",4,9961,"C022249",3.306549
"C011934",5,21482,"C047883",7.863584
"C011935",2,868,"C001904",1.865618
"C011936",3,16827,"C037407",6.080155
"C011937",1,5732,"C012734",2.386486
"C011938",5,21482,"C047883",2.554246
"C011941",1,5732,"C012734",3.918449
"C011942",3,16827,"C037407",6.435742
"C011947",4,9961,"C022249",1.154420
"C011949",3,16827,"C037407",2.893509
"C011953",2,868,"C001904",6.294190
"C011955",5,21482,"C047883",10.501829
"C011957",1,5732,"C012734",3.075771
"C011961",5,21482,"C047883",13.198317
"C011962",5,21482,"C047883",5.339725
"C011968",5,21482,"C047883",3.770819
"C011969",1,5732,"C012734",12.369725
"C011971",0,5705,"C012675",8.809393
"C011972",2,868,"C001904",12.620051
"C011975",5,21482,"C047883",8.575504
"C011978",0,5705,"C012675",6.687416
"C011979",5,21482,"C047883",4.200666
"C011981",1,5732,"C012734",8.362311
"C011982",2,868,"C001904",5.682814
"C011986",0,5705,"C012675",2.201855
"C011987",2,868,"C001904",6.877871
"C011989",0,5705,"C012675",6.532358
"C011990",5,21482,"C047883",4.793375
"C011992",4,9961,"C022249",3.385370
"C011994",2,868,"C001904",3.802606
"C011995",3,16827,"C037407",4.432815
"C011996",5,21482,"C047883",3.132141
"C012003",2,868,"C001904",11.549491
"C012004",0,5705,"C012675",0.799664
"C012007",0,5705,"C012675",5.780915
"C012008",0,5705,"C012675",7.298846
"C012009",0,5705,"C012675",8.487923
"C012012",5,21482,"C047883",13.078451
"C012016",5,21482,"C047883",2.660971
"C012018",3,16827,"C037407",4.687278
"C012019",1,5732,"C012734",8.623792
"C012020",0,5705,"C012675",6.697862
"C012021",0,5705,"C012675",5.774847
"C012023",1,5732,"C012734",6.798463
"C012024",1,5732,"C012734",2.330565
"C012025",3,16827,"C037407",4.770597
"C012028",0,5705,"C012675",4.412630
"C012031",1,5732,"C012734",7.839385
"C012036",0,5705,"C012675",7.125553
"C012037",0,5705,"C012675",0.745454
"C012038",4,9961,"C022249",4.588115
"C012039",0,5705,"C012675",2.313738
"C012041",4,9961,"C022249",7.514015
"C012044",5,21482,"C047883",3.239260
"C012045",4,9961,"C022249",1.535438
"C012046",3,16827,"C037407",1.537060
"C012047",2,868,"C001904",2.795631
"C012048",5,21482,"C047883",9.646049
"C012050",5,21482,"C047883",3.226272
"C012053",4,9961,"C022249",1.419576
"C012054",5,21482,"C047883",11.796649
"C012056",4,9961,"C022249",1.980937
"C012058",5,21482,"C047883",7.052219
"C012060",2,868,"C001904",4.502572
"C012061",1,5732,"C012734",2.108509
"C012062",5,21482,"C047883",1.440135
"C012065",2,868,"C001904",6.511336
"C012066",0,5705,"C012675",2.383034
"C012068",0,5705,"C012675",5.713811
"C012069",5,21482,"C047883",3.166101
"C012071",3,16827,"C037407",3.619832
"C012073",1,5732,"C012734",5.315726
"C012075",0,5705,"C012675",3.251057
"C012076",0,5705,"C012675",5.988282
"C012078",1,5732,"C012734",2.785024
"C012079",0,5705,"C012675",3.135470
"C012080",4,9961,"C022249",5.939206
"C012084",2,868,"C001904",10.509440
"C012087",4,9961,"C022249",1.039212
"C012088",1,5732,"C012734",14.508181
"C012090",5,21482,"C047883",5.603780
"C012092",1,5732,"C012734",4.962944
"C012093",2,868,"C001904",4.200514
"C012094",0,5705,"C012675",2.064739
"C012095",3,16827,"C037407",1.902328
"C012096",0,5705,"C012675",6.063815
"C012104",0,5705,"C012675",3.852299
"C012105",5,21482,"C047883",3.146707
"C012108",4,9961,"C022249",3.230459
"C012110",5,21482,"C047883",6.767555
"C012114",3,16827,"C037407",4.424387
"C012115",3,16827,"C037407",3.506476
"C012117",1,5732,"C012734",2.294199
"C012119",5,21482,"C047883",13.586939
"C012120",0,5705,"C012675",3.784482
"C012121",3,16827,"C037407",6.312018
"C012122",1,5732,"C012734",1.923082
"C012123",4,9961,"C022249",7.484252
"C012124",3,16827,"C037407",7.807680
"C012125",5,21482,"C047883",1.553815
"C012126",3,16827,"C037407",3.101363
"C012127",0,5705,"C012675",2.272995
"C012129",5,21482,"C047883",6.018752
"C012131",2,868,"C001904",6.357365
"C012133",5,21482,"C047883",4.675466
"C012134",5,21482,"C047883",10.548585
"C012136",3,16827,"C037407",3.892056
"C012138",1,5732,"C012734",6.796051
"C012140",5,21482,"C047883",9.847183
"C012141",5,21482,"C047883",2.626924
"C012143",1,5732,"C012734",4.339288
"C012144",3,16827,"C037407",3.920226
"C012146",4,9961,"C022249",4.453316
"C012149",3,16827,"C037407",6.029041
"C012151",4,9961,"C022249",2.961546
"C012153",1,5732,"C012734",5.276359
"C012157",3,16827,"C037407",3.106944
"C012158",1,5732,"C012734",8.376806
"C012163",2,868,"C001904",3.847566
"C012164",5,21482,"C047883",5.702050
"C012165",4,9961,"C022249",7.785987
"C012166",5,21482,"C047883",3.346818
"C012170",1,5732,"C012734",7.970732
"C012172",2,868,"C001904",8.554016
"C012173",3,16827,"C037407",7.875245
"C012175",1,5732,"C012734",5.454079
"C012179",0,5705,"C012675",2.836762
"C012183",0,5705,"C012675",8.301419
"C012186",0,5705,"C012675",2.986870
"C012189",2,868,"C001904",7.124840
"C012190",5,21482,"C047883",7.163998
"C012192",1,5732,"C012734",3.732397
"C012193",5,21482,"C047883",8.887569
"C012195",5,21482,"C047883",1.355975
"C012196",2,868,"C001904",4.279532
"C012197",5,21482,"C047883",2.661534
"C012200",5,21482,"C047883",2.603490
"C012201",4,9961,"C022249",5.431337
"C012204",0,5705,"C012675",1.466876
"C012206",4,9961,"C022249",0.767881
"C012207",1,5732,"C012734",6.415756
"C012209",3,16827,"C037407",6.562752
"C012210",1,5732,"C012734",11.557476
"C012211",1,5732,"C012734",3.112587
"C012213",4,9961,"C022249",1.702646
"C012214",5,21482,"C047883",11.489139
"C012218",3,16827,"C037407",1.025150
"C012220",1,5732,"C012734",12.220036
"C012222",5,21482,"C047883",10.739827
"C012223",1,5732,"C012734",7.051500
"C012224",5,21482,"C047883",8.491354
"C012226",4,9961,"C022249",3.119100
"C012228",1,5732,"C012734",7.188868
"C012229",5,21482,"C047883",3.590857
"C012230",1,5732,"C012734",2.137349
"C012232",1,5732,"C012734",1.388673
"C012234",1,5732,"C012734",9.595080
"C012235",0,5705,"C012675",7.616127
"C012240",0,5705,"C012675",7.863574
"C012241",2,868,"C001904",7.612269
"C012245",1,5732,"C012734",4.603159
"C012246",2,868,"C001904",4.728211
"C012247",4,9961,"C022249",2.717029
"C012248",2,868,"C001904",5.491934
"C012249",1,5732,"C012734",7.074837
"C012252",1,5732,"C012734",11.182812
"C012254",2,868,"C001904",8.162314
"C012261",1,5732,"C012734",6.552059
"C012263",2,868,"C001904",1.805674
"C012266",2,868,"C001904",7.618235
"C012274",0,5705,"C012675",6.141008
"C012275",2,868,"C001904",3.670444
"C012276",1,5732,"C012734",1.634560
"C012278",5,21482,"C047883",5.293851
"C012279",5,21482,"C047883",12.604617
"C012281",4,9961,"C022249",5.819306
"C012283",1,5732,"C012734",9.126283
"C012284",3,16827,"C037407",8.254010
"C012286",5,21482,"C047883",2.311734
"C012287",4,9961,"C022249",6.534150
"C012292",3,16827,"C037407",4.123870
"C012293",1,5732,"C012734",1.757001
"C012294",2,868,"C001904",6.421214
"C012301",0,5705,"C012675",3.350312
"C012303",1,5732,"C012734",3.186715
"C012306",0,5705,"C012675",4.016703
"C012315",5,21482,"C047883",10.052576
"C012317",4,9961,"C022249",3.479892
"C012319",3,16827,"C037407",1.884009
"C012320",1,5732,"C012734",15.121660
"C012322",0,5705,"C012675",3.080834
"C012324",2,868,"C001904",4.230719
"C012325",4,9961,"C022249",3.001314
"C012326",5,21482,"C047883",8.409309
"C012327",5,21482,"C047883",0.997785
"C012329",5,21482,"C047883",14.128374
"C012331",0,5705,"C012675",2.188535
"C012333",4,9961,"C022249",0.854233
"C012334",5,21482,"C047883",3.009148
"C012336",5,21482,"C047883",3.802935
"C012337",4,9961,"C022249",4.207024
"C012347",5,21482,"C047883",2.486140
"C012349",0,5705,"C012675",3.515204
"C012353",5,21482,"C047883",1.624275
"C012354",5,21482,"C047883",3.416281
"C012356",5,21482,"C047883",8.426126
"C012360",0,5705,"C012675",4.045467
"C012363",5,21482,"C047883",11.558579
"C012364",5,21482,"C047883",1.130641
"C012365",1,5732,"C012734",14.718921
"C012369",3,16827,"C037407",3.879050
"C012373",0,5705,"C012675",9.666313
"C012378",5,21482,"C047883",4.874685
"C012379",2,868,"C001904",3.225004
"C012380",5,21482,"C047883",2.631814
"C012383",0,5705,"C012675",2.542551
"C012386",1,5732,"C012734",6.858095
"C012389",3,16827,"C037407",7.999962
"C012392",1,5732,"C012734",1.488271
"C012393",3,16827,"C037407",1.228070
"C012394",5,21482,"C047883",8.679948
"C012395",4,9961,"C022249",5.486444
"C012396",5,21482,"C047883",9.410168
"C012398",2,868,"C001904",9.172657
"C012399",5,21482,"C047883",5.161905
"C012400",5,21482,"C047883",6.433493
"C012401",3,16827,"C037407",3.698082
"C012402",2,868,"C001904",3.037275
"C012405",5,21482,"C047883",4.579157
"C012406",2,868,"C001904",2.483124
"C012409",1,5732,"C012734",3.282317
"C012411",0,5705,"C012675",3.916996
"C012414",2,868,"C001904",9.850322
"C012416",1,5732,"C012734",6.007201
"C012417",2,868,"C001904",7.665999
"C012418",5,21482,"C047883",9.870386
"C012420",4,9961,"C022249",3.581406
"C012422",5,21482,"C047883",11.872355
"C012424",0,5705,"C012675",6.895179
"C012425",0,5705,"C012675",6.372333
"C012427",2,868,"C001904",1.431434
"C012430",5,21482,"C047883",5.721737
"C012431",0,5705,"C012675",5.890095
"C012432",1,5732,"C012734",4.897943
"C012433",0,5705,"C012675",9.265389
"C012435",3,16827,"C037407",6.579784
"C012436",1,5732,"C012734",14.107111
"C012437",3,16827,"C037407",0.264239
"C012442",1,5732,"C012734",12.447305
"C012443",5,21482,"C047883",8.406697
"C012445",0,5705,"C012675",4.039633
"C012447",0,5705,"C012675",7.184426
"C012449",1,5732,"C012734",2.406044
"C012452",1,5732,"C012734",6.236083
"C012460",0,5705,"C012675",4.065771
"C012463",1,5732,"C012734",6.656405
"C012464",3,16827,"C037407",2.014193
"C012467",0,5705,"C012675",4.641564
"C012468",1,5732,"C012734",1.412257
"C012470",1,5732,"C012734",1.198651
"C012471",5,21482,"C047883",12.721822
"C012475",3,16827,"C037407",8.030570
"C012476",5,21482,"C047883",5.616513
"C012477",0,5705,"C012675",3.351653
"C012478",1,5732,"C012734",5.761991
"C012479",5,21482,"C047883",7.037193
"C012483",1,5732,"C012734",10.671993
"C012484",3,16827,"C037407",5.391451
"C012500",3,16827,"C037407",2.614722
"C012502",0,5705,"C012675",3.918729
"C012503",1,5732,"C012734",2.410130
"C012504",1,5732,"C012734",6.618426
"C012505",2,868,"C001904",3.812487
"C012508",2,868,"C001904",4.111744
"C012510",2,868,"C001904",3.909389
"C012514",3,16827,"C037407",3.752359
"C012516",1,5732,"C012734",3.104860
"C012518",5,21482,"C047883",5.861993
"C012520",4,9961,"C022249",4.370735
"C012522",1,5732,"C012734",7.030731
"C012524",2,868,"C001904",7.662018
"C012525",2,868,"C001904",10.684634
"C012526",5,21482,"C047883",8.716441
"C012529",0,5705,"C012675",9.362914
"C012531",1,5732,"C012734",5.904408
"C012532",5,21482,"C047883",3.395711
"C012533",5,21482,"C047883",12.431029
"C012538",5,21482,"C047883",7.482045
"C012540",1,5732,"C012734",0.712117
"C012541",5,21482,"C047883",10.469385
"C012545",0,5705,"C012675",1.385257
"C012549",5,21482,"C047883",1.452300
"C012550",4,9961,"C022249",6.470189
"C012551",2,868,"C001904",1.336503
"C012552",4,9961,"C022249",0.193151
"C012554",3,16827,"C037407",1.175206
"C012556",5,21482,"C047883",3.078544
"C012562",4,9961,"C022249",2.425884
"C012563",1,5732,"C012734",2.712649
"C012565",1,5732,"C012734",1.007044
"C012567",3,16827,"C037407",4.579950
"C012568",1,5732,"C012734",1.997833
"C012572",5,21482,"C047883",6.928038
"C012573",5,21482,"C047883",6.995213
"C012574",5,21482,"C047883",8.058615
"C012575",2,868,"C001904",4.644645
"C012577",1,5732,"C012734",7.031385
"C012578",2,868,"C001904",6.979028
"C012579",3,16827,"C037407",1.344882
"C012580",1,5732,"C012734",12.322933
"C012582",0,5705,"C012675",2.145352
"C012583",2,868,"C001904",2.662423
"C012584",1,5732,"C012734",1.846764
"C012586",1,5732,"C012734",5.813312
"C012588",1,5732,"C012734",3.926388
"C012589",4,9961,"C022249",7.169243
"C012591",3,16827,"C037407",2.496081
"C012593",4,9961,"C022249",2.504712
"C012598",1,5732,"C012734",3.471993
"C012600",4,9961,"C022249",5.315292
"C012602",2,868,"C001904",2.373899
"C012603",5,21482,"C047883",8.153966
"C012607",1,5732,"C012734",7.016741
"C012609",1,5732,"C012734",2.247561
"C012611",5,21482,"C047883",4.258502
"C012615",1,5732,"C012734",0.458300
"C012617",0,5705,"C012675",1.977870
"C012618",2,868,"C001904",3.481839
"C012619",0,5705,"C012675",0.701968
"C012621",0,5705,"C012675",3.461480
"C012622",1,5732,"C012734",15.681787
"C012625",2,868,"C001904",10.774974
"C012626",5,21482,"C047883",6.393363
"C012627",0,5705,"C012675",7.462092
"C012628",4,9961,"C022249",3.312573
"C012629",3,16827,"C037407",3.683553
"C012631",3,16827,"C037407",9.079498
"C012633",5,21482,"C047883",13.188420
"C012635",4,9961,"C022249",4.109553
"C012636",0,5705,"C012675",2.269057
"C012640",0,5705,"C012675",7.150897
"C012642",5,21482,"C047883",10.957795
"C012644",1,5732,"C012734",7.130333
"C012648",4,9961,"C022249",8.436817
"C012652",0,5705,"C012675",8.587097
"C012653",1,5732,"C012734",1.449272
"C012657",5,21482,"C047883",14.553501
"C012659",1,5732,"C012734",11.582842
"C012661",5,21482,"C047883",4.467655
"C012664",2,868,"C001904",4.291060
"C012666",5,21482,"C047883",6.543291
"C012668",2,868,"C001904",12.066122
"C012670",4,9961,"C022249",2.084507
"C012672",2,868,"C001904",11.642180
"C012674",1,5732,"C012734",9.124566
"C012675",0,5705,"C012675",0.000000
"C012676",5,21482,"C047883",3.211964
"C012679",5,21482,"C047883",7.693726
"C012687",1,5732,"C012734",3.576439
"C012688",2,868,"C001904",6.351775
"C012690",3,16827,"C037407",5.527037
"C012691",5,21482,"C047883",7.579127
"C012692",2,868,"C001904",5.891487
"C012693",5,21482,"C047883",0.958701
"C012695",2,868,"C001904",6.790017
"C012696",0,5705,"C012675",5.992977
"C012699",2,868,"C001904",3.599381
"C012701",4,9961,"C022249",2.126904
"C012702",2,868,"C001904",2.835152
"C012707",5,21482,"C047883",3.233236
"C012708",4,9961,"C022249",2.835242
"C012713",4,9961,"C022249",3.747972
"C012714",2,868,"C001904",6.030364
"C012715",1,5732,"C012734",14.257937
"C012720",1,5732,"C012734",1.535693
"C012721",4,9961,"C022249",2.707812
"C012724",2,868,"C001904",3.844437
"C012725",1,5732,"C012734",5.663221
"C012726",2,868,"C001904",7.142044
"C012727",1,5732,"C012734",9.935704
"C012728",1,5732,"C012734",14.083715
"C012731",3,16827,"C037407",4.028619
"C012734",1,5732,"C012734",0.000000
"C012735",5,21482,"C047883",7.513277
"C012739",5,21482,"C047883",0.991459
"C012740",5,21482,"C047883",7.931333
"C012747",5,21482,"C047883",8.734610
"C012749",0,5705,"C012675",3.829692
"C012750",0,5705,"C012675",2.011251
"C012754",5,21482,"C047883",2.931801
"C012755",0,5705,"C012675",3.120983
"C012756",0,5705,"C012675",6.599277
"C012757",1,5732,"C012734",2.435408
"C012761",2,868,"C001904",3.593991
"C012763",5,21482,"C047883",9.896052
"C012765",0,5705,"C012675",2.757021
"C012767",3,16827,"C037407",3.272029
"C012770",4,9961,"C022249",1.902419
"C012777",3,16827,"C037407",8.665204
"C012779",5,21482,"C047883",10.344025
"C012783",5,21482,"C047883",11.875901
"C012784",3,16827,"C037407",6.008390
"C012788",0,5705,"C012675",6.004577
"C012789",4,9961,"C022249",8.127724
"C012793",3,16827,"C037407",7.093278
"C012794",2,868,"C001904",5.264647
"C012798",3,16827,"C037407",7.581449
"C012799",1,5732,"C012734",7.710868
"C012802",1,5732,"C012734",15.374830
"C012803",4,9961,"C022249",2.447046
"C012806",3,16827,"C037407",4.193321
"C012808",5,21482,"C047883",8.206929
"C012811",2,868,"C001904",5.998514
"C012814",4,9961,"C022249",1.827326
"C012816",3,16827,"C037407",6.075076
"C012819",0,5705,"C012675",8.664175
"C012823",1,5732,"C012734",5.798759
"C012826",1,5732,"C012734",15.108461
"C012829",5,21482,"C047883",6.890386
"C012831",3,16827,"C037407",7.477286
"C012834",4,9961,"C022249",1.809679
"C012837",0,5705,"C012675",3.833825
"C012839",4,9961,"C022249",4.225829
"C012840",1,5732,"C012734",2.791585
"C012841",5,21482,"C047883",10.973143
"C012842",2,868,"C001904",3.724931
"C012848",1,5732,"C012734",4.591891
"C012853",0,5705,"C012675",3.958785
"C012854",5,21482,"C047883",3.314081
"C012857",0,5705,"C012675",4.233880
"C012858",5,21482,"C047883",9.884880
"C012859",5,21482,"C047883",2.408002
"C012861",0,5705,"C012675",4.933557
"C012864",1,5732,"C012734",2.467534
"C012866",0,5705,"C012675",10.022392
"C012869",0,5705,"C012675",6.475246
"C012870",4,9961,"C022249",3.193238
"C012873",1,5732,"C012734",8.560491
"C012875",4,9961,"C022249",2.049878
"C012876",0,5705,"C012675",5.843877
"C012877",4,9961,"C022249",3.285420
"C012878",3,16827,"C037407",0.780001
"C012879",5,21482,"C047883",2.524359
"C012882",5,21482,"C047883",4.318418
"C012883",2,868,"C001904",2.478417
"C012884",1,5732,"C012734",3.433445
"C012889",1,5732,"C012734",7.540038
"C012893",5,21482,"C047883",6.744776
"C012894",5,21482,"C047883",3.956422
"C012895",1,5732,"C012734",8.572157
"C012896",0,5705,"C012675",7.808367
"C012897",2,868,"C001904",8.590366
"C012898",4,9961,"C022249",2.742325
"C012903",5,21482,"C047883",0.850592
"C012904",1,5732,"C012734",1.380906
"C012910",1,5732,"C012734",6.139592
"C012915",1,5732,"C012734",7.307121
"C012916",0,5705,"C012675",5.981361
"C012918",1,5732,"C012734",2.713989
"C012919",0,5705,"C012675",5.466412
"C012921",1,5732,"C012734",8.621649
"C012922",0,5705,"C012675",1.746717
"C012924",4,9961,"C022249",5.654447
"C012926",5,21482,"C047883",12.419482
"C012927",2,868,"C001904",0.532097
"C012931",1,5732,"C012734",7.983009
"C012932",0,5705,"C012675",4.325397
"C012933",1,5732,"C012734",5.053634
"C012934",5,21482,"C047883",0.548609
"C012935",1,5732,"C012734",1.093381
"C012938",2,868,"C001904",6.190721
"C012942",4,9961,"C022249",3.949292
"C012943",2,868,"C001904",6.873843
"C012944",3,16827,"C037407",1.185206
"C012945",1,5732,"C012734",15.579968
"C012948",2,868,"C001904",5.908125
"C012951",5,21482,"C047883",5.130953
"C012954",5,21482,"C047883",11.642254
"C012959",5,21482,"C047883",4.938032
"C012960",2,868,"C001904",2.575093
"C012961",1,5732,"C012734",6.937753
"C012964",2,868,"C001904",2.666105
"C012966",2,868,"C001904",8.748211
"C012967",2,868,"C001904",7.637537
"C012969",4,9961,"C022249",7.349801
"C012970",4,9961,"C022249",2.855972
"C012971",1,5732,"C012734",2.566449
"C012972",4,9961,"C022249",7.429005
"C012974",2,868,"C001904",8.186284
"C012975",3,16827,"C037407",4.072054
"C012978",5,21482,"C047883",12.897117
"C012979",0,5705,"C012675",2.081529
"C012984",1,5732,"C012734",2.863170
"C012985",1,5732,"C012734",0.889726
"C012986",3,16827,"C037407",3.135137
"C012988",0,5705,"C012675",3.990415
"C012991",5,21482,"C047883",6.984909
"C012992",3,16827,"C037407",7.881181
"C012994",1,5732,"C012734",8.203526
"C012995",0,5705,"C012675",3.630304
"C012998",3,16827,"C037407",2.727850
"C012999",5,21482,"C047883",6.847200
"C013000",1,5732,"C012734",6.566617
"C013002",0,5705,"C012675",5.154591
"C013005",5,21482,"C047883",7.100232
"C013007",1,5732,"C012734",6.213988
"C013008",5,21482,"C047883",5.025683
"C013012",1,5732,"C012734",7.539637
"C013019",1,5732,"C012734",6.152439
"C013021",2,868,"C001904",6.999866
"C013022",4,9961,"C022249",3.141494
"C013024",2,868,"C001904",7.848080
"C013026",0,5705,"C012675",5.192954
"C013029",5,21482,"C047883",1.844108
"C013030",2,868,"C001904",6.540266
"C013031",3,16827,"C037407",4.557569
"C013032",1,5732,"C012734",9.389300
"C013035",5,21482,"C047883",4.976717
"C013036",2,868,"C001904",2.665578
"C013038",2,868,"C001904",3.653068
"C013041",1,5732,"C012734",7.316189
"C013042",0,5705,"C012675",3.919566
"C013045",3,16827,"C037407",3.742667
"C013047",5,21482,"C047883",6.255849
"C013048",0,5705,"C012675",2.287975
"C013049",4,9961,"C022249",3.524688
"C013052",5,21482,"C047883",5.245040
"C013053",0,5705,"C012675",7.800714
"C013056",3,16827,"C037407",4.369744
"C013057",0,5705,"C012675",5.505461
"C013058",5,21482,"C047883",12.560961
"C013060",4,9961,"C022249",2.056625
"C013065",5,21482,"C047883",8.884436
"C013070",0,5705,"C012675",2.613048
"C013073",1,5732,"C012734",6.816578
"C013074",4,9961,"C022249",4.744202
"C013076",5,21482,"C047883",10.475283
"C013077",2,868,"C001904",4.371892
"C013078",2,868,"C001904",8.808545
"C013086",2,868,"C001904",5.461775
"C013088",1,5732,"C012734",2.788659
"C013089",5,21482,"C047883",3.737802
"C013090",2,868,"C001904",5.079823
"C013091",4,9961,"C022249",3.522923
"C013092",0,5705,"C012675",6.801722
"C013093",3,16827,"C037407",7.814206
"C013095",5,21482,"C047883",4.925796
"C013097",1,5732,"C012734",7.127454
"C013099",0,5705,"C012675",7.861512
"C013100",5,21482,"C047883",7.319701
"C013101",0,5705,"C012675",5.607962
"C013105",1,5732,"C012734",8.181623
"C013106",2,868,"C001904",3.012452
"C013108",5,21482,"C047883",1.186673
"C013110",1,5732,"C012734",1.591115
"C013113",1,5732,"C012734",4.259131
"C013115",4,9961,"C022249",3.238662
"C013117",0,5705,"C012675",5.644995
"C013120",5,21482,"C047883",3.114977
"C013121",4,9961,"C022249",2.713570
"C013124",2,868,"C001904",4.945813
"C013125",5,21482,"C047883",12.085440
"C013126",1,5732,"C012734",11.498899
"C013131",1,5732,"C012734",13.356826
"C013136",0,5705,"C012675",7.718922
"C013138",2,868,"C001904",4.864601
"C013141",1,5732,"C012734",5.222761
"C013144",0,5705,"C012675",6.913272
"C013147",3,16827,"C037407",1.932743
"C013149",1,5732,"C012734",0.903075
"C013152",1,5732,"C012734",7.166187
"C013153",5,21482,"C047883",3.161284
"C013156",2,868,"C001904",8.230378
"C013157",1,5732,"C012734",6.589449
"C013159",5,21482,"C047883",1.244395
"C013160",1,5732,"C012734",2.515662
"C013163",1,5732,"C012734",0.731936
"C013165",3,16827,"C037407",0.435448
"C013168",2,868,"C001904",7.753714
"C013169",2,868,"C001904",7.022563
"C013176",5,21482,"C047883",5.130176
"C013178",1,5732,"C012734",7.187135
"C013184",5,21482,"C047883",4.093948
"C013185",0,5705,"C012675",2.228875
"C013187",4,9961,"C022249",5.635033
"C013189",3,16827,"C037407",1.111076
"C013192",1,5732,"C012734",3.998700
"C013195",5,21482,"C047883",14.534974
"C013196",1,5732,"C012734",11.619102
"C013197",1,5732,"C012734",4.820755
"C013198",0,5705,"C012675",10.155864
"C013199",1,5732,"C012734",8.808978
"C013201",2,868,"C001904",3.509712
"C013202",1,5732,"C012734",9.087645
"C013206",2,868,"C001904",5.959618
"C013208",1,5732,"C012734",6.417833
"C013209",2,868,"C001904",9.800267
"C013212",0,5705,"C012675",7.851932
"C013213",1,5732,"C012734",3.922781
"C013214",5,21482,"C047883",3.962540
"C013217",0,5705,"C012675",5.625771
"C013219",3,16827,"C037407",1.917624
"C013222",3,16827,"C037407",2.805253
"C013226",1,5732,"C012734",2.347770
"C013227",1,5732,"C012734",1.603860
"C013228",2,868,"C001904",7.812599
"C013232",4,9961,"C022249",5.502846
"C013234",1,5732,"C012734",6.708096
"C013235",5,21482,"C047883",3.001366
"C013237",5,21482,"C047883",12.656765
"C013239",3,16827,"C037407",4.204944
"C013243",1,5732,"C012734",3.259325
"C013245",4,9961,"C022249",3.901174
"C013249",0,5705,"C012675",2.697603
"C013250",0,5705,"C012675",7.046957
"C013251",1,5732,"C012734",3.435894
"C013252",3,16827,"C037407",5.687347
"C013255",5,21482,"C047883",10.682875
"C013256",0,5705,"C012675",7.632466
"C013260",4,9961,"C022249",2.196584
"C013261",1,5732,"C012734",0.599047
"C013262",1,5732,"C012734",7.333442
"C013264",1,5732,"C012734",7.231392
"C013267",1,5732,"C012734",4.418957
"C013268",1,5732,"C012734",10.877075
"C013272",2,868,"C001904",5.304320
"C013273",2,868,"C001904",7.275034
"C013279",0,5705,"C012675",4.064527
"C013280",1,5732,"C012734",2.789660
"C013282",0,5705,"C012675",3.476668
"C013283",5,21482,"C047883",3.963608
"C013285",5,21482,"C047883",4.756742
"C013286",2,868,"C001904",8.832843
"C013288",0,5705,"C012675",3.250692
"C013289",4,9961,"C022249",5.289162
"C013290",0,5705,"C012675",7.990301
"C013291",5,21482,"C047883",13.145088
"C013297",0,5705,"C012675",7.447111
"C013298",4,9961,"C022249",3.260522
"C013302",4,9961,"C022249",3.003552
"C013303",0,5705,"C012675",8.432673
"C013305",1,5732,"C012734",12.099187
"C013306",4,9961,"C022249",3.890606
"C013307",0,5705,"C012675",5.914325
"C013310",3,16827,"C037407",2.523356
"C013311",5,21482,"C047883",10.495297
"C013314",0,5705,"C012675",10.406583
"C013316",2,868,"C001904",6.104966
"C013317",0,5705,"C012675",2.435012
"C013319",0,5705,"C012675",3.100639
"C013320",0,5705,"C012675",1.017543
"C013321",4,9961,"C022249",4.219716
"C013322",3,16827,"C037407",1.445469
"C013325",3,16827,"C037407",2.133866
"C013329",1,5732,"C012734",2.714346
"C013330",5,21482,"C047883",5.487647
"C013332",5,21482,"C047883",12.283522
"C013333",1,5732,"C012734",10.896746
"C013334",4,9961,"C022249",2.670944
"C013335",3,16827,"C037407",5.045744
"C013339",0,5705,"C012675",8.179431
"C013341",5,21482,"C047883",8.976029
"C013343",5,21482,"C047883",5.936732
"C013345",1,5732,"C012734",2.497337
"C013346",5,21482,"C047883",3.804476
"C013355",5,21482,"C047883",13.237390
"C013356",5,21482,"C047883",9.401085
"C013357",1,5732,"C012734",5.447066
"C013364",1,5732,"C012734",3.819364
"C013365",4,9961,"C022249",6.110751
"C013366",3,16827,"C037407",8.183751
"C013367",0,5705,"C012675",5.892000
"C013368",1,5732,"C012734",1.379516
"C013377",5,21482,"C047883",7.377011
"C013379",1,5732,"C012734",11.302012
"C013380",0,5705,"C012675",6.360246
"C013381",5,21482,"C047883",7.521144
"C013382",5,21482,"C047883",4.086657
"C013383",1,5732,"C012734",15.306479
"C013384",0,5705,"C012675",3.073429
"C013385",2,868,"C001904",1.741828
"C013388",1,5732,"C012734",7.356963
"C013392",5,21482,"C047883",3.472509
"C013393",5,21482,"C047883",3.022342
"C013396",3,16827,"C037407",7.993755
"C013397",0,5705,"C012675",7.191308
"C013399",1,5732,"C012734",7.539058
"C013403",4,9961,"C022249",1.025004
"C013405",2,868,"C001904",1.152320
"C013407",1,5732,"C012734",1.347676
"C013408",0,5705,"C012675",9.148001
"C013409",1,5732,"C012734",7.050020
"C013410",0,5705,"C012675",7.291031
"C013411",0,5705,"C012675",5.844493
"C013413",0,5705,"C012675",6.194729
"C013416",3,16827,"C037407",1.405302
"C013418",1,5732,"C012734",10.684067
"C013420",5,21482,"C047883",2.760545
"C013424",5,21482,"C047883",7.443950
"C013425",0,5705,"C012675",4.151082
"C013429",2,868,"C001904",10.398910
"C013430",4,9961,"C022249",1.269017
"C013437",4,9961,"C022249",4.624053
"C013447",2,868,"C001904",2.650909
"C013448",4,9961,"C022249",3.210379
"C013449",1,5732,"C012734",11.118367
"C013454",0,5705,"C012675",2.580536
"C013456",2,868,"C001904",7.313073
"C013458",4,9961,"C022249",4.514504
"C013459",1,5732,"C012734",2.491849
"C013461",4,9961,"C022249",3.751937
"C013464",1,5732,"C012734",3.597742
"C013465",5,21482,"C047883",8.615704
"C013466",5,21482,"C047883",3.474412
"C013471",4,9961,"C022249",4.805851
"C013475",0,5705,"C012675",3.872619
"C013476",1,5732,"C012734",10.610197
"C013479",3,16827,"C037407",5.728933
"C013482",2,868,"C001904",2.754109
"C013487",2,868,"C001904",8.439749
"C013493",3,16827,"C037407",4.301634
"C013496",0,5705,"C012675",6.043338
"C013497",5,21482,"C047883",2.808836
"C013498",2,868,"C001904",2.590731
"C013502",2,868,"C001904",4.196198
"C013503",5,21482,"C047883",2.720789
"C013507",3,16827,"C037407",6.598960
"C013508",5,21482,"C047883",12.346918
"C013511",2,868,"C001904",2.629306
"C013512",0,5705,"C012675",5.910051
"C013517",0,5705,"C012675",4.194433
"C013519",5,21482,"C047883",5.704670
"C013522",0,5705,"C012675",6.678657
"C013523",1,5732,"C012734",3.694634
"C013528",5,21482,"C047883",1.238039
"C013530",0,5705,"C012675",5.466241
"C013531",4,9961,"C022249",6.461614
"C013532",3,16827,"C037407",4.109122
"C013536",5,21482,"C047883",13.667996
"C013540",2,868,"C001904",9.525190
"C013541",5,21482,"C047883",6.527551
"C013542",1,5732,"C012734",14.181070
"C013544",2,868,"C001904",5.813602
"C013545",0,5705,"C012675",4.193756
"C013550",5,21482,"C047883",3.106963
"C013551",4,9961,"C022249",1.946673
"C013556",2,868,"C001904",12.423718
"C013559",4,9961,"C022249",4.875343
"C013566",2,868,"C001904",2.929940
"C013567",4,9961,"C022249",1.365168
"C013568",5,21482,"C047883",2.482651
"C013570",0,5705,"C012675",3.946129
"C013571",2,868,"C001904",3.928441
"C013574",1,5732,"C012734",5.326042
"C013575",5,21482,"C047883",1.914674
"C013576",5,21482,"C047883",3.347968
"C013578",0,5705,"C012675",2.658417
"C013579",0,5705,"C012675",2.399954
"C013580",4,9961,"C022249",5.560089
"C013582",5,21482,"C047883",6.728406
"C013584",5,21482,"C047883",3.043387
"C013585",1,5732,"C012734",8.421178
"C013587",0,5705,"C012675",9.983865
"C013595",4,9961,"C022249",2.711885
"C013599",1,5732,"C012734",10.471639
"C013600",0,5705,"C012675",1.331056
"C013601",5,21482,"C047883",11.271852
"C013602",1,5732,"C012734",6.301685
"C013603",1,5732,"C012734",5.136070
"C013604",2,868,"C001904",1.631512
"C013607",1,5732,"C012734",6.857022
"C013611",1,5732,"C012734",0.874706
"C013612",0,5705,"C012675",4.206406
"C013614",2,868,"C001904",5.140468
"C013616",5,21482,"C047883",12.475528
"C013618",5,21482,"C047883",5.081082
"C013627",0,5705,"C012675",2.967256
"C013629",4,9961,"C022249",2.808194
"C013630",3,16827,"C037407",3.126523
"C013636",2,868,"C001904",0.467333
"C013638",0,5705,"C012675",10.160385
"C013639",5,21482,"C047883",10.447000
"C013644",1,5732,"C012734",6.163298
"C013645",5,21482,"C047883",6.687635
"C013647",2,868,"C001904",9.261992
"C013652",1,5732,"C012734",5.994504
"C013656",1,5732,"C012734",4.568842
"C013657",0,5705,"C012675",6.471316
"C013658",1,5732,"C012734",14.370940
"C013660",0,5705,"C012675",5.129228
"C013662",5,21482,"C047883",9.015252
"C013664",5,21482,"C047883",4.809452
"C013667",4,9961,"C022249",1.100090
"C013673",2,868,"C001904",7.216054
"C013677",5,21482,"C047883",3.407676
"C013678",1,5732,"C012734",13.019191
"C013682",3,16827,"C037407",8.214900
"C013684",5,21482,"C047883",11.799438
"C013690",0,5705,"C012675",6.067110
"C013694",4,9961,"C022249",3.762653
"C013695",1,5732,"C012734",1.936731
"C013699",4,9961,"C022249",2.301005
"C013706",0,5705,"C012675",4.603850
"C013707",3,16827,"C037407",10.753378
"C013708",4,9961,"C022249",4.562199
"C013709",5,21482,"C047883",14.998260
"C013713",5,21482,"C047883",3.193591
"C013714",1,5732,"C012734",17.118124
"C013720",0,5705,"C012675",8.675885
"C013721",3,16827,"C037407",6.583018
"C013722",4,9961,"C022249",2.967486
"C013724",3,16827,"C037407",2.218743
"C013725",4,9961,"C022249",4.157923
"C013730",1,5732,"C012734",3.376980
"C013732",5,21482,"C047883",12.865441
"C013735",1,5732,"C012734",3.662487
"C013736",0,5705,"C012675",2.220326
"C013738",5,21482,"C047883",8.024258
"C013739",3,16827,"C037407",2.691284
"C013740",2,868,"C001904",3.977147
"C013743",5,21482,"C047883",4.517284
"C013744",4,9961,"C022249",3.571581
"C013752",1,5732,"C012734",6.245993
"C013755",1,5732,"C012734",15.516796
"C013756",5,21482,"C047883",8.759825
"C013757",4,9961,"C022249",2.523418
"C013759",3,16827,"C037407",3.863813
"C013762",0,5705,"C012675",3.666706
"C013764",0,5705,"C012675",8.229259
"C013765",1,5732,"C012734",12.468381
"C013768",5,21482,"C047883",3.822252
"C013771",2,868,"C001904",2.908037
"C013775",4,9961,"C022249",3.930736
"C013776",3,16827,"C037407",6.123803
"C013778",5,21482,"C047883",8.442984
"C013781",5,21482,"C047883",7.703418
"C013784",5,21482,"C047883",8.168125
"C013786",0,5705,"C012675",9.327653
"C013787",0,5705,"C012675",8.358940
"C013788",4,9961,"C022249",3.948279
"C013792",2,868,"C001904",3.527974
"C013793",4,9961,"C022249",3.389866
"C013796",1,5732,"C012734",12.770314
"C013798",5,21482,"C047883",4.503571
"C013799",5,21482,"C047883",9.039908
"C013800",1,5732,"C012734",1.959771
"C013802",5,21482,"C047883",4.090151
"C013804",2,868,"C001904",7.551572
"C013806",2,868,"C001904",2.430568
"C013808",1,5732,"C012734",15.374063
"C013810",5,21482,"C047883",10.522121
"C013811",3,16827,"C037407",5.409673
"C013813",4,9961,"C022249",6.437964
"C013814",2,868,"C001904",6.184579
"C013815",0,5705,"C012675",4.196491
"C013820",5,21482,"C047883",12.317754
"C013821",1,5732,"C012734",2.285664
"C013822",0,5705,"C012675",5.210139
"C013823",2,868,"C001904",3.910299
"C013824",0,5705,"C012675",1.364974
"C013825",5,21482,"C047883",8.502289
"C013826",2,868,"C001904",11.417232
"C013830",5,21482,"C047883",8.974174
"C013833",3,16827,"C037407",1.178471
"C013836",1,5732,"C012734",4.588232
"C013839",0,5705,"C012675",2.693839
"C013843",5,21482,"C047883",11.484159
"C013844",4,9961,"C022249",8.675249
"C013845",2,868,"C001904",6.838156
"C013847",5,21482,"C047883",5.117201
"C013850",1,5732,"C012734",11.570404
"C013851",4,9961,"C022249",5.270949
"C013852",2,868,"C001904",12.360593
"C013856",5,21482,"C047883",5.999360
"C013858",5,21482,"C047883",4.484577
"C013859",3,16827,"C037407",3.859837
"C013861",2,868,"C001904",5.426613
"C013862",0,5705,"C012675",2.757292
"C013863",5,21482,"C047883",7.373866
"C013865",5,21482,"C047883",13.196877
"C013866",5,21482,"C047883",9.137881
"C013867",5,21482,"C047883",6.497512
"C013868",2,868,"C001904",5.862399
"C013875",0,5705,"C012675",2.136690
"C013876",2,868,"C001904",7.791346
"C013879",2,868,"C001904",2.111350
"C013881",5,21482,"C047883",6.957554
"C013884",3,16827,"C037407",3.246232
"C013886",4,9961,"C022249",0.823998
"C013888",1,5732,"C012734",10.614267
"C013889",0,5705,"C012675",4.229717
"C013891",2,868,"C001904",8.758180
"C013894",5,21482,"C047883",7.365577
"C013896",1,5732,"C012734",0.462685
"C013897",4,9961,"C022249",1.800799
"C013898",5,21482,"C047883",5.090576
"C013900",0,5705,"C012675",4.216503
"C013902",4,9961,"C022249",2.582037
"C013904",1,5732,"C012734",1.607545
"C013907",1,5732,"C012734",8.155746
"C013912",1,5732,"C012734",9.014843
"C013913",1,5732,"C012734",10.991930
"C013914",3,16827,"C037407",4.357790
"C013915",2,868,"C001904",6.464079
"C013921",4,9961,"C022249",2.697980
"C013922",1,5732,"C012734",6.295656
"C013925",5,21482,"C047883",7.902653
"C013927",0,5705,"C012675",5.779690
"C013930",0,5705,"C012675",0.657247
"C013931",2,868,"C001904",8.919876
"C013932",2,868,"C001904",5.982250
"C013933",5,21482,"C047883",12.690672
"C013938",2,868,"C001904",6.867272
"C013941",3,16827,"C037407",6.222277
"C013950",2,868,"C001904",6.453428
"C013955",1,5732,"C012734",9.096212
"C013957",5,21482,"C047883",1.751728
"C013958",1,5732,"C012734",1.718765
"C013959",5,21482,"C047883",2.708043
"C013961",5,21482,"C047883",2.230878
"C013965",5,21482,"C047883",10.387289
"C013968",1,5732,"C012734",10.485224
"C013971",0,5705,"C012675",5.323181
"C013974",1,5732,"C012734",7.636306
"C013977",1,5732,"C012734",8.665575
"C013982",2,868,"C001904",5.949194
"C013983",5,21482,"C047883",4.162670
"C013987",5,21482,"C047883",9.019751
"C013995",1,5732,"C012734",4.515535
"C013999",1,5732,"C012734",3.739553
"C014003",2,868,"C001904",4.564346
"C014004",3,16827,"C037407",5.812665
"C014005",5,21482,"C047883",11.515153
"C014006",1,5732,"C012734",5.651975
"C014011",1,5732,"C012734",7.112071
"C014015",5,21482,"C047883",4.335331
"C014016",5,21482,"C047883",5.942203
"C014017",1,5732,"C012734",2.563703
"C014019",1,5732,"C012734",3.255294
"C014021",3,16827,"C037407",8.257184
"C014022",3,16827,"C037407",4.562019
"C014023",5,21482,"C047883",9.062646
"C014028",1,5732,"C012734",5.395379
"C014029",2,868,"C001904",2.557187
"C014030",3,16827,"C037407",1.011760
"C014037",5,21482,"C047883",11.359527
"C014038",0,5705,"C012675",5.497361
"C014039",1,5732,"C012734",5.946450
"C014040",1,5732,"C012734",7.275054
"C014041",0,5705,"C012675",9.268766
"C014047",1,5732,"C012734",16.491253
"C014052",5,21482,"C047883",1.984320
"C014053",1,5732,"C012734",2.515083
"C014055",0,5705,"C012675",3.628145
"C014056",1,5732,"C012734",1.940103
"C014062",1,5732,"C012734",4.793100
"C014063",0,5705,"C012675",2.647117
"C014064",5,21482,"C047883",10.235677
"C014066",5,21482,"C047883",2.391709
"C014069",4,9961,"C022249",3.220390
"C014073",4,9961,"C022249",1.599289
"C014077",1,5732,"C012734",2.666810
"C014080",5,21482,"C047883",5.623305
"C014083",1,5732,"C012734",12.704057
"C014084",1,5732,"C012734",5.440459
"C014085",1,5732,"C012734",3.956106
"C014087",2,868,"C001904",5.082614
"C014089",0,5705,"C012675",6.763159
"C014090",1,5732,"C012734",8.994722
"C014091",1,5732,"C012734",7.275502
"C014095",1,5732,"C012734",1.216298
"C014097",0,5705,"C012675",6.072143
"C014099",2,868,"C001904",9.896247
"C014103",2,868,"C001904",9.219285
"C014105",5,21482,"C047883",7.765899
"C014106",0,5705,"C012675",5.682435
"C014108",0,5705,"C012675",6.388092
"C014110",3,16827,"C037407",2.813131
"C014111",5,21482,"C047883",2.850169
"C014112",1,5732,"C012734",6.076833
"C014114",3,16827,"C037407",7.249187
"C014118",2,868,"C001904",7.291201
"C014119",4,9961,"C022249",2.205942
"C014121",5,21482,"C047883",4.615173
"C014122",1,5732,"C012734",8.722313
"C014123",1,5732,"C012734",8.447569
"C014124",2,868,"C001904",2.859938
"C014125",2,868,"C001904",5.165430
"C014126",2,868,"C001904",10.812392
"C014128",1,5732,"C012734",7.178351
"C014131",1,5732,"C012734",6.490536
"C014133",2,868,"C001904",8.335700
"C014135",2,868,"C001904",0.708792
"C014137",1,5732,"C012734",6.986994
"C014138",4,9961,"C022249",5.448887
"C014141",5,21482,"C047883",10.775443
"C014142",1,5732,"C012734",2.048425
"C014147",1,5732,"C012734",14.827927
"C014151",3,16827,"C037407",6.250528
"C014152",5,21482,"C047883",5.605349
"C014155",1,5732,"C012734",11.981208
"C014157",4,9961,"C022249",7.412634
"C014158",1,5732,"C012734",8.274916
"C014159",1,5732,"C012734",9.558324
"C014160",0,5705,"C012675",4.682860
"C014167",5,21482,"C047883",16.177215
"C014168",0,5705,"C012675",1.355293
"C014170",4,9961,"C022249",1.510085
"C014171",2,868,"C001904",3.812579
"C014172",4,9961,"C022249",6.846873
"C014173",2,868,"C001904",5.751387
"C014175",3,16827,"C037407",3.107043
"C014181",5,21482,"C047883",4.072233
"C014183",2,868,"C001904",3.093717
"C014188",4,9961,"C022249",6.730317
"C014190",2,868,"C001904",7.848760
"C014192",2,868,"C001904",1.595590
"C014200",2,868,"C001904",4.582993
"C014205",4,9961,"C022249",0.824626
"C014207",0,5705,"C012675",4.534634
"C014208",1,5732,"C012734",16.828102
"C014209",4,9961,"C022249",6.104392
"C014210",4,9961,"C022249",4.090706
"C014214",1,5732,"C012734",0.706641
"C014215",4,9961,"C022249",4.123143
"C014216",5,21482,"C047883",6.354495
"C014224",5,21482,"C047883",15.288034
"C014227",1,5732,"C012734",7.423582
"C014231",0,5705,"C012675",7.994066
"C014237",0,5705,"C012675",4.222823
"C014239",3,16827,"C037407",2.557737
"C014240",5,21482,"C047883",10.795283
"C014242",5,21482,"C047883",6.492941
"C014243",0,5705,"C012675",7.870370
"C014246",0,5705,"C012675",5.951899
"C014247",4,9961,"C022249",3.422283
"C014249",2,868,"C001904",6.984175
"C014250",0,5705,"C012675",5.064857
"C014251",0,5705,"C012675",2.498077
"C014252",5,21482,"C047883",6.157716
"C014257",4,9961,"C022249",3.175574
"C014259",2,868,"C001904",8.406912
"C014263",2,868,"C001904",9.015424
"C014264",2,868,"C001904",6.316879
"C014265",5,21482,"C047883",5.101215
"C014269",1,5732,"C012734",4.994503
"C014270",1,5732,"C012734",8.717922
"C014274",2,868,"C001904",1.320072
"C014275",1,5732,"C012734",16.594986
"C014276",3,16827,"C037407",6.690246
"C014278",0,5705,"C012675",7.116528
"C014284",0,5705,"C012675",4.257849
"C014285",2,868,"C001904",2.065460
"C014290",3,16827,"C037407",2.795190
"C014291",1,5732,"C012734",5.588093
"C014294",4,9961,"C022249",2.903101
"C014297",2,868,"C001904",3.190795
"C014299",2,868,"C001904",2.377474
"C014301",1,5732,"C012734",7.770791
"C014303",4,9961,"C022249",4.806607
"C014309",0,5705,"C012675",2.861819
"C014312",4,9961,"C022249",1.776664
"C014313",2,868,"C001904",6.096734
"C014320",0,5705,"C012675",1.516628
"C014321",1,5732,"C012734",7.784846
"C014323",5,21482,"C047883",12.487772
"C014324",1,5732,"C012734",5.778232
"C014325",5,21482,"C047883",7.323494
"C014327",3,16827,"C037407",3.338513
"C014328",1,5732,"C012734",8.001861
"C014330",0,5705,"C012675",6.456171
"C014331",1,5732,"C012734",11.950174
"C014336",3,16827,"C037407",5.432831
"C014337",5,21482,"C047883",4.633429
"C014339",4,9961,"C022249",6.044197
"C014341",5,21482,"C047883",3.869684
"C014343",5,21482,"C047883",9.624766
"C014344",0,5705,"C012675",5.749337
"C014345",0,5705,"C012675",3.766389
"C014346",5,21482,"C047883",9.024572
"C014347",4,9961,"C022249",4.462711
"C014348",1,5732,"C012734",2.023590
"C014351",1,5732,"C012734",7.977040
"C014355",1,5732,"C012734",7.623524
"C014358",2,868,"C001904",5.552833
"C014359",0,5705,"C012675",7.675147
"C014360",4,9961,"C022249",4.199871
"C014361",1,5732,"C012734",0.915621
"C014364",5,21482,"C047883",2.034880
"C014365",5,21482,"C047883",3.326070
"C014368",2,868,"C001904",4.062466
"C014369",1,5732,"C012734",1.833784
"C014371",1,5732,"C012734",7.237574
"C014372",2,868,"C001904",2.593858
"C014375",4,9961,"C022249",4.007834
"C014376",0,5705,"C012675",3.546329
"C014377",1,5732,"C012734",3.548540
"C014378",0,5705,"C012675",1.958357
"C014379",5,21482,"C047883",4.963831
"C014381",1,5732,"C012734",15.064629
"C014390",1,5732,"C012734",5.351630
"C014391",4,9961,"C022249",4.654351
"C014398",2,868,"C001904",7.269121
"C014403",5,21482,"C047883",8.841657
"C014404",5,21482,"C047883",12.608297
"C014407",0,5705,"C012675",0.923977
"C014408",0,5705,"C012675",4.750726
"C014413",1,5732,"C012734",7.509203
"C014414",3,16827,"C037407",8.236672
"C014416",5,21482,"C047883",7.261263
"C014417",0,5705,"C012675",2.041795
"C014418",5,21482,"C047883",13.389844
"C014423",2,868,"C001904",5.145385
"C014426",2,868,"C001904",10.636772
"C014427",0,5705,"C012675",2.723115
"C014428",5,21482,"C047883",4.292951
"C014429",1,5732,"C012734",12.877844
"C014430",1,5732,"C012734",7.940875
"C014431",5,21482,"C047883",11.364353
"C014433",3,16827,"C037407",4.228944
"C014434",5,21482,"C047883",8.702915
"C014436",3,16827,"C037407",3.088479
"C014437",1,5732,"C012734",3.964864
"C014438",1,5732,"C012734",17.120788
"C014441",3,16827,"C037407",2.481072
"C014445",2,868,"C001904",9.177169
"C014447",0,5705,"C012675",10.070776
"C014448",0,5705,"C012675",2.230807
"C014449",2,868,"C001904",5.918929
"C014450",1,5732,"C012734",14.814233
"C014460",5,21482,"C047883",9.749114
"C014462",4,9961,"C022249",9.777649
"C014464",1,5732,"C012734",7.778903
"C014465",1,5732,"C012734",5.321793
"C014467",5,21482,"C047883",12.572492
"C014468",1,5732,"C012734",10.370374
"C014470",0,5705,"C012675",1.414447
"C014472",0,5705,"C012675",7.365690
"C014474",0,5705,"C012675",4.937222
"C014476",2,868,"C001904",5.333915
"C014477",1,5732,"C012734",8.605411
"C014478",1,5732,"C012734",5.706565
"C014481",3,16827,"C037407",1.418538
"C014482",0,5705,"C012675",7.004353
"C014483",5,21482,"C047883",3.316125
"C014487",0,5705,"C012675",8.029146
"C014489",2,868,"C001904",6.593488
"C014493",4,9961,"C022249",3.867650
"C014495",0,5705,"C012675",3.988680
"C014496",0,5705,"C012675",3.175287
"C014499",4,9961,"C022249",8.210806
"C014501",2,868,"C001904",3.900106
"C014503",2,868,"C001904",4.344506
"C014506",5,21482,"C047883",9.502010
"C014507",5,21482,"C047883",8.897639
"C014508",4,9961,"C022249",0.830567
"C014517",1,5732,"C012734",15.932617
"C014527",1,5732,"C012734",6.197076
"C014531",5,21482,"C047883",7.019190
"C014532",1,5732,"C012734",6.091479
"C014536",1,5732,"C012734",1.256155
"C014540",1,5732,"C012734",15.810026
"C014543",5,21482,"C047883",7.387626
"C014549",3,16827,"C037407",2.495477
"C014550",0,5705,"C012675",5.269261
"C014553",5,21482,"C047883",10.587867
"C014555",3,16827,"C037407",2.274500
"C014558",0,5705,"C012675",2.735602
"C014559",0,5705,"C012675",5.397601
"C014561",1,5732,"C012734",13.642176
"C014564",0,5705,"C012675",4.675395
"C014566",1,5732,"C012734",9.163526
"C014568",5,21482,"C047883",3.198357
"C014569",5,21482,"C047883",0.990629
"C014572",2,868,"C001904",5.813023
"C014574",5,21482,"C047883",5.972911
"C014575",0,5705,"C012675",5.814173
"C014576",5,21482,"C047883",12.469061
"C014578",1,5732,"C012734",9.509281
"C014581",3,16827,"C037407",4.389634
"C014582",4,9961,"C022249",3.552025
"C014583",0,5705,"C012675",8.269380
"C014586",1,5732,"C012734",11.980980
"C014587",5,21482,"C047883",5.493533
"C014591",5,21482,"C047883",10.871187
"C014594",5,21482,"C047883",8.664831
"C014600",1,5732,"C012734",7.429943
"C014601",1,5732,"C012734",3.800737
"C014603",0,5705,"C012675",8.505833
"C014604",5,21482,"C047883",5.683086
"C014605",2,868,"C001904",6.903877
"C014606",3,16827,"C037407",8.078331
"C014608",0,5705,"C012675",3.750739
"C014611",0,5705,"C012675",4.961522
"C014615",5,21482,"C047883",0.878187
"C014616",5,21482,"C047883",10.575591
"C014620",3,16827,"C037407",8.998712
"C014622",1,5732,"C012734",8.635795
"C014624",2,868,"C001904",10.567965
"C014626",4,9961,"C022249",2.074116
"C014629",2,868,"C001904",2.915565
"C014630",3,16827,"C037407",9.878925
"C014631",1,5732,"C012734",9.583627
"C014635",0,5705,"C012675",2.161395
"C014646",5,21482,"C047883",9.385439
"C014649",1,5732,"C012734",6.868067
"C014651",2,868,"C001904",6.076912
"C014653",5,21482,"C047883",8.968633
"C014655",5,21482,"C047883",10.957889
"C014661",4,9961,"C022249",3.474392
"C014666",0,5705,"C012675",3.337108
"C014670",0,5705,"C012675",6.773078
"C014672",1,5732,"C012734",2.146894
"C014673",0,5705,"C012675",5.746828
"C014674",5,21482,"C047883",5.755386
"C014676",2,868,"C001904",6.630845
"C014677",1,5732,"C012734",3.486438
"C014678",4,9961,"C022249",4.433826
"C014679",2,868,"C001904",6.885734
"C014682",2,868,"C001904",6.437120
"C014683",1,5732,"C012734",2.770497
"C014685",1,5732,"C012734",8.310710
"C014687",5,21482,"C047883",1.739021
"C014689",1,5732,"C012734",7.056065
"C014690",1,5732,"C012734",13.135153
"C014691",0,5705,"C012675",2.423392
"C014692",0,5705,"C012675",7.859040
"C014695",5,21482,"C047883",3.684902
"C014697",5,21482,"C047883",7.631646
"C014699",1,5732,"C012734",4.385056
"C014700",1,5732,"C012734",5.989516
"C014701",1,5732,"C012734",8.931469
"C014703",1,5732,"C012734",16.359870
"C014704",4,9961,"C022249",3.244790
"C014706",4,9961,"C022249",1.668631
"C014707",1,5732,"C012734",10.593967
"C014709",0,5705,"C012675",4.221152
"C014713",1,5732,"C012734",3.352048
"C014714",3,16827,"C037407",3.193874
"C014715",0,5705,"C012675",0.879729
"C014720",3,16827,"C037407",2.094761
"C014721",1,5732,"C012734",7.330909
"C014722",1,5732,"C012734",7.292160
"C014723",3,16827,"C037407",4.370434
"C014725",5,21482,"C047883",7.703489
"C014726",0,5705,"C012675",3.468483
"C014732",1,5732,"C012734",3.213787
"C014734",2,868,"C001904",9.613841
"C014737",5,21482,"C047883",12.330775
"C014738",5,21482,"C047883",4.583568
"C014741",1,5732,"C012734",10.232304
"C014744",5,21482,"C047883",3.214665
"C014750",0,5705,"C012675",0.580021
"C014756",0,5705,"C012675",7.947586
"C014757",1,5732,"C012734",2.486899
"C014759",4,9961,"C022249",2.625857
"C014760",1,5732,"C012734",3.084919
"C014762",2,868,"C001904",3.352649
"C014764",2,868,"C001904",8.113476
"C014766",3,16827,"C037407",2.531224
"C014768",1,5732,"C012734",12.483405
"C014775",1,5732,"C012734",2.250979
"C014778",0,5705,"C012675",2.417760
"C014785",1,5732,"C012734",4.115744
"C014786",2,868,"C001904",8.636789
"C014789",2,868,"C001904",1.383623
"C014791",0,5705,"C012675",7.401991
"C014792",2,868,"C001904",2.704610
"C014793",0,5705,"C012675",5.261343
"C014794",5,21482,"C047883",11.707964
"C014795",0,5705,"C012675",4.083768
"C014803",1,5732,"C012734",4.608790
"C014805",1,5732,"C012734",6.648429
"C014807",4,9961,"C022249",2.593986
"C014809",4,9961,"C022249",5.820543
"C014812",5,21482,"C047883",4.863811
"C014813",5,21482,"C047883",10.322850
"C014814",5,21482,"C047883",4.066164
"C014815",0,5705,"C012675",9.031107
"C014817",3,16827,"C037407",5.875497
"C014818",0,5705,"C012675",5.915697
"C014819",0,5705,"C012675",4.774787
"C014820",5,21482,"C047883",14.976879
"C014821",1,5732,"C012734",3.758340
"C014822",2,868,"C001904",6.257153
"C014826",1,5732,"C012734",12.917062
"C014828",5,21482,"C047883",2.136121
"C014832",2,868,"C001904",4.024036
"C014834",1,5732,"C012734",7.907400
"C014836",0,5705,"C012675",3.721727
"C014839",0,5705,"C012675",2.744379
"C014840",1,5732,"C012734",3.987115
"C014841",5,21482,"C047883",2.096885
"C014842",5,21482,"C047883",4.572127
"C014845",1,5732,"C012734",4.653195
"C014846",4,9961,"C022249",2.425257
"C014847",5,21482,"C047883",12.234800
"C014854",2,868,"C001904",6.806213
"C014855",0,5705,"C012675",7.347033
"C014857",4,9961,"C022249",1.320407
"C014858",3,16827,"C037407",3.448771
"C014860",3,16827,"C037407",7.260735
"C014861",2,868,"C001904",2.539752
"C014863",1,5732,"C012734",1.836605
"C014867",4,9961,"C022249",4.965365
"C014868",1,5732,"C012734",5.408247
"C014869",0,5705,"C012675",4.937060
"C014871",1,5732,"C012734",12.523393
"C014874",5,21482,"C047883",3.702532
"C014876",3,16827,"C037407",7.777254
"C014878",2,868,"C001904",3.763149
"C014882",4,9961,"C022249",6.171831
"C014887",0,5705,"C012675",3.574648
"C014888",3,16827,"C037407",2.176939
"C014889",5,21482,"C047883",12.725356
"C014891",5,21482,"C047883",2.931469
"C014892",5,21482,"C047883",10.203165
"C014893",1,5732,"C012734",6.416088
"C014894",1,5732,"C012734",12.845189
"C014896",5,21482,"C047883",11.003828
"C014900",5,21482,"C047883",1.155924
"C014903",3,16827,"C037407",10.625267
"C014906",0,5705,"C012675",7.271411
"C014912",3,16827,"C037407",1.232082
"C014914",5,21482,"C047883",13.509009
"C014917",1,5732,"C012734",10.115356
"C014919",0,5705,"C012675",4.224410
"C014921",1,5732,"C012734",6.679655
"C014922",1,5732,"C012734",0.815261
"C014923",1,5732,"C012734",3.372513
"C014924",1,5732,"C012734",7.351910
"C014925",5,21482,"C047883",3.296635
"C014929",5,21482,"C047883",10.565288
"C014930",2,868,"C001904",7.564352
"C014933",2,868,"C001904",4.478690
"C014937",5,21482,"C047883",10.855407
"C014939",1,5732,"C012734",4.710819
"C014940",3,16827,"C037407",2.258885
"C014941",5,21482,"C047883",2.139555
"C014943",5,21482,"C047883",15.292512
"C014946",5,21482,"C047883",8.609164
"C014951",5,21482,"C047883",8.625810
"C014952",5,21482,"C047883",4.789171
"C014953",0,5705,"C012675",4.094720
"C014955",4,9961,"C022249",3.113246
"C014957",0,5705,"C012675",6.946205
"C014958",0,5705,"C012675",1.584904
"C014960",3,16827,"C037407",6.993137
"C014963",0,5705,"C012675",3.165036
"C014966",2,868,"C001904",7.381878
"C014967",5,21482,"C047883",4.005773
"C014971",5,21482,"C047883",9.008529
"C014973",1,5732,"C012734",11.579059
"C014974",2,868,"C001904",10.385529
"C014977",5,21482,"C047883",2.808732
"C014978",5,21482,"C047883",0.397341
"C014979",5,21482,"C047883",2.849030
"C014980",2,868,"C001904",2.155806
"C014983",2,868,"C001904",7.169839
"C014984",1,5732,"C012734",3.291508
"C014988",1,5732,"C012734",13.430191
"C014989",1,5732,"C012734",8.572403
"C014991",1,5732,"C012734",7.115020
"C014992",0,5705,"C012675",5.262226
"C014995",0,5705,"C012675",6.389795
"C014996",1,5732,"C012734",3.488124
"C014999",5,21482,"C047883",3.155147
"C015000",1,5732,"C012734",3.529107
"C015006",4,9961,"C022249",3.755281
"C015007",0,5705,"C012675",3.654444
"C015008",1,5732,"C012734",8.705583
"C015013",5,21482,"C047883",13.734561
"C015015",0,5705,"C012675",2.529484
"C015016",0,5705,"C012675",3.608936
"C015017",2,868,"C001904",1.670541
"C015019",2,868,"C001904",6.345061
"C015022",5,21482,"C047883",7.637614
"C015026",0,5705,"C012675",5.473501
"C015032",0,5705,"C012675",3.663055
"C015033",5,21482,"C047883",2.137026
"C015036",0,5705,"C012675",3.882177
"C015039",3,16827,"C037407",2.234254
"C015042",2,868,"C001904",5.521995
"C015045",1,5732,"C012734",15.349459
"C015047",5,21482,"C047883",5.996053
"C015048",0,5705,"C012675",5.126549
"C015049",0,5705,"C012675",6.666722
"C015050",2,868,"C001904",6.445832
"C015059",0,5705,"C012675",7.775416
"C015060",1,5732,"C012734",8.206040
"C015061",1,5732,"C012734",7.738386
"C015062",3,16827,"C037407",8.024911
"C015067",2,868,"C001904",4.422074
"C015068",0,5705,"C012675",3.204098
"C015070",2,868,"C001904",3.048881
"C015072",0,5705,"C012675",2.176234
"C015073",1,5732,"C012734",3.280583
"C015074",1,5732,"C012734",14.359105
"C015075",3,16827,"C037407",7.471078
"C015077",0,5705,"C012675",6.244157
"C015078",3,16827,"C037407",10.510964
"C015079",1,5732,"C012734",4.116468
"C015080",0,5705,"C012675",2.335690
"C015081",0,5705,"C012675",7.313153
"C015082",5,21482,"C047883",2.142777
"C015084",3,16827,"C037407",1.660167
"C015087",1,5732,"C012734",8.854912
"C015088",1,5732,"C012734",3.556847
"C015093",5,21482,"C047883",2.910004
"C015096",1,5732,"C012734",8.956605
"C015101",4,9961,"C022249",8.851533
"C015103",1,5732,"C012734",8.978024
"C015104",5,21482,"C047883",5.602948
"C015107",5,21482,"C047883",14.101118
"C015116",0,5705,"C012675",5.415563
"C015118",1,5732,"C012734",6.874989
"C015119",2,868,"C001904",8.848425
"C015123",0,5705,"C012675",9.192510
"C015126",3,16827,"C037407",3.125911
"C015128",0,5705,"C012675",8.085420
"C015130",5,21482,"C047883",7.380458
"C015131",0,5705,"C012675",10.195514
"C015132",4,9961,"C022249",3.072306
"C015133",2,868,"C001904",8.465429
"C015134",2,868,"C001904",9.308067
"C015138",1,5732,"C012734",12.733271
"C015140",5,21482,"C047883",0.550773
"C015142",2,868,"C001904",4.449529
"C015143",2,868,"C001904",8.703965
"C015146",2,868,"C001904",11.229867
"C015147",5,21482,"C047883",10.561683
"C015149",1,5732,"C012734",0.735573
"C015151",1,5732,"C012734",9.015247
"C015153",0,5705,"C012675",5.621759
"C015158",5,21482,"C047883",12.006278
"C015161",0,5705,"C012675",3.627543
"C015162",3,16827,"C037407",1.457674
"C015163",5,21482,"C047883",11.174905
"C015164",3,16827,"C037407",1.324730
"C015171",1,5732,"C012734",5.225423
"C015174",0,5705,"C012675",1.165657
"C015176",0,5705,"C012675",2.159382
"C015177",1,5732,"C012734",2.994416
"C015179",1,5732,"C012734",7.109967
"C015180",3,16827,"C037407",3.553197
"C015181",1,5732,"C012734",6.845489
"C015182",0,5705,"C012675",1.230762
"C015188",4,9961,"C022249",4.974291
"C015189",1,5732,"C012734",7.645290
"C015192",1,5732,"C012734",10.936989
"C015193",5,21482,"C047883",7.492433
"C015194",1,5732,"C012734",12.298756
"C015197",4,9961,"C022249",5.651367
"C015199",0,5705,"C012675",6.487098
"C015200",4,9961,"C022249",3.635907
"C015202",2,868,"C001904",5.408456
"C015203",2,868,"C001904",2.293231
"C015206",5,21482,"C047883",5.491706
"C015209",2,868,"C001904",3.434475
"C015214",5,21482,"C047883",9.306422
"C015215",2,868,"C001904",8.192302
"C015220",5,21482,"C047883",4.073993
"C015223",3,16827,"C037407",9.362874
"C015224",0,5705,"C012675",6.185759
"C015228",5,21482,"C047883",6.286948
"C015229",4,9961,"C022249",9.128504
"C015234",1,5732,"C012734",3.112797
"C015235",0,5705,"C012675",7.014195
"C015236",5,21482,"C047883",6.797939
"C015237",3,16827,"C037407",3.685637
"C015241",1,5732,"C012734",16.629474
"C015243",5,21482,"C047883",11.154112
"C015244",5,21482,"C047883",10.246770
"C015248",0,5705,"C012675",6.373882
"C015250",4,9961,"C022249",5.071543
"C015252",2,868,"C001904",5.067706
"C015253",3,16827,"C037407",2.582286
"C015254",5,21482,"C047883",11.316920
"C015255",0,5705,"C012675",6.061531
"C015256",2,868,"C001904",2.629428
"C015258",2,868,"C001904",10.855854
"C015261",2,868,"C001904",7.824853
"C015263",1,5732,"C012734",2.247213
"C015265",3,16827,"C037407",4.760223
"C015268",1,5732,"C012734",11.988900
"C015269",1,5732,"C012734",1.780871
"C015270",4,9961,"C022249",6.202589
"C015271",3,16827,"C037407",7.220089
"C015272",1,5732,"C012734",14.676530
"C015275",5,21482,"C047883",12.260779
"C015280",0,5705,"C012675",2.449308
"C015283",4,9961,"C022249",1.243795
"C015284",5,21482,"C047883",7.303373
"C015285",4,9961,"C022249",4.063477
"C015292",0,5705,"C012675",4.930313
"C015293",4,9961,"C022249",3.109005
"C015295",4,9961,"C022249",6.867710
"C015296",3,16827,"C037407",7.991654
"C015297",2,868,"C001904",5.845286
"C015299",4,9961,"C022249",4.298466
"C015300",3,16827,"C037407",8.699039
"C015302",3,16827,"C037407",4.706949
"C015305",1,5732,"C012734",3.317150
"C015306",1,5732,"C012734",2.858990
"C015307",4,9961,"C022249",4.833430
"C015309",0,5705,"C012675",7.412283
"C015310",0,5705,"C012675",3.025623
"C015311",0,5705,"C012675",5.142467
"C015312",2,868,"C001904",2.809660
"C015313",1,5732,"C012734",15.770903
"C015314",4,9961,"C022249",4.598824
"C015315",5,21482,"C047883",16.447881
"C015317",0,5705,"C012675",5.523784
"C015318",5,21482,"C047883",11.737530
"C015319",4,9961,"C022249",4.374902
"C015320",5,21482,"C047883",0.941110
"C015322",4,9961,"C022249",2.587168
"C015323",3,16827,"C037407",4.680280
"C015327",0,5705,"C012675",4.161289
"C015329",1,5732,"C012734",7.932788
"C015330",4,9961,"C022249",8.548681
"C015331",2,868,"C001904",4.939679
"C015336",0,5705,"C012675",8.339079
"C015337",3,16827,"C037407",1.831684
"C015338",5,21482,"C047883",15.386478
"C015340",5,21482,"C047883",3.262939
"C015344",0,5705,"C012675",2.017449
"C015345",2,868,"C001904",0.419355
"C015348",5,21482,"C047883",13.874112
"C015351",4,9961,"C022249",5.623264
"C015361",0,5705,"C012675",3.836096
"C015362",2,868,"C001904",9.261179
"C015363",5,21482,"C047883",9.973433
"C015364",1,5732,"C012734",7.155255
"C015368",0,5705,"C012675",2.932653
"C015369",5,21482,"C047883",9.175108
"C015370",0,5705,"C012675",4.518525
"C015376",5,21482,"C047883",10.368800
"C015379",1,5732,"C012734",6.142422
"C015380",0,5705,"C012675",5.615103
"C015383",5,21482,"C047883",10.517757
"C015386",5,21482,"C047883",3.761980
"C015387",5,21482,"C047883",4.900694
"C015389",4,9961,"C022249",2.667289
"C015398",5,21482,"C047883",1.561302
"C015401",4,9961,"C022249",3.447986
"C015402",0,5705,"C012675",3.049162
"C015403",3,16827,"C037407",4.163775
"C015404",0,5705,"C012675",2.054505
"C015405",1,5732,"C012734",12.124505
"C015406",5,21482,"C047883",5.192538
"C015407",4,9961,"C022249",5.232624
"C015408",0,5705,"C012675",5.601988
"C015409",5,21482,"C047883",3.852860
"C015415",5,21482,"C047883",10.739718
"C015416",1,5732,"C012734",1.643252
"C015418",0,5705,"C012675",4.621991
"C015422",5,21482,"C047883",13.788087
"C015424",3,16827,"C037407",8.448766
"C015425",5,21482,"C047883",7.988480
"C015427",5,21482,"C047883",6.307614
"C015428",5,21482,"C047883",4.313600
"C015429",1,5732,"C012734",11.595315
"C015430",5,21482,"C047883",9.173821
"C015433",5,21482,"C047883",7.149209
"C015435",5,21482,"C047883",7.213815
"C015436",0,5705,"C012675",8.784372
"C015439",4,9961,"C022249",4.121968
"C015441",4,9961,"C022249",5.329480
"C015442",3,16827,"C037407",7.404415
"C015445",4,9961,"C022249",3.382557
"C015449",1,5732,"C012734",1.038652
"C015451",2,868,"C001904",5.698014
"C015457",5,21482,"C047883",2.851965
"C015459",5,21482,"C047883",11.249318
"C015461",5,21482,"C047883",13.154909
"C015463",2,868,"C001904",3.918850
"C015464",5,21482,"C047883",9.101538
"C015465",0,5705,"C012675",3.173067
"C015469",2,868,"C001904",7.049799
"C015471",5,21482,"C047883",3.198038
"C015473",4,9961,"C022249",2.560725
"C015474",4,9961,"C022249",2.822230
"C015475",3,16827,"C037407",3.942819
"C015476",5,21482,"C047883",11.794998
"C015478",4,9961,"C022249",4.490167
"C015479",4,9961,"C022249",3.847417
"C015480",2,868,"C001904",3.011528
"C015489",4,9961,"C022249",3.490729
"C015490",0,5705,"C012675",3.472224
"C015492",3,16827,"C037407",4.971833
"C015494",3,16827,"C037407",4.054784
"C015498",0,5705,"C012675",0.769812
"C015502",1,5732,"C012734",4.842539
"C015507",2,868,"C001904",6.420954
"C015509",5,21482,"C047883",10.869351
"C015511",5,21482,"C047883",6.796153
"C015512",5,21482,"C047883",7.039177
"C015514",2,868,"C001904",10.322947
"C015515",0,5705,"C012675",2.972953
"C015516",4,9961,"C022249",5.399394
"C015517",5,21482,"C047883",7.328698
"C015520",0,5705,"C012675",6.642967
"C015523",0,5705,"C012675",10.077398
"C015524",4,9961,"C022249",3.289990
"C015525",5,21482,"C047883",2.517791
"C015526",1,5732,"C012734",5.843121
"C015528",5,21482,"C047883",11.426295
"C015532",5,21482,"C047883",3.564428
"C015534",1,5732,"C012734",9.529526
"C015535",5,21482,"C047883",3.447684
"C015539",4,9961,"C022249",2.040151
"C015540",5,21482,"C047883",14.388578
"C015544",5,21482,"C047883",3.775494
"C015546",5,21482,"C047883",12.008871
"C015549",1,5732,"C012734",0.611014
"C015550",2,868,"C001904",6.155441
"C015559",3,16827,"C037407",7.521602
"C015562",1,5732,"C012734",15.662674
"C015564",0,5705,"C012675",5.285514
"C015566",5,21482,"C047883",12.886078
"C015568",1,5732,"C012734",8.058877
"C015575",2,868,"C001904",10.219800
"C015582",5,21482,"C047883",6.653404
"C015588",1,5732,"C012734",8.512384
"C015590",0,5705,"C012675",7.085563
"C015591",2,868,"C001904",7.941910
"C015593",5,21482,"C047883",9.024548
"C015594",1,5732,"C012734",13.959353
"C015596",0,5705,"C012675",3.098652
"C015598",1,5732,"C012734",2.196698
"C015599",1,5732,"C012734",12.186880
"C015601",1,5732,"C012734",6.560332
"C015602",0,5705,"C012675",8.454191
"C015605",5,21482,"C047883",1.744522
"C015606",1,5732,"C012734",3.563799
"C015608",2,868,"C001904",7.542451
"C015612",1,5732,"C012734",4.705350
"C015620",5,21482,"C047883",4.140309
"C015621",3,16827,"C037407",5.812369
"C015622",2,868,"C001904",5.006905
"C015625",4,9961,"C022249",2.490744
"C015626",5,21482,"C047883",6.100159
"C015630",0,5705,"C012675",4.762904
"C015631",5,21482,"C047883",12.349498
"C015633",3,16827,"C037407",0.875713
"C015635",0,5705,"C012675",5.422792
"C015636",3,16827,"C037407",1.813727
"C015637",0,5705,"C012675",5.006686
"C015646",1,5732,"C012734",4.692896
"C015647",5,21482,"C047883",4.625336
"C015651",4,9961,"C022249",2.603490
"C015654",5,21482,"C047883",5.525764
"C015655",0,5705,"C012675",2.844529
"C015657",5,21482,"C047883",6.460200
"C015658",5,21482,"C047883",12.373371
"C015661",1,5732,"C012734",3.716985
"C015663",5,21482,"C047883",5.064404
"C015664",4,9961,"C022249",4.314634
"C015670",5,21482,"C047883",3.012515
"C015674",3,16827,"C037407",3.769311
"C015675",2,868,"C001904",4.624362
"C015676",4,9961,"C022249",5.606671
"C015677",2,868,"C001904",7.388301
"C015678",0,5705,"C012675",5.222679
"C015682",2,868,"C001904",7.140041
"C015684",0,5705,"C012675",1.794380
"C015685",5,21482,"C047883",3.628817
"C015686",2,868,"C001904",11.410229
"C015689",1,5732,"C012734",4.277284
"C015690",3,16827,"C037407",3.658309
"C015691",2,868,"C001904",7.996365
"C015693",1,5732,"C012734",4.795576
"C015697",1,5732,"C012734",6.042226
"C015699",1,5732,"C012734",3.066601
"C015701",4,9961,"C022249",3.299474
"C015703",4,9961,"C022249",1.300305
"C015704",0,5705,"C012675",4.545667
"C015705",0,5705,"C012675",1.430372
"C015706",5,21482,"C047883",7.727721
"C015709",5,21482,"C047883",4.992823
"C015713",5,21482,"C047883",0.860555
"C015718",1,5732,"C012734",8.717608
"C015719",2,868,"C001904",4.619010
"C015721",1,5732,"C012734",12.558871
"C015723",3,16827,"C037407",4.371221
"C015726",1,5732,"C012734",4.889093
"C015733",3,16827,"C037407",4.407614
"C015736",1,5732,"C012734",11.891468
"C015737",5,21482,"C047883",9.074339
"C015739",4,9961,"C022249",2.872907
"C015743",2,868,"C001904",12.412474
"C015744",2,868,"C001904",8.562815
"C015745",5,21482,"C047883",9.769301
"C015748",5,21482,"C047883",10.299644
"C015751",5,21482,"C047883",8.726499
"C015756",0,5705,"C012675",9.159739
"C015757",5,21482,"C047883",6.443403
"C015759",2,868,"C001904",5.879921
"C015760",1,5732,"C012734",7.439485
"C015762",0,5705,"C012675",2.724708
"C015763",3,16827,"C037407",10.118854
"C015766",3,16827,"C037407",7.190418
"C015767",5,21482,"C047883",8.698970
"C015769",0,5705,"C012675",6.901259
"C015770",0,5705,"C012675",8.761056
"C015777",1,5732,"C012734",7.566481
"C015779",1,5732,"C012734",11.825427
"C015784",5,21482,"C047883",8.960760
"C015786",5,21482,"C047883",5.624924
"C015793",4,9961,"C022249",1.834298
"C015794",5,21482,"C047883",2.675642
"C015796",5,21482,"C047883",10.039541
"C015799",4,9961,"C022249",1.165784
"C015801",5,21482,"C047883",12.653115
"C015804",4,9961,"C022249",3.234776
"C015806",2,868,"C001904",10.624334
"C015807",4,9961,"C022249",4.394481
"C015811",1,5732,"C012734",5.556565
"C015814",0,5705,"C012675",8.822163
"C015816",5,21482,"C047883",5.170575
"C015818",2,868,"C001904",5.488657
"C015819",1,5732,"C012734",1.731930
"C015820",0,5705,"C012675",1.758651
"C015822",0,5705,"C012675",5.511742
"C015823",1,5732,"C012734",4.214853
"C015824",0,5705,"C012675",6.467823
"C015825",5,21482,"C047883",5.953615
"C015826",3,16827,"C037407",2.039461
"C015829",3,16827,"C037407",1.454877
"C015831",1,5732,"C012734",11.141535
"C015833",5,21482,"C047883",3.337089
"C015835",1,5732,"C012734",2.285457
"C015836",2,868,"C001904",8.441836
"C015838",5,21482,"C047883",9.527141
"C015840",4,9961,"C022249",6.997782
"C015845",3,16827,"C037407",7.666793
"C015848",5,21482,"C047883",13.019938
"C015849",5,21482,"C047883",5.099447
"C015850",2,868,"C001904",9.944418
"C015854",2,868,"C001904",8.271610
"C015859",1,5732,"C012734",14.366636
"C015860",2,868,"C001904",0.920490
"C015861",5,21482,"C047883",3.264308
"C015862",5,21482,"C047883",2.249747
"C015864",1,5732,"C012734",6.957023
"C015865",1,5732,"C012734",10.741278
"C015866",1,5732,"C012734",10.958613
"C015867",2,868,"C001904",8.869492
"C015868",3,16827,"C037407",2.201218
"C015870",1,5732,"C012734",14.531306
"C015873",2,868,"C001904",5.052010
"C015874",4,9961,"C022249",4.360992
"C015882",0,5705,"C012675",3.367181
"C015887",2,868,"C001904",4.389426
"C015888",2,868,"C001904",8.963499
"C015889",2,868,"C001904",9.615699
"C015893",0,5705,"C012675",4.268477
"C015896",5,21482,"C047883",10.006052
"C015898",3,16827,"C037407",3.284844
"C015899",1,5732,"C012734",3.419847
"C015900",1,5732,"C012734",2.011663
"C015901",2,868,"C001904",4.684550
"C015903",0,5705,"C012675",6.099055
"C015905",1,5732,"C012734",1.731879
"C015907",1,5732,"C012734",6.288903
"C015909",0,5705,"C012675",7.687933
"C015911",2,868,"C001904",4.064053
"C015912",3,16827,"C037407",2.025932
"C015914",0,5705,"C012675",6.262881
"C015915",2,868,"C001904",3.706799
"C015916",0,5705,"C012675",5.632438
"C015917",4,9961,"C022249",3.505098
"C015918",5,21482,"C047883",10.291285
"C015919",0,5705,"C012675",7.628246
"C015920",3,16827,"C037407",1.201690
"C015924",2,868,"C001904",7.134523
"C015927",2,868,"C001904",2.935869
"C015932",1,5732,"C012734",1.337551
"C015935",1,5732,"C012734",17.416641
"C015937",3,16827,"C037407",1.242242
"C015939",5,21482,"C047883",5.256652
"C015940",0,5705,"C012675",6.093640
"C015942",0,5705,"C012675",5.660477
"C015945",3,16827,"C037407",2.913850
"C015946",1,5732,"C012734",5.462022
"C015947",5,21482,"C047883",4.951290
"C015948",5,21482,"C047883",11.507220
"C015953",5,21482,"C047883",7.248677
"C015954",3,16827,"C037407",2.093792
"C015956",5,21482,"C047883",12.654303
"C015958",4,9961,"C022249",4.653276
"C015959",0,5705,"C012675",4.222714
"C015960",2,868,"C001904",6.185961
"C015962",1,5732,"C012734",3.491618
"C015963",1,5732,"C012734",3.734801
"C015965",4,9961,"C022249",1.793191
"C015966",3,16827,"C037407",1.953319
"C015969",1,5732,"C012734",10.625068
"C015970",1,5732,"C012734",3.026402
"C015972",4,9961,"C022249",4.800698
"C015974",3,16827,"C037407",1.720939
"C015975",4,9961,"C022249",3.092800
"C015976",4,9961,"C022249",5.139631
"C015977",5,21482,"C047883",7.680815
"C015978",4,9961,"C022249",5.416436
"C015980",5,21482,"C047883",6.774154
"C015981",0,5705,"C012675",4.289200
"C015983",5,21482,"C047883",4.731084
"C015986",5,21482,"C047883",6.854587
"C015987",5,21482,"C047883",8.008968
"C015989",4,9961,"C022249",1.191855
"C015991",5,21482,"C047883",8.769108
"C015993",5,21482,"C047883",12.137506
"C015997",5,21482,"C047883",3.804242
"C015999",2,868,"C001904",10.582857
"C016003",5,21482,"C047883",4.915530
"C016004",1,5732,"C012734",10.859086
"C016008",4,9961,"C022249",3.465505
"C016009",1,5732,"C012734",2.008860
"C016010",3,16827,"C037407",4.038136
"C016012",0,5705,"C012675",2.181113
"C016016",5,21482,"C047883",11.003453
"C016020",1,5732,"C012734",15.203501
"C016021",1,5732,"C012734",14.463328
"C016023",5,21482,"C047883",6.581692
"C016031",5,21482,"C047883",9.399851
"C016035",4,9961,"C022249",3.390686
"C016037",5,21482,"C047883",10.488566
"C016038",5,21482,"C047883",14.774072
"C016041",1,5732,"C012734",2.425823
"C016042",1,5732,"C012734",9.929781
"C016046",2,868,"C001904",9.595635
"C016047",5,21482,"C047883",10.441668
"C016050",4,9961,"C022249",4.891945
"C016051",0,5705,"C012675",9.184669
"C016061",4,9961,"C022249",2.110116
"C016063",4,9961,"C022249",2.316870
"C016071",0,5705,"C012675",8.574756
"C016072",2,868,"C001904",9.300629
"C016074",4,9961,"C022249",2.064120
"C016077",5,21482,"C047883",6.725116
"C016080",2,868,"C001904",6.233737
"C016081",4,9961,"C022249",4.095105
"C016082",5,21482,"C047883",4.742781
"C016084",4,9961,"C022249",3.809078
"C016085",3,16827,"C037407",1.130568
"C016086",5,21482,"C047883",11.490460
"C016088",3,16827,"C037407",8.053338
"C016089",5,21482,"C047883",2.189419
"C016090",2,868,"C001904",11.709398
"C016091",2,868,"C001904",3.511401
"C016092",2,868,"C001904",2.525788
"C016093",1,5732,"C012734",3.335207
"C016099",3,16827,"C037407",3.159947
"C016100",0,5705,"C012675",3.097198
"C016102",0,5705,"C012675",6.015767
"C016110",1,5732,"C012734",8.561791
"C016111",0,5705,"C012675",7.719952
"C016112",5,21482,"C047883",12.222313
"C016114",5,21482,"C047883",5.538589
"C016118",5,21482,"C047883",7.349392
"C016121",3,16827,"C037407",8.033609
"C016122",1,5732,"C012734",7.540402
"C016123",2,868,"C001904",7.454228
"C016127",2,868,"C001904",3.477234
"C016128",4,9961,"C022249",3.929162
"C016129",0,5705,"C012675",7.283416
"C016131",2,868,"C001904",12.933593
"C016135",5,21482,"C047883",6.189565
"C016136",1,5732,"C012734",2.054239
"C016139",5,21482,"C047883",7.937331
"C016140",3,16827,"C037407",4.631379
"C016142",0,5705,"C012675",3.565980
"C016144",2,868,"C001904",7.149602
"C016153",2,868,"C001904",8.511347
"C016156",0,5705,"C012675",5.976027
"C016159",4,9961,"C022249",3.678214
"C016169",2,868,"C001904",6.781255
"C016170",3,16827,"C037407",2.529789
"C016171",5,21482,"C047883",3.219736
"C016172",1,5732,"C012734",8.046804
"C016174",1,5732,"C012734",3.990469
"C016175",5,21482,"C047883",13.360762
"C016178",5,21482,"C047883",4.917189
"C016179",2,868,"C001904",8.289205
"C016183",5,21482,"C047883",2.180576
"C016184",2,868,"C001904",7.818675
"C016187",4,9961,"C022249",2.588216
"C016188",0,5705,"C012675",2.853473
"C016189",3,16827,"C037407",3.995271
"C016190",1,5732,"C012734",11.628056
"C016199",5,21482,"C047883",2.147470
"C016205",4,9961,"C022249",1.157992
"C016208",5,21482,"C047883",1.504915
"C016216",2,868,"C001904",7.451382
"C016222",0,5705,"C012675",4.636322
"C016223",2,868,"C001904",2.786004
"C016224",3,16827,"C037407",8.476048
"C016227",5,21482,"C047883",3.340232
"C016228",1,5732,"C012734",5.830317
"C016229",0,5705,"C012675",6.113830
"C016230",3,16827,"C037407",7.337248
"C016234",4,9961,"C022249",3.210066
"C016238",1,5732,"C012734",5.680799
"C016241",2,868,"C001904",4.429988
"C016243",0,5705,"C012675",5.069585
"C016244",5,21482,"C047883",5.047870
"C016246",0,5705,"C012675",4.832208
"C016247",4,9961,"C022249",6.608214
"C016250",4,9961,"C022249",3.304794
"C016251",5,21482,"C047883",14.868194
"C016253",0,5705,"C012675",5.305825
"C016254",0,5705,"C012675",4.342319
"C016255",0,5705,"C012675",4.590634
"C016258",5,21482,"C047883",2.659473
"C016259",1,5732,"C012734",6.400484
"C016260",3,16827,"C037407",10.246902
"C016262",2,868,"C001904",4.873857
"C016263",1,5732,"C012734",16.751961
"C016264",5,21482,"C047883",4.594774
"C016265",2,868,"C001904",7.766663
"C016267",5,21482,"C047883",3.937690
"C016269",4,9961,"C022249",3.370650
"C016270",0,5705,"C012675",2.188884
"C016272",1,5732,"C012734",4.432773
"C016273",5,21482,"C047883",11.044146
"C016275",3,16827,"C037407",3.630594
"C016276",2,868,"C001904",8.631650
"C016279",5,21482,"C047883",10.663267
"C016281",5,21482,"C047883",12.595962
"C016283",2,868,"C001904",6.672756
"C016284",2,868,"C001904",7.356215
"C016286",2,868,"C001904",9.051460
"C016289",1,5732,"C012734",11.463253
"C016293",4,9961,"C022249",7.636829
"C016294",4,9961,"C022249",7.596265
"C016295",5,21482,"C047883",7.639354
"C016299",0,5705,"C012675",8.778375
"C016300",0,5705,"C012675",1.738949
"C016303",3,16827,"C037407",0.482360
"C016305",2,868,"C001904",8.454308
"C016307",1,5732,"C012734",9.943660
"C016310",5,21482,"C047883",11.303863
"C016313",4,9961,"C022249",1.635808
"C016316",1,5732,"C012734",4.137352
"C016321",4,9961,"C022249",1.633211
"C016324",5,21482,"C047883",1.047003
"C016327",2,868,"C001904",5.289709
"C016331",2,868,"C001904",10.190596
"C016337",2,868,"C001904",2.476293
"C016341",1,5732,"C012734",6.264528
"C016345",2,868,"C001904",5.766894
"C016347",1,5732,"C012734",3.504507
"C016350",0,5705,"C012675",5.347433
"C016353",4,9961,"C022249",3.635724
"C016356",2,868,"C001904",3.941918
"C016361",5,21482,"C047883",8.057786
"C016364",4,9961,"C022249",2.138706
"C016366",1,5732,"C012734",5.151937
"C016369",5,21482,"C047883",5.407953
"C016372",5,21482,"C047883",2.513627
"C016376",4,9961,"C022249",5.599706
"C016377",5,21482,"C047883",1.359711
"C016378",1,5732,"C012734",7.367423
"C016379",0,5705,"C012675",9.127573
"C016381",0,5705,"C012675",5.445646
"C016384",3,16827,"C037407",9.403132
"C016385",2,868,"C001904",7.172289
"C016393",4,9961,"C022249",1.929167
"C016398",5,21482,"C047883",1.413420
"C016399",1,5732,"C012734",6.666604
"C016400",5,21482,"C047883",6.445525
"C016401",2,868,"C001904",1.557208
"C016402",4,9961,"C022249",5.233250
"C016403",2,868,"C001904",3.864759
"C016405",5,21482,"C047883",3.300614
"C016407",2,868,"C001904",4.054092
"C016410",0,5705,"C012675",3.354055
"C016412",4,9961,"C022249",3.487092
"C016413",4,9961,"C022249",1.664999
"C016417",2,868,"C001904",1.486117
"C016421",3,16827,"C037407",4.423963
"C016426",1,5732,"C012734",2.719509
"C016428",4,9961,"C022249",6.951933
"C016429",1,5732,"C012734",12.451560
"C016431",5,21482,"C047883",12.160075
"C016433",3,16827,"C037407",2.455718
"C016434",5,21482,"C047883",9.325005
"C016436",5,21482,"C047883",2.900403
"C016437",3,16827,"C037407",1.657824
"C016439",5,21482,"C047883",2.552276
"C016443",2,868,"C001904",7.652135
"C016452",2,868,"C001904",7.696416
"C016456",2,868,"C001904",2.305483
"C016458",5,21482,"C047883",6.989359
"C016459",4,9961,"C022249",3.063194
"C016461",4,9961,"C022249",1.884890
"C016464",1,5732,"C012734",6.358477
"C016472",0,5705,"C012675",3.844087
"C016473",1,5732,"C012734",5.163107
"C016474",3,16827,"C037407",2.436377
"C016475",5,21482,"C047883",11.662539
"C016478",3,16827,"C037407",6.425636
"C016479",0,5705,"C012675",4.435375
"C016480",1,5732,"C012734",3.820792
"C016483",1,5732,"C012734",6.673126
"C016485",3,16827,"C037407",1.344853
"C016488",2,868,"C001904",6.942929
"C016489",0,5705,"C012675",6.434001
"C016491",1,5732,"C012734",7.150307
"C016492",5,21482,"C047883",2.696890
"C016494",5,21482,"C047883",11.244692
"C016496",5,21482,"C047883",2.810516
"C016497",3,16827,"C037407",8.955581
"C016500",0,5705,"C012675",5.608909
"C016504",4,9961,"C022249",4.267094
"C016505",5,21482,"C047883",1.771255
"C016508",4,9961,"C022249",3.839545
"C016513",5,21482,"C047883",12.906774
"C016514",0,5705,"C012675",6.035581
"C016516",1,5732,"C012734",17.437699
"C016520",5,21482,"C047883",2.840414
"C016521",4,9961,"C022249",1.697303
"C016522",3,16827,"C037407",6.143223
"C016526",2,868,"C001904",3.959809
"C016528",5,21482,"C047883",2.794849
"C016529",3,16827,"C037407",6.035122
"C016530",5,21482,"C047883",9.513161
"C016532",5,21482,"C047883",4.347349
"C016535",1,5732,"C012734",4.711149
"C016536",1,5732,"C012734",4.162470
"C016539",2,868,"C001904",0.638744
"C016540",1,5732,"C012734",4.609753
"C016541",2,868,"C001904",4.495934
"C016544",1,5732,"C012734",7.193632
"C016545",2,868,"C001904",5.416845
"C016548",5,21482,"C047883",4.700153
"C016549",5,21482,"C047883",4.907368
"C016551",5,21482,"C047883",1.683018
"C016552",1,5732,"C012734",9.804446
"C016556",1,5732,"C012734",7.052331
"C016558",1,5732,"C012734",6.307062
"C016565",0,5705,"C012675",5.976876
"C016571",2,868,"C001904",6.513142
"C016574",0,5705,"C012675",1.765139
"C016578",0,5705,"C012675",7.255538
"C016579",3,16827,"C037407",9.854984
"C016580",5,21482,"C047883",1.633631
"C016583",2,868,"C001904",3.947976
"C016584",5,21482,"C047883",14.396172
"C016587",2,868,"C001904",9.038324
"C016588",2,868,"C001904",4.047339
"C016591",0,5705,"C012675",6.321913
"C016592",2,868,"C001904",1.308189
"C016593",5,21482,"C047883",3.148181
"C016596",4,9961,"C022249",2.784123
"C016601",0,5705,"C012675",5.528194
"C016603",5,21482,"C047883",3.424888
"C016605",4,9961,"C022249",1.719306
"C016607",5,21482,"C047883",3.600322
"C016609",0,5705,"C012675",8.846612
"C016610",5,21482,"C047883",10.735207
"C016611",3,16827,"C037407",2.308982
"C016615",5,21482,"C047883",12.646324
"C016618",3,16827,"C037407",7.014347
"C016620",2,868,"C001904",5.282549
"C016621",3,16827,"C037407",8.645445
"C016622",2,868,"C001904",10.387329
"C016623",0,5705,"C012675",6.752609
"C016626",5,21482,"C047883",3.805058
"C016628",5,21482,"C047883",10.366662
"C016629",1,5732,"C012734",3.801514
"C016633",1,5732,"C012734",2.232659
"C016637",1,5732,"C012734",5.845719
"C016640",0,5705,"C012675",4.917802
"C016641",3,16827,"C037407",10.531096
"C016643",0,5705,"C012675",7.172064
"C016646",5,21482,"C047883",10.857844
"C016647",3,16827,"C037407",3.932998
"C016650",1,5732,"C012734",6.203243
"C016651",1,5732,"C012734",10.214731
"C016654",1,5732,"C012734",4.813582
"C016656",0,5705,"C012675",5.292378
"C016657",4,9961,"C022249",5.145761
"C016658",2,868,"C001904",1.610126
"C016662",5,21482,"C047883",12.713918
"C016663",0,5705,"C012675",6.032538
"C016666",3,16827,"C037407",1.360637
"C016667",5,21482,"C047883",3.585177
"C016668",5,21482,"C047883",2.574920
"C016669",2,868,"C001904",7.316535
"C016670",1,5732,"C012734",2.338683
"C016672",4,9961,"C022249",1.252125
"C016673",0,5705,"C012675",0.845072
"C016674",4,9961,"C022249",2.548877
"C016678",0,5705,"C012675",2.786456
"C016681",5,21482,"C047883",11.724414
"C016682",1,5732,"C012734",4.788343
"C016690",1,5732,"C012734",5.910410
"C016692",1,5732,"C012734",8.452721
"C016693",1,5732,"C012734",5.304672
"C016694",5,21482,"C047883",8.705069
"C016697",3,16827,"C037407",2.151654
"C016698",0,5705,"C012675",4.618958
"C016702",5,21482,"C047883",4.623303
"C016703",4,9961,"C022249",3.323693
"C016704",0,5705,"C012675",2.561806
"C016705",5,21482,"C047883",10.051512
"C016706",1,5732,"C012734",9.808086
"C016707",5,21482,"C047883",2.038675
"C016709",1,5732,"C012734",13.717425
"C016713",2,868,"C001904",1.916554
"C016718",4,9961,"C022249",5.244628
"C016719",1,5732,"C012734",3.336326
"C016720",0,5705,"C012675",7.594683
"C016722",5,21482,"C047883",13.239428
"C016725",1,5732,"C012734",1.020341
"C016727",5,21482,"C047883",14.066418
"C016730",4,9961,"C022249",7.716004
"C016732",5,21482,"C047883",4.839297
"C016733",4,9961,"C022249",2.552305
"C016734",1,5732,"C012734",16.548943
"C016735",2,868,"C001904",4.958079
"C016737",1,5732,"C012734",0.382493
"C016738",1,5732,"C012734",2.840968
"C016739",5,21482,"C047883",8.590682
"C016740",3,16827,"C037407",2.496303
"C016745",1,5732,"C012734",5.446923
"C016747",4,9961,"C022249",3.807978
"C016750",0,5705,"C012675",4.659051
"C016752",1,5732,"C012734",3.757226
"C016754",4,9961,"C022249",4.846155
"C016758",2,868,"C001904",11.016913
"C016759",5,21482,"C047883",13.675702
"C016760",2,868,"C001904",6.189478
"C016761",0,5705,"C012675",7.810161
"C016768",4,9961,"C022249",4.165072
"C016771",5,21482,"C047883",0.947831
"C016773",2,868,"C001904",8.662110
"C016780",4,9961,"C022249",2.311866
"C016783",5,21482,"C047883",11.181979
"C016784",1,5732,"C012734",6.941907
"C016786",2,868,"C001904",10.337617
"C016789",1,5732,"C012734",7.382986
"C016791",5,21482,"C047883",10.679360
"C016796",1,5732,"C012734",5.159615
"C016797",5,21482,"C047883",13.603375
"C016800",5,21482,"C047883",8.307875
"C016801",5,21482,"C047883",1.375329
"C016802",1,5732,"C012734",10.754102
"C016803",1,5732,"C012734",8.113650
"C016804",4,9961,"C022249",1.869658
"C016806",5,21482,"C047883",8.371771
"C016808",3,16827,"C037407",1.633132
"C016813",0,5705,"C012675",2.509335
"C016814",4,9961,"C022249",3.917294
"C016816",1,5732,"C012734",10.209780
"C016823",1,5732,"C012734",2.262465
"C016824",3,16827,"C037407",3.293193
"C016825",1,5732,"C012734",6.228056
"C016827",1,5732,"C012734",2.142082
"C016832",5,21482,"C047883",10.322131
"C016835",3,16827,"C037407",3.581230
"C016841",0,5705,"C012675",7.313558
"C016846",0,5705,"C012675",5.591578
"C016851",5,21482,"C047883",0.911507
"C016854",4,9961,"C022249",4.272810
"C016858",2,868,"C001904",3.587157
"C016862",0,5705,"C012675",7.081280
"C016863",5,21482,"C047883",12.750624
"C016864",5,21482,"C047883",3.151942
"C016865",3,16827,"C037407",2.206309
"C016871",1,5732,"C012734",9.589026
"C016872",0,5705,"C012675",3.300616
"C016877",5,21482,"C047883",3.128217
"C016881",5,21482,"C047883",1.909418
"C016882",4,9961,"C022249",6.147094
"C016883",4,9961,"C022249",3.592390
"C016885",1,5732,"C012734",5.196529
"C016890",1,5732,"C012734",10.400566
"C016891",2,868,"C001904",3.336367
"C016892",4,9961,"C022249",4.211271
"C016897",1,5732,"C012734",6.713653
"C016898",5,21482,"C047883",5.245393
"C016899",5,21482,"C047883",6.335318
"C016901",1,5732,"C012734",2.565044
"C016902",0,5705,"C012675",1.033025
"C016910",1,5732,"C012734",17.078220
"C016912",1,5732,"C012734",2.905013
"C016914",3,16827,"C037407",7.608935
"C016918",1,5732,"C012734",12.890146
"C016920",0,5705,"C012675",6.455620
"C016921",0,5705,"C012675",4.700404
"C016922",0,5705,"C012675",6.516994
"C016923",4,9961,"C022249",3.988246
"C016924",3,16827,"C037407",3.416190
"C016932",2,868,"C001904",4.711826
"C016933",2,868,"C001904",10.267894
"C016935",5,21482,"C047883",15.885182
"C016937",5,21482,"C047883",9.424446
"C016939",2,868,"C001904",1.720241
"C016943",0,5705,"C012675",6.742470
"C016946",1,5732,"C012734",5.530316
"C016948",5,21482,"C047883",13.308945
"C016952",0,5705,"C012675",3.286052
"C016955",3,16827,"C037407",9.771918
"C016957",1,5732,"C012734",8.117083
"C016959",3,16827,"C037407",2.701844
"C016961",1,5732,"C012734",8.582552
"C016964",3,16827,"C037407",1.258646
"C016965",0,5705,"C012675",3.917947
"C016971",5,21482,"C047883",4.653754
"C016972",1,5732,"C012734",9.783249
"C016977",5,21482,"C047883",3.955727
"C016984",1,5732,"C012734",2.242399
"C016985",5,21482,"C047883",0.833362
"C016986",1,5732,"C012734",7.225694
"C016987",5,21482,"C047883",11.910345
"C016990",5,21482,"C047883",8.939787
"C016992",1,5732,"C012734",13.307252
"C016993",3,16827,"C037407",2.684406
"C016994",0,5705,"C012675",3.891512
"C016997",0,5705,"C012675",2.699995
"C017001",5,21482,"C047883",14.115151
"C017002",1,5732,"C012734",11.933391
"C017003",4,9961,"C022249",2.831735
"C017004",5,21482,"C047883",3.922893
"C017005",5,21482,"C047883",12.574515
"C017006",1,5732,"C012734",12.809933
"C017009",1,5732,"C012734",12.183694
"C017011",1,5732,"C012734",4.024924
"C017013",2,868,"C001904",8.470884
"C017021",2,868,"C001904",4.649532
"C017022",1,5732,"C012734",6.970170
"C017023",0,5705,"C012675",7.160093
"C017026",5,21482,"C047883",5.900126
"C017027",4,9961,"C022249",3.297545
"C017029",4,9961,"C022249",3.100155
"C017031",0,5705,"C012675",5.350429
"C017034",2,868,"C001904",2.375208
"C017037",5,21482,"C047883",5.130896
"C017047",1,5732,"C012734",7.906890
"C017051",5,21482,"C047883",3.692920
"C017054",4,9961,"C022249",5.236326
"C017056",2,868,"C001904",7.372715
"C017059",4,9961,"C022249",3.499180
"C017065",5,21482,"C047883",12.885414
"C017067",5,21482,"C047883",6.529504
"C017068",1,5732,"C012734",5.327972
"C017070",1,5732,"C012734",12.004980
"C017072",1,5732,"C012734",9.218103
"C017074",3,16827,"C037407",4.115181
"C017080",1,5732,"C012734",3.292892
"C017081",0,5705,"C012675",1.556867
"C017084",4,9961,"C022249",2.477034
"C017086",1,5732,"C012734",1.950442
"C017090",5,21482,"C047883",11.123106
"C017091",5,21482,"C047883",1.829117
"C017093",3,16827,"C037407",4.873551
"C017094",0,5705,"C012675",6.083489
"C017096",0,5705,"C012675",6.885567
"C017099",1,5732,"C012734",11.593430
"C017102",5,21482,"C047883",5.819518
"C017103",3,16827,"C037407",6.633948
"C017106",0,5705,"C012675",5.637144
"C017108",0,5705,"C012675",3.899175
"C017113",5,21482,"C047883",11.751938
"C017114",5,21482,"C047883",7.718315
"C017117",1,5732,"C012734",3.050371
"C017118",5,21482,"C047883",11.672196
"C017120",1,5732,"C012734",0.796324
"C017123",5,21482,"C047883",3.040304
"C017125",1,5732,"C012734",3.973692
"C017126",4,9961,"C022249",2.814053
"C017127",4,9961,"C022249",5.481824
"C017128",0,5705,"C012675",5.056856
"C017130",1,5732,"C012734",6.623277
"C017131",0,5705,"C012675",6.813530
"C017132",0,5705,"C012675",4.270364
"C017136",5,21482,"C047883",2.861730
"C017139",5,21482,"C047883",9.657394
"C017140",3,16827,"C037407",6.630691
"C017141",3,16827,"C037407",7.179897
"C017142",0,5705,"C012675",0.582115
"C017145",0,5705,"C012675",7.645978
"C017146",1,5732,"C012734",4.109760
"C017149",5,21482,"C047883",10.760845
"C017152",5,21482,"C047883",8.546976
"C017154",0,5705,"C012675",10.121735
"C017156",1,5732,"C012734",4.127240
"C017157",2,868,"C001904",2.327152
"C017163",2,868,"C001904",5.056956
"C017164",5,21482,"C047883",12.082875
"C017165",5,21482,"C047883",10.336600
"C017166",1,5732,"C012734",12.667893
"C017167",0,5705,"C012675",6.650817
"C017170",5,21482,"C047883",0.371072
"C017171",2,868,"C001904",5.338657
"C017173",2,868,"C001904",7.489888
"C017174",5,21482,"C047883",8.543222
"C017179",2,868,"C001904",7.035488
"C017181",2,868,"C001904",5.665912
"C017183",5,21482,"C047883",11.428393
"C017184",5,21482,"C047883",14.144917
"C017187",5,21482,"C047883",6.593726
"C017189",1,5732,"C012734",11.451183
"C017190",2,868,"C001904",3.609025
"C017191",1,5732,"C012734",15.915764
"C017194",1,5732,"C012734",4.090796
"C017195",0,5705,"C012675",3.433670
"C017198",1,5732,"C012734",14.211503
"C017199",5,21482,"C047883",8.842008
"C017201",0,5705,"C012675",8.527624
"C017204",1,5732,"C012734",0.903017
"C017205",3,16827,"C037407",6.634695
"C017206",0,5705,"C012675",9.047985
"C017207",2,868,"C001904",1.212950
"C017208",4,9961,"C022249",2.432814
"C017210",2,868,"C001904",8.060791
"C017212",1,5732,"C012734",7.590137
"C017213",5,21482,"C047883",3.141466
"C017214",2,868,"C001904",6.592463
"C017218",4,9961,"C022249",5.790191
"C017224",5,21482,"C047883",3.793465
"C017225",2,868,"C001904",4.706393
"C017226",5,21482,"C047883",12.350176
"C017234",1,5732,"C012734",3.281518
"C017237",1,5732,"C012734",8.402105
"C017239",1,5732,"C012734",16.501992
"C017243",2,868,"C001904",8.629870
"C017246",4,9961,"C022249",0.969492
"C017252",0,5705,"C012675",8.041374
"C017254",0,5705,"C012675",1.853490
"C017259",1,5732,"C012734",2.667235
"C017262",5,21482,"C047883",13.632518
"C017263",0,5705,"C012675",7.548990
"C017264",0,5705,"C012675",3.429355
"C017266",2,868,"C001904",4.268724
"C017270",3,16827,"C037407",1.483146
"C017272",5,21482,"C047883",3.819539
"C017274",2,868,"C001904",3.360161
"C017280",1,5732,"C012734",2.516407
"C017282",2,868,"C001904",7.967951
"C017283",1,5732,"C012734",2.459044
"C017286",1,5732,"C012734",2.530762
"C017288",4,9961,"C022249",8.135017
"C017290",1,5732,"C012734",7.138624
"C017291",5,21482,"C047883",6.937138
"C017294",5,21482,"C047883",6.074479
"C017295",2,868,"C001904",4.513508
"C017298",2,868,"C001904",8.227344
"C017299",5,21482,"C047883",10.946842
"C017301",0,5705,"C012675",1.680680
"C017302",2,868,"C001904",4.033122
"C017305",2,868,"C001904",0.863977
"C017306",5,21482,"C047883",1.914625
"C017307",2,868,"C001904",10.442561
"C017308",3,16827,"C037407",4.547127
"C017311",4,9961,"C022249",1.790082
"C017314",5,21482,"C047883",2.228838
"C017315",1,5732,"C012734",5.253670
"C017318",1,5732,"C012734",1.526408
"C017320",3,16827,"C037407",6.651658
"C017321",0,5705,"C012675",6.056642
"C017325",5,21482,"C047883",7.347327
"C017326",5,21482,"C047883",14.668986
"C017328",4,9961,"C022249",3.033313
"C017332",3,16827,"C037407",3.037369
"C017333",5,21482,"C047883",6.394366
"C017340",1,5732,"C012734",15.862919
"C017341",0,5705,"C012675",2.072097
"C017342",0,5705,"C012675",7.001063
"C017346",5,21482,"C047883",5.565974
"C017348",0,5705,"C012675",8.364833
"C017356",5,21482,"C047883",11.742204
"C017358",5,21482,"C047883",3.662509
"C017360",1,5732,"C012734",5.336841
"C017364",2,868,"C001904",8.067419
"C017365",2,868,"C001904",1.162602
"C017366",3,16827,"C037407",3.399038
"C017367",3,16827,"C037407",1.952817
"C017368",0,5705,"C012675",7.761136
"C017371",0,5705,"C012675",4.915458
"C017373",5,21482,"C047883",4.189888
"C017374",5,21482,"C047883",12.600537
"C017380",5,21482,"C047883",6.907266
"C017382",3,16827,"C037407",1.650641
"C017386",5,21482,"C047883",0.282247
"C017387",0,5705,"C012675",8.452725
"C017388",0,5705,"C012675",5.513443
"C017391",2,868,"C001904",4.262841
"C017393",1,5732,"C012734",0.828484
"C017396",2,868,"C001904",6.998151
"C017398",2,868,"C001904",11.017338
"C017402",4,9961,"C022249",6.109739
"C017404",2,868,"C001904",9.472097
"C017407",5,21482,"C047883",9.422494
"C017408",2,868,"C001904",3.354458
"C017409",1,5732,"C012734",7.793527
"C017410",3,16827,"C037407",7.958786
"C017411",2,868,"C001904",7.520868
"C017417",3,16827,"C037407",5.362014
"C017420",1,5732,"C012734",11.598590
"C017422",1,5732,"C012734",6.918592
"C017424",0,5705,"C012675",6.713711
"C017430",0,5705,"C012675",5.066246
"C017431",2,868,"C001904",6.392300
"C017432",2,868,"C001904",2.159992
"C017433",1,5732,"C012734",1.012131
"C017434",0,5705,"C012675",6.837964
"C017436",2,868,"C001904",5.865725
"C017439",2,868,"C001904",3.765167
"C017440",4,9961,"C022249",4.851532
"C017445",1,5732,"C012734",12.554467
"C017446",5,21482,"C047883",5.565945
"C017447",0,5705,"C012675",6.541796
"C017449",3,16827,"C037407",6.587472
"C017451",0,5705,"C012675",1.014120
"C017452",5,21482,"C047883",8.751525
"C017454",2,868,"C001904",3.034879
"C017455",1,5732,"C012734",4.150130
"C017457",5,21482,"C047883",16.063452
"C017458",2,868,"C001904",6.759353
"C017459",0,5705,"C012675",2.683899
"C017460",4,9961,"C022249",2.417706
"C017465",1,5732,"C012734",4.026200
"C017466",5,21482,"C047883",13.005756
"C017468",1,5732,"C012734",1.372442
"C017470",2,868,"C001904",1.207871
"C017472",0,5705,"C012675",8.798124
"C017476",2,868,"C001904",3.264831
"C017478",0,5705,"C012675",5.292689
"C017479",5,21482,"C047883",5.035980
"C017480",5,21482,"C047883",4.175184
"C017482",5,21482,"C047883",6.401290
"C017483",2,868,"C001904",4.385730
"C017488",5,21482,"C047883",5.056806
"C017489",0,5705,"C012675",3.989896
"C017496",1,5732,"C012734",1.936289
"C017497",0,5705,"C012675",3.962033
"C017498",0,5705,"C012675",5.161852
"C017503",3,16827,"C037407",6.191191
"C017504",4,9961,"C022249",1.319854
"C017508",2,868,"C001904",7.550008
"C017509",0,5705,"C012675",7.982766
"C017515",5,21482,"C047883",4.948290
"C017516",1,5732,"C012734",15.621953
"C017518",2,868,"C001904",10.774736
"C017519",0,5705,"C012675",8.864327
"C017520",2,868,"C001904",7.061564
"C017521",4,9961,"C022249",5.232551
"C017522",5,21482,"C047883",10.211889
"C017535",1,5732,"C012734",7.204673
"C017536",5,21482,"C047883",9.354436
"C017537",5,21482,"C047883",3.378581
"C017538",5,21482,"C047883",1.720106
"C017540",2,868,"C001904",4.223898
"C017542",0,5705,"C012675",4.266538
"C017543",4,9961,"C022249",2.272633
"C017544",1,5732,"C012734",8.467754
"C017545",3,16827,"C037407",2.451574
"C017547",0,5705,"C012675",6.347576
"C017549",1,5732,"C012734",2.736424
"C017551",1,5732,"C012734",4.609187
"C017552",1,5732,"C012734",4.570587
"C017553",0,5705,"C012675",3.755997
"C017554",0,5705,"C012675",4.440005
"C017555",5,21482,"C047883",10.970363
"C017556",2,868,"C001904",7.818211
"C017557",2,868,"C001904",2.214709
"C017560",3,16827,"C037407",2.295757
"C017563",0,5705,"C012675",7.503213
"C017567",5,21482,"C047883",3.885643
"C017568",2,868,"C001904",4.397605
"C017569",3,16827,"C037407",2.934682
"C017570",3,16827,"C037407",0.467822
"C017572",5,21482,"C047883",2.084066
"C017573",5,21482,"C047883",5.074812
"C017574",5,21482,"C047883",4.940555
"C017575",0,5705,"C012675",4.499935
"C017576",5,21482,"C047883",13.810517
"C017579",3,16827,"C037407",3.338543
"C017580",1,5732,"C012734",9.059714
"C017581",0,5705,"C012675",4.576972
"C017582",5,21482,"C047883",12.309767
"C017583",4,9961,"C022249",4.094435
"C017584",0,5705,"C012675",2.367636
"C017585",0,5705,"C012675",4.276401
"C017586",0,5705,"C012675",1.820397
"C017588",5,21482,"C047883",10.906760
"C017593",1,5732,"C012734",1.482845
"C017594",1,5732,"C012734",7.165099
"C017597",1,5732,"C012734",0.812136
"C017598",1,5732,"C012734",15.191188
"C017599",2,868,"C001904",9.010027
"C017604",1,5732,"C012734",6.199814
"C017605",0,5705,"C012675",2.986868
"C017607",2,868,"C001904",2.901414
"C017609",5,21482,"C047883",11.786281
"C017611",1,5732,"C012734",1.686321
"C017613",4,9961,"C022249",4.390151
"C017615",5,21482,"C047883",9.433360
"C017617",4,9961,"C022249",1.709237
"C017618",3,16827,"C037407",4.358230
"C017619",1,5732,"C012734",11.125362
"C017620",5,21482,"C047883",6.637256
"C017626",2,868,"C001904",4.977406
"C017629",1,5732,"C012734",7.509577
"C017630",5,21482,"C047883",3.954656
"C017633",2,868,"C001904",6.792887
"C017635",4,9961,"C022249",0.068487
"C017636",1,5732,"C012734",7.000110
"C017637",1,5732,"C012734",5.681973
"C017638",1,5732,"C012734",5.051735
"C017640",1,5732,"C012734",3.347095
"C017641",4,9961,"C022249",1.199833
"C017642",3,16827,"C037407",9.636982
"C017646",4,9961,"C022249",6.236383
"C017647",1,5732,"C012734",5.652390
"C017648",3,16827,"C037407",2.468621
"C017649",1,5732,"C012734",5.287979
"C017651",1,5732,"C012734",15.509752
"C017652",0,5705,"C012675",6.714749
"C017656",4,9961,"C022249",5.117295
"C017657",1,5732,"C012734",4.603547
"C017658",2,868,"C001904",2.036543
"C017662",0,5705,"C012675",7.732138
"C017664",1,5732,"C012734",4.697338
"C017667",4,9961,"C022249",5.478307
"C017670",4,9961,"C022249",0.881040
"C017671",3,16827,"C037407",7.268322
"C017680",3,16827,"C037407",8.220335
"C017681",0,5705,"C012675",6.523384
"C017685",4,9961,"C022249",3.531628
"C017686",5,21482,"C047883",6.431213
"C017688",3,16827,"C037407",5.292210
"C017690",0,5705,"C012675",3.789000
"C017693",0,5705,"C012675",4.282251
"C017697",1,5732,"C012734",3.578452
"C017698",5,21482,"C047883",1.722942
"C017701",5,21482,"C047883",11.780483
"C017703",4,9961,"C022249",2.944395
"C017706",3,16827,"C037407",7.292492
"C017709",1,5732,"C012734",6.705187
"C017711",2,868,"C001904",5.483358
"C017712",1,5732,"C012734",4.373522
"C017717",1,5732,"C012734",6.769245
"C017721",4,9961,"C022249",3.370517
"C017722",3,16827,"C037407",7.590967
"C017724",2,868,"C001904",7.934842
"C017725",0,5705,"C012675",4.357328
"C017726",4,9961,"C022249",2.856023
"C017731",3,16827,"C037407",10.047773
"C017733",2,868,"C001904",6.582420
"C017734",5,21482,"C047883",1.413527
"C017737",1,5732,"C012734",7.490146
"C017738",5,21482,"C047883",8.049142
"C017739",1,5732,"C012734",3.039149
"C017742",4,9961,"C022249",6.684901
"C017743",5,21482,"C047883",4.554264
"C017745",1,5732,"C012734",3.569229
"C017747",1,5732,"C012734",7.621679
"C017748",4,9961,"C022249",2.494516
"C017752",5,21482,"C047883",4.447319
"C017755",5,21482,"C047883",8.184416
"C017757",0,5705,"C012675",5.548141
"C017758",5,21482,"C047883",4.341932
"C017760",2,868,"C001904",1.619622
"C017763",1,5732,"C012734",8.447574
"C017767",1,5732,"C012734",6.193511
"C017768",1,5732,"C012734",3.138802
"C017769",1,5732,"C012734",3.164130
"C017771",5,21482,"C047883",10.448140
"C017776",0,5705,"C012675",7.769134
"C017777",3,16827,"C037407",5.348432
"C017779",3,16827,"C037407",6.124226
"C017781",3,16827,"C037407",2.349231
"C017784",5,21482,"C047883",11.818711
"C017785",4,9961,"C022249",5.356791
"C017788",1,5732,"C012734",15.260249
"C017791",1,5732,"C012734",11.349194
"C017793",3,16827,"C037407",7.595921
"C017794",5,21482,"C047883",10.651093
"C017795",1,5732,"C012734",10.091295
"C017798",5,21482,"C047883",9.584685
"C017800",4,9961,"C022249",5.082936
"C017801",2,868,"C001904",6.141476
"C017804",0,5705,"C012675",0.653340
"C017807",2,868,"C001904",5.021090
"C017810",1,5732,"C012734",2.634008
"C017811",4,9961,"C022249",6.869368
"C017813",1,5732,"C012734",8.914724
"C017815",1,5732,"C012734",4.647352
"C017819",5,21482,"C047883",4.739037
"C017823",0,5705,"C012675",5.869966
"C017824",5,21482,"C047883",1.962443
"C017827",2,868,"C001904",4.508672
"C017828",2,868,"C001904",7.547696
"C017829",1,5732,"C012734",6.325861
"C017830",2,868,"C001904",5.208569
"C017831",1,5732,"C012734",4.865878
"C017832",4,9961,"C022249",8.104622
"C017835",2,868,"C001904",6.706568
"C017839",2,868,"C001904",9.934849
"C017848",1,5732,"C012734",3.482814
"C017849",2,868,"C001904",9.720823
"C017852",0,5705,"C012675",6.114174
"C017853",5,21482,"C047883",4.180389
"C017854",5,21482,"C047883",2.386292
"C017855",3,16827,"C037407",7.728319
"C017857",1,5732,"C012734",2.859792
"C017859",1,5732,"C012734",12.363175
"C017861",1,5732,"C012734",10.177660
"C017863",4,9961,"C022249",3.506155
"C017864",3,16827,"C037407",8.053590
"C017866",2,868,"C001904",3.322005
"C017867",0,5705,"C012675",5.647587
"C017869",5,21482,"C047883",6.185977
"C017870",5,21482,"C047883",10.497662
"C017871",1,5732,"C012734",3.695065
"C017873",2,868,"C001904",1.983544
"C017874",1,5732,"C012734",1.088941
"C017875",3,16827,"C037407",4.171203
"C017876",5,21482,"C047883",3.021270
"C017878",2,868,"C001904",1.421617
"C017879",0,5705,"C012675",5.140165
"C017882",0,5705,"C012675",6.149143
"C017885",5,21482,"C047883",4.562900
"C017887",0,5705,"C012675",9.044982
"C017888",1,5732,"C012734",6.737009
"C017891",2,868,"C001904",3.216461
"C017892",4,9961,"C022249",2.490686
"C017894",5,21482,"C047883",9.799819
"C017895",0,5705,"C012675",7.499680
"C017896",2,868,"C001904",5.703399
"C017900",2,868,"C001904",9.195867
"C017902",4,9961,"C022249",6.737639
"C017903",5,21482,"C047883",4.076609
"C017905",2,868,"C001904",0.571374
"C017906",1,5732,"C012734",12.397760
"C017907",1,5732,"C012734",3.130468
"C017910",0,5705,"C012675",7.498226
"C017911",0,5705,"C012675",0.299585
"C017912",3,16827,"C037407",8.663312
"C017916",1,5732,"C012734",14.227895
"C017918",2,868,"C001904",2.365314
"C017920",5,21482,"C047883",12.250251
"C017923",3,16827,"C037407",3.223936
"C017926",2,868,"C001904",1.160902
"C017928",2,868,"C001904",6.246600
"C017930",5,21482,"C047883",5.810270
"C017931",0,5705,"C012675",5.000867
"C017932",5,21482,"C047883",4.617169
"C017933",4,9961,"C022249",2.868545
"C017934",0,5705,"C012675",5.510538
"C017935",0,5705,"C012675",2.945628
"C017936",3,16827,"C037407",5.312748
"C017938",1,5732,"C012734",12.550148
"C017940",5,21482,"C047883",3.917604
"C017941",0,5705,"C012675",2.405822
"C017942",3,16827,"C037407",5.828193
"C017943",5,21482,"C047883",9.196714
"C017948",5,21482,"C047883",4.395153
"C017951",4,9961,"C022249",4.913778
"C017954",1,5732,"C012734",1.009126
"C017955",0,5705,"C012675",4.760033
"C017956",5,21482,"C047883",13.327113
"C017960",4,9961,"C022249",2.813813
"C017962",3,16827,"C037407",4.292042
"C017963",2,868,"C001904",4.409428
"C017964",1,5732,"C012734",1.702323
"C017967",1,5732,"C012734",5.717307
"C017968",1,5732,"C012734",13.052562
"C017970",5,21482,"C047883",10.040980
"C017974",5,21482,"C047883",7.966518
"C017975",0,5705,"C012675",4.047078
"C017976",0,5705,"C012675",8.515464
"C017978",2,868,"C001904",8.533486
"C017979",0,5705,"C012675",4.527980
"C017980",5,21482,"C047883",12.762226
"C017981",5,21482,"C047883",4.924667
"C017984",5,21482,"C047883",4.832069
"C017986",2,868,"C001904",3.684106
"C017988",1,5732,"C012734",6.023388
"C017989",1,5732,"C012734",9.421442
"C017990",5,21482,"C047883",9.417090
"C017991",3,16827,"C037407",1.988348
"C017992",0,5705,"C012675",6.229183
"C017993",2,868,"C001904",9.500998
"C017994",5,21482,"C047883",8.699211
"C017997",5,21482,"C047883",1.820119
"C017999",5,21482,"C047883",7.280774
"C018000",4,9961,"C022249",3.039670
"C018002",4,9961,"C022249",3.492980
"C018003",0,5705,"C012675",6.080702
"C018005",5,21482,"C047883",6.171576
"C018006",5,21482,"C047883",11.827783
"C018008",2,868,"C001904",7.687515
"C018009",1,5732,"C012734",5.667832
"C018010",0,5705,"C012675",2.321887
"C018011",0,5705,"C012675",5.390797
"C018012",0,5705,"C012675",6.111894
"C018014",1,5732,"C012734",6.406948
"C018020",2,868,"C001904",10.487430
"C018021",2,868,"C001904",2.303220
"C018024",0,5705,"C012675",1.920367
"C018029",5,21482,"C047883",3.397740
"C018030",1,5732,"C012734",4.560092
"C018032",5,21482,"C047883",7.731116
"C018034",4,9961,"C022249",2.764445
"C018035",1,5732,"C012734",7.232414
"C018037",3,16827,"C037407",5.372418
"C018038",0,5705,"C012675",8.833539
"C018040",1,5732,"C012734",1.239401
"C018041",1,5732,"C012734",2.346679
"C018044",0,5705,"C012675",3.064776
"C018046",5,21482,"C047883",1.416100
"C018047",2,868,"C001904",8.036892
"C018049",1,5732,"C012734",13.639751
"C018050",1,5732,"C012734",13.524538
"C018052",0,5705,"C012675",4.553845
"C018056",1,5732,"C012734",6.069116
"C018057",0,5705,"C012675",4.288315
"C018059",5,21482,"C047883",6.800210
"C018063",5,21482,"C047883",6.304558
"C018064",0,5705,"C012675",6.997203
"C018065",0,5705,"C012675",9.279391
"C018066",2,868,"C001904",5.547706
"C018069",2,868,"C001904",7.908969
"C018071",5,21482,"C047883",4.256886
"C018072",1,5732,"C012734",12.886400
"C018073",1,5732,"C012734",2.731956
"C018077",5,21482,"C047883",5.056805
"C018078",3,16827,"C037407",4.285623
"C018081",2,868,"C001904",8.576172
"C018085",2,868,"C001904",9.679284
"C018086",5,21482,"C047883",4.694730
"C018090",4,9961,"C022249",2.833425
"C018092",5,21482,"C047883",12.658573
"C018093",5,21482,"C047883",5.636788
"C018094",0,5705,"C012675",6.044259
"C018096",4,9961,"C022249",3.792794
"C018104",2,868,"C001904",10.602723
"C018105",1,5732,"C012734",14.562091
"C018106",3,16827,"C037407",3.360754
"C018109",1,5732,"C012734",7.896597
"C018111",5,21482,"C047883",9.513386
"C018113",5,21482,"C047883",5.651784
"C018114",3,16827,"C037407",2.017961
"C018115",4,9961,"C022249",2.092429
"C018116",3,16827,"C037407",7.653213
"C018117",5,21482,"C047883",2.659706
"C018121",1,5732,"C012734",4.926685
"C018125",5,21482,"C047883",2.851897
"C018126",0,5705,"C012675",3.602793
"C018127",0,5705,"C012675",4.078694
"C018128",3,16827,"C037407",4.410525
"C018130",4,9961,"C022249",5.268427
"C018132",5,21482,"C047883",11.852604
"C018134",0,5705,"C012675",3.703625
"C018135",4,9961,"C022249",3.407792
"C018137",0,5705,"C012675",1.861052
"C018139",1,5732,"C012734",10.753041
"C018140",5,21482,"C047883",3.815402
"C018142",2,868,"C001904",6.058062
"C018144",4,9961,"C022249",5.010103
"C018147",2,868,"C001904",7.009149
"C018150",3,16827,"C037407",1.901255
"C018151",0,5705,"C012675",8.443895
"C018152",2,868,"C001904",5.185057
"C018153",5,21482,"C047883",2.646751
"C018157",0,5705,"C012675",1.648669
"C018158",0,5705,"C012675",6.693497
"C018159",2,868,"C001904",6.532387
"C018160",1,5732,"C012734",1.114236
"C018162",1,5732,"C012734",3.098548
"C018163",3,16827,"C037407",8.921963
"C018165",4,9961,"C022249",2.919319
"C018166",2,868,"C001904",1.977915
"C018168",3,16827,"C037407",4.961887
"C018170",1,5732,"C012734",7.784153
"C018171",2,868,"C001904",6.673176
"C018173",0,5705,"C012675",2.313943
"C018177",2,868,"C001904",11.162070
"C018180",3,16827,"C037407",1.522500
"C018181",1,5732,"C012734",1.414571
"C018182",2,868,"C001904",7.277123
"C018183",5,21482,"C047883",4.688370
"C018184",2,868,"C001904",8.437254
"C018186",4,9961,"C022249",1.159791
"C018189",5,21482,"C047883",14.219284
"C018190",2,868,"C001904",4.284002
"C018193",2,868,"C001904",5.537940
"C018194",2,868,"C001904",9.333319
"C018195",5,21482,"C047883",6.857436
"C018197",1,5732,"C012734",15.693393
"C018199",3,16827,"C037407",4.632894
"C018200",4,9961,"C022249",4.813858
"C018202",4,9961,"C022249",0.823276
"C018204",3,16827,"C037407",3.283375
"C018205",0,5705,"C012675",5.904807
"C018206",0,5705,"C012675",5.446183
"C018208",5,21482,"C047883",8.168115
"C018209",2,868,"C001904",1.570611
"C018211",1,5732,"C012734",0.787468
"C018212",2,868,"C001904",3.570093
"C018217",0,5705,"C012675",2.956279
"C018223",0,5705,"C012675",6.139914
"C018225",5,21482,"C047883",5.065093
"C018231",1,5732,"C012734",6.401753
"C018233",1,5732,"C012734",2.790412
"C018239",5,21482,"C047883",4.068247
"C018241",5,21482,"C047883",8.816124
"C018243",0,5705,"C012675",2.981517
"C018244",5,21482,"C047883",8.783219
"C018245",1,5732,"C012734",2.879004
"C018247",5,21482,"C047883",3.545329
"C018248",0,5705,"C012675",4.135937
"C018249",5,21482,"C047883",12.291033
"C018253",2,868,"C001904",5.924495
"C018254",5,21482,"C047883",12.824802
"C018261",3,16827,"C037407",8.696896
"C018262",0,5705,"C012675",7.209269
"C018263",4,9961,"C022249",2.985011
"C018264",5,21482,"C047883",2.760964
"C018267",1,5732,"C012734",9.191269
"C018269",5,21482,"C047883",3.369581
"C018270",2,868,"C001904",6.222949
"C018271",2,868,"C001904",4.524743
"C018273",5,21482,"C047883",3.290975
"C018277",5,21482,"C047883",11.708028
"C018278",5,21482,"C047883",7.490168
"C018281",0,5705,"C012675",3.953179
"C018282",4,9961,"C022249",3.693842
"C018283",5,21482,"C047883",10.424203
"C018284",2,868,"C001904",4.298102
"C018285",3,16827,"C037407",2.544641
"C018286",0,5705,"C012675",8.511740
"C018288",4,9961,"C022249",6.649260
"C018289",1,5732,"C012734",0.459421
"C018292",1,5732,"C012734",10.028582
"C018293",5,21482,"C047883",10.210874
"C018294",1,5732,"C012734",10.546650
"C018295",0,5705,"C012675",1.364949
"C018296",1,5732,"C012734",7.647270
"C018297",0,5705,"C012675",1.482224
"C018298",0,5705,"C012675",3.880267
"C018299",2,868,"C001904",3.920849
"C018300",3,16827,"C037407",5.604290
"C018301",1,5732,"C012734",5.232193
"C018302",3,16827,"C037407",4.438266
"C018305",4,9961,"C022249",3.024544
"C018306",4,9961,"C022249",3.952107
"C018309",2,868,"C001904",4.957544
"C018311",1,5732,"C012734",13.761597
"C018314",5,21482,"C047883",6.955003
"C018316",5,21482,"C047883",12.016989
"C018319",0,5705,"C012675",8.099617
"C018325",3,16827,"C037407",3.547696
"C018328",0,5705,"C012675",1.610615
"C018329",4,9961,"C022249",6.566119
"C018334",1,5732,"C012734",7.255520
"C018335",2,868,"C001904",5.531674
"C018341",3,16827,"C037407",7.998565
"C018345",3,16827,"C037407",2.288407
"C018346",2,868,"C001904",0.370517
"C018348",0,5705,"C012675",8.548589
"C018350",1,5732,"C012734",1.555794
"C018351",0,5705,"C012675",2.762979
"C018353",1,5732,"C012734",8.668161
"C018354",2,868,"C001904",4.885310
"C018355",5,21482,"C047883",13.264474
"C018356",0,5705,"C012675",8.059296
"C018357",5,21482,"C047883",11.653399
"C018358",1,5732,"C012734",15.971980
"C018360",3,16827,"C037407",6.677451
"C018363",1,5732,"C012734",1.631320
"C018365",0,5705,"C012675",9.693377
"C018371",1,5732,"C012734",3.640127
"C018372",0,5705,"C012675",5.170000
"C018375",4,9961,"C022249",3.918754
"C018376",5,21482,"C047883",2.013714
"C018378",2,868,"C001904",6.591713
"C018383",5,21482,"C047883",5.051654
"C018391",5,21482,"C047883",11.995330
"C018395",4,9961,"C022249",4.078780
"C018396",2,868,"C001904",8.365490
"C018397",5,21482,"C047883",9.832087
"C018399",2,868,"C001904",8.158941
"C018400",2,868,"C001904",3.384615
"C018416",3,16827,"C037407",1.863515
"C018418",3,16827,"C037407",6.983374
"C018419",2,868,"C001904",8.948248
"C018422",1,5732,"C012734",2.944833
"C018424",3,16827,"C037407",1.789765
"C018426",2,868,"C001904",3.104198
"C018430",1,5732,"C012734",6.933939
"C018431",0,5705,"C012675",6.007564
"C018433",1,5732,"C012734",7.477422
"C018437",5,21482,"C047883",7.823433
"C018439",2,868,"C001904",4.602082
"C018440",3,16827,"C037407",2.399830
"C018442",0,5705,"C012675",5.995904
"C018445",1,5732,"C012734",7.612147
"C018446",3,16827,"C037407",6.871429
"C018447",2,868,"C001904",3.638333
"C018448",0,5705,"C012675",6.510055
"C018449",3,16827,"C037407",4.034677
"C018450",2,868,"C001904",8.084140
"C018451",4,9961,"C022249",3.539862
"C018452",4,9961,"C022249",2.288552
"C018453",5,21482,"C047883",0.437149
"C018457",3,16827,"C037407",8.933781
"C018463",2,868,"C001904",0.922283
"C018465",1,5732,"C012734",9.290096
"C018466",2,868,"C001904",6.142972
"C018469",0,5705,"C012675",5.478946
"C018472",3,16827,"C037407",1.113810
"C018474",2,868,"C001904",7.334216
"C018476",1,5732,"C012734",3.095339
"C018477",3,16827,"C037407",3.034629
"C018479",5,21482,"C047883",11.209843
"C018480",4,9961,"C022249",4.748391
"C018481",4,9961,"C022249",6.347505
"C018483",1,5732,"C012734",10.826981
"C018485",1,5732,"C012734",2.232182
"C018486",5,21482,"C047883",5.490690
"C018487",0,5705,"C012675",6.669655
"C018489",5,21482,"C047883",1.399168
"C018490",0,5705,"C012675",7.609280
"C018491",1,5732,"C012734",2.881967
"C018492",2,868,"C001904",4.799577
"C018494",5,21482,"C047883",2.269662
"C018496",1,5732,"C012734",1.884986
"C018497",2,868,"C001904",8.573797
"C018498",0,5705,"C012675",6.581083
"C018503",5,21482,"C047883",3.478220
"C018505",4,9961,"C022249",0.727722
"C018506",5,21482,"C047883",10.452595
"C018509",5,21482,"C047883",8.745497
"C018510",4,9961,"C022249",3.081109
"C018514",5,21482,"C047883",6.269703
"C018517",5,21482,"C047883",9.813621
"C018520",5,21482,"C047883",9.629212
"C018523",5,21482,"C047883",2.209065
"C018525",5,21482,"C047883",3.661103
"C018526",1,5732,"C012734",1.572276
"C018527",4,9961,"C022249",3.123486
"C018528",1,5732,"C012734",7.151949
"C018529",0,5705,"C012675",3.429800
"C018530",1,5732,"C012734",13.792285
"C018533",0,5705,"C012675",6.457547
"C018535",1,5732,"C012734",0.815416
"C018537",4,9961,"C022249",3.216703
"C018540",0,5705,"C012675",5.132310
"C018543",2,868,"C001904",0.854850
"C018545",1,5732,"C012734",5.267331
"C018547",3,16827,"C037407",2.566339
"C018548",5,21482,"C047883",0.253021
"C018549",1,5732,"C012734",6.531842
"C018550",1,5732,"C012734",3.255328
"C018552",1,5732,"C012734",14.268016
"C018554",0,5705,"C012675",5.827277
"C018555",1,5732,"C012734",5.838541
"C018557",0,5705,"C012675",3.320101
"C018558",4,9961,"C022249",0.483896
"C018560",1,5732,"C012734",5.815987
"C018563",5,21482,"C047883",11.956497
"C018565",5,21482,"C047883",2.736318
"C018567",5,21482,"C047883",2.651926
"C018569",5,21482,"C047883",12.942888
"C018570",0,5705,"C012675",10.251588
"C018571",5,21482,"C047883",8.463076
"C018572",1,5732,"C012734",2.501487
"C018573",5,21482,"C047883",13.802696
"C018575",2,868,"C001904",3.183860
"C018578",0,5705,"C012675",6.877006
"C018580",0,5705,"C012675",9.282165
"C018581",0,5705,"C012675",3.714485
"C018582",4,9961,"C022249",3.626418
"C018583",1,5732,"C012734",14.569394
"C018584",0,5705,"C012675",1.549004
"C018585",4,9961,"C022249",4.188882
"C018586",3,16827,"C037407",3.686515
"C018589",1,5732,"C012734",3.264432
"C018591",0,5705,"C012675",6.188009
"C018592",3,16827,"C037407",0.742657
"C018597",0,5705,"C012675",1.011676
"C018599",0,5705,"C012675",5.117247
"C018600",1,5732,"C012734",16.581476
"C018601",2,868,"C001904",3.581544
"C018602",1,5732,"C012734",10.539461
"C018606",4,9961,"C022249",3.737147
"C018609",4,9961,"C022249",3.557446
"C018610",5,21482,"C047883",7.519864
"C018611",3,16827,"C037407",6.614211
"C018612",1,5732,"C012734",6.810743
"C018613",3,16827,"C037407",5.485517
"C018615",0,5705,"C012675",9.027377
"C018616",5,21482,"C047883",8.130160
"C018617",1,5732,"C012734",10.978330
"C018618",4,9961,"C022249",2.883605
"C018620",0,5705,"C012675",1.133448
"C018622",3,16827,"C037407",3.825915
"C018623",0,5705,"C012675",3.846430
"C018625",1,5732,"C012734",13.799396
"C018627",1,5732,"C012734",6.704068
"C018628",1,5732,"C012734",9.661393
"C018631",2,868,"C001904",3.873312
"C018632",3,16827,"C037407",0.577953
"C018633",3,16827,"C037407",4.500307
"C018635",1,5732,"C012734",6.793917
"C018636",1,5732,"C012734",4.394813
"C018637",5,21482,"C047883",4.072096
"C018638",1,5732,"C012734",2.352395
"C018639",5,21482,"C047883",3.463663
"C018641",1,5732,"C012734",12.428416
"C018643",4,9961,"C022249",1.489580
"C018647",3,16827,"C037407",5.386262
"C018648",2,868,"C001904",2.602772
"C018660",1,5732,"C012734",9.585911
"C018665",5,21482,"C047883",12.261774
"C018666",4,9961,"C022249",3.347543
"C018667",2,868,"C001904",5.603806
"C018669",0,5705,"C012675",4.761121
"C018671",1,5732,"C012734",2.775237
"C018672",5,21482,"C047883",1.744225
"C018673",2,868,"C001904",4.776319
"C018676",2,868,"C001904",4.559690
"C018678",1,5732,"C012734",3.065593
"C018682",2,868,"C001904",7.555768
"C018683",2,868,"C001904",4.590651
"C018688",5,21482,"C047883",9.962172
"C018690",5,21482,"C047883",2.310591
"C018692",1,5732,"C012734",2.887975
"C018693",5,21482,"C047883",5.826832
"C018695",0,5705,"C012675",1.401875
"C018697",2,868,"C001904",6.135301
"C018699",0,5705,"C012675",2.366407
"C018703",0,5705,"C012675",9.653445
"C018704",1,5732,"C012734",1.322977
"C018706",3,16827,"C037407",7.989826
"C018708",4,9961,"C022249",4.334750
"C018709",3,16827,"C037407",7.690537
"C018711",1,5732,"C012734",6.310962
"C018713",5,21482,"C047883",1.991364
"C018715",2,868,"C001904",4.360359
"C018718",5,21482,"C047883",2.494759
"C018720",3,16827,"C037407",6.121116
"C018722",5,21482,"C047883",1.313317
"C018723",5,21482,"C047883",11.112436
"C018724",5,21482,"C047883",10.283434
"C018725",3,16827,"C037407",2.201664
"C018727",2,868,"C001904",5.529130
"C018728",1,5732,"C012734",6.496085
"C018732",0,5705,"C012675",6.580606
"C018734",0,5705,"C012675",8.461422
"C018737",0,5705,"C012675",6.743313
"C018739",5,21482,"C047883",14.230244
"C018743",0,5705,"C012675",0.350948
"C018744",5,21482,"C047883",14.105530
"C018745",4,9961,"C022249",9.824815
"C018746",4,9961,"C022249",5.601554
"C018748",4,9961,"C022249",2.219201
"C018750",0,5705,"C012675",0.694564
"C018759",1,5732,"C012734",8.504280
"C018760",1,5732,"C012734",1.564598
"C018763",1,5732,"C012734",16.745956
"C018765",1,5732,"C012734",11.209061
"C018766",1,5732,"C012734",5.892693
"C018767",5,21482,"C047883",12.396978
"C018768",0,5705,"C012675",3.744850
"C018770",1,5732,"C012734",3.416199
"C018773",1,5732,"C012734",3.575062
"C018774",2,868,"C001904",6.260788
"C018775",3,16827,"C037407",1.084959
"C018777",0,5705,"C012675",8.268972
"C018779",1,5732,"C012734",2.976705
"C018782",1,5732,"C012734",8.524833
"C018784",5,21482,"C047883",2.898481
"C018785",0,5705,"C012675",6.440097
"C018786",4,9961,"C022249",3.155145
"C018787",5,21482,"C047883",2.128956
"C018788",0,5705,"C012675",3.052527
"C018793",5,21482,"C047883",11.901999
"C018794",3,16827,"C037407",4.582816
"C018795",1,5732,"C012734",7.689988
"C018796",5,21482,"C047883",10.669312
"C018798",3,16827,"C037407",4.262758
"C018799",5,21482,"C047883",8.354371
"C018804",2,868,"C001904",8.597338
"C018805",1,5732,"C012734",6.121700
"C018807",1,5732,"C012734",14.652982
"C018810",1,5732,"C012734",8.478406
"C018818",1,5732,"C012734",2.876995
"C018819",1,5732,"C012734",9.128712
"C018820",1,5732,"C012734",4.533761
"C018824",0,5705,"C012675",3.780169
"C018825",0,5705,"C012675",2.006841
"C018827",4,9961,"C022249",1.719317
"C018828",2,868,"C001904",3.730355
"C018833",4,9961,"C022249",4.963006
"C018834",1,5732,"C012734",5.795367
"C018836",0,5705,"C012675",4.563549
"C018838",1,5732,"C012734",6.564100
"C018839",5,21482,"C047883",7.082020
"C018841",4,9961,"C022249",0.254600
"C018843",2,868,"C001904",9.191228
"C018845",5,21482,"C047883",8.223024
"C018847",1,5732,"C012734",15.239737
"C018848",2,868,"C001904",8.392902
"C018850",5,21482,"C047883",1.934934
"C018851",0,5705,"C012675",0.522778
"C018855",4,9961,"C022249",2.466059
"C018857",4,9961,"C022249",3.359254
"C018858",1,5732,"C012734",5.248253
"C018862",4,9961,"C022249",5.369190
"C018863",0,5705,"C012675",6.454414
"C018864",3,16827,"C037407",1.281815
"C018871",0,5705,"C012675",4.424387
"C018872",4,9961,"C022249",1.516727
"C018873",0,5705,"C012675",8.705220
"C018876",4,9961,"C022249",4.026284
"C018880",5,21482,"C047883",13.016767
"C018881",1,5732,"C012734",9.579851
"C018883",1,5732,"C012734",14.920253
"C018884",0,5705,"C012675",7.435705
"C018885",1,5732,"C012734",6.191505
"C018888",5,21482,"C047883",6.108359
"C018890",0,5705,"C012675",5.648045
"C018891",4,9961,"C022249",1.070450
"C018892",4,9961,"C022249",3.459633
"C018893",1,5732,"C012734",3.033926
"C018895",5,21482,"C047883",6.905419
"C018896",0,5705,"C012675",5.441726
"C018898",0,5705,"C012675",1.802109
"C018899",1,5732,"C012734",10.781581
"C018900",0,5705,"C012675",3.536116
"C018902",5,21482,"C047883",7.882817
"C018903",5,21482,"C047883",3.030881
"C018904",2,868,"C001904",1.798454
"C018906",0,5705,"C012675",8.074039
"C018907",5,21482,"C047883",2.756750
"C018914",1,5732,"C012734",9.889204
"C018917",5,21482,"C047883",15.847065
"C018918",5,21482,"C047883",5.936975
"C018920",1,5732,"C012734",15.402376
"C018925",0,5705,"C012675",7.923060
"C018928",5,21482,"C047883",8.752057
"C018929",2,868,"C001904",6.797656
"C018933",2,868,"C001904",0.593323
"C018935",5,21482,"C047883",3.188110
"C018938",5,21482,"C047883",7.759666
"C018939",0,5705,"C012675",8.166041
"C018943",0,5705,"C012675",3.587122
"C018950",0,5705,"C012675",4.550197
"C018954",2,868,"C001904",2.645672
"C018957",0,5705,"C012675",2.938808
"C018964",2,868,"C001904",6.234791
"C018967",5,21482,"C047883",1.364662
"C018974",5,21482,"C047883",5.076921
"C018977",2,868,"C001904",3.830955
"C018978",4,9961,"C022249",3.521512
"C018979",1,5732,"C012734",12.526096
"C018987",1,5732,"C012734",2.632934
"C018991",2,868,"C001904",1.408030
"C018998",5,21482,"C047883",14.480733
"C018999",3,16827,"C037407",2.165784
"C019001",3,16827,"C037407",4.084281
"C019005",1,5732,"C012734",2.060859
"C019006",2,868,"C001904",6.284242
"C019007",0,5705,"C012675",5.628059
"C019008",5,21482,"C047883",4.236754
"C019014",5,21482,"C047883",12.653273
"C019015",4,9961,"C022249",6.340996
"C019016",2,868,"C001904",3.380457
"C019017",1,5732,"C012734",3.894863
"C019020",0,5705,"C012675",4.100044
"C019025",1,5732,"C012734",7.505791
"C019029",3,16827,"C037407",3.660290
"C019031",5,21482,"C047883",9.777684
"C019033",4,9961,"C022249",4.788649
"C019034",1,5732,"C012734",9.553195
"C019037",1,5732,"C012734",8.600793
"C019040",5,21482,"C047883",6.326879
"C019041",2,868,"C001904",5.237146
"C019043",0,5705,"C012675",4.863051
"C019047",5,21482,"C047883",11.435656
"C019049",0,5705,"C012675",5.187793
"C019051",1,5732,"C012734",6.554736
"C019052",1,5732,"C012734",8.911064
"C019053",0,5705,"C012675",5.432059
"C019056",2,868,"C001904",6.820245
"C019057",2,868,"C001904",5.881670
"C019058",1,5732,"C012734",6.330503
"C019060",3,16827,"C037407",8.977565
"C019061",1,5732,"C012734",4.344600
"C019064",3,16827,"C037407",8.349793
"C019065",0,5705,"C012675",0.431505
"C019068",4,9961,"C022249",5.848641
"C019069",5,21482,"C047883",10.021694
"C019070",4,9961,"C022249",4.430285
"C019071",1,5732,"C012734",7.010280
"C019072",4,9961,"C022249",0.993693
"C019074",3,16827,"C037407",0.750316
"C019077",1,5732,"C012734",5.768972
"C019081",5,21482,"C047883",10.567188
"C019084",5,21482,"C047883",3.239617
"C019086",3,16827,"C037407",2.676856
"C019089",0,5705,"C012675",10.627189
"C019094",2,868,"C001904",10.420209
"C019095",5,21482,"C047883",1.567200
"C019097",4,9961,"C022249",2.193183
"C019098",5,21482,"C047883",7.881470
"C019099",5,21482,"C047883",12.920045
"C019100",5,21482,"C047883",11.664552
"C019103",0,5705,"C012675",2.224980
"C019104",0,5705,"C012675",4.637697
"C019105",4,9961,"C022249",2.604315
"C019106",1,5732,"C012734",10.753427
"C019111",0,5705,"C012675",4.396134
"C019112",2,868,"C001904",5.933418
"C019114",5,21482,"C047883",0.252436
"C019116",4,9961,"C022249",3.598109
"C019117",4,9961,"C022249",3.396686
"C019118",0,5705,"C012675",6.016212
"C019119",5,21482,"C047883",11.657372
"C019121",1,5732,"C012734",1.961025
"C019122",3,16827,"C037407",6.119181
"C019124",2,868,"C001904",1.067596
"C019126",0,5705,"C012675",3.601096
"C019129",2,868,"C001904",6.977573
"C019131",5,21482,"C047883",0.770322
"C019133",0,5705,"C012675",3.675741
"C019134",5,21482,"C047883",3.875468
"C019137",3,16827,"C037407",1.381671
"C019138",0,5705,"C012675",7.209471
"C019144",1,5732,"C012734",14.480538
"C019145",5,21482,"C047883",1.548824
"C019150",5,21482,"C047883",7.767236
"C019152",1,5732,"C012734",13.965055
"C019153",1,5732,"C012734",9.246964
"C019154",0,5705,"C012675",2.596156
"C019158",4,9961,"C022249",4.754983
"C019160",0,5705,"C012675",1.992299
"C019164",5,21482,"C047883",8.525173
"C019165",5,21482,"C047883",5.238299
"C019168",5,21482,"C047883",2.631362
"C019169",5,21482,"C047883",6.292069
"C019170",0,5705,"C012675",2.994855
"C019171",1,5732,"C012734",5.301570
"C019176",5,21482,"C047883",4.158018
"C019177",3,16827,"C037407",9.966782
"C019178",2,868,"C001904",10.872777
"C019180",1,5732,"C012734",6.254346
"C019181",0,5705,"C012675",6.808089
"C019183",5,21482,"C047883",10.417785
"C019184",1,5732,"C012734",6.822340
"C019185",2,868,"C001904",3.514524
"C019186",1,5732,"C012734",1.592980
"C019190",3,16827,"C037407",2.366241
"C019191",4,9961,"C022249",4.693265
"C019192",1,5732,"C012734",8.163591
"C019194",1,5732,"C012734",4.605290
"C019197",5,21482,"C047883",8.812905
"C019199",1,5732,"C012734",6.138463
"C019201",5,21482,"C047883",8.607893
"C019203",1,5732,"C012734",13.359283
"C019207",0,5705,"C012675",7.951802
"C019208",4,9961,"C022249",0.565221
"C019209",1,5732,"C012734",7.525757
"C019212",3,16827,"C037407",10.102032
"C019213",3,16827,"C037407",3.679576
"C019216",1,5732,"C012734",6.696916
"C019217",2,868,"C001904",0.278690
"C019218",1,5732,"C012734",2.380886
"C019220",5,21482,"C047883",14.874706
"C019221",1,5732,"C012734",3.402419
"C019227",3,16827,"C037407",0.535384
"C019228",5,21482,"C047883",2.652575
"C019229",4,9961,"C022249",3.226310
"C019230",5,21482,"C047883",7.722297
"C019232",5,21482,"C047883",3.504080
"C019234",1,5732,"C012734",2.737760
"C019236",1,5732,"C012734",4.666224
"C019237",2,868,"C001904",9.771015
"C019239",1,5732,"C012734",8.847230
"C019242",3,16827,"C037407",4.974741
"C019245",1,5732,"C012734",6.177556
"C019246",0,5705,"C012675",7.102496
"C019249",4,9961,"C022249",3.726811
"C019251",0,5705,"C012675",5.430104
"C019252",5,21482,"C047883",2.182399
"C019253",5,21482,"C047883",1.004097
"C019254",5,21482,"C047883",5.818353
"C019255",5,21482,"C047883",8.749932
"C019256",5,21482,"C047883",10.012197
"C019257",3,16827,"C037407",5.571014
"C019259",2,868,"C001904",3.899205
"C019263",5,21482,"C047883",7.696515
"C019264",1,5732,"C012734",1.433006
"C019265",3,16827,"C037407",3.642006
"C019269",0,5705,"C012675",5.155781
"C019270",1,5732,"C012734",5.327031
"C019271",0,5705,"C012675",3.809756
"C019272",4,9961,"C022249",0.998884
"C019279",0,5705,"C012675",4.543310
"C019280",5,21482,"C047883",10.091940
"C019281",4,9961,"C022249",4.336135
"C019282",4,9961,"C022249",4.153190
"C019283",1,5732,"C012734",8.616545
"C019285",1,5732,"C012734",14.550418
"C019286",0,5705,"C012675",4.936553
"C019294",4,9961,"C022249",4.749170
"C019295",2,868,"C001904",5.751776
"C019296",1,5732,"C012734",1.933323
"C019297",4,9961,"C022249",4.250902
"C019298",4,9961,"C022249",5.948276
"C019299",5,21482,"C047883",12.429589
"C019301",5,21482,"C047883",5.389985
"C019302",3,16827,"C037407",3.190401
"C019303",0,5705,"C012675",7.140287
"C019305",2,868,"C001904",10.148486
"C019306",5,21482,"C047883",8.614284
"C019307",2,868,"C001904",4.099869
"C019310",5,21482,"C047883",5.235663
"C019312",1,5732,"C012734",10.199950
"C019316",0,5705,"C012675",6.414191
"C019319",0,5705,"C012675",4.178526
"C019322",0,5705,"C012675",1.694334
"C019324",4,9961,"C022249",3.223537
"C019326",5,21482,"C047883",10.725682
"C019327",1,5732,"C012734",2.835203
"C019328",5,21482,"C047883",10.855989
"C019331",1,5732,"C012734",6.462473
"C019332",1,5732,"C012734",1.660858
"C019333",1,5732,"C012734",5.839049
"C019335",5,21482,"C047883",4.374103
"C019337",3,16827,"C037407",5.131993
"C019341",5,21482,"C047883",9.065484
"C019342",5,21482,"C047883",9.625507
"C019344",4,9961,"C022249",4.348762
"C019346",5,21482,"C047883",6.221390
"C019347",1,5732,"C012734",6.811392
"C019350",5,21482,"C047883",5.298509
"C019351",5,21482,"C047883",5.025709
"C019352",1,5732,"C012734",6.864193
"C019354",5,21482,"C047883",5.686828
"C019355",5,21482,"C047883",7.207410
"C019358",2,868,"C001904",12.428941
"C019360",5,21482,"C047883",6.506742
"C019362",2,868,"C001904",8.753161
"C019363",1,5732,"C012734",13.708121
"C019366",5,21482,"C047883",11.803501
"C019369",1,5732,"C012734",11.048957
"C019372",3,16827,"C037407",8.250281
"C019378",0,5705,"C012675",5.376575
"C019380",1,5732,"C012734",15.795414
"C019384",1,5732,"C012734",3.918092
"C019385",3,16827,"C037407",7.457641
"C019387",5,21482,"C047883",7.104280
"C019388",5,21482,"C047883",13.955603
"C019392",5,21482,"C047883",7.187953
"C019396",0,5705,"C012675",7.599467
"C019398",2,868,"C001904",7.154915
"C019400",1,5732,"C012734",5.350097
"C019406",4,9961,"C022249",3.317083
"C019411",0,5705,"C012675",3.915003
"C019415",1,5732,"C012734",3.312005
"C019416",3,16827,"C037407",2.570476
"C019417",3,16827,"C037407",6.979856
"C019419",1,5732,"C012734",6.412630
"C019420",0,5705,"C012675",5.656281
"C019421",5,21482,"C047883",8.736422
"C019429",5,21482,"C047883",5.779451
"C019430",0,5705,"C012675",2.547399
"C019431",1,5732,"C012734",14.921839
"C019433",2,868,"C001904",0.653992
"C019437",3,16827,"C037407",1.699991
"C019438",5,21482,"C047883",5.986451
"C019439",5,21482,"C047883",13.587222
"C019441",2,868,"C001904",2.239585
"C019442",2,868,"C001904",9.380062
"C019444",4,9961,"C022249",3.750041
"C019446",3,16827,"C037407",3.960294
"C019448",1,5732,"C012734",1.149630
"C019451",1,5732,"C012734",6.747557
"C019455",0,5705,"C012675",5.395218
"C019456",5,21482,"C047883",2.193001
"C019457",5,21482,"C047883",4.099730
"C019459",2,868,"C001904",6.271521
"C019469",1,5732,"C012734",4.577589
"C019472",0,5705,"C012675",5.688824
"C019473",1,5732,"C012734",14.934972
"C019474",1,5732,"C012734",4.267621
"C019475",0,5705,"C012675",7.494816
"C019478",1,5732,"C012734",9.969775
"C019479",5,21482,"C047883",3.532015
"C019484",4,9961,"C022249",2.416946
"C019487",5,21482,"C047883",7.780969
"C019488",5,21482,"C047883",3.867117
"C019489",1,5732,"C012734",14.626241
"C019490",5,21482,"C047883",2.552302
"C019491",2,868,"C001904",5.937233
"C019493",2,868,"C001904",6.254941
"C019495",0,5705,"C012675",3.104714
"C019496",0,5705,"C012675",4.272217
"C019497",2,868,"C001904",3.826341
"C019498",1,5732,"C012734",3.163450
"C019500",2,868,"C001904",8.224026
"C019501",1,5732,"C012734",0.979638
"C019503",2,868,"C001904",3.773883
"C019505",2,868,"C001904",2.918287
"C019510",3,16827,"C037407",3.138873
"C019511",1,5732,"C012734",14.410679
"C019516",2,868,"C001904",5.353204
"C019519",5,21482,"C047883",1.122997
"C019521",5,21482,"C047883",1.774680
"C019525",3,16827,"C037407",8.844088
"C019531",3,16827,"C037407",7.715097
"C019534",0,5705,"C012675",1.182223
"C019535",0,5705,"C012675",6.539015
"C019537",1,5732,"C012734",3.258997
"C019543",5,21482,"C047883",2.813750
"C019544",0,5705,"C012675",5.691628
"C019545",2,868,"C001904",10.696195
"C019552",0,5705,"C012675",1.527501
"C019553",5,21482,"C047883",4.273495
"C019554",3,16827,"C037407",0.547275
"C019555",5,21482,"C047883",4.249343
"C019556",2,868,"C001904",2.223963
"C019557",2,868,"C001904",6.501062
"C019558",3,16827,"C037407",9.391439
"C019561",0,5705,"C012675",4.713181
"C019565",1,5732,"C012734",8.948443
"C019566",1,5732,"C012734",6.907234
"C019571",2,868,"C001904",4.976173
"C019575",5,21482,"C047883",1.930065
"C019577",1,5732,"C012734",5.528347
"C019581",5,21482,"C047883",5.663346
"C019584",0,5705,"C012675",8.318344
"C019590",4,9961,"C022249",1.392857
"C019593",4,9961,"C022249",2.985247
"C019594",5,21482,"C047883",4.891416
"C019600",5,21482,"C047883",9.617740
"C019604",0,5705,"C012675",6.959858
"C019606",2,868,"C001904",9.416279
"C019609",2,868,"C001904",8.302176
"C019615",1,5732,"C012734",6.712591
"C019617",5,21482,"C047883",9.903252
"C019619",1,5732,"C012734",2.053295
"C019621",3,16827,"C037407",7.158264
"C019631",5,21482,"C047883",6.450631
"C019637",1,5732,"C012734",8.369854
"C019642",1,5732,"C012734",0.870298
"C019644",0,5705,"C012675",5.498661
"C019645",4,9961,"C022249",2.800855
"C019648",2,868,"C001904",3.396112
"C019649",4,9961,"C022249",1.968287
"C019650",1,5732,"C012734",9.669038
"C019651",5,21482,"C047883",3.490496
"C019652",4,9961,"C022249",2.839894
"C019654",1,5732,"C012734",9.422746
"C019655",5,21482,"C047883",1.997525
"C019656",0,5705,"C012675",9.905643
"C019657",5,21482,"C047883",6.383692
"C019659",5,21482,"C047883",3.084230
"C019661",0,5705,"C012675",3.678837
"C019667",0,5705,"C012675",9.025755
"C019668",4,9961,"C022249",4.307079
"C019669",1,5732,"C012734",6.050696
"C019672",4,9961,"C022249",6.071238
"C019673",3,16827,"C037407",1.686965
"C019674",1,5732,"C012734",4.166032
"C019675",2,868,"C001904",8.110223
"C019676",5,21482,"C047883",11.512718
"C019677",4,9961,"C022249",2.110869
"C019678",1,5732,"C012734",5.530983
"C019680",0,5705,"C012675",5.654691
"C019682",4,9961,"C022249",2.038191
"C019683",0,5705,"C012675",0.871583
"C019687",0,5705,"C012675",3.786668
"C019692",0,5705,"C012675",10.278275
"C019695",4,9961,"C022249",0.779974
"C019696",3,16827,"C037407",0.828805
"C019699",0,5705,"C012675",7.672807
"C019700",3,16827,"C037407",4.251637
"C019701",2,868,"C001904",6.445491
"C019702",1,5732,"C012734",6.379650
"C019704",3,16827,"C037407",5.097857
"C019707",5,21482,"C047883",11.657030
"C019715",4,9961,"C022249",1.868224
"C019719",0,5705,"C012675",1.732678
"C019722",2,868,"C001904",11.125525
"C019726",2,868,"C001904",8.580224
"C019728",2,868,"C001904",3.554807
"C019729",1,5732,"C012734",5.782961
"C019731",5,21482,"C047883",10.312651
"C019733",5,21482,"C047883",5.274294
"C019737",5,21482,"C047883",7.456622
"C019738",5,21482,"C047883",5.254310
"C019743",0,5705,"C012675",0.573105
"C019744",1,5732,"C012734",2.374817
"C019747",1,5732,"C012734",6.453023
"C019751",5,21482,"C047883",10.989190
"C019752",1,5732,"C012734",9.533583
"C019754",5,21482,"C047883",8.166427
"C019756",5,21482,"C047883",13.719244
"C019758",0,5705,"C012675",4.781538
"C019761",5,21482,"C047883",1.904449
"C019763",3,16827,"C037407",4.764705
"C019764",0,5705,"C012675",3.689277
"C019767",1,5732,"C012734",6.719901
"C019768",1,5732,"C012734",6.229311
"C019769",0,5705,"C012675",5.896541
"C019771",2,868,"C001904",6.766765
"C019774",5,21482,"C047883",6.991371
"C019777",5,21482,"C047883",9.542841
"C019778",3,16827,"C037407",2.309298
"C019780",2,868,"C001904",9.983965
"C019786",1,5732,"C012734",9.863140
"C019788",4,9961,"C022249",1.757122
"C019789",1,5732,"C012734",7.426811
"C019790",0,5705,"C012675",5.128626
"C019791",0,5705,"C012675",3.891368
"C019795",1,5732,"C012734",5.484468
"C019796",5,21482,"C047883",11.419627
"C019797",1,5732,"C012734",16.717699
"C019800",1,5732,"C012734",7.838508
"C019807",2,868,"C001904",10.095271
"C019809",3,16827,"C037407",9.136947
"C019810",0,5705,"C012675",9.158531
"C019812",1,5732,"C012734",6.205585
"C019815",1,5732,"C012734",11.595809
"C019816",1,5732,"C012734",15.942565
"C019820",1,5732,"C012734",3.451592
"C019821",4,9961,"C022249",4.996015
"C019822",1,5732,"C012734",6.945155
"C019823",1,5732,"C012734",10.923261
"C019827",5,21482,"C047883",12.867740
"C019828",5,21482,"C047883",1.236612
"C019833",5,21482,"C047883",5.126582
"C019834",2,868,"C001904",1.759307
"C019835",5,21482,"C047883",4.483895
"C019836",1,5732,"C012734",3.635701
"C019837",5,21482,"C047883",6.922220
"C019838",1,5732,"C012734",0.462585
"C019839",1,5732,"C012734",2.124213
"C019841",2,868,"C001904",3.185714
"C019842",2,868,"C001904",9.826298
"C019843",5,21482,"C047883",0.724487
"C019845",1,5732,"C012734",6.962143
"C019847",0,5705,"C012675",7.423958
"C019848",1,5732,"C012734",5.209260
"C019850",0,5705,"C012675",5.371302
"C019852",1,5732,"C012734",1.507929
"C019854",5,21482,"C047883",8.569425
"C019855",4,9961,"C022249",3.597140
"C019857",2,868,"C001904",2.779883
"C019861",4,9961,"C022249",4.567330
"C019862",2,868,"C001904",1.875875
"C019864",5,21482,"C047883",7.848279
"C019867",4,9961,"C022249",4.947118
"C019871",5,21482,"C047883",5.051265
"C019873",3,16827,"C037407",2.511760
"C019875",4,9961,"C022249",2.695251
"C019877",0,5705,"C012675",1.205341
"C019879",2,868,"C001904",8.397385
"C019880",4,9961,"C022249",1.493908
"C019881",5,21482,"C047883",5.375697
"C019883",1,5732,"C012734",6.436381
"C019884",1,5732,"C012734",9.426314
"C019889",5,21482,"C047883",5.564362
"C019890",3,16827,"C037407",2.702043
"C019891",1,5732,"C012734",16.144065
"C019892",0,5705,"C012675",9.668438
"C019894",1,5732,"C012734",16.563470
"C019895",2,868,"C001904",4.859463
"C019898",4,9961,"C022249",5.725574
"C019899",5,21482,"C047883",13.076271
"C019901",3,16827,"C037407",10.013141
"C019902",0,5705,"C012675",3.104301
"C019903",5,21482,"C047883",1.700138
"C019908",0,5705,"C012675",4.017281
"C019909",2,868,"C001904",3.784406
"C019912",5,21482,"C047883",11.168214
"C019915",1,5732,"C012734",7.237364
"C019917",5,21482,"C047883",5.097381
"C019921",5,21482,"C047883",10.803384
"C019923",5,21482,"C047883",9.988890
"C019925",0,5705,"C012675",4.685970
"C019926",0,5705,"C012675",3.853642
"C019930",5,21482,"C047883",3.756849
"C019931",1,5732,"C012734",12.666487
"C019934",0,5705,"C012675",9.756273
"C019937",4,9961,"C022249",0.612307
"C019940",1,5732,"C012734",4.011035
"C019942",0,5705,"C012675",7.239446
"C019950",1,5732,"C012734",3.442336
"C019951",1,5732,"C012734",7.835268
"C019952",1,5732,"C012734",2.145589
"C019956",1,5732,"C012734",7.094601
"C019957",5,21482,"C047883",8.295065
"C019958",5,21482,"C047883",8.964929
"C019960",5,21482,"C047883",7.477766
"C019962",4,9961,"C022249",0.461144
"C019963",4,9961,"C022249",6.129823
"C019969",0,5705,"C012675",7.601296
"C019972",0,5705,"C012675",4.904621
"C019973",0,5705,"C012675",5.433602
"C019975",2,868,"C001904",4.158537
"C019979",0,5705,"C012675",6.178876
"C019982",2,868,"C001904",5.761403
"C019983",3,16827,"C037407",8.537879
"C019984",4,9961,"C022249",1.235510
"C019985",1,5732,"C012734",13.107728
"C019988",1,5732,"C012734",13.105636
"C019990",2,868,"C001904",11.109892
"C019992",2,868,"C001904",3.643214
"C019997",5,21482,"C047883",2.719432
"C019998",1,5732,"C012734",6.453709
"C019999",1,5732,"C012734",3.348331
"C020000",0,5705,"C012675",2.397667
"C020001",2,868,"C001904",8.404084
"C020007",4,9961,"C022249",4.248903
"C020010",3,16827,"C037407",5.064680
"C020011",2,868,"C001904",5.609164
"C020012",4,9961,"C022249",2.214687
"C020013",3,16827,"C037407",5.507879
"C020015",2,868,"C001904",1.696326
"C020017",0,5705,"C012675",4.361143
"C020018",2,868,"C001904",7.945923
"C020019",0,5705,"C012675",7.907344
"C020020",0,5705,"C012675",3.544484
"C020028",2,868,"C001904",6.774061
"C020029",2,868,"C001904",7.315359
"C020030",4,9961,"C022249",3.726472
"C020035",2,868,"C001904",2.379608
"C020038",3,16827,"C037407",1.466973
"C020041",3,16827,"C037407",9.805679
"C020042",3,16827,"C037407",7.497158
"C020045",5,21482,"C047883",7.128037
"C020047",2,868,"C001904",2.166355
"C020049",1,5732,"C012734",12.554314
"C020054",4,9961,"C022249",5.517273
"C020056",4,9961,"C022249",0.656152
"C020062",2,868,"C001904",9.465474
"C020063",0,5705,"C012675",2.854836
"C020064",2,868,"C001904",2.623329
"C020067",1,5732,"C012734",16.532106
"C020071",1,5732,"C012734",9.689983
"C020072",1,5732,"C012734",6.562851
"C020078",4,9961,"C022249",2.838565
"C020082",2,868,"C001904",6.450925
"C020083",4,9961,"C022249",2.990442
"C020089",1,5732,"C012734",3.839380
"C020090",5,21482,"C047883",6.988726
"C020091",1,5732,"C012734",12.203243
"C020092",5,21482,"C047883",2.485134
"C020096",5,21482,"C047883",5.365813
"C020099",1,5732,"C012734",12.710303
"C020101",2,868,"C001904",12.286763
"C020102",0,5705,"C012675",4.828719
"C020103",0,5705,"C012675",4.584607
"C020104",0,5705,"C012675",8.204239
"C020110",1,5732,"C012734",9.948659
"C020116",5,21482,"C047883",12.445747
"C020121",2,868,"C001904",6.655074
"C020123",1,5732,"C012734",1.632671
"C020124",1,5732,"C012734",13.136187
"C020125",3,16827,"C037407",2.836770
"C020127",2,868,"C001904",10.299499
"C020130",3,16827,"C037407",1.252377
"C020135",0,5705,"C012675",10.223964
"C020137",2,868,"C001904",2.607864
"C020139",5,21482,"C047883",3.543947
"C020140",5,21482,"C047883",4.028307
"C020147",1,5732,"C012734",2.568242
"C020148",0,5705,"C012675",2.468943
"C020157",0,5705,"C012675",5.568417
"C020158",5,21482,"C047883",14.839375
"C020161",0,5705,"C012675",5.478666
"C020164",0,5705,"C012675",8.429961
"C020166",2,868,"C001904",2.637758
"C020170",1,5732,"C012734",9.025395
"C020172",1,5732,"C012734",9.619983
"C020173",5,21482,"C047883",8.186003
"C020178",4,9961,"C022249",7.286818
"C020179",4,9961,"C022249",7.077260
"C020180",5,21482,"C047883",1.619365
"C020181",0,5705,"C012675",8.461092
"C020182",1,5732,"C012734",9.841976
"C020185",5,21482,"C047883",11.769339
"C020186",1,5732,"C012734",0.428803
"C020187",2,868,"C001904",7.184371
"C020188",1,5732,"C012734",7.791979
"C020189",1,5732,"C012734",7.719781
"C020193",3,16827,"C037407",2.685008
"C020194",5,21482,"C047883",8.620944
"C020199",3,16827,"C037407",3.486146
"C020200",1,5732,"C012734",15.406490
"C020202",4,9961,"C022249",2.369497
"C020203",0,5705,"C012675",7.839284
"C020206",4,9961,"C022249",1.998951
"C020207",1,5732,"C012734",13.362086
"C020209",5,21482,"C047883",3.960542
"C020210",2,868,"C001904",6.516525
"C020214",1,5732,"C012734",1.525457
"C020216",5,21482,"C047883",10.477706
"C020218",0,5705,"C012675",3.438652
"C020222",2,868,"C001904",1.523545
"C020224",0,5705,"C012675",7.243418
"C020226",5,21482,"C047883",7.142321
"C020234",5,21482,"C047883",4.308106
"C020239",1,5732,"C012734",10.688535
"C020240",1,5732,"C012734",10.725886
"C020242",1,5732,"C012734",3.186914
"C020247",3,16827,"C037407",6.902322
"C020248",5,21482,"C047883",9.277500
"C020249",0,5705,"C012675",6.029505
"C020251",4,9961,"C022249",5.112223
"C020254",0,5705,"C012675",1.249812
"C020255",3,16827,"C037407",1.589163
"C020259",4,9961,"C022249",3.970693
"C020260",3,16827,"C037407",7.391104
"C020261",5,21482,"C047883",0.959888
"C020262",5,21482,"C047883",9.122144
"C020264",5,21482,"C047883",10.341043
"C020265",1,5732,"C012734",8.270623
"C020267",0,5705,"C012675",10.312407
"C020269",5,21482,"C047883",1.344896
"C020272",4,9961,"C022249",1.627385
"C020276",2,868,"C001904",8.528481
"C020277",1,5732,"C012734",5.082072
"C020278",3,16827,"C037407",3.790212
"C020279",0,5705,"C012675",7.353229
"C020281",5,21482,"C047883",14.666106
"C020282",3,16827,"C037407",1.901319
"C020283",1,5732,"C012734",5.261656
"C020285",1,5732,"C012734",5.827776
"C020286",5,21482,"C047883",5.376563
"C020287",1,5732,"C012734",4.577678
"C020288",1,5732,"C012734",8.782594
"C020291",2,868,"C001904",2.761973
"C020292",2,868,"C001904",8.543381
"C020300",0,5705,"C012675",1.022739
"C020302",1,5732,"C012734",15.918818
"C020303",2,868,"C001904",8.941189
"C020304",5,21482,"C047883",12.383731
"C020306",3,16827,"C037407",6.105068
"C020307",3,16827,"C037407",1.480713
"C020310",1,5732,"C012734",14.583953
"C020311",0,5705,"C012675",3.492669
"C020312",3,16827,"C037407",3.420239
"C020314",2,868,"C001904",7.539382
"C020315",5,21482,"C047883",14.630705
"C020317",0,5705,"C012675",8.023599
"C020318",3,16827,"C037407",4.520798
"C020321",5,21482,"C047883",7.518075
"C020327",5,21482,"C047883",0.785228
"C020328",1,5732,"C012734",1.339591
"C020333",5,21482,"C047883",7.361167
"C020337",3,16827,"C037407",9.476588
"C020338",1,5732,"C012734",6.853788
"C020340",1,5732,"C012734",5.672594
"C020342",4,9961,"C022249",2.095529
"C020344",0,5705,"C012675",3.430164
"C020346",4,9961,"C022249",3.829240
"C020347",4,9961,"C022249",0.625089
"C020351",0,5705,"C012675",0.697959
"C020355",1,5732,"C012734",8.512225
"C020356",1,5732,"C012734",14.774061
"C020359",4,9961,"C022249",5.180317
"C020360",5,21482,"C047883",6.688581
"C020365",3,16827,"C037407",7.064568
"C020366",5,21482,"C047883",8.331623
"C020367",0,5705,"C012675",9.329726
"C020369",1,5732,"C012734",7.650838
"C020371",1,5732,"C012734",5.890080
"C020372",2,868,"C001904",3.926114
"C020377",1,5732,"C012734",5.730749
"C020379",4,9961,"C022249",3.002027
"C020384",4,9961,"C022249",2.240971
"C020385",5,21482,"C047883",8.331409
"C020388",0,5705,"C012675",6.986529
"C020390",0,5705,"C012675",5.384398
"C020391",2,868,"C001904",10.723559
"C020395",5,21482,"C047883",12.931530
"C020397",5,21482,"C047883",12.796912
"C020398",4,9961,"C022249",1.342777
"C020402",5,21482,"C047883",10.063211
"C020405",5,21482,"C047883",12.847949
"C020406",5,21482,"C047883",7.365165
"C020410",2,868,"C001904",8.110235
"C020415",1,5732,"C012734",3.384429
"C020416",2,868,"C001904",10.929720
"C020418",3,16827,"C037407",5.159698
"C020419",5,21482,"C047883",3.163812
"C020423",5,21482,"C047883",2.128848
"C020424",1,5732,"C012734",2.243368
"C020429",5,21482,"C047883",9.272660
"C020442",4,9961,"C022249",4.138872
"C020444",3,16827,"C037407",4.883340
"C020445",1,5732,"C012734",11.726821
"C020448",2,868,"C001904",7.207958
"C020453",2,868,"C001904",2.390616
"C020454",1,5732,"C012734",9.633506
"C020458",3,16827,"C037407",4.068404
"C020461",2,868,"C001904",4.359383
"C020466",5,21482,"C047883",6.446337
"C020467",0,5705,"C012675",4.902148
"C020468",5,21482,"C047883",6.090115
"C020471",2,868,"C001904",4.224686
"C020476",0,5705,"C012675",6.208874
"C020479",0,5705,"C012675",4.020098
"C020482",0,5705,"C012675",3.536995
"C020488",1,5732,"C012734",15.159656
"C020490",3,16827,"C037407",2.905350
"C020492",0,5705,"C012675",7.829574
"C020494",0,5705,"C012675",2.788733
"C020496",2,868,"C001904",2.740689
"C020498",5,21482,"C047883",11.462110
"C020499",3,16827,"C037407",5.470003
"C020501",5,21482,"C047883",7.449375
"C020502",1,5732,"C012734",3.785542
"C020503",0,5705,"C012675",4.907933
"C020505",2,868,"C001904",5.053804
"C020506",5,21482,"C047883",3.343962
"C020507",0,5705,"C012675",3.812029
"C020510",5,21482,"C047883",7.080397
"C020513",1,5732,"C012734",2.724920
"C020514",0,5705,"C012675",1.887663
"C020515",5,21482,"C047883",3.510136
"C020516",5,21482,"C047883",6.375568
"C020518",1,5732,"C012734",3.503734
"C020522",3,16827,"C037407",4.409021
"C020524",5,21482,"C047883",3.065462
"C020525",2,868,"C001904",8.708323
"C020528",3,16827,"C037407",7.534924
"C020529",2,868,"C001904",8.101553
"C020530",4,9961,"C022249",4.990404
"C020533",5,21482,"C047883",5.144081
"C020534",1,5732,"C012734",5.611390
"C020535",5,21482,"C047883",12.419977
"C020536",1,5732,"C012734",2.256117
"C020537",5,21482,"C047883",9.196259
"C020539",3,16827,"C037407",6.310876
"C020545",1,5732,"C012734",5.933792
"C020547",1,5732,"C012734",7.648613
"C020550",5,21482,"C047883",10.662153
"C020558",0,5705,"C012675",5.082284
"C020560",2,868,"C001904",11.818990
"C020566",2,868,"C001904",2.695611
"C020568",1,5732,"C012734",4.231491
"C020569",5,21482,"C047883",9.490264
"C020570",1,5732,"C012734",6.622826
"C020572",3,16827,"C037407",2.599341
"C020579",0,5705,"C012675",3.563873
"C020581",1,5732,"C012734",8.624456
"C020585",0,5705,"C012675",0.187349
"C020587",3,16827,"C037407",4.006281
"C020588",1,5732,"C012734",12.909441
"C020589",3,16827,"C037407",4.609332
"C020591",1,5732,"C012734",1.494754
"C020592",5,21482,"C047883",8.009453
"C020593",5,21482,"C047883",5.182312
"C020594",0,5705,"C012675",2.183632
"C020595",3,16827,"C037407",1.770397
"C020597",2,868,"C001904",5.189041
"C020600",5,21482,"C047883",1.360018
"C020601",2,868,"C001904",4.252429
"C020603",1,5732,"C012734",2.283491
"C020604",2,868,"C001904",3.436731
"C020609",0,5705,"C012675",1.977247
"C020616",5,21482,"C047883",8.412069
"C020620",3,16827,"C037407",7.774893
"C020621",5,21482,"C047883",13.235868
"C020622",1,5732,"C012734",3.291716
"C020623",2,868,"C001904",6.739821
"C020624",2,868,"C001904",8.844143
"C020625",5,21482,"C047883",7.014140
"C020626",2,868,"C001904",8.257422
"C020627",4,9961,"C022249",5.638821
"C020628",3,16827,"C037407",4.624753
"C020629",4,9961,"C022249",2.220064
"C020631",3,16827,"C037407",9.621784
"C020635",0,5705,"C012675",4.599488
"C020636",5,21482,"C047883",13.643353
"C020639",1,5732,"C012734",7.383891
"C020641",1,5732,"C012734",12.788708
"C020642",1,5732,"C012734",5.872156
"C020643",5,21482,"C047883",4.831501
"C020645",0,5705,"C012675",2.040765
"C020650",5,21482,"C047883",4.674203
"C020657",5,21482,"C047883",10.113170
"C020660",2,868,"C001904",7.279778
"C020662",3,16827,"C037407",0.713428
"C020663",5,21482,"C047883",12.782054
"C020665",1,5732,"C012734",5.410715
"C020666",3,16827,"C037407",3.500657
"C020667",1,5732,"C012734",2.449075
"C020668",0,5705,"C012675",4.866598
"C020672",5,21482,"C047883",4.152241
"C020673",0,5705,"C012675",4.604185
"C020677",0,5705,"C012675",8.788640
"C020678",1,5732,"C012734",3.970671
"C020681",2,868,"C001904",3.924975
"C020682",5,21482,"C047883",11.051930
"C020683",1,5732,"C012734",5.487547
"C020684",4,9961,"C022249",2.818146
"C020686",0,5705,"C012675",5.820731
"C020687",0,5705,"C012675",5.680988
"C020688",1,5732,"C012734",5.263049
"C020690",1,5732,"C012734",13.303352
"C020691",5,21482,"C047883",3.195514
"C020695",1,5732,"C012734",4.747304
"C020696",3,16827,"C037407",4.505183
"C020697",0,5705,"C012675",5.765795
"C020699",4,9961,"C022249",2.568807
"C020700",5,21482,"C047883",1.237244
"C020702",0,5705,"C012675",4.898690
"C020703",4,9961,"C022249",3.234209
"C020705",2,868,"C001904",8.126575
"C020712",5,21482,"C047883",7.513333
"C020715",3,16827,"C037407",7.111181
"C020716",5,21482,"C047883",2.112405
"C020717",0,5705,"C012675",3.947692
"C020718",5,21482,"C047883",14.979008
"C020719",0,5705,"C012675",8.488828
"C020721",2,868,"C001904",2.575883
"C020723",1,5732,"C012734",8.020990
"C020725",4,9961,"C022249",9.944059
"C020727",4,9961,"C022249",5.394069
"C020728",4,9961,"C022249",6.463832
"C020729",1,5732,"C012734",3.219352
"C020731",2,868,"C001904",9.809989
"C020732",5,21482,"C047883",10.290713
"C020735",1,5732,"C012734",10.491826
"C020740",5,21482,"C047883",8.717925
"C020742",5,21482,"C047883",9.897389
"C020743",5,21482,"C047883",11.860004
"C020744",3,16827,"C037407",6.068198
"C020746",0,5705,"C012675",5.579962
"C020748",2,868,"C001904",9.198768
"C020749",3,16827,"C037407",1.008360
"C020750",0,5705,"C012675",3.598707
"C020751",5,21482,"C047883",15.537334
"C020752",5,21482,"C047883",3.646574
"C020753",1,5732,"C012734",4.637901
"C020754",2,868,"C001904",8.862882
"C020755",0,5705,"C012675",6.086433
"C020758",2,868,"C001904",4.422192
"C020760",5,21482,"C047883",2.475730
"C020761",5,21482,"C047883",6.589632
"C020767",4,9961,"C022249",3.273964
"C020768",0,5705,"C012675",7.365392
"C020769",2,868,"C001904",6.360278
"C020771",1,5732,"C012734",0.412481
"C020773",4,9961,"C022249",4.595189
"C020774",4,9961,"C022249",3.546569
"C020775",4,9961,"C022249",4.209496
"C020779",5,21482,"C047883",5.338511
"C020780",1,5732,"C012734",5.395589
"C020781",1,5732,"C012734",11.489661
"C020782",3,16827,"C037407",3.250688
"C020783",3,16827,"C037407",2.807220
"C020785",1,5732,"C012734",3.440851
"C020786",3,16827,"C037407",6.895871
"C020790",5,21482,"C047883",3.121543
"C020791",2,868,"C001904",3.296347
"C020794",5,21482,"C047883",8.828729
"C020795",3,16827,"C037407",5.468420
"C020797",0,5705,"C012675",3.322118
"C020798",5,21482,"C047883",13.267283
"C020802",5,21482,"C047883",12.161581
"C020803",1,5732,"C012734",1.145369
"C020806",2,868,"C001904",2.559608
"C020809",0,5705,"C012675",7.391091
"C020810",2,868,"C001904",8.917523
"C020811",1,5732,"C012734",15.696854
"C020814",0,5705,"C012675",9.814676
"C020823",0,5705,"C012675",8.206337
"C020824",4,9961,"C022249",5.893597
"C020825",1,5732,"C012734",2.167658
"C020826",1,5732,"C012734",15.506836
"C020828",2,868,"C001904",2.017326
"C020836",1,5732,"C012734",10.829303
"C020837",3,16827,"C037407",3.951119
"C020838",0,5705,"C012675",1.755957
"C020840",5,21482,"C047883",1.098105
"C020841",5,21482,"C047883",3.067513
"C020842",5,21482,"C047883",10.621884
"C020843",0,5705,"C012675",9.182138
"C020847",4,9961,"C022249",4.308067
"C020848",5,21482,"C047883",9.207401
"C020849",1,5732,"C012734",6.357694
"C020850",5,21482,"C047883",10.587513
"C020855",4,9961,"C022249",4.924306
"C020856",1,5732,"C012734",10.807203
"C020859",1,5732,"C012734",11.907833
"C020864",0,5705,"C012675",6.406623
"C020865",2,868,"C001904",2.177652
"C020867",5,21482,"C047883",7.079394
"C020868",1,5732,"C012734",11.491861
"C020869",5,21482,"C047883",5.601207
"C020873",2,868,"C001904",4.152004
"C020875",0,5705,"C012675",7.773709
"C020876",0,5705,"C012675",7.293283
"C020879",2,868,"C001904",7.862373
"C020883",5,21482,"C047883",10.031908
"C020885",5,21482,"C047883",12.683760
"C020887",1,5732,"C012734",6.167746
"C020888",5,21482,"C047883",5.666949
"C020889",4,9961,"C022249",1.966140
"C020893",3,16827,"C037407",3.546127
"C020894",1,5732,"C012734",6.920927
"C020897",5,21482,"C047883",14.911947
"C020898",1,5732,"C012734",2.125969
"C020900",2,868,"C001904",8.167254
"C020903",4,9961,"C022249",6.100244
"C020914",4,9961,"C022249",0.564641
"C020915",1,5732,"C012734",6.979675
"C020916",5,21482,"C047883",15.407678
"C020917",5,21482,"C047883",6.467609
"C020921",5,21482,"C047883",5.019879
"C020923",0,5705,"C012675",1.388698
"C020927",2,868,"C001904",10.929361
"C020930",2,868,"C001904",2.651580
"C020931",5,21482,"C047883",4.242344
"C020932",1,5732,"C012734",5.535185
"C020934",4,9961,"C022249",3.594034
"C020937",4,9961,"C022249",4.612416
"C020938",4,9961,"C022249",7.750729
"C020939",1,5732,"C012734",7.802106
"C020941",1,5732,"C012734",2.668871
"C020943",4,9961,"C022249",3.360652
"C020944",3,16827,"C037407",1.485223
"C020947",2,868,"C001904",1.136810
"C020951",0,5705,"C012675",1.613850
"C020952",3,16827,"C037407",1.506318
"C020954",5,21482,"C047883",8.569441
"C020956",1,5732,"C012734",6.412891
"C020957",0,5705,"C012675",4.239061
"C020959",4,9961,"C022249",5.292020
"C020962",4,9961,"C022249",0.968828
"C020964",0,5705,"C012675",4.581433
"C020969",5,21482,"C047883",12.732102
"C020970",1,5732,"C012734",3.270856
"C020973",5,21482,"C047883",1.607178
"C020974",1,5732,"C012734",3.412425
"C020975",1,5732,"C012734",5.043854
"C020980",5,21482,"C047883",8.763670
"C020985",2,868,"C001904",6.135125
"C020991",5,21482,"C047883",8.334296
"C020996",0,5705,"C012675",3.771815
"C020998",2,868,"C001904",8.400167
"C021001",1,5732,"C012734",7.638798
"C021002",0,5705,"C012675",2.817418
"C021006",0,5705,"C012675",2.248508
"C021007",2,868,"C001904",9.731944
"C021008",5,21482,"C047883",2.214914
"C021009",4,9961,"C022249",7.392215
"C021012",2,868,"C001904",6.164368
"C021013",1,5732,"C012734",1.167937
"C021014",1,5732,"C012734",8.129533
"C021015",0,5705,"C012675",2.645491
"C021016",1,5732,"C012734",4.344664
"C021021",0,5705,"C012675",2.841352
"C021023",0,5705,"C012675",6.046726
"C021024",1,5732,"C012734",2.615958
"C021025",2,868,"C001904",7.010904
"C021034",1,5732,"C012734",9.257618
"C021037",3,16827,"C037407",2.040672
"C021042",4,9961,"C022249",2.521109
"C021044",2,868,"C001904",2.795037
"C021045",2,868,"C001904",4.240669
"C021046",3,16827,"C037407",4.179751
"C021047",1,5732,"C012734",16.112683
"C021048",4,9961,"C022249",3.707749
"C021053",0,5705,"C012675",3.259805
"C021057",5,21482,"C047883",6.121593
"C021059",3,16827,"C037407",1.734842
"C021061",0,5705,"C012675",3.471326
"C021062",1,5732,"C012734",0.683979
"C021063",0,5705,"C012675",8.703918
"C021067",0,5705,"C012675",2.549281
"C021068",1,5732,"C012734",1.560605
"C021073",4,9961,"C022249",6.628935
"C021076",5,21482,"C047883",2.784271
"C021078",0,5705,"C012675",3.116182
"C021080",5,21482,"C047883",6.446671
"C021081",4,9961,"C022249",3.753522
"C021088",1,5732,"C012734",14.361115
"C021092",5,21482,"C047883",9.825493
"C021098",3,16827,"C037407",9.127560
"C021100",1,5732,"C012734",2.239044
"C021102",3,16827,"C037407",4.432261
"C021103",2,868,"C001904",4.065566
"C021105",1,5732,"C012734",8.641038
"C021106",5,21482,"C047883",2.260179
"C021109",1,5732,"C012734",5.425681
"C021110",3,16827,"C037407",0.514087
"C021116",1,5732,"C012734",5.611120
"C021118",2,868,"C001904",9.604141
"C021119",2,868,"C001904",2.430329
"C021120",3,16827,"C037407",4.586964
"C021123",5,21482,"C047883",9.095845
"C021126",0,5705,"C012675",4.754419
"C021128",1,5732,"C012734",8.176968
"C021130",4,9961,"C022249",2.972514
"C021131",1,5732,"C012734",11.976286
"C021132",2,868,"C001904",7.215678
"C021133",4,9961,"C022249",2.329775
"C021139",5,21482,"C047883",1.902542
"C021142",0,5705,"C012675",6.032098
"C021143",5,21482,"C047883",6.635317
"C021144",3,16827,"C037407",8.889819
"C021147",1,5732,"C012734",7.747298
"C021148",5,21482,"C047883",8.173393
"C021149",1,5732,"C012734",7.166747
"C021154",0,5705,"C012675",5.301435
"C021157",0,5705,"C012675",2.417968
"C021160",5,21482,"C047883",8.000845
"C021161",5,21482,"C047883",12.813530
"C021162",3,16827,"C037407",3.111511
"C021165",4,9961,"C022249",5.129435
"C021166",1,5732,"C012734",9.120523
"C021168",4,9961,"C022249",3.544937
"C021170",1,5732,"C012734",9.084536
"C021175",3,16827,"C037407",2.920606
"C021177",1,5732,"C012734",7.458689
"C021178",4,9961,"C022249",7.339961
"C021182",2,868,"C001904",4.812743
"C021183",3,16827,"C037407",3.033852
"C021187",5,21482,"C047883",13.044706
"C021188",4,9961,"C022249",7.794013
"C021190",5,21482,"C047883",5.333079
"C021191",2,868,"C001904",5.055670
"C021193",0,5705,"C012675",6.885419
"C021194",0,5705,"C012675",6.602347
"C021196",5,21482,"C047883",4.839739
"C021198",5,21482,"C047883",12.724949
"C021199",1,5732,"C012734",0.806716
"C021202",5,21482,"C047883",2.837799
"C021203",5,21482,"C047883",9.144088
"C021205",1,5732,"C012734",10.220879
"C021206",1,5732,"C012734",14.916218
"C021208",3,16827,"C037407",3.057196
"C021209",0,5705,"C012675",5.680502
"C021210",1,5732,"C012734",8.620160
"C021212",3,16827,"C037407",4.511450
"C021216",0,5705,"C012675",3.252174
"C021217",1,5732,"C012734",0.926683
"C021218",4,9961,"C022249",3.193698
"C021219",0,5705,"C012675",5.822744
"C021224",2,868,"C001904",2.955301
"C021226",0,5705,"C012675",4.377951
"C021227",3,16827,"C037407",4.970222
"C021228",2,868,"C001904",4.443177
"C021229",5,21482,"C047883",4.866810
"C021230",3,16827,"C037407",3.304663
"C021231",3,16827,"C037407",7.854673
"C021238",1,5732,"C012734",3.035054
"C021239",1,5732,"C012734",12.506507
"C021244",3,16827,"C037407",6.700398
"C021247",0,5705,"C012675",4.947621
"C021250",0,5705,"C012675",5.175119
"C021251",0,5705,"C012675",4.143888
"C021253",5,21482,"C047883",3.475381
"C021254",2,868,"C001904",4.991370
"C021255",5,21482,"C047883",5.404889
"C021258",5,21482,"C047883",8.899860
"C021260",1,5732,"C012734",12.131328
"C021261",0,5705,"C012675",5.494911
"C021265",0,5705,"C012675",5.882133
"C021269",2,868,"C001904",4.153507
"C021274",1,5732,"C012734",5.681930
"C021275",0,5705,"C012675",4.825623
"C021277",5,21482,"C047883",3.882958
"C021279",5,21482,"C047883",7.109739
"C021282",1,5732,"C012734",14.528721
"C021284",0,5705,"C012675",5.370213
"C021286",0,5705,"C012675",5.841839
"C021287",2,868,"C001904",8.582769
"C021288",4,9961,"C022249",5.165464
"C021292",1,5732,"C012734",0.784561
"C021295",0,5705,"C012675",1.436211
"C021298",5,21482,"C047883",9.237765
"C021300",0,5705,"C012675",1.611257
"C021303",1,5732,"C012734",3.497272
"C021304",4,9961,"C022249",2.783509
"C021313",5,21482,"C047883",4.876817
"C021314",0,5705,"C012675",6.019513
"C021318",2,868,"C001904",10.234310
"C021319",1,5732,"C012734",5.601398
"C021320",2,868,"C001904",10.199254
"C021321",4,9961,"C022249",5.306812
"C021323",0,5705,"C012675",6.853911
"C021324",3,16827,"C037407",5.859541
"C021327",0,5705,"C012675",6.818396
"C021328",2,868,"C001904",4.278506
"C021329",1,5732,"C012734",10.142189
"C021333",3,16827,"C037407",3.974175
"C021334",1,5732,"C012734",0.833842
"C021336",5,21482,"C047883",0.954834
"C021337",0,5705,"C012675",3.776191
"C021339",2,868,"C001904",3.781819
"C021340",1,5732,"C012734",6.316655
"C021341",5,21482,"C047883",4.184075
"C021342",5,21482,"C047883",13.849537
"C021344",5,21482,"C047883",8.184369
"C021349",5,21482,"C047883",6.996183
"C021351",5,21482,"C047883",2.969402
"C021354",4,9961,"C022249",2.301433
"C021357",5,21482,"C047883",5.612531
"C021360",2,868,"C001904",8.357314
"C021364",4,9961,"C022249",2.183998
"C021365",4,9961,"C022249",3.676442
"C021367",2,868,"C001904",8.173531
"C021370",0,5705,"C012675",4.838327
"C021373",1,5732,"C012734",7.011594
"C021374",1,5732,"C012734",2.857644
"C021377",2,868,"C001904",11.024486
"C021378",2,868,"C001904",2.399554
"C021379",0,5705,"C012675",4.975746
"C021380",5,21482,"C047883",12.191939
"C021381",0,5705,"C012675",7.447481
"C021383",5,21482,"C047883",7.249014
"C021386",2,868,"C001904",7.027880
"C021387",4,9961,"C022249",4.771818
"C021389",5,21482,"C047883",1.245904
"C021391",5,21482,"C047883",4.585259
"C021392",1,5732,"C012734",13.925749
"C021393",0,5705,"C012675",4.852674
"C021398",1,5732,"C012734",5.130859
"C021399",5,21482,"C047883",3.732936
"C021400",5,21482,"C047883",6.088995
"C021401",0,5705,"C012675",2.101628
"C021402",0,5705,"C012675",4.551610
"C021403",4,9961,"C022249",3.283704
"C021407",5,21482,"C047883",2.134833
"C021408",1,5732,"C012734",12.555827
"C021409",1,5732,"C012734",11.550614
"C021413",5,21482,"C047883",1.415256
"C021422",2,868,"C001904",4.464528
"C021424",2,868,"C001904",3.942467
"C021425",0,5705,"C012675",10.272845
"C021426",4,9961,"C022249",3.076872
"C021428",2,868,"C001904",8.415635
"C021430",1,5732,"C012734",4.961923
"C021433",2,868,"C001904",5.171404
"C021434",5,21482,"C047883",9.657152
"C021435",1,5732,"C012734",2.225602
"C021436",1,5732,"C012734",1.662072
"C021438",0,5705,"C012675",6.466772
"C021439",4,9961,"C022249",1.127727
"C021443",1,5732,"C012734",7.497831
"C021446",4,9961,"C022249",6.378338
"C021447",2,868,"C001904",5.287898
"C021448",5,21482,"C047883",6.662598
"C021451",1,5732,"C012734",16.686953
"C021452",4,9961,"C022249",7.142755
"C021454",1,5732,"C012734",9.630079
"C021457",1,5732,"C012734",1.392380
"C021460",5,21482,"C047883",9.583396
"C021467",4,9961,"C022249",2.995435
"C021468",1,5732,"C012734",3.698125
"C021470",1,5732,"C012734",3.267831
"C021475",1,5732,"C012734",9.733606
"C021476",5,21482,"C047883",8.866271
"C021477",1,5732,"C012734",16.804493
"C021478",5,21482,"C047883",1.081420
"C021480",5,21482,"C047883",7.867508
"C021482",4,9961,"C022249",2.913093
"C021484",5,21482,"C047883",4.901402
"C021487",5,21482,"C047883",11.398100
"C021492",3,16827,"C037407",2.510357
"C021496",3,16827,"C037407",7.908355
"C021498",4,9961,"C022249",2.797745
"C021499",2,868,"C001904",3.113263
"C021503",3,16827,"C037407",8.439410
"C021504",5,21482,"C047883",2.171996
"C021511",5,21482,"C047883",4.053987
"C021512",5,21482,"C047883",9.058103
"C021518",5,21482,"C047883",7.439135
"C021519",5,21482,"C047883",8.996020
"C021520",1,5732,"C012734",14.050521
"C021529",2,868,"C001904",7.466615
"C021530",5,21482,"C047883",4.272439
"C021532",1,5732,"C012734",16.397159
"C021534",2,868,"C001904",1.177599
"C021536",2,868,"C001904",3.206115
"C021537",3,16827,"C037407",4.325523
"C021539",1,5732,"C012734",17.440870
"C021541",1,5732,"C012734",3.003103
"C021543",1,5732,"C012734",3.573055
"C021544",3,16827,"C037407",3.631967
"C021545",0,5705,"C012675",3.946846
"C021546",5,21482,"C047883",3.656751
"C021549",2,868,"C001904",12.591039
"C021552",5,21482,"C047883",13.103885
"C021554",5,21482,"C047883",4.516179
"C021556",5,21482,"C047883",7.951523
"C021558",5,21482,"C047883",8.041354
"C021562",0,5705,"C012675",4.235372
"C021569",2,868,"C001904",5.319222
"C021574",5,21482,"C047883",3.781007
"C021576",4,9961,"C022249",5.303064
"C021577",1,5732,"C012734",16.780969
"C021580",1,5732,"C012734",10.176631
"C021584",1,5732,"C012734",10.756953
"C021589",3,16827,"C037407",2.802779
"C021590",0,5705,"C012675",6.068388
"C021595",3,16827,"C037407",3.491199
"C021599",2,868,"C001904",4.190375
"C021600",5,21482,"C047883",11.451031
"C021607",2,868,"C001904",3.979218
"C021609",4,9961,"C022249",0.543906
"C021612",5,21482,"C047883",10.720688
"C021615",4,9961,"C022249",2.570765
"C021618",2,868,"C001904",7.851464
"C021619",2,868,"C001904",4.554033
"C021620",5,21482,"C047883",3.613022
"C021624",0,5705,"C012675",5.297994
"C021629",3,16827,"C037407",3.808499
"C021630",2,868,"C001904",6.741757
"C021631",1,5732,"C012734",7.360478
"C021632",5,21482,"C047883",3.455433
"C021633",3,16827,"C037407",4.704556
"C021636",5,21482,"C047883",2.564523
"C021639",3,16827,"C037407",0.710708
"C021644",1,5732,"C012734",5.764913
"C021645",5,21482,"C047883",5.839342
"C021646",0,5705,"C012675",0.491596
"C021648",1,5732,"C012734",9.880661
"C021649",1,5732,"C012734",8.671772
"C021650",1,5732,"C012734",7.156574
"C021652",5,21482,"C047883",1.822903
"C021653",4,9961,"C022249",3.819079
"C021655",1,5732,"C012734",6.548988
"C021657",5,21482,"C047883",2.548170
"C021659",3,16827,"C037407",8.874311
"C021661",0,5705,"C012675",3.048793
"C021662",0,5705,"C012675",3.112443
"C021664",0,5705,"C012675",7.597372
"C021665",1,5732,"C012734",15.415026
"C021670",1,5732,"C012734",1.303537
"C021674",0,5705,"C012675",6.136527
"C021676",2,868,"C001904",8.715248
"C021677",0,5705,"C012675",3.952439
"C021682",5,21482,"C047883",6.954111
"C021683",5,21482,"C047883",2.825674
"C021684",2,868,"C001904",5.946205
"C021689",4,9961,"C022249",3.877510
"C021690",0,5705,"C012675",2.811556
"C021695",5,21482,"C047883",3.255270
"C021698",5,21482,"C047883",12.072409
"C021699",0,5705,"C012675",10.034693
"C021700",4,9961,"C022249",2.078980
"C021702",5,21482,"C047883",12.652408
"C021703",3,16827,"C037407",3.068191
"C021707",5,21482,"C047883",2.078478
"C021708",1,5732,"C012734",2.008335
"C021710",3,16827,"C037407",7.055772
"C021713",5,21482,"C047883",5.500070
"C021715",4,9961,"C022249",2.919958
"C021716",3,16827,"C037407",3.752275
"C021721",4,9961,"C022249",7.508434
"C021724",2,868,"C001904",8.488629
"C021725",1,5732,"C012734",6.140608
"C021726",1,5732,"C012734",1.572198
"C021729",1,5732,"C012734",14.824208
"C021731",2,868,"C001904",10.847021
"C021737",5,21482,"C047883",10.041607
"C021738",5,21482,"C047883",6.401118
"C021739",3,16827,"C037407",10.361711
"C021742",1,5732,"C012734",10.475078
"C021756",1,5732,"C012734",6.641176
"C021758",5,21482,"C047883",10.383165
"C021759",0,5705,"C012675",1.028474
"C021760",5,21482,"C047883",5.601973
"C021761",0,5705,"C012675",5.776729
"C021765",0,5705,"C012675",9.143693
"C021766",1,5732,"C012734",4.353215
"C021768",2,868,"C001904",5.541868
"C021769",0,5705,"C012675",6.778976
"C021771",2,868,"C001904",5.060730
"C021774",2,868,"C001904",4.241047
"C021776",0,5705,"C012675",8.565060
"C021778",2,868,"C001904",0.709689
"C021779",4,9961,"C022249",3.905714
"C021785",2,868,"C001904",10.284390
"C021788",3,16827,"C037407",7.168197
"C021790",4,9961,"C022249",5.045140
"C021794",3,16827,"C037407",6.436661
"C021795",4,9961,"C022249",3.965918
"C021796",5,21482,"C047883",1.705605
"C021797",0,5705,"C012675",4.919849
"C021798",2,868,"C001904",9.875563
"C021799",5,21482,"C047883",6.029770
"C021803",3,16827,"C037407",4.380416
"C021805",3,16827,"C037407",5.731678
"C021812",0,5705,"C012675",5.930355
"C021813",2,868,"C001904",5.965782
"C021819",0,5705,"C012675",5.901981
"C021820",2,868,"C001904",3.339438
"C021821",0,5705,"C012675",8.824556
"C021823",5,21482,"C047883",7.062532
"C021824",1,5732,"C012734",14.321604
"C021825",1,5732,"C012734",2.675731
"C021829",5,21482,"C047883",7.031643
"C021830",0,5705,"C012675",2.146823
"C021832",0,5705,"C012675",6.664716
"C021834",1,5732,"C012734",6.805439
"C021837",2,868,"C001904",7.686150
"C021838",2,868,"C001904",3.133925
"C021840",3,16827,"C037407",2.536276
"C021845",4,9961,"C022249",4.455199
"C021854",0,5705,"C012675",4.090640
"C021855",0,5705,"C012675",4.063482
"C021856",2,868,"C001904",2.010637
"C021862",5,21482,"C047883",1.382356
"C021863",3,16827,"C037407",2.960245
"C021864",5,21482,"C047883",2.229927
"C021869",4,9961,"C022249",0.488765
"C021870",2,868,"C001904",1.651834
"C021872",5,21482,"C047883",2.310323
"C021875",5,21482,"C047883",3.614007
"C021877",2,868,"C001904",8.502419
"C021878",2,868,"C001904",4.810528
"C021879",1,5732,"C012734",9.067594
"C021880",2,868,"C001904",1.894504
"C021881",5,21482,"C047883",2.399586
"C021884",2,868,"C001904",7.718602
"C021885",1,5732,"C012734",5.517629
"C021888",1,5732,"C012734",15.116194
"C021890",1,5732,"C012734",8.023492
"C021891",3,16827,"C037407",4.820941
"C021893",5,21482,"C047883",10.868347
"C021896",2,868,"C001904",3.786606
"C021897",2,868,"C001904",2.968970
"C021899",1,5732,"C012734",2.001909
"C021902",5,21482,"C047883",5.012223
"C021903",1,5732,"C012734",1.837012
"C021904",3,16827,"C037407",6.962061
"C021905",2,868,"C001904",0.534970
"C021908",4,9961,"C022249",0.750099
"C021911",5,21482,"C047883",7.901924
"C021913",0,5705,"C012675",3.873396
"C021914",2,868,"C001904",8.781585
"C021915",1,5732,"C012734",6.345024
"C021916",2,868,"C001904",7.613974
"C021917",1,5732,"C012734",5.820277
"C021924",0,5705,"C012675",1.929524
"C021927",1,5732,"C012734",7.150999
"C021928",2,868,"C001904",4.515874
"C021929",5,21482,"C047883",2.235248
"C021931",1,5732,"C012734",0.974807
"C021936",5,21482,"C047883",2.883621
"C021938",3,16827,"C037407",9.814441
"C021939",3,16827,"C037407",8.344031
"C021940",1,5732,"C012734",11.833465
"C021941",4,9961,"C022249",5.226194
"C021942",0,5705,"C012675",9.305488
"C021944",1,5732,"C012734",11.160060
"C021948",0,5705,"C012675",2.147047
"C021950",5,21482,"C047883",1.613230
"C021952",4,9961,"C022249",3.145603
"C021955",3,16827,"C037407",2.383578
"C021959",5,21482,"C047883",1.347019
"C021960",5,21482,"C047883",7.386214
"C021962",5,21482,"C047883",13.073231
"C021967",0,5705,"C012675",4.455188
"C021969",3,16827,"C037407",0.775345
"C021973",3,16827,"C037407",2.391636
"C021977",1,5732,"C012734",5.442644
"C021978",2,868,"C001904",7.230158
"C021981",4,9961,"C022249",6.436448
"C021982",5,21482,"C047883",2.756185
"C021983",2,868,"C001904",4.490482
"C021988",0,5705,"C012675",3.331313
"C021992",3,16827,"C037407",10.480048
"C021993",1,5732,"C012734",3.553472
"C021998",3,16827,"C037407",1.557502
"C021999",5,21482,"C047883",8.123782
"C022000",3,16827,"C037407",5.832290
"C022001",4,9961,"C022249",3.009476
"C022009",3,16827,"C037407",6.594903
"C022011",2,868,"C001904",4.580002
"C022013",0,5705,"C012675",3.083996
"C022014",4,9961,"C022249",3.014517
"C022015",5,21482,"C047883",6.173710
"C022016",0,5705,"C012675",0.716909
"C022017",0,5705,"C012675",9.572957
"C022025",0,5705,"C012675",4.161058
"C022028",0,5705,"C012675",7.661481
"C022029",4,9961,"C022249",5.974507
"C022032",5,21482,"C047883",6.596675
"C022034",5,21482,"C047883",13.673982
"C022035",5,21482,"C047883",14.195979
"C022036",1,5732,"C012734",14.636047
"C022038",0,5705,"C012675",10.308846
"C022039",4,9961,"C022249",2.121779
"C022040",1,5732,"C012734",3.763732
"C022041",3,16827,"C037407",3.490779
"C022043",2,868,"C001904",3.612054
"C022046",0,5705,"C012675",0.558907
"C022047",1,5732,"C012734",2.869472
"C022050",5,21482,"C047883",9.663192
"C022051",5,21482,"C047883",11.958404
"C022055",5,21482,"C047883",2.391676
"C022058",3,16827,"C037407",3.376142
"C022059",5,21482,"C047883",8.393139
"C022062",5,21482,"C047883",10.722833
"C022063",0,5705,"C012675",7.435172
"C022064",5,21482,"C047883",2.302773
"C022066",1,5732,"C012734",5.213447
"C022069",0,5705,"C012675",5.821325
"C022070",5,21482,"C047883",6.606645
"C022072",1,5732,"C012734",13.594703
"C022073",1,5732,"C012734",11.603755
"C022074",1,5732,"C012734",8.169566
"C022078",1,5732,"C012734",5.239168
"C022079",3,16827,"C037407",6.810136
"C022080",1,5732,"C012734",1.303041
"C022081",5,21482,"C047883",6.570447
"C022083",5,21482,"C047883",2.665523
"C022084",1,5732,"C012734",0.990510
"C022085",2,868,"C001904",3.879499
"C022087",5,21482,"C047883",2.688023
"C022088",2,868,"C001904",2.120067
"C022092",2,868,"C001904",2.734535
"C022093",1,5732,"C012734",8.941426
"C022094",5,21482,"C047883",7.699382
"C022095",0,5705,"C012675",8.562986
"C022096",2,868,"C001904",6.713566
"C022097",4,9961,"C022249",3.733027
"C022098",2,868,"C001904",5.627887
"C022099",4,9961,"C022249",4.087867
"C022102",0,5705,"C012675",1.790441
"C022103",3,16827,"C037407",1.856081
"C022104",0,5705,"C012675",1.885763
"C022105",5,21482,"C047883",11.356644
"C022106",2,868,"C001904",12.436049
"C022109",0,5705,"C012675",8.142415
"C022110",5,21482,"C047883",7.035577
"C022115",5,21482,"C047883",3.334699
"C022116",5,21482,"C047883",4.516276
"C022118",1,5732,"C012734",9.340137
"C022120",5,21482,"C047883",15.241695
"C022124",2,868,"C001904",3.779713
"C022125",1,5732,"C012734",6.784495
"C022126",0,5705,"C012675",6.078763
"C022127",1,5732,"C012734",8.440154
"C022134",5,21482,"C047883",9.090791
"C022135",2,868,"C001904",9.902957
"C022141",5,21482,"C047883",2.571889
"C022143",1,5732,"C012734",4.016187
"C022146",5,21482,"C047883",2.407711
"C022147",0,5705,"C012675",9.768495
"C022151",3,16827,"C037407",6.252328
"C022154",3,16827,"C037407",3.825644
"C022158",2,868,"C001904",4.044012
"C022159",5,21482,"C047883",2.839411
"C022161",4,9961,"C022249",5.321655
"C022162",4,9961,"C022249",5.679113
"C022163",3,16827,"C037407",2.257048
"C022164",0,5705,"C012675",3.537185
"C022167",2,868,"C001904",10.014673
"C022168",4,9961,"C022249",5.937994
"C022172",0,5705,"C012675",8.861888
"C022176",5,21482,"C047883",9.908211
"C022178",4,9961,"C022249",6.390920
"C022179",2,868,"C001904",4.336822
"C022180",0,5705,"C012675",6.200064
"C022184",1,5732,"C012734",2.967740
"C022185",1,5732,"C012734",9.238802
"C022186",3,16827,"C037407",7.689007
"C022187",2,868,"C001904",2.097424
"C022191",1,5732,"C012734",11.903604
"C022193",5,21482,"C047883",9.863049
"C022194",5,21482,"C047883",9.959924
"C022196",5,21482,"C047883",3.579334
"C022197",4,9961,"C022249",0.126667
"C022198",5,21482,"C047883",6.350345
"C022200",1,5732,"C012734",11.463062
"C022201",0,5705,"C012675",1.792116
"C022202",0,5705,"C012675",3.110134
"C022203",5,21482,"C047883",3.983590
"C022208",3,16827,"C037407",6.609748
"C022210",4,9961,"C022249",6.401893
"C022211",0,5705,"C012675",8.450438
"C022212",5,21482,"C047883",8.471425
"C022213",0,5705,"C012675",10.011884
"C022216",4,9961,"C022249",8.529374
"C022219",5,21482,"C047883",10.107992
"C022220",5,21482,"C047883",5.327178
"C022221",2,868,"C001904",6.369953
"C022230",4,9961,"C022249",4.848205
"C022231",3,16827,"C037407",8.597383
"C022233",5,21482,"C047883",3.996893
"C022234",4,9961,"C022249",2.582738
"C022237",5,21482,"C047883",11.663134
"C022240",5,21482,"C047883",10.967865
"C022241",0,5705,"C012675",5.862930
"C022242",1,5732,"C012734",6.137293
"C022243",1,5732,"C012734",3.345957
"C022244",1,5732,"C012734",2.439924
"C022245",5,21482,"C047883",2.891224
"C022247",4,9961,"C022249",4.292923
"C022249",4,9961,"C022249",0.000000
"C022251",5,21482,"C047883",12.103990
"C022256",2,868,"C001904",5.176795
"C022258",1,5732,"C012734",2.894891
"C022259",3,16827,"C037407",5.889695
"C022260",5,21482,"C047883",7.427505
"C022261",3,16827,"C037407",1.007730
"C022264",2,868,"C001904",1.430307
"C022267",3,16827,"C037407",7.214109
"C022268",5,21482,"C047883",3.699781
"C022269",5,21482,"C047883",4.187487
"C022271",5,21482,"C047883",12.238994
"C022274",0,5705,"C012675",5.783889
"C022277",3,16827,"C037407",5.046530
"C022287",5,21482,"C047883",9.414924
"C022289",5,21482,"C047883",14.334908
"C022290",4,9961,"C022249",0.769983
"C022292",3,16827,"C037407",4.695925
"C022294",1,5732,"C012734",4.406003
"C022299",5,21482,"C047883",4.690430
"C022302",2,868,"C001904",3.249885
"C022303",0,5705,"C012675",8.301857
"C022304",3,16827,"C037407",6.016735
"C022306",4,9961,"C022249",4.395935
"C022308",4,9961,"C022249",0.988415
"C022317",0,5705,"C012675",5.158904
"C022319",5,21482,"C047883",9.003586
"C022321",0,5705,"C012675",0.043949
"C022322",5,21482,"C047883",3.255333
"C022323",5,21482,"C047883",3.507898
"C022324",1,5732,"C012734",17.551022
"C022326",2,868,"C001904",12.003774
"C022329",4,9961,"C022249",2.754855
"C022330",3,16827,"C037407",1.442629
"C022331",3,16827,"C037407",8.397562
"C022335",0,5705,"C012675",5.158546
"C022336",5,21482,"C047883",7.196286
"C022340",5,21482,"C047883",0.899052
"C022341",1,5732,"C012734",6.245776
"C022344",1,5732,"C012734",13.761822
"C022345",2,868,"C001904",4.677032
"C022346",4,9961,"C022249",3.853860
"C022347",0,5705,"C012675",9.353601
"C022348",5,21482,"C047883",4.193897
"C022351",2,868,"C001904",0.541149
"C022353",1,5732,"C012734",3.784680
"C022354",5,21482,"C047883",2.641038
"C022361",3,16827,"C037407",8.014647
"C022362",2,868,"C001904",4.487930
"C022364",0,5705,"C012675",1.871275
"C022367",5,21482,"C047883",13.368060
"C022369",5,21482,"C047883",15.181969
"C022371",1,5732,"C012734",1.681359
"C022374",4,9961,"C022249",5.005042
"C022375",5,21482,"C047883",11.751857
"C022378",0,5705,"C012675",5.949055
"C022379",1,5732,"C012734",5.483003
"C022384",0,5705,"C012675",5.191745
"C022385",3,16827,"C037407",1.682384
"C022386",3,16827,"C037407",2.550392
"C022388",4,9961,"C022249",3.187211
"C022391",5,21482,"C047883",3.634534
"C022392",3,16827,"C037407",1.310290
"C022395",3,16827,"C037407",8.110300
"C022400",2,868,"C001904",9.408711
"C022407",1,5732,"C012734",3.233897
"C022408",5,21482,"C047883",14.108299
"C022409",4,9961,"C022249",1.723194
"C022411",1,5732,"C012734",6.381250
"C022414",3,16827,"C037407",2.376935
"C022416",5,21482,"C047883",1.932888
"C022418",0,5705,"C012675",7.732985
"C022419",2,868,"C001904",5.138785
"C022421",5,21482,"C047883",14.106254
"C022422",2,868,"C001904",5.724089
"C022423",5,21482,"C047883",7.322986
"C022424",3,16827,"C037407",8.457285
"C022426",1,5732,"C012734",9.440446
"C022429",4,9961,"C022249",1.475609
"C022430",1,5732,"C012734",6.444034
"C022431",0,5705,"C012675",6.734125
"C022432",5,21482,"C047883",8.792058
"C022435",5,21482,"C047883",4.528796
"C022436",3,16827,"C037407",7.489804
"C022437",3,16827,"C037407",8.345438
"C022441",1,5732,"C012734",5.348725
"C022442",2,868,"C001904",9.170308
"C022444",3,16827,"C037407",7.781743
"C022445",0,5705,"C012675",5.733987
"C022451",1,5732,"C012734",12.983370
"C022453",3,16827,"C037407",3.649126
"C022454",2,868,"C001904",10.587232
"C022457",3,16827,"C037407",6.838797
"C022458",1,5732,"C012734",6.696960
"C022459",2,868,"C001904",11.074851
"C022460",4,9961,"C022249",1.704175
"C022461",1,5732,"C012734",6.638908
"C022463",2,868,"C001904",4.178576
"C022465",3,16827,"C037407",3.054852
"C022466",3,16827,"C037407",6.917251
"C022467",0,5705,"C012675",6.506032
"C022471",2,868,"C001904",3.522238
"C022473",3,16827,"C037407",1.599786
"C022475",2,868,"C001904",6.302458
"C022477",4,9961,"C022249",3.752204
"C022481",0,5705,"C012675",4.263262
"C022482",1,5732,"C012734",10.761517
"C022484",4,9961,"C022249",2.298571
"C022486",1,5732,"C012734",2.652093
"C022490",2,868,"C001904",8.962065
"C022492",4,9961,"C022249",2.860786
"C022493",4,9961,"C022249",2.138676
"C022495",5,21482,"C047883",7.212226
"C022496",5,21482,"C047883",8.856921
"C022497",2,868,"C001904",7.634316
"C022499",0,5705,"C012675",8.161887
"C022500",5,21482,"C047883",6.065868
"C022504",5,21482,"C047883",8.011789
"C022506",0,5705,"C012675",7.373955
"C022512",2,868,"C001904",3.245210
"C022514",5,21482,"C047883",2.145644
"C022518",2,868,"C001904",9.593688
"C022521",3,16827,"C037407",7.875060
"C022526",1,5732,"C012734",7.790116
"C022530",1,5732,"C012734",1.774492
"C022531",2,868,"C001904",8.092570
"C022536",2,868,"C001904",5.962755
"C022539",4,9961,"C022249",0.244608
"C022540",3,16827,"C037407",3.677126
"C022542",1,5732,"C012734",10.178766
"C022543",1,5732,"C012734",12.381707
"C022550",3,16827,"C037407",6.093626
"C022551",1,5732,"C012734",1.442620
"C022553",5,21482,"C047883",4.863414
"C022554",3,16827,"C037407",1.888186
"C022557",5,21482,"C047883",11.303604
"C022562",4,9961,"C022249",2.607082
"C022565",5,21482,"C047883",0.805192
"C022567",5,21482,"C047883",1.728750
"C022570",2,868,"C001904",2.406002
"C022571",3,16827,"C037407",2.055250
"C022579",2,868,"C001904",3.757939
"C022580",2,868,"C001904",9.509810
"C022583",3,16827,"C037407",5.730370
"C022586",2,868,"C001904",4.091567
"C022590",4,9961,"C022249",2.626192
"C022592",1,5732,"C012734",2.862226
"C022598",3,16827,"C037407",3.647327
"C022600",5,21482,"C047883",9.318506
"C022602",5,21482,"C047883",13.716093
"C022603",2,868,"C001904",11.128308
"C022606",0,5705,"C012675",3.988572
"C022613",1,5732,"C012734",8.772598
"C022615",5,21482,"C047883",6.579839
"C022619",3,16827,"C037407",1.723023
"C022623",0,5705,"C012675",2.474115
"C022628",1,5732,"C012734",3.099092
"C022632",0,5705,"C012675",8.699391
"C022633",3,16827,"C037407",7.307637
"C022639",5,21482,"C047883",7.002534
"C022640",5,21482,"C047883",12.334607
"C022641",2,868,"C001904",3.741113
"C022642",0,5705,"C012675",7.167239
"C022643",5,21482,"C047883",4.854111
"C022645",2,868,"C001904",3.577709
"C022652",5,21482,"C047883",4.567000
"C022653",1,5732,"C012734",15.348321
"C022654",1,5732,"C012734",4.467782
"C022655",1,5732,"C012734",3.065308
"C022657",1,5732,"C012734",11.824200
"C022658",1,5732,"C012734",0.577852
"C022660",4,9961,"C022249",7.759251
"C022662",3,16827,"C037407",9.563625
"C022663",0,5705,"C012675",6.444505
"C022664",5,21482,"C047883",7.629203
"C022667",0,5705,"C012675",7.606997
"C022669",2,868,"C001904",9.079644
"C022670",2,868,"C001904",3.992466
"C022675",2,868,"C001904",9.620088
"C022676",4,9961,"C022249",1.274036
"C022677",1,5732,"C012734",15.370535
"C022679",1,5732,"C012734",11.066115
"C022680",2,868,"C001904",4.275008
"C022684",2,868,"C001904",4.746359
"C022686",1,5732,"C012734",6.969193
"C022688",1,5732,"C012734",10.147215
"C022689",4,9961,"C022249",1.106364
"C022690",0,5705,"C012675",5.679176
"C022691",0,5705,"C012675",9.298734
"C022694",0,5705,"C012675",6.328820
"C022698",2,868,"C001904",7.315875
"C022700",3,16827,"C037407",4.219678
"C022701",0,5705,"C012675",5.423162
"C022706",5,21482,"C047883",3.214685
"C022709",0,5705,"C012675",5.322273
"C022710",5,21482,"C047883",14.845331
"C022711",5,21482,"C047883",2.435345
"C022714",5,21482,"C047883",8.221764
"C022715",1,5732,"C012734",7.533374
"C022716",5,21482,"C047883",10.080932
"C022720",3,16827,"C037407",6.877063
"C022724",1,5732,"C012734",2.521250
"C022727",5,21482,"C047883",12.318383
"C022728",5,21482,"C047883",4.709074
"C022729",3,16827,"C037407",6.833255
"C022730",4,9961,"C022249",1.308775
"C022731",0,5705,"C012675",6.333938
"C022733",0,5705,"C012675",6.524262
"C022735",1,5732,"C012734",1.533736
"C022736",0,5705,"C012675",3.560412
"C022740",4,9961,"C022249",6.808034
"C022744",2,868,"C001904",5.027663
"C022746",0,5705,"C012675",4.881860
"C022747",4,9961,"C022249",2.791697
"C022750",3,16827,"C037407",5.612134
"C022751",3,16827,"C037407",3.591437
"C022753",5,21482,"C047883",4.077001
"C022756",0,5705,"C012675",5.282157
"C022758",0,5705,"C012675",7.218831
"C022759",2,868,"C001904",10.105735
"C022767",3,16827,"C037407",2.820766
"C022770",3,16827,"C037407",1.323212
"C022775",1,5732,"C012734",3.594523
"C022778",1,5732,"C012734",1.733285
"C022779",1,5732,"C012734",6.237404
"C022785",3,16827,"C037407",3.909628
"C022787",1,5732,"C012734",8.129603
"C022789",0,5705,"C012675",3.637040
"C022792",2,868,"C001904",6.147327
"C022793",1,5732,"C012734",4.761251
"C022795",1,5732,"C012734",1.809007
"C022796",2,868,"C001904",8.902315
"C022798",2,868,"C001904",7.337545
"C022799",0,5705,"C012675",4.014184
"C022801",3,16827,"C037407",0.913023
"C022802",4,9961,"C022249",2.190682
"C022803",0,5705,"C012675",3.437526
"C022804",5,21482,"C047883",3.288951
"C022806",4,9961,"C022249",1.147191
"C022807",5,21482,"C047883",13.044378
"C022808",0,5705,"C012675",8.560548
"C022810",5,21482,"C047883",3.139770
"C022818",2,868,"C001904",2.886513
"C022825",4,9961,"C022249",2.785804
"C022826",1,5732,"C012734",7.245489
"C022827",2,868,"C001904",5.003629
"C022830",1,5732,"C012734",6.122041
"C022832",4,9961,"C022249",5.457769
"C022833",2,868,"C001904",8.159144
"C022838",0,5705,"C012675",4.874515
"C022839",0,5705,"C012675",0.595281
"C022840",1,5732,"C012734",4.214250
"C022841",5,21482,"C047883",9.298632
"C022842",3,16827,"C037407",8.140224
"C022843",1,5732,"C012734",5.433970
"C022848",1,5732,"C012734",7.777040
"C022854",4,9961,"C022249",3.106993
"C022857",0,5705,"C012675",3.756038
"C022858",0,5705,"C012675",7.584656
"C022861",5,21482,"C047883",3.120428
"C022862",4,9961,"C022249",0.944669
"C022866",1,5732,"C012734",10.356484
"C022867",1,5732,"C012734",4.077646
"C022868",0,5705,"C012675",4.661254
"C022869",1,5732,"C012734",9.162738
"C022870",4,9961,"C022249",3.189359
"C022873",5,21482,"C047883",5.259321
"C022875",5,21482,"C047883",8.728850
"C022877",1,5732,"C012734",10.772990
"C022878",1,5732,"C012734",15.639454
"C022879",0,5705,"C012675",7.433941
"C022881",5,21482,"C047883",14.159158
"C022885",0,5705,"C012675",8.332653
"C022886",1,5732,"C012734",15.557279
"C022890",5,21482,"C047883",8.729277
"C022893",0,5705,"C012675",6.745229
"C022895",5,21482,"C047883",7.353775
"C022899",1,5732,"C012734",3.729741
"C022900",5,21482,"C047883",5.812469
"C022902",4,9961,"C022249",3.092377
"C022906",5,21482,"C047883",7.508778
"C022909",2,868,"C001904",9.370916
"C022913",5,21482,"C047883",8.714807
"C022917",0,5705,"C012675",4.703133
"C022918",5,21482,"C047883",3.445111
"C022923",2,868,"C001904",8.763886
"C022924",2,868,"C001904",3.932879
"C022926",5,21482,"C047883",4.728297
"C022927",0,5705,"C012675",3.108135
"C022929",1,5732,"C012734",3.000490
"C022937",5,21482,"C047883",3.951416
"C022940",5,21482,"C047883",11.374684
"C022941",1,5732,"C012734",12.970293
"C022942",0,5705,"C012675",3.250629
"C022943",1,5732,"C012734",2.675201
"C022944",0,5705,"C012675",2.852495
"C022947",4,9961,"C022249",1.962819
"C022949",3,16827,"C037407",1.767419
"C022951",2,868,"C001904",5.930507
"C022954",2,868,"C001904",3.698828
"C022955",0,5705,"C012675",1.841235
"C022956",0,5705,"C012675",8.375700
"C022957",3,16827,"C037407",3.527606
"C022959",4,9961,"C022249",4.399850
"C022960",0,5705,"C012675",2.805627
"C022965",1,5732,"C012734",3.804433
"C022968",2,868,"C001904",3.694953
"C022969",2,868,"C001904",5.111632
"C022977",5,21482,"C047883",4.218172
"C022978",0,5705,"C012675",5.320252
"C022980",2,868,"C001904",1.810491
"C022981",1,5732,"C012734",2.928513
"C022983",2,868,"C001904",7.892034
"C022987",1,5732,"C012734",10.060260
"C022990",3,16827,"C037407",3.204559
"C022993",3,16827,"C037407",0.385336
"C022995",1,5732,"C012734",8.218319
"C022997",5,21482,"C047883",4.895074
"C022998",3,16827,"C037407",8.049864
"C023000",1,5732,"C012734",13.054350
"C023002",1,5732,"C012734",11.204015
"C023004",0,5705,"C012675",3.893862
"C023007",5,21482,"C047883",3.535948
"C023008",5,21482,"C047883",5.210967
"C023010",5,21482,"C047883",5.377294
"C023012",5,21482,"C047883",1.391710
"C023015",3,16827,"C037407",1.697550
"C023017",0,5705,"C012675",1.446940
"C023018",5,21482,"C047883",4.617840
"C023019",1,5732,"C012734",15.401870
"C023021",0,5705,"C012675",2.948698
"C023024",1,5732,"C012734",4.394409
"C023026",2,868,"C001904",2.845018
"C023028",1,5732,"C012734",7.557560
"C023030",4,9961,"C022249",6.143063
"C023031",4,9961,"C022249",1.525147
"C023037",0,5705,"C012675",7.805956
"C023039",4,9961,"C022249",5.560804
"C023042",1,5732,"C012734",3.241152
"C023043",4,9961,"C022249",3.286902
"C023045",5,21482,"C047883",0.843183
"C023046",4,9961,"C022249",4.764458
"C023047",2,868,"C001904",5.099652
"C023050",2,868,"C001904",3.100484
"C023052",0,5705,"C012675",7.157900
"C023056",3,16827,"C037407",2.558566
"C023060",5,21482,"C047883",1.461558
"C023065",5,21482,"C047883",7.709306
"C023066",4,9961,"C022249",2.805251
"C023071",4,9961,"C022249",3.924976
"C023072",2,868,"C001904",7.272178
"C023075",4,9961,"C022249",3.918746
"C023078",0,5705,"C012675",6.141737
"C023079",1,5732,"C012734",15.786807
"C023081",5,21482,"C047883",1.195192
"C023082",5,21482,"C047883",3.764779
"C023084",0,5705,"C012675",4.449035
"C023085",3,16827,"C037407",4.066743
"C023086",1,5732,"C012734",2.977793
"C023087",5,21482,"C047883",7.158189
"C023091",2,868,"C001904",6.518858
"C023092",1,5732,"C012734",6.132950
"C023095",2,868,"C001904",8.653085
"C023096",1,5732,"C012734",1.854122
"C023097",5,21482,"C047883",1.624095
"C023098",2,868,"C001904",4.681037
"C023099",5,21482,"C047883",5.784019
"C023101",5,21482,"C047883",10.915598
"C023105",0,5705,"C012675",3.222614
"C023108",3,16827,"C037407",7.038194
"C023109",5,21482,"C047883",8.802727
"C023110",1,5732,"C012734",2.830430
"C023111",1,5732,"C012734",6.996472
"C023112",0,5705,"C012675",4.300458
"C023115",1,5732,"C012734",7.908091
"C023117",3,16827,"C037407",4.816923
"C023119",5,21482,"C047883",11.844544
"C023122",2,868,"C001904",5.926739
"C023124",3,16827,"C037407",8.901792
"C023125",5,21482,"C047883",3.112170
"C023128",5,21482,"C047883",8.679167
"C023130",3,16827,"C037407",8.005635
"C023131",3,16827,"C037407",2.023566
"C023132",3,16827,"C037407",6.284035
"C023134",5,21482,"C047883",12.407256
"C023137",0,5705,"C012675",1.993845
"C023141",3,16827,"C037407",7.999791
"C023142",4,9961,"C022249",3.915455
"C023145",1,5732,"C012734",4.724409
"C023146",3,16827,"C037407",5.391211
"C023148",5,21482,"C047883",2.756300
"C023149",0,5705,"C012675",10.344485
"C023150",5,21482,"C047883",4.818407
"C023151",5,21482,"C047883",7.384913
"C023152",3,16827,"C037407",1.773137
"C023154",5,21482,"C047883",1.396136
"C023158",0,5705,"C012675",7.625006
"C023159",2,868,"C001904",0.882457
"C023161",0,5705,"C012675",8.577480
"C023162",5,21482,"C047883",2.381744
"C023164",3,16827,"C037407",0.693081
"C023165",0,5705,"C012675",3.533405
"C023166",5,21482,"C047883",6.547826
"C023168",1,5732,"C012734",2.929268
"C023170",1,5732,"C012734",14.804373
"C023172",3,16827,"C037407",6.892634
"C023174",2,868,"C001904",6.054220
"C023176",4,9961,"C022249",1.540740
"C023177",2,868,"C001904",4.491219
"C023178",3,16827,"C037407",7.235841
"C023179",1,5732,"C012734",4.968740
"C023180",5,21482,"C047883",3.378192
"C023182",3,16827,"C037407",4.483050
"C023183",3,16827,"C037407",6.545066
"C023184",4,9961,"C022249",2.102711
"C023185",5,21482,"C047883",10.125459
"C023186",5,21482,"C047883",6.174126
"C023188",5,21482,"C047883",4.545168
"C023192",1,5732,"C012734",7.315050
"C023193",4,9961,"C022249",5.816373
"C023194",0,5705,"C012675",8.329665
"C023196",0,5705,"C012675",3.626739
"C023197",1,5732,"C012734",6.853279
"C023198",3,16827,"C037407",7.659178
"C023202",0,5705,"C012675",9.623222
"C023213",0,5705,"C012675",2.727313
"C023215",1,5732,"C012734",8.431436
"C023216",2,868,"C001904",3.893910
"C023221",1,5732,"C012734",10.485553
"C023222",4,9961,"C022249",5.744993
"C023223",3,16827,"C037407",1.393873
"C023225",2,868,"C001904",2.592837
"C023228",0,5705,"C012675",7.001252
"C023230",1,5732,"C012734",6.347490
"C023232",2,868,"C001904",7.118212
"C023234",5,21482,"C047883",8.349310
"C023235",5,21482,"C047883",6.583390
"C023239",2,868,"C001904",7.613617
"C023240",5,21482,"C047883",1.533276
"C023241",3,16827,"C037407",0.537495
"C023243",1,5732,"C012734",10.948653
"C023245",1,5732,"C012734",8.089715
"C023246",2,868,"C001904",5.872214
"C023249",2,868,"C001904",6.223768
"C023252",3,16827,"C037407",4.489835
"C023253",1,5732,"C012734",7.544424
"C023255",0,5705,"C012675",7.420139
"C023258",0,5705,"C012675",6.336340
"C023259",3,16827,"C037407",4.677266
"C023261",4,9961,"C022249",3.357101
"C023262",1,5732,"C012734",3.482943
"C023267",1,5732,"C012734",3.141446
"C023268",4,9961,"C022249",2.691603
"C023272",1,5732,"C012734",8.440739
"C023273",1,5732,"C012734",5.893980
"C023274",5,21482,"C047883",1.393363
"C023276",3,16827,"C037407",4.481325
"C023277",5,21482,"C047883",1.894524
"C023278",1,5732,"C012734",7.557083
"C023282",1,5732,"C012734",4.309450
"C023283",4,9961,"C022249",1.884406
"C023284",0,5705,"C012675",9.008299
"C023286",4,9961,"C022249",3.604943
"C023287",0,5705,"C012675",8.584950
"C023288",0,5705,"C012675",5.796357
"C023297",2,868,"C001904",7.246900
"C023301",5,21482,"C047883",6.174736
"C023304",2,868,"C001904",3.436036
"C023305",1,5732,"C012734",10.559816
"C023306",1,5732,"C012734",2.651253
"C023307",2,868,"C001904",5.414757
"C023310",5,21482,"C047883",7.935080
"C023312",2,868,"C001904",6.384649
"C023313",1,5732,"C012734",8.704402
"C023314",1,5732,"C012734",2.155336
"C023315",1,5732,"C012734",4.170159
"C023317",1,5732,"C012734",9.963440
"C023318",3,16827,"C037407",0.691178
"C023319",4,9961,"C022249",2.386916
"C023322",1,5732,"C012734",6.346460
"C023324",3,16827,"C037407",7.719979
"C023326",2,868,"C001904",2.970927
"C023327",0,5705,"C012675",4.871152
"C023329",4,9961,"C022249",6.646986
"C023330",5,21482,"C047883",3.565666
"C023332",4,9961,"C022249",1.253106
"C023336",2,868,"C001904",8.199279
"C023340",1,5732,"C012734",2.276476
"C023341",2,868,"C001904",6.845639
"C023342",0,5705,"C012675",5.024307
"C023343",4,9961,"C022249",6.389201
"C023346",5,21482,"C047883",8.386325
"C023349",1,5732,"C012734",6.889584
"C023350",1,5732,"C012734",6.739072
"C023352",2,868,"C001904",7.663204
"C023353",3,16827,"C037407",4.136691
"C023356",2,868,"C001904",9.668707
"C023357",4,9961,"C022249",9.802337
"C023362",4,9961,"C022249",3.076328
"C023368",4,9961,"C022249",5.117614
"C023371",0,5705,"C012675",3.267246
"C023373",2,868,"C001904",6.369074
"C023374",2,868,"C001904",1.145533
"C023377",2,868,"C001904",3.684276
"C023378",1,5732,"C012734",8.964179
"C023380",5,21482,"C047883",7.453017
"C023386",1,5732,"C012734",12.693881
"C023387",5,21482,"C047883",1.815839
"C023390",0,5705,"C012675",5.934043
"C023393",5,21482,"C047883",3.074084
"C023395",1,5732,"C012734",2.539760
"C023396",0,5705,"C012675",8.175566
"C023399",1,5732,"C012734",2.515456
"C023400",1,5732,"C012734",8.346963
"C023405",1,5732,"C012734",11.541070
"C023407",2,868,"C001904",2.728155
"C023409",3,16827,"C037407",3.502473
"C023410",5,21482,"C047883",11.013658
"C023412",1,5732,"C012734",13.580526
"C023413",0,5705,"C012675",8.196471
"C023416",1,5732,"C012734",8.741493
"C023417",3,16827,"C037407",6.322702
"C023420",0,5705,"C012675",5.609040
"C023421",1,5732,"C012734",3.138883
"C023425",5,21482,"C047883",13.989605
"C023427",3,16827,"C037407",7.512924
"C023429",0,5705,"C012675",1.196096
"C023431",4,9961,"C022249",2.676874
"C023434",3,16827,"C037407",1.622131
"C023435",1,5732,"C012734",7.318281
"C023438",4,9961,"C022249",4.049000
"C023439",5,21482,"C047883",7.209786
"C023440",5,21482,"C047883",1.537766
"C023441",5,21482,"C047883",2.666492
"C023446",2,868,"C001904",8.174675
"C023447",4,9961,"C022249",5.212548
"C023450",0,5705,"C012675",5.761047
"C023451",5,21482,"C047883",12.567198
"C023454",2,868,"C001904",8.505475
"C023455",2,868,"C001904",2.946732
"C023456",5,21482,"C047883",4.558757
"C023461",0,5705,"C012675",8.189932
"C023465",4,9961,"C022249",5.658028
"C023472",2,868,"C001904",3.725632
"C023477",2,868,"C001904",7.413883
"C023479",4,9961,"C022249",2.516501
"C023480",5,21482,"C047883",10.305282
"C023481",3,16827,"C037407",8.742229
"C023486",0,5705,"C012675",8.130685
"C023487",5,21482,"C047883",4.674308
"C023488",1,5732,"C012734",14.726378
"C023489",2,868,"C001904",5.057884
"C023490",5,21482,"C047883",5.459888
"C023492",4,9961,"C022249",5.971015
"C023495",4,9961,"C022249",9.695771
"C023496",3,16827,"C037407",4.916042
"C023497",0,5705,"C012675",6.834570
"C023498",4,9961,"C022249",6.186964
"C023501",1,5732,"C012734",6.954473
"C023502",4,9961,"C022249",6.714648
"C023503",3,16827,"C037407",7.062894
"C023506",1,5732,"C012734",4.247708
"C023507",2,868,"C001904",3.242441
"C023508",0,5705,"C012675",2.583911
"C023511",2,868,"C001904",4.954697
"C023514",1,5732,"C012734",7.855689
"C023515",4,9961,"C022249",1.828598
"C023521",5,21482,"C047883",10.069541
"C023522",4,9961,"C022249",5.078194
"C023526",5,21482,"C047883",13.689615
"C023528",5,21482,"C047883",3.015966
"C023531",5,21482,"C047883",7.017586
"C023534",1,5732,"C012734",3.507050
"C023535",2,868,"C001904",0.280161
"C023537",0,5705,"C012675",6.801979
"C023538",4,9961,"C022249",4.749139
"C023540",0,5705,"C012675",5.931900
"C023546",0,5705,"C012675",1.888348
"C023547",1,5732,"C012734",1.878177
"C023548",4,9961,"C022249",6.865885
"C023551",5,21482,"C047883",13.576872
"C023553",4,9961,"C022249",8.229736
"C023561",5,21482,"C047883",10.587048
"C023563",5,21482,"C047883",10.110076
"C023564",0,5705,"C012675",6.202047
"C023565",3,16827,"C037407",6.073000
"C023567",3,16827,"C037407",2.456846
"C023573",3,16827,"C037407",5.048491
"C023574",1,5732,"C012734",11.536697
"C023575",1,5732,"C012734",5.204025
"C023576",2,868,"C001904",3.782352
"C023577",2,868,"C001904",5.100995
"C023578",3,16827,"C037407",5.441215
"C023582",0,5705,"C012675",10.255519
"C023585",2,868,"C001904",8.189882
"C023587",3,16827,"C037407",8.318788
"C023589",1,5732,"C012734",8.250534
"C023591",1,5732,"C012734",3.795737
"C023592",5,21482,"C047883",4.234149
"C023596",1,5732,"C012734",9.173718
"C023599",0,5705,"C012675",5.116649
"C023601",0,5705,"C012675",5.670484
"C023604",0,5705,"C012675",3.506554
"C023607",1,5732,"C012734",10.346043
"C023608",4,9961,"C022249",2.759856
"C023609",2,868,"C001904",8.655287
"C023610",2,868,"C001904",8.943782
"C023611",0,5705,"C012675",8.317884
"C023612",4,9961,"C022249",2.189017
"C023613",5,21482,"C047883",4.849267
"C023614",2,868,"C001904",6.616100
"C023618",3,16827,"C037407",6.812870
"C023619",5,21482,"C047883",12.019984
"C023627",3,16827,"C037407",4.212909
"C023628",5,21482,"C047883",2.334753
"C023630",2,868,"C001904",9.091616
"C023631",2,868,"C001904",7.067131
"C023634",1,5732,"C012734",10.402721
"C023636",0,5705,"C012675",6.433347
"C023637",5,21482,"C047883",2.620291
"C023639",1,5732,"C012734",7.613552
"C023640",5,21482,"C047883",2.896754
"C023641",1,5732,"C012734",12.213386
"C023642",4,9961,"C022249",6.426762
"C023644",3,16827,"C037407",2.850083
"C023646",2,868,"C001904",6.532795
"C023649",1,5732,"C012734",12.544319
"C023651",1,5732,"C012734",6.866113
"C023652",4,9961,"C022249",2.503142
"C023653",5,21482,"C047883",8.469046
"C023655",4,9961,"C022249",5.654519
"C023656",1,5732,"C012734",7.285134
"C023661",0,5705,"C012675",7.245189
"C023663",1,5732,"C012734",4.578618
"C023667",1,5732,"C012734",1.300394
"C023668",1,5732,"C012734",2.821400
"C023669",2,868,"C001904",2.105210
"C023670",2,868,"C001904",7.478675
"C023671",3,16827,"C037407",4.632229
"C023672",2,868,"C001904",6.076913
"C023673",4,9961,"C022249",1.250010
"C023674",2,868,"C001904",8.835878
"C023679",3,16827,"C037407",6.497888
"C023681",2,868,"C001904",3.362097
"C023687",4,9961,"C022249",3.161476
"C023691",0,5705,"C012675",6.840793
"C023694",0,5705,"C012675",4.361023
"C023696",1,5732,"C012734",2.296747
"C023697",2,868,"C001904",8.513811
"C023699",4,9961,"C022249",5.303412
"C023700",5,21482,"C047883",4.605485
"C023702",3,16827,"C037407",4.412525
"C023703",1,5732,"C012734",2.021488
"C023704",5,21482,"C047883",7.640339
"C023706",5,21482,"C047883",11.799768
"C023710",5,21482,"C047883",6.464581
"C023713",2,868,"C001904",2.310648
"C023716",0,5705,"C012675",5.070627
"C023717",5,21482,"C047883",8.061381
"C023718",4,9961,"C022249",0.782006
"C023719",5,21482,"C047883",9.232552
"C023721",3,16827,"C037407",6.132111
"C023725",5,21482,"C047883",13.823545
"C023726",4,9961,"C022249",2.120886
"C023728",5,21482,"C047883",5.307858
"C023737",1,5732,"C012734",6.718070
"C023741",1,5732,"C012734",15.477007
"C023743",0,5705,"C012675",1.510443
"C023744",1,5732,"C012734",9.305376
"C023745",5,21482,"C047883",6.152456
"C023747",5,21482,"C047883",11.537976
"C023750",5,21482,"C047883",4.853408
"C023752",0,5705,"C012675",9.499206
"C023757",0,5705,"C012675",5.083941
"C023758",4,9961,"C022249",0.903541
"C023759",2,868,"C001904",8.126394
"C023761",1,5732,"C012734",8.183752
"C023763",4,9961,"C022249",4.814423
"C023766",1,5732,"C012734",7.145257
"C023768",2,868,"C001904",1.172894
"C023770",0,5705,"C012675",5.459015
"C023772",1,5732,"C012734",8.253234
"C023774",1,5732,"C012734",6.663284
"C023778",1,5732,"C012734",2.468604
"C023782",1,5732,"C012734",3.270963
"C023783",3,16827,"C037407",5.904335
"C023785",1,5732,"C012734",3.328603
"C023786",1,5732,"C012734",3.003951
"C023788",2,868,"C001904",6.050926
"C023789",1,5732,"C012734",7.505335
"C023797",4,9961,"C022249",6.716753
"C023799",4,9961,"C022249",1.604988
"C023801",5,21482,"C047883",9.907964
"C023802",4,9961,"C022249",1.696624
"C023803",4,9961,"C022249",0.193195
"C023806",2,868,"C001904",3.598112
"C023810",0,5705,"C012675",2.151490
"C023811",2,868,"C001904",6.754430
"C023816",4,9961,"C022249",2.478545
"C023824",1,5732,"C012734",3.920553
"C023825",3,16827,"C037407",1.869427
"C023826",0,5705,"C012675",4.746790
"C023828",0,5705,"C012675",5.427675
"C023829",3,16827,"C037407",4.279997
"C023831",5,21482,"C047883",1.753783
"C023836",0,5705,"C012675",6.411552
"C023837",0,5705,"C012675",3.360433
"C023839",0,5705,"C012675",5.022012
"C023840",5,21482,"C047883",3.197921
"C023841",5,21482,"C047883",2.394977
"C023842",1,5732,"C012734",14.082918
"C023845",1,5732,"C012734",12.294291
"C023846",5,21482,"C047883",3.144073
"C023847",1,5732,"C012734",11.388764
"C023848",0,5705,"C012675",8.830292
"C023849",5,21482,"C047883",5.587135
"C023850",5,21482,"C047883",2.373478
"C023851",1,5732,"C012734",6.825039
"C023854",5,21482,"C047883",4.128334
"C023861",1,5732,"C012734",10.096844
"C023862",1,5732,"C012734",14.142768
"C023865",0,5705,"C012675",2.293841
"C023869",1,5732,"C012734",11.040638
"C023870",5,21482,"C047883",6.006458
"C023872",1,5732,"C012734",5.437281
"C023876",5,21482,"C047883",11.191059
"C023879",1,5732,"C012734",6.618838
"C023883",3,16827,"C037407",6.014988
"C023889",4,9961,"C022249",2.994797
"C023890",4,9961,"C022249",7.528441
"C023893",0,5705,"C012675",5.822066
"C023899",3,16827,"C037407",0.711240
"C023905",2,868,"C001904",1.790955
"C023909",2,868,"C001904",9.594460
"C023910",5,21482,"C047883",3.641327
"C023914",5,21482,"C047883",10.138568
"C023916",2,868,"C001904",7.084345
"C023918",1,5732,"C012734",2.828069
"C023919",3,16827,"C037407",2.553321
"C023925",0,5705,"C012675",9.876425
"C023926",4,9961,"C022249",3.213251
"C023927",5,21482,"C047883",10.180548
"C023933",5,21482,"C047883",2.228712
"C023934",1,5732,"C012734",6.505322
"C023941",1,5732,"C012734",6.223215
"C023942",1,5732,"C012734",0.485286
"C023944",0,5705,"C012675",10.254010
"C023945",2,868,"C001904",6.358413
"C023947",0,5705,"C012675",0.689228
"C023948",0,5705,"C012675",4.156833
"C023949",5,21482,"C047883",5.413672
"C023964",2,868,"C001904",6.642717
"C023967",0,5705,"C012675",5.044004
"C023969",4,9961,"C022249",8.041584
"C023970",1,5732,"C012734",11.797399
"C023974",1,5732,"C012734",3.883026
"C023975",5,21482,"C047883",7.461523
"C023977",2,868,"C001904",3.165153
"C023978",2,868,"C001904",4.752529
"C023982",1,5732,"C012734",1.523481
"C023983",5,21482,"C047883",12.654052
"C023984",4,9961,"C022249",1.404576
"C023985",0,5705,"C012675",2.923943
"C023987",0,5705,"C012675",9.352426
"C023988",0,5705,"C012675",9.202742
"C023990",5,21482,"C047883",1.097523
"C023992",5,21482,"C047883",13.180800
"C023994",5,21482,"C047883",1.203486
"C023996",3,16827,"C037407",6.983354
"C023999",5,21482,"C047883",6.587970
"C024001",0,5705,"C012675",6.078810
"C024002",3,16827,"C037407",4.923446
"C024003",5,21482,"C047883",14.989023
"C024006",2,868,"C001904",8.115134
"C024011",5,21482,"C047883",7.044622
"C024012",3,16827,"C037407",9.046134
"C024014",4,9961,"C022249",3.021210
"C024016",1,5732,"C012734",8.598203
"C024017",1,5732,"C012734",8.292693
"C024018",5,21482,"C047883",9.014998
"C024020",5,21482,"C047883",8.235506
"C024021",5,21482,"C047883",10.523748
"C024023",2,868,"C001904",2.244391
"C024024",1,5732,"C012734",8.825217
"C024025",0,5705,"C012675",3.098648
"C024028",3,16827,"C037407",7.549817
"C024029",5,21482,"C047883",8.522288
"C024031",5,21482,"C047883",12.511838
"C024032",4,9961,"C022249",5.148042
"C024034",5,21482,"C047883",15.873114
"C024035",5,21482,"C047883",13.189004
"C024036",1,5732,"C012734",6.290237
"C024037",4,9961,"C022249",2.397895
"C024039",0,5705,"C012675",9.301945
"C024040",4,9961,"C022249",4.958289
"C024042",5,21482,"C047883",9.931053
"C024043",2,868,"C001904",1.836962
"C024050",2,868,"C001904",3.123403
"C024051",1,5732,"C012734",2.703151
"C024052",1,5732,"C012734",13.068290
"C024053",1,5732,"C012734",5.805720
"C024054",5,21482,"C047883",10.584451
"C024055",0,5705,"C012675",1.598895
"C024061",5,21482,"C047883",9.624599
"C024063",1,5732,"C012734",0.857754
"C024064",1,5732,"C012734",8.046740
"C024066",1,5732,"C012734",6.828355
"C024069",0,5705,"C012675",3.276857
"C024071",5,21482,"C047883",14.919524
"C024075",0,5705,"C012675",5.963313
"C024080",0,5705,"C012675",5.690461
"C024083",1,5732,"C012734",6.869058
"C024084",1,5732,"C012734",6.366636
"C024085",0,5705,"C012675",6.588186
"C024087",1,5732,"C012734",2.336856
"C024089",3,16827,"C037407",7.272279
"C024090",2,868,"C001904",6.174721
"C024091",5,21482,"C047883",9.294594
"C024092",3,16827,"C037407",7.219305
"C024095",0,5705,"C012675",5.157124
"C024096",4,9961,"C022249",2.936776
"C024097",5,21482,"C047883",3.962648
"C024100",5,21482,"C047883",12.678699
"C024102",4,9961,"C022249",2.291671
"C024104",2,868,"C001904",5.956304
"C024106",4,9961,"C022249",10.024063
"C024108",0,5705,"C012675",2.973056
"C024111",3,16827,"C037407",4.825505
"C024112",5,21482,"C047883",9.489738
"C024114",5,21482,"C047883",12.129750
"C024120",4,9961,"C022249",3.311967
"C024122",5,21482,"C047883",7.550293
"C024124",5,21482,"C047883",12.246492
"C024126",5,21482,"C047883",1.148740
"C024129",1,5732,"C012734",3.662783
"C024132",1,5732,"C012734",14.832238
"C024136",4,9961,"C022249",5.542439
"C024138",3,16827,"C037407",2.837508
"C024141",5,21482,"C047883",4.941698
"C024142",5,21482,"C047883",10.676492
"C024143",1,5732,"C012734",13.175171
"C024144",3,16827,"C037407",2.275512
"C024145",1,5732,"C012734",5.857694
"C024146",1,5732,"C012734",3.175977
"C024150",0,5705,"C012675",1.177669
"C024151",1,5732,"C012734",8.782113
"C024153",2,868,"C001904",13.041787
"C024154",5,21482,"C047883",11.241735
"C024155",4,9961,"C022249",3.151850
"C024157",5,21482,"C047883",7.598637
"C024158",1,5732,"C012734",11.393305
"C024161",5,21482,"C047883",10.567001
"C024162",1,5732,"C012734",7.049114
"C024164",0,5705,"C012675",5.481600
"C024167",0,5705,"C012675",1.994124
"C024168",5,21482,"C047883",5.303521
"C024169",5,21482,"C047883",11.044940
"C024171",1,5732,"C012734",3.363358
"C024172",0,5705,"C012675",4.923692
"C024173",4,9961,"C022249",2.293511
"C024176",1,5732,"C012734",2.632039
"C024177",1,5732,"C012734",6.833998
"C024185",4,9961,"C022249",3.472299
"C024186",5,21482,"C047883",12.367804
"C024188",4,9961,"C022249",5.069252
"C024189",5,21482,"C047883",0.777276
"C024193",4,9961,"C022249",4.701956
"C024194",4,9961,"C022249",2.337449
"C024196",4,9961,"C022249",1.543242
"C024197",5,21482,"C047883",5.412295
"C024199",0,5705,"C012675",2.435781
"C024201",1,5732,"C012734",15.437593
"C024205",3,16827,"C037407",7.599832
"C024206",5,21482,"C047883",3.297288
"C024208",2,868,"C001904",9.080949
"C024209",2,868,"C001904",4.595100
"C024210",1,5732,"C012734",5.045408
"C024212",0,5705,"C012675",9.283666
"C024213",0,5705,"C012675",2.887229
"C024214",1,5732,"C012734",11.566685
"C024215",5,21482,"C047883",1.591177
"C024218",5,21482,"C047883",0.961312
"C024219",5,21482,"C047883",6.667489
"C024220",1,5732,"C012734",2.135988
"C024222",3,16827,"C037407",4.318433
"C024224",5,21482,"C047883",2.381067
"C024226",1,5732,"C012734",2.956432
"C024228",3,16827,"C037407",6.901400
"C024230",3,16827,"C037407",4.219682
"C024231",5,21482,"C047883",5.884609
"C024234",3,16827,"C037407",4.897469
"C024235",1,5732,"C012734",6.113292
"C024241",2,868,"C001904",3.482553
"C024242",0,5705,"C012675",6.178005
"C024246",1,5732,"C012734",1.297516
"C024248",0,5705,"C012675",9.077983
"C024250",5,21482,"C047883",4.069596
"C024254",3,16827,"C037407",7.171219
"C024261",4,9961,"C022249",0.381940
"C024264",0,5705,"C012675",5.323621
"C024266",5,21482,"C047883",15.268160
"C024267",3,16827,"C037407",8.764511
"C024268",3,16827,"C037407",4.876740
"C024269",1,5732,"C012734",1.982571
"C024272",5,21482,"C047883",13.993504
"C024274",1,5732,"C012734",5.521482
"C024275",0,5705,"C012675",4.358189
"C024277",0,5705,"C012675",6.236834
"C024278",4,9961,"C022249",5.695523
"C024279",1,5732,"C012734",3.737638
"C024280",3,16827,"C037407",10.099122
"C024281",0,5705,"C012675",9.106073
"C024284",0,5705,"C012675",3.977854
"C024285",5,21482,"C047883",10.689911
"C024289",2,868,"C001904",4.152689
"C024290",0,5705,"C012675",1.088011
"C024291",3,16827,"C037407",7.747848
"C024292",2,868,"C001904",2.905328
"C024294",1,5732,"C012734",16.332097
"C024295",2,868,"C001904",4.617092
"C024296",3,16827,"C037407",4.592698
"C024301",2,868,"C001904",4.479343
"C024305",4,9961,"C022249",4.841628
"C024306",5,21482,"C047883",4.896964
"C024311",3,16827,"C037407",0.654783
"C024316",0,5705,"C012675",2.553343
"C024317",4,9961,"C022249",5.318735
"C024318",2,868,"C001904",9.971765
"C024319",1,5732,"C012734",4.319660
"C024320",4,9961,"C022249",2.800005
"C024324",2,868,"C001904",1.569765
"C024325",0,5705,"C012675",8.922880
"C024326",2,868,"C001904",5.951250
"C024329",1,5732,"C012734",2.757001
"C024334",5,21482,"C047883",5.025144
"C024335",0,5705,"C012675",2.479632
"C024336",2,868,"C001904",8.089017
"C024340",5,21482,"C047883",9.741710
"C024341",0,5705,"C012675",7.925330
"C024343",1,5732,"C012734",6.775200
"C024345",5,21482,"C047883",10.811553
"C024352",1,5732,"C012734",4.663871
"C024353",0,5705,"C012675",3.331952
"C024354",3,16827,"C037407",3.438471
"C024355",0,5705,"C012675",4.491069
"C024360",0,5705,"C012675",4.098607
"C024361",1,5732,"C012734",5.139707
"C024362",2,868,"C001904",0.721464
"C024368",0,5705,"C012675",3.279279
"C024371",2,868,"C001904",3.974708
"C024373",3,16827,"C037407",2.249418
"C024374",0,5705,"C012675",6.797424
"C024380",0,5705,"C012675",2.553022
"C024382",2,868,"C001904",8.157549
"C024387",5,21482,"C047883",10.844399
"C024388",0,5705,"C012675",4.466593
"C024392",5,21482,"C047883",4.912819
"C024394",1,5732,"C012734",14.163913
"C024396",3,16827,"C037407",4.070284
"C024400",1,5732,"C012734",6.564826
"C024411",5,21482,"C047883",9.036116
"C024413",1,5732,"C012734",4.428888
"C024414",3,16827,"C037407",7.789574
"C024416",5,21482,"C047883",6.583372
"C024417",3,16827,"C037407",4.959626
"C024422",5,21482,"C047883",9.535573
"C024424",0,5705,"C012675",6.541749
"C024425",1,5732,"C012734",10.624628
"C024426",5,21482,"C047883",4.906080
"C024428",1,5732,"C012734",5.573485
"C024429",4,9961,"C022249",4.455581
"C024432",0,5705,"C012675",0.517251
"C024434",1,5732,"C012734",5.870599
"C024435",5,21482,"C047883",5.779598
"C024436",1,5732,"C012734",6.992241
"C024437",0,5705,"C012675",2.212069
"C024442",0,5705,"C012675",8.518093
"C024444",1,5732,"C012734",6.898179
"C024445",0,5705,"C012675",8.464870
"C024446",2,868,"C001904",9.163989
"C024448",2,868,"C001904",2.765721
"C024449",2,868,"C001904",7.939085
"C024451",3,16827,"C037407",4.100435
"C024452",1,5732,"C012734",6.364536
"C024453",0,5705,"C012675",3.276343
"C024457",1,5732,"C012734",4.773060
"C024458",5,21482,"C047883",10.078803
"C024459",2,868,"C001904",8.002169
"C024460",1,5732,"C012734",6.078293
"C024464",5,21482,"C047883",8.675780
"C024466",2,868,"C001904",9.928607
"C024468",5,21482,"C047883",9.128966
"C024469",3,16827,"C037407",7.093525
"C024474",2,868,"C001904",11.259202
"C024478",5,21482,"C047883",6.506383
"C024482",0,5705,"C012675",6.351916
"C024483",1,5732,"C012734",7.236989
"C024484",1,5732,"C012734",2.799284
"C024488",2,868,"C001904",8.785311
"C024489",4,9961,"C022249",3.426029
"C024491",4,9961,"C022249",6.687030
"C024492",2,868,"C001904",9.520589
"C024499",5,21482,"C047883",6.528697
"C024501",1,5732,"C012734",0.440092
"C024503",1,5732,"C012734",6.305363
"C024505",4,9961,"C022249",1.682006
"C024506",5,21482,"C047883",3.530936
"C024507",2,868,"C001904",7.703705
"C024508",2,868,"C001904",9.094890
"C024512",1,5732,"C012734",8.091133
"C024518",5,21482,"C047883",12.108351
"C024521",2,868,"C001904",2.890193
"C024522",5,21482,"C047883",1.152060
"C024525",0,5705,"C012675",3.246626
"C024531",5,21482,"C047883",8.368338
"C024533",5,21482,"C047883",2.318575
"C024534",1,5732,"C012734",5.659656
"C024536",1,5732,"C012734",13.129083
"C024539",5,21482,"C047883",5.507090
"C024547",3,16827,"C037407",8.816451
"C024549",0,5705,"C012675",5.665300
"C024550",0,5705,"C012675",2.245396
"C024552",5,21482,"C047883",2.679844
"C024553",5,21482,"C047883",14.956774
"C024554",1,5732,"C012734",2.279820
"C024556",1,5732,"C012734",13.214884
"C024557",1,5732,"C012734",3.172229
"C024560",3,16827,"C037407",2.610403
"C024561",5,21482,"C047883",9.981319
"C024565",2,868,"C001904",3.002565
"C024566",2,868,"C001904",6.272064
"C024567",1,5732,"C012734",16.386416
"C024568",2,868,"C001904",9.845476
"C024571",1,5732,"C012734",10.076426
"C024572",0,5705,"C012675",4.402747
"C024574",2,868,"C001904",1.921157
"C024575",0,5705,"C012675",2.176519
"C024579",0,5705,"C012675",5.990198
"C024582",1,5732,"C012734",7.638962
"C024584",5,21482,"C047883",0.474143
"C024587",1,5732,"C012734",17.265662
"C024588",1,5732,"C012734",12.875380
"C024591",2,868,"C001904",8.208079
"C024592",5,21482,"C047883",10.987977
"C024593",2,868,"C001904",8.245704
"C024594",4,9961,"C022249",1.537866
"C024595",5,21482,"C047883",9.060730
"C024598",4,9961,"C022249",0.687986
"C024599",4,9961,"C022249",3.710935
"C024604",4,9961,"C022249",4.226607
"C024607",1,5732,"C012734",11.559732
"C024608",2,868,"C001904",4.510156
"C024611",2,868,"C001904",12.197247
"C024614",5,21482,"C047883",3.977386
"C024615",0,5705,"C012675",2.233339
"C024618",1,5732,"C012734",15.843515
"C024621",4,9961,"C022249",5.352409
"C024623",5,21482,"C047883",9.546531
"C024625",5,21482,"C047883",2.338807
"C024626",4,9961,"C022249",1.889897
"C024629",1,5732,"C012734",7.532783
"C024634",2,868,"C001904",4.681317
"C024635",2,868,"C001904",7.838853
"C024637",4,9961,"C022249",1.262000
"C024640",2,868,"C001904",3.834657
"C024641",5,21482,"C047883",13.256825
"C024644",0,5705,"C012675",7.849870
"C024646",1,5732,"C012734",15.302855
"C024647",1,5732,"C012734",8.850246
"C024650",1,5732,"C012734",2.090488
"C024655",4,9961,"C022249",3.277137
"C024657",1,5732,"C012734",4.290126
"C024658",5,21482,"C047883",3.578450
"C024659",0,5705,"C012675",8.913619
"C024660",0,5705,"C012675",2.397067
"C024661",0,5705,"C012675",6.690191
"C024663",5,21482,"C047883",6.590892
"C024665",4,9961,"C022249",3.737634
"C024667",0,5705,"C012675",5.021335
"C024668",1,5732,"C012734",8.236492
"C024669",5,21482,"C047883",9.121504
"C024670",0,5705,"C012675",5.438271
"C024673",4,9961,"C022249",2.368684
"C024674",1,5732,"C012734",4.568303
"C024675",0,5705,"C012675",1.875299
"C024676",4,9961,"C022249",4.480883
"C024677",0,5705,"C012675",7.115190
"C024678",1,5732,"C012734",10.879200
"C024679",5,21482,"C047883",4.795191
"C024680",1,5732,"C012734",12.185184
"C024684",3,16827,"C037407",3.486453
"C024685",5,21482,"C047883",6.037553
"C024688",2,868,"C001904",6.885448
"C024691",5,21482,"C047883",2.536312
"C024693",0,5705,"C012675",8.401455
"C024695",3,16827,"C037407",3.345877
"C024696",5,21482,"C047883",4.243006
"C024698",1,5732,"C012734",3.769995
"C024699",2,868,"C001904",3.612166
"C024700",5,21482,"C047883",4.794254
"C024701",2,868,"C001904",2.512236
"C024705",5,21482,"C047883",8.881715
"C024707",2,868,"C001904",6.703941
"C024709",4,9961,"C022249",2.924515
"C024711",0,5705,"C012675",8.170837
"C024713",0,5705,"C012675",7.600150
"C024715",3,16827,"C037407",3.617517
"C024716",5,21482,"C047883",10.759152
"C024718",1,5732,"C012734",4.716521
"C024719",5,21482,"C047883",9.424598
"C024720",2,868,"C001904",8.698249
"C024722",4,9961,"C022249",7.306945
"C024723",0,5705,"C012675",4.203944
"C024724",4,9961,"C022249",3.780006
"C024725",1,5732,"C012734",1.552667
"C024726",0,5705,"C012675",7.072397
"C024728",1,5732,"C012734",10.343816
"C024729",4,9961,"C022249",6.782527
"C024730",0,5705,"C012675",8.042219
"C024735",5,21482,"C047883",12.085229
"C024736",5,21482,"C047883",14.044361
"C024737",3,16827,"C037407",6.705882
"C024738",4,9961,"C022249",1.378998
"C024739",2,868,"C001904",1.338813
"C024741",5,21482,"C047883",8.475489
"C024742",3,16827,"C037407",8.585039
"C024743",0,5705,"C012675",2.384407
"C024747",1,5732,"C012734",8.230312
"C024748",4,9961,"C022249",4.293644
"C024749",1,5732,"C012734",6.329362
"C024750",1,5732,"C012734",6.446102
"C024753",1,5732,"C012734",14.168728
"C024754",5,21482,"C047883",10.565809
"C024756",2,868,"C001904",7.190369
"C024757",0,5705,"C012675",5.878904
"C024758",4,9961,"C022249",3.200424
"C024760",4,9961,"C022249",3.129412
"C024762",2,868,"C001904",4.597596
"C024765",1,5732,"C012734",7.469002
"C024767",1,5732,"C012734",3.439173
"C024769",0,5705,"C012675",1.742150
"C024771",1,5732,"C012734",4.169425
"C024774",0,5705,"C012675",6.374852
"C024775",1,5732,"C012734",7.335173
"C024777",0,5705,"C012675",3.098478
"C024778",1,5732,"C012734",2.126188
"C024784",1,5732,"C012734",14.213939
"C024787",0,5705,"C012675",7.676845
"C024789",2,868,"C001904",1.565158
"C024790",1,5732,"C012734",16.712788
"C024791",0,5705,"C012675",1.845244
"C024794",0,5705,"C012675",9.099047
"C024797",5,21482,"C047883",4.785780
"C024798",4,9961,"C022249",7.038301
"C024799",5,21482,"C047883",6.518810
"C024801",2,868,"C001904",6.687082
"C024803",0,5705,"C012675",5.235106
"C024805",5,21482,"C047883",12.071524
"C024806",0,5705,"C012675",5.254973
"C024807",4,9961,"C022249",4.075668
"C024809",3,16827,"C037407",2.399219
"C024812",1,5732,"C012734",3.601348
"C024813",1,5732,"C012734",5.693569
"C024815",0,5705,"C012675",5.448851
"C024816",4,9961,"C022249",7.801405
"C024817",5,21482,"C047883",6.810708
"C024819",3,16827,"C037407",2.879941
"C024820",5,21482,"C047883",9.013343
"C024821",0,5705,"C012675",9.579617
"C024822",2,868,"C001904",3.382226
"C024826",1,5732,"C012734",7.136120
"C024827",5,21482,"C047883",7.271968
"C024828",0,5705,"C012675",6.569928
"C024831",2,868,"C001904",9.348430
"C024832",0,5705,"C012675",7.521725
"C024836",4,9961,"C022249",0.754651
"C024837",2,868,"C001904",9.441585
"C024838",2,868,"C001904",11.663558
"C024840",4,9961,"C022249",4.134831
"C024841",1,5732,"C012734",2.937456
"C024843",3,16827,"C037407",5.115170
"C024844",1,5732,"C012734",5.879338
"C024848",4,9961,"C022249",7.432691
"C024849",1,5732,"C012734",3.814999
"C024850",5,21482,"C047883",9.829120
"C024855",3,16827,"C037407",3.696027
"C024860",2,868,"C001904",1.643594
"C024861",0,5705,"C012675",6.653220
"C024865",0,5705,"C012675",1.981266
"C024866",5,21482,"C047883",5.672939
"C024868",2,868,"C001904",2.766950
"C024871",5,21482,"C047883",3.097944
"C024874",5,21482,"C047883",2.191203
"C024875",1,5732,"C012734",2.940711
"C024876",2,868,"C001904",6.796415
"C024880",1,5732,"C012734",3.188517
"C024884",2,868,"C001904",10.973008
"C024890",2,868,"C001904",1.252269
"C024891",5,21482,"C047883",2.749808
"C024892",0,5705,"C012675",5.010732
"C024893",0,5705,"C012675",2.811495
"C024894",0,5705,"C012675",6.192124
"C024895",0,5705,"C012675",6.637566
"C024898",0,5705,"C012675",4.849211
"C024899",0,5705,"C012675",7.164209
"C024900",4,9961,"C022249",2.732366
"C024902",0,5705,"C012675",1.707045
"C024910",1,5732,"C012734",9.097560
"C024913",5,21482,"C047883",2.119875
"C024915",3,16827,"C037407",2.095673
"C024917",5,21482,"C047883",8.102161
"C024922",1,5732,"C012734",2.332806
"C024923",4,9961,"C022249",6.732305
"C024924",4,9961,"C022249",2.924742
"C024926",5,21482,"C047883",6.723094
"C024927",3,16827,"C037407",3.261543
"C024932",4,9961,"C022249",2.407125
"C024934",0,5705,"C012675",7.305967
"C024936",1,5732,"C012734",5.253190
"C024939",5,21482,"C047883",2.514754
"C024940",0,5705,"C012675",6.032882
"C024941",2,868,"C001904",3.936791
"C024942",3,16827,"C037407",0.558725
"C024943",3,16827,"C037407",2.695581
"C024944",3,16827,"C037407",6.481728
"C024946",2,868,"C001904",8.331341
"C024948",0,5705,"C012675",8.600129
"C024950",0,5705,"C012675",1.673705
"C024951",2,868,"C001904",5.447608
"C024953",2,868,"C001904",4.224674
"C024955",3,16827,"C037407",6.955794
"C024958",1,5732,"C012734",3.811648
"C024959",4,9961,"C022249",4.824086
"C024960",1,5732,"C012734",1.458354
"C024961",5,21482,"C047883",2.110029
"C024963",5,21482,"C047883",6.815949
"C024964",1,5732,"C012734",2.024460
"C024965",2,868,"C001904",4.809144
"C024967",1,5732,"C012734",5.551788
"C024968",5,21482,"C047883",9.646909
"C024970",1,5732,"C012734",15.227401
"C024972",2,868,"C001904",3.831358
"C024974",5,21482,"C047883",9.807815
"C024975",5,21482,"C047883",8.384159
"C024977",3,16827,"C037407",5.254157
"C024978",1,5732,"C012734",1.224359
"C024979",5,21482,"C047883",6.106723
"C024981",2,868,"C001904",10.931306
"C024984",1,5732,"C012734",5.691645
"C024985",2,868,"C001904",4.764851
"C024986",5,21482,"C047883",5.444110
"C024987",5,21482,"C047883",7.023821
"C024988",4,9961,"C022249",6.492459
"C024990",2,868,"C001904",7.370852
"C024991",2,868,"C001904",6.829803
"C024997",0,5705,"C012675",1.751204
"C024998",5,21482,"C047883",13.470705
"C024999",2,868,"C001904",2.718932
"C025002",0,5705,"C012675",5.602063
"C025010",5,21482,"C047883",7.809529
"C025012",0,5705,"C012675",0.101905
"C025013",1,5732,"C012734",6.995808
"C025015",1,5732,"C012734",6.897560
"C025016",1,5732,"C012734",2.394188
"C025017",1,5732,"C012734",6.291464
"C025018",4,9961,"C022249",9.222672
"C025019",1,5732,"C012734",1.770786
"C025022",0,5705,"C012675",3.604986
"C025023",0,5705,"C012675",5.956986
"C025025",4,9961,"C022249",4.154531
"C025026",0,5705,"C012675",2.880109
"C025029",5,21482,"C047883",12.821583
"C025032",0,5705,"C012675",6.372857
"C025033",2,868,"C001904",6.932226
"C025039",1,5732,"C012734",3.603078
"C025040",0,5705,"C012675",5.471366
"C025043",1,5732,"C012734",5.576596
"C025044",1,5732,"C012734",2.126213
"C025045",3,16827,"C037407",3.268703
"C025046",2,868,"C001904",9.168545
"C025047",3,16827,"C037407",7.832379
"C025052",0,5705,"C012675",5.821809
"C025055",5,21482,"C047883",5.495659
"C025056",4,9961,"C022249",2.774135
"C025057",4,9961,"C022249",1.226129
"C025058",1,5732,"C012734",4.567906
"C025059",3,16827,"C037407",1.813542
"C025060",3,16827,"C037407",2.787958
"C025064",2,868,"C001904",1.613777
"C025065",0,5705,"C012675",8.770557
"C025067",2,868,"C001904",6.753091
"C025069",0,5705,"C012675",6.936553
"C025070",1,5732,"C012734",3.771769
"C025071",0,5705,"C012675",1.989853
"C025072",3,16827,"C037407",5.864545
"C025074",0,5705,"C012675",7.935923
"C025076",0,5705,"C012675",7.151337
"C025077",2,868,"C001904",2.088903
"C025079",4,9961,"C022249",6.515325
"C025084",4,9961,"C022249",2.700435
"C025085",4,9961,"C022249",3.369296
"C025086",0,5705,"C012675",6.172125
"C025088",5,21482,"C047883",5.519637
"C025090",5,21482,"C047883",5.458871
"C025092",1,5732,"C012734",13.146559
"C025093",5,21482,"C047883",9.885874
"C025094",3,16827,"C037407",6.193959
"C025096",4,9961,"C022249",7.129795
"C025098",5,21482,"C047883",6.140441
"C025099",4,9961,"C022249",3.504207
"C025101",5,21482,"C047883",2.969007
"C025102",0,5705,"C012675",6.450245
"C025103",5,21482,"C047883",0.920562
"C025106",5,21482,"C047883",11.674690
"C025107",2,868,"C001904",8.358578
"C025110",5,21482,"C047883",10.106457
"C025112",0,5705,"C012675",5.487275
"C025114",3,16827,"C037407",3.553550
"C025115",5,21482,"C047883",3.589636
"C025116",0,5705,"C012675",3.642049
"C025117",1,5732,"C012734",11.767466
"C025118",3,16827,"C037407",7.823922
"C025121",4,9961,"C022249",3.118034
"C025127",3,16827,"C037407",3.569963
"C025132",0,5705,"C012675",4.435286
"C025134",1,5732,"C012734",14.682535
"C025138",5,21482,"C047883",3.651479
"C025139",2,868,"C001904",8.426994
"C025141",1,5732,"C012734",4.325412
"C025145",1,5732,"C012734",13.829888
"C025146",1,5732,"C012734",2.933119
"C025148",0,5705,"C012675",2.452155
"C025149",1,5732,"C012734",2.726118
"C025155",2,868,"C001904",3.202383
"C025159",3,16827,"C037407",6.649446
"C025160",5,21482,"C047883",4.896027
"C025162",5,21482,"C047883",4.127283
"C025165",3,16827,"C037407",5.551332
"C025167",5,21482,"C047883",7.137976
"C025170",5,21482,"C047883",2.960090
"C025172",4,9961,"C022249",3.247619
"C025175",3,16827,"C037407",3.107862
"C025176",3,16827,"C037407",3.385980
"C025177",2,868,"C001904",1.167621
"C025179",3,16827,"C037407",2.340163
"C025180",5,21482,"C047883",7.690475
"C025181",4,9961,"C022249",4.516929
"C025182",1,5732,"C012734",7.943962
"C025183",1,5732,"C012734",6.871703
"C025184",5,21482,"C047883",3.080158
"C025185",3,16827,"C037407",2.226410
"C025191",1,5732,"C012734",15.033055
"C025194",0,5705,"C012675",2.112254
"C025195",2,868,"C001904",6.472523
"C025197",1,5732,"C012734",3.359531
"C025199",4,9961,"C022249",3.110317
"C025202",4,9961,"C022249",3.893848
"C025203",4,9961,"C022249",5.055129
"C025205",1,5732,"C012734",2.632459
"C025206",4,9961,"C022249",4.749149
"C025212",0,5705,"C012675",3.048372
"C025213",1,5732,"C012734",15.021136
"C025215",1,5732,"C012734",10.979648
"C025216",5,21482,"C047883",8.634877
"C025220",4,9961,"C022249",2.699215
"C025221",1,5732,"C012734",10.437792
"C025223",5,21482,"C047883",12.462654
"C025226",1,5732,"C012734",7.018693
"C025227",5,21482,"C047883",7.443386
"C025228",1,5732,"C012734",9.501176
"C025231",4,9961,"C022249",3.016324
"C025232",2,868,"C001904",3.379098
"C025239",5,21482,"C047883",7.994443
"C025241",0,5705,"C012675",5.241693
"C025244",1,5732,"C012734",2.038176
"C025245",1,5732,"C012734",7.178550
"C025246",2,868,"C001904",12.810033
"C025249",2,868,"C001904",6.497322
"C025251",1,5732,"C012734",14.353288
"C025252",4,9961,"C022249",6.206723
"C025254",0,5705,"C012675",8.032733
"C025264",5,21482,"C047883",7.631706
"C025265",3,16827,"C037407",5.180584
"C025268",0,5705,"C012675",5.750804
"C025270",1,5732,"C012734",13.234578
"C025273",4,9961,"C022249",3.478440
"C025274",1,5732,"C012734",6.568224
"C025275",1,5732,"C012734",10.263469
"C025276",2,868,"C001904",7.506095
"C025280",4,9961,"C022249",4.733930
"C025283",2,868,"C001904",2.985297
"C025286",2,868,"C001904",2.557330
"C025289",2,868,"C001904",3.622702
"C025297",4,9961,"C022249",0.745285
"C025298",2,868,"C001904",9.028870
"C025299",0,5705,"C012675",2.895655
"C025306",3,16827,"C037407",8.236690
"C025314",2,868,"C001904",7.358606
"C025315",2,868,"C001904",2.084547
"C025316",0,5705,"C012675",8.191726
"C025317",2,868,"C001904",3.834939
"C025318",0,5705,"C012675",1.775764
"C025320",5,21482,"C047883",3.218801
"C025322",1,5732,"C012734",6.523335
"C025331",5,21482,"C047883",9.673506
"C025333",3,16827,"C037407",8.662507
"C025334",5,21482,"C047883",10.963735
"C025335",5,21482,"C047883",7.699354
"C025336",1,5732,"C012734",7.313561
"C025343",1,5732,"C012734",2.810470
"C025344",3,16827,"C037407",7.106744
"C025349",0,5705,"C012675",5.669807
"C025350",5,21482,"C047883",4.168079
"C025351",2,868,"C001904",10.227890
"C025352",0,5705,"C012675",2.631191
"C025353",4,9961,"C022249",2.308631
"C025354",1,5732,"C012734",5.815284
"C025356",1,5732,"C012734",12.675687
"C025358",4,9961,"C022249",3.150516
"C025359",1,5732,"C012734",12.555160
"C025360",5,21482,"C047883",9.926610
"C025362",4,9961,"C022249",6.079683
"C025363",1,5732,"C012734",2.867695
"C025366",1,5732,"C012734",3.864151
"C025367",1,5732,"C012734",1.989026
"C025368",5,21482,"C047883",12.566654
"C025369",5,21482,"C047883",1.949474
"C025370",5,21482,"C047883",4.704126
"C025372",3,16827,"C037407",5.109262
"C025374",0,5705,"C012675",7.834795
"C025375",5,21482,"C047883",11.566051
"C025376",1,5732,"C012734",9.330185
"C025377",1,5732,"C012734",2.518935
"C025379",1,5732,"C012734",8.747484
"C025383",5,21482,"C047883",4.662156
"C025384",5,21482,"C047883",3.374858
"C025385",1,5732,"C012734",9.477644
"C025386",2,868,"C001904",5.002835
"C025387",1,5732,"C012734",3.632047
"C025391",2,868,"C001904",9.252337
"C025392",2,868,"C001904",7.863956
"C025397",2,868,"C001904",7.892373
"C025398",4,9961,"C022249",1.870811
"C025399",1,5732,"C012734",7.384715
"C025400",4,9961,"C022249",3.539692
"C025403",4,9961,"C022249",9.497134
"C025406",5,21482,"C047883",5.259638
"C025412",0,5705,"C012675",8.000967
"C025415",5,21482,"C047883",5.791236
"C025422",0,5705,"C012675",2.698100
"C025425",5,21482,"C047883",7.685096
"C025428",2,868,"C001904",5.618389
"C025432",5,21482,"C047883",10.517965
"C025433",4,9961,"C022249",4.447317
"C025439",1,5732,"C012734",1.087572
"C025440",1,5732,"C012734",7.843248
"C025443",1,5732,"C012734",7.300589
"C025444",3,16827,"C037407",1.997159
"C025446",3,16827,"C037407",2.275926
"C025449",5,21482,"C047883",8.008848
"C025450",4,9961,"C022249",3.025529
"C025451",4,9961,"C022249",4.349784
"C025452",2,868,"C001904",8.676182
"C025453",4,9961,"C022249",4.186065
"C025454",2,868,"C001904",3.895051
"C025460",3,16827,"C037407",6.683869
"C025462",5,21482,"C047883",2.871857
"C025463",5,21482,"C047883",10.253606
"C025465",2,868,"C001904",3.762936
"C025467",1,5732,"C012734",16.697453
"C025468",4,9961,"C022249",2.798389
"C025473",4,9961,"C022249",3.917134
"C025475",5,21482,"C047883",2.012760
"C025476",4,9961,"C022249",5.001013
"C025478",0,5705,"C012675",5.632186
"C025479",1,5732,"C012734",1.963547
"C025480",0,5705,"C012675",3.667771
"C025481",5,21482,"C047883",2.689573
"C025484",4,9961,"C022249",5.277353
"C025485",2,868,"C001904",9.970697
"C025487",5,21482,"C047883",3.093630
"C025489",1,5732,"C012734",3.340833
"C025492",5,21482,"C047883",10.666893
"C025493",5,21482,"C047883",3.393611
"C025498",1,5732,"C012734",3.737071
"C025502",1,5732,"C012734",4.494995
"C025503",2,868,"C001904",1.951716
"C025504",4,9961,"C022249",4.660662
"C025507",2,868,"C001904",7.404576
"C025508",0,5705,"C012675",1.114445
"C025511",5,21482,"C047883",5.072118
"C025513",3,16827,"C037407",0.503574
"C025515",5,21482,"C047883",2.632163
"C025516",0,5705,"C012675",10.474275
"C025519",0,5705,"C012675",5.357519
"C025520",1,5732,"C012734",5.767709
"C025521",1,5732,"C012734",2.223037
"C025523",5,21482,"C047883",4.617957
"C025524",0,5705,"C012675",1.878568
"C025525",5,21482,"C047883",3.943441
"C025528",4,9961,"C022249",3.326303
"C025530",0,5705,"C012675",3.729057
"C025533",2,868,"C001904",0.693789
"C025534",5,21482,"C047883",6.777511
"C025535",4,9961,"C022249",3.094059
"C025536",0,5705,"C012675",10.142823
"C025537",0,5705,"C012675",6.453086
"C025538",5,21482,"C047883",9.016846
"C025539",1,5732,"C012734",7.058527
"C025543",5,21482,"C047883",4.168771
"C025545",2,868,"C001904",5.290996
"C025546",0,5705,"C012675",2.359200
"C025547",4,9961,"C022249",4.960104
"C025548",5,21482,"C047883",6.960490
"C025551",1,5732,"C012734",13.075240
"C025555",3,16827,"C037407",5.513324
"C025557",1,5732,"C012734",2.142440
"C025558",2,868,"C001904",10.265819
"C025561",5,21482,"C047883",3.853770
"C025564",1,5732,"C012734",7.662086
"C025565",0,5705,"C012675",6.045518
"C025567",5,21482,"C047883",4.033991
"C025575",4,9961,"C022249",2.517424
"C025576",1,5732,"C012734",8.829045
"C025577",2,868,"C001904",9.961759
"C025581",2,868,"C001904",1.387854
"C025582",2,868,"C001904",6.026021
"C025585",3,16827,"C037407",3.210345
"C025586",5,21482,"C047883",0.603277
"C025590",0,5705,"C012675",6.784995
"C025591",5,21482,"C047883",0.423789
"C025592",5,21482,"C047883",1.187359
"C025595",5,21482,"C047883",4.078000
"C025596",2,868,"C001904",9.126163
"C025599",5,21482,"C047883",6.628187
"C025601",4,9961,"C022249",4.468418
"C025602",0,5705,"C012675",4.638012
"C025604",1,5732,"C012734",9.070612
"C025605",2,868,"C001904",11.543426
"C025606",5,21482,"C047883",11.297065
"C025608",5,21482,"C047883",5.123091
"C025611",0,5705,"C012675",1.850870
"C025616",5,21482,"C047883",5.310954
"C025617",1,5732,"C012734",4.338148
"C025618",1,5732,"C012734",7.300059
"C025627",1,5732,"C012734",4.226924
"C025629",0,5705,"C012675",5.986858
"C025630",5,21482,"C047883",4.363134
"C025631",2,868,"C001904",2.104806
"C025632",4,9961,"C022249",7.721725
"C025634",0,5705,"C012675",5.714421
"C025638",0,5705,"C012675",5.283087
"C025641",1,5732,"C012734",12.480998
"C025642",1,5732,"C012734",10.915044
"C025643",2,868,"C001904",8.713180
"C025645",5,21482,"C047883",9.657355
"C025647",2,868,"C001904",5.848936
"C025648",0,5705,"C012675",3.699916
"C025649",1,5732,"C012734",4.457537
"C025650",5,21482,"C047883",12.348222
"C025652",0,5705,"C012675",6.740820
"C025653",4,9961,"C022249",2.549095
"C025655",1,5732,"C012734",6.124503
"C025656",5,21482,"C047883",7.579825
"C025659",1,5732,"C012734",4.886122
"C025662",1,5732,"C012734",3.417247
"C025664",2,868,"C001904",2.197003
"C025667",4,9961,"C022249",6.495073
"C025671",0,5705,"C012675",5.610235
"C025672",5,21482,"C047883",13.063204
"C025675",0,5705,"C012675",7.867466
"C025678",0,5705,"C012675",5.191482
"C025680",2,868,"C001904",4.644594
"C025681",3,16827,"C037407",2.971837
"C025683",1,5732,"C012734",9.195177
"C025684",5,21482,"C047883",8.505733
"C025685",0,5705,"C012675",2.367302
"C025686",5,21482,"C047883",7.758465
"C025687",4,9961,"C022249",3.137267
"C025688",1,5732,"C012734",0.489592
"C025690",1,5732,"C012734",15.063596
"C025693",2,868,"C001904",4.926186
"C025694",0,5705,"C012675",4.132728
"C025696",2,868,"C001904",8.597568
"C025697",2,868,"C001904",5.607659
"C025702",2,868,"C001904",2.013629
"C025707",5,21482,"C047883",4.477272
"C025708",0,5705,"C012675",8.689756
"C025709",3,16827,"C037407",4.174410
"C025710",1,5732,"C012734",13.978662
"C025711",3,16827,"C037407",4.240443
"C025712",1,5732,"C012734",5.053044
"C025716",5,21482,"C047883",7.668710
"C025720",1,5732,"C012734",14.705521
"C025723",3,16827,"C037407",3.073540
"C025726",5,21482,"C047883",9.072515
"C025727",5,21482,"C047883",15.525586
"C025728",3,16827,"C037407",2.120573
"C025730",4,9961,"C022249",3.462273
"C025731",0,5705,"C012675",4.171297
"C025732",3,16827,"C037407",8.603935
"C025735",1,5732,"C012734",6.097895
"C025737",1,5732,"C012734",7.248212
"C025738",1,5732,"C012734",6.928077
"C025744",4,9961,"C022249",1.248117
"C025746",5,21482,"C047883",4.978873
"C025748",1,5732,"C012734",0.728468
"C025749",0,5705,"C012675",7.696320
"C025751",1,5732,"C012734",1.024681
"C025752",1,5732,"C012734",6.718862
"C025754",1,5732,"C012734",5.828716
"C025758",5,21482,"C047883",2.087756
"C025760",0,5705,"C012675",5.428851
"C025762",5,21482,"C047883",7.767445
"C025764",5,21482,"C047883",3.972124
"C025767",4,9961,"C022249",2.431922
"C025770",2,868,"C001904",9.507990
"C025771",5,21482,"C047883",0.236115
"C025774",3,16827,"C037407",4.150662
"C025782",5,21482,"C047883",7.700191
"C025783",3,16827,"C037407",0.784173
"C025784",3,16827,"C037407",4.041652
"C025786",0,5705,"C012675",3.232059
"C025789",5,21482,"C047883",11.291796
"C025792",1,5732,"C012734",15.933838
"C025794",1,5732,"C012734",15.529976
"C025795",0,5705,"C012675",5.820797
"C025800",4,9961,"C022249",4.601714
"C025801",5,21482,"C047883",3.975169
"C025805",1,5732,"C012734",9.367280
"C025809",5,21482,"C047883",6.645906
"C025811",4,9961,"C022249",3.240858
"C025812",2,868,"C001904",9.360668
"C025814",5,21482,"C047883",12.163981
"C025817",1,5732,"C012734",7.748337
"C025819",4,9961,"C022249",4.262204
"C025823",5,21482,"C047883",4.134117
"C025824",5,21482,"C047883",3.976499
"C025826",1,5732,"C012734",0.585396
"C025827",3,16827,"C037407",3.669764
"C025828",2,868,"C001904",7.734379
"C025832",2,868,"C001904",5.550247
"C025833",4,9961,"C022249",3.078294
"C025834",0,5705,"C012675",6.711651
"C025835",0,5705,"C012675",10.448369
"C025841",5,21482,"C047883",6.954647
"C025842",2,868,"C001904",6.791846
"C025843",4,9961,"C022249",3.375161
"C025844",0,5705,"C012675",5.092642
"C025845",4,9961,"C022249",4.431843
"C025846",4,9961,"C022249",3.153101
"C025848",3,16827,"C037407",2.163878
"C025850",3,16827,"C037407",1.537629
"C025854",1,5732,"C012734",5.533986
"C025855",3,16827,"C037407",2.985779
"C025859",3,16827,"C037407",9.611026
"C025861",4,9961,"C022249",0.930589
"C025863",5,21482,"C047883",1.905505
"C025866",0,5705,"C012675",8.649558
"C025870",1,5732,"C012734",2.936134
"C025874",5,21482,"C047883",10.297971
"C025876",5,21482,"C047883",4.852218
"C025877",0,5705,"C012675",5.217756
"C025879",5,21482,"C047883",11.573801
"C025880",1,5732,"C012734",6.216016
"C025882",4,9961,"C022249",2.668897
"C025885",2,868,"C001904",4.760599
"C025886",2,868,"C001904",8.382174
"C025890",0,5705,"C012675",9.726339
"C025891",3,16827,"C037407",9.620140
"C025892",4,9961,"C022249",3.833955
"C025893",5,21482,"C047883",11.866415
"C025895",1,5732,"C012734",2.740414
"C025896",5,21482,"C047883",4.200922
"C025898",4,9961,"C022249",2.632520
"C025899",0,5705,"C012675",1.358375
"C025901",5,21482,"C047883",4.673331
"C025904",1,5732,"C012734",2.450442
"C025905",2,868,"C001904",4.541165
"C025907",1,5732,"C012734",7.425306
"C025912",5,21482,"C047883",3.379389
"C025913",0,5705,"C012675",8.900384
"C025915",3,16827,"C037407",5.103554
"C025916",5,21482,"C047883",2.782341
"C025918",2,868,"C001904",5.961230
"C025919",2,868,"C001904",6.923381
"C025920",5,21482,"C047883",7.754889
"C025921",4,9961,"C022249",4.339798
"C025924",5,21482,"C047883",2.160908
"C025925",4,9961,"C022249",2.195752
"C025929",2,868,"C001904",3.925830
"C025930",1,5732,"C012734",16.645901
"C025933",1,5732,"C012734",6.384125
"C025935",2,868,"C001904",4.766525
"C025936",1,5732,"C012734",3.792721
"C025941",0,5705,"C012675",3.094007
"C025944",2,868,"C001904",4.809005
"C025945",0,5705,"C012675",3.286840
"C025946",3,16827,"C037407",6.772755
"C025947",0,5705,"C012675",6.038496
"C025948",4,9961,"C022249",2.674404
"C025951",5,21482,"C047883",0.938716
"C025953",5,21482,"C047883",5.008586
"C025957",5,21482,"C047883",4.274601
"C025959",2,868,"C001904",3.372030
"C025962",1,5732,"C012734",1.935687
"C025964",2,868,"C001904",8.558467
"C025968",5,21482,"C047883",4.706931
"C025971",0,5705,"C012675",7.103259
"C025973",5,21482,"C047883",4.936901
"C025974",1,5732,"C012734",13.801466
"C025979",0,5705,"C012675",8.996842
"C025980",1,5732,"C012734",2.498902
"C025982",4,9961,"C022249",8.606373
"C025983",5,21482,"C047883",2.779669
"C025986",5,21482,"C047883",15.141643
"C025988",5,21482,"C047883",6.201631
"C025989",3,16827,"C037407",2.915047
"C025990",1,5732,"C012734",5.266198
"C025991",5,21482,"C047883",1.369275
"C025992",0,5705,"C012675",9.168927
"C025994",5,21482,"C047883",8.985341
"C025995",3,16827,"C037407",5.138053
"C025997",3,16827,"C037407",10.052789
"C026000",4,9961,"C022249",2.721439
"C026001",2,868,"C001904",3.380229
"C026002",1,5732,"C012734",6.644773
"C026005",5,21482,"C047883",6.614151
"C026007",5,21482,"C047883",9.064264
"C026014",1,5732,"C012734",9.631962
"C026016",1,5732,"C012734",6.407925
"C026020",0,5705,"C012675",10.333409
"C026021",3,16827,"C037407",4.914801
"C026025",5,21482,"C047883",12.638519
"C026028",3,16827,"C037407",8.981480
"C026029",1,5732,"C012734",7.150066
"C026030",5,21482,"C047883",9.520604
"C026031",2,868,"C001904",4.679519
"C026032",5,21482,"C047883",3.694773
"C026035",2,868,"C001904",0.900254
"C026036",0,5705,"C012675",9.035831
"C026041",1,5732,"C012734",3.320388
"C026042",2,868,"C001904",8.685597
"C026044",3,16827,"C037407",6.173837
"C026047",0,5705,"C012675",1.322239
"C026059",1,5732,"C012734",3.841737
"C026062",5,21482,"C047883",12.324215
"C026066",4,9961,"C022249",2.251490
"C026067",0,5705,"C012675",4.252183
"C026068",5,21482,"C047883",6.824368
"C026070",1,5732,"C012734",3.249387
"C026073",1,5732,"C012734",4.044961
"C026074",0,5705,"C012675",8.641586
"C026075",1,5732,"C012734",5.147909
"C026076",3,16827,"C037407",4.124416
"C026077",2,868,"C001904",3.873332
"C026078",0,5705,"C012675",7.522489
"C026079",4,9961,"C022249",7.313426
"C026081",1,5732,"C012734",11.362802
"C026082",1,5732,"C012734",7.473130
"C026087",5,21482,"C047883",7.676532
"C026088",3,16827,"C037407",9.091223
"C026092",5,21482,"C047883",1.551258
"C026093",5,21482,"C047883",8.719906
"C026094",2,868,"C001904",4.853302
"C026096",5,21482,"C047883",4.252328
"C026098",2,868,"C001904",9.067688
"C026099",5,21482,"C047883",6.943794
"C026101",2,868,"C001904",3.867668
"C026102",4,9961,"C022249",4.458327
"C026104",0,5705,"C012675",7.733467
"C026106",1,5732,"C012734",16.341290
"C026107",4,9961,"C022249",4.928195
"C026108",1,5732,"C012734",7.243269
"C026110",4,9961,"C022249",2.788726
"C026113",2,868,"C001904",5.953942
"C026116",0,5705,"C012675",2.510705
"C026120",4,9961,"C022249",4.050337
"C026121",5,21482,"C047883",11.774562
"C026122",1,5732,"C012734",7.891706
"C026123",5,21482,"C047883",1.330357
"C026124",0,5705,"C012675",1.427344
"C026128",1,5732,"C012734",2.066362
"C026131",1,5732,"C012734",13.641497
"C026132",1,5732,"C012734",4.553659
"C026135",3,16827,"C037407",4.284927
"C026136",0,5705,"C012675",3.553490
"C026137",4,9961,"C022249",4.669395
"C026138",3,16827,"C037407",4.295625
"C026140",4,9961,"C022249",2.979837
"C026144",3,16827,"C037407",2.229707
"C026146",5,21482,"C047883",2.782240
"C026147",3,16827,"C037407",2.578094
"C026148",4,9961,"C022249",7.635032
"C026151",1,5732,"C012734",7.143766
"C026156",4,9961,"C022249",4.565865
"C026157",1,5732,"C012734",11.155284
"C026159",5,21482,"C047883",14.896079
"C026161",1,5732,"C012734",12.740774
"C026162",1,5732,"C012734",7.804633
"C026163",1,5732,"C012734",7.199287
"C026166",1,5732,"C012734",7.200836
"C026167",1,5732,"C012734",2.976730
"C026171",3,16827,"C037407",0.553272
"C026172",0,5705,"C012675",5.517799
"C026174",5,21482,"C047883",4.200678
"C026178",5,21482,"C047883",12.236941
"C026179",2,868,"C001904",8.333869
"C026181",0,5705,"C012675",4.448585
"C026182",3,16827,"C037407",6.079355
"C026183",3,16827,"C037407",6.456264
"C026185",2,868,"C001904",4.612590
"C026186",4,9961,"C022249",4.282826
"C026188",2,868,"C001904",8.147914
"C026193",1,5732,"C012734",3.818176
"C026199",5,21482,"C047883",13.029515
"C026207",2,868,"C001904",8.453360
"C026210",4,9961,"C022249",0.843630
"C026212",0,5705,"C012675",2.605711
"C026214",2,868,"C001904",4.180402
"C026215",1,5732,"C012734",9.503147
"C026217",1,5732,"C012734",11.197124
"C026219",3,16827,"C037407",7.411355
"C026221",3,16827,"C037407",1.046022
"C026222",2,868,"C001904",5.580356
"C026224",2,868,"C001904",8.644384
"C026227",1,5732,"C012734",9.948429
"C026233",5,21482,"C047883",3.718984
"C026234",4,9961,"C022249",2.278488
"C026237",1,5732,"C012734",16.197561
"C026238",1,5732,"C012734",5.557049
"C026239",1,5732,"C012734",11.144238
"C026242",1,5732,"C012734",7.470822
"C026243",1,5732,"C012734",8.716905
"C026246",0,5705,"C012675",3.605690
"C026247",2,868,"C001904",3.171786
"C026249",4,9961,"C022249",0.656811
"C026251",3,16827,"C037407",4.896420
"C026252",5,21482,"C047883",5.088176
"C026254",2,868,"C001904",2.450342
"C026255",5,21482,"C047883",3.860753
"C026259",2,868,"C001904",6.895449
"C026260",1,5732,"C012734",12.824561
"C026262",2,868,"C001904",9.917765
"C026263",5,21482,"C047883",10.550120
"C026264",1,5732,"C012734",6.734493
"C026265",2,868,"C001904",6.694465
"C026266",0,5705,"C012675",5.822484
"C026269",1,5732,"C012734",4.965913
"C026271",1,5732,"C012734",12.667252
"C026275",1,5732,"C012734",5.037810
"C026277",5,21482,"C047883",6.729462
"C026279",1,5732,"C012734",7.483088
"C026287",2,868,"C001904",1.975184
"C026288",5,21482,"C047883",7.135869
"C026291",4,9961,"C022249",8.265010
"C026293",3,16827,"C037407",1.403202
"C026294",0,5705,"C012675",5.850891
"C026295",4,9961,"C022249",2.779013
"C026300",2,868,"C001904",6.168849
"C026302",5,21482,"C047883",10.574183
"C026303",4,9961,"C022249",8.704156
"C026305",2,868,"C001904",1.762440
"C026307",5,21482,"C047883",3.152081
"C026308",0,5705,"C012675",4.357708
"C026313",3,16827,"C037407",4.302464
"C026315",0,5705,"C012675",5.417340
"C026316",3,16827,"C037407",0.680705
"C026322",5,21482,"C047883",8.267561
"C026324",0,5705,"C012675",3.060644
"C026325",0,5705,"C012675",7.533792
"C026326",5,21482,"C047883",8.654491
"C026334",5,21482,"C047883",2.720362
"C026338",5,21482,"C047883",7.629985
"C026340",2,868,"C001904",5.386188
"C026341",4,9961,"C022249",2.849407
"C026343",0,5705,"C012675",4.810963
"C026344",0,5705,"C012675",5.327175
"C026345",5,21482,"C047883",5.812021
"C026346",1,5732,"C012734",6.833992
"C026348",4,9961,"C022249",3.396506
"C026350",2,868,"C001904",5.198851
"C026353",2,868,"C001904",4.796283
"C026359",1,5732,"C012734",8.758247
"C026362",1,5732,"C012734",5.797591
"C026363",0,5705,"C012675",5.662305
"C026368",0,5705,"C012675",1.715589
"C026369",0,5705,"C012675",5.904400
"C026371",3,16827,"C037407",4.053635
"C026372",0,5705,"C012675",4.485952
"C026374",5,21482,"C047883",9.929017
"C026375",2,868,"C001904",5.835598
"C026377",5,21482,"C047883",2.870650
"C026380",5,21482,"C047883",9.146389
"C026381",1,5732,"C012734",6.093063
"C026387",3,16827,"C037407",2.544917
"C026389",5,21482,"C047883",12.837464
"C026392",1,5732,"C012734",11.235954
"C026397",0,5705,"C012675",6.161375
"C026398",0,5705,"C012675",1.282179
"C026399",0,5705,"C012675",2.377908
"C026400",1,5732,"C012734",3.698039
"C026401",5,21482,"C047883",11.193871
"C026402",3,16827,"C037407",1.921569
"C026403",2,868,"C001904",7.157487
"C026404",5,21482,"C047883",8.774500
"C026405",4,9961,"C022249",1.516814
"C026408",5,21482,"C047883",12.742772
"C026409",5,21482,"C047883",3.091085
"C026411",5,21482,"C047883",6.853738
"C026412",5,21482,"C047883",11.518431
"C026413",0,5705,"C012675",7.758104
"C026415",5,21482,"C047883",7.615880
"C026419",1,5732,"C012734",6.979144
"C026421",2,868,"C001904",7.192096
"C026422",3,16827,"C037407",2.738527
"C026424",2,868,"C001904",6.424564
"C026426",4,9961,"C022249",4.692264
"C026427",4,9961,"C022249",0.479445
"C026428",2,868,"C001904",3.276509
"C026429",1,5732,"C012734",11.791219
"C026430",5,21482,"C047883",4.688909
"C026432",1,5732,"C012734",4.628944
"C026435",1,5732,"C012734",6.688739
"C026438",1,5732,"C012734",13.022465
"C026443",2,868,"C001904",6.052569
"C026447",5,21482,"C047883",10.434108
"C026449",5,21482,"C047883",9.992949
"C026450",3,16827,"C037407",4.708118
"C026451",3,16827,"C037407",6.414684
"C026452",3,16827,"C037407",5.270324
"C026453",1,5732,"C012734",11.251539
"C026456",5,21482,"C047883",5.271342
"C026458",5,21482,"C047883",9.497322
"C026460",1,5732,"C012734",8.996636
"C026463",4,9961,"C022249",3.260681
"C026464",0,5705,"C012675",3.740079
"C026467",5,21482,"C047883",12.668039
"C026473",3,16827,"C037407",6.517947
"C026477",0,5705,"C012675",10.365869
"C026479",2,868,"C001904",6.476420
"C026486",5,21482,"C047883",12.489119
"C026487",5,21482,"C047883",10.996975
"C026488",3,16827,"C037407",1.786273
"C026489",5,21482,"C047883",13.262085
"C026494",3,16827,"C037407",2.991855
"C026495",3,16827,"C037407",2.664781
"C026497",0,5705,"C012675",9.402135
"C026498",5,21482,"C047883",6.884921
"C026503",4,9961,"C022249",2.109874
"C026504",1,5732,"C012734",3.820386
"C026505",2,868,"C001904",1.738346
"C026506",5,21482,"C047883",7.823270
"C026510",5,21482,"C047883",7.876866
"C026511",1,5732,"C012734",7.211576
"C026512",2,868,"C001904",12.392516
"C026513",5,21482,"C047883",13.093455
"C026521",3,16827,"C037407",7.630497
"C026530",0,5705,"C012675",3.751263
"C026535",5,21482,"C047883",8.899780
"C026537",3,16827,"C037407",7.142020
"C026538",5,21482,"C047883",9.776790
"C026543",5,21482,"C047883",13.670636
"C026544",0,5705,"C012675",7.288090
"C026546",1,5732,"C012734",14.808057
"C026548",2,868,"C001904",6.407177
"C026549",1,5732,"C012734",16.892992
"C026553",4,9961,"C022249",4.225456
"C026555",1,5732,"C012734",3.317337
"C026560",2,868,"C001904",2.567670
"C026561",0,5705,"C012675",2.256691
"C026566",5,21482,"C047883",8.473947
"C026567",2,868,"C001904",7.441664
"C026573",2,868,"C001904",5.915052
"C026574",2,868,"C001904",4.437294
"C026575",1,5732,"C012734",9.127899
"C026576",4,9961,"C022249",5.597969
"C026577",4,9961,"C022249",1.722794
"C026578",2,868,"C001904",6.156686
"C026579",2,868,"C001904",6.972632
"C026580",1,5732,"C012734",3.687138
"C026581",5,21482,"C047883",12.716796
"C026584",3,16827,"C037407",4.349659
"C026585",1,5732,"C012734",6.561155
"C026589",0,5705,"C012675",8.351697
"C026590",4,9961,"C022249",8.773892
"C026594",0,5705,"C012675",7.548284
"C026597",0,5705,"C012675",5.012428
"C026598",4,9961,"C022249",3.370517
"C026599",5,21482,"C047883",9.410927
"C026605",5,21482,"C047883",13.422686
"C026606",1,5732,"C012734",5.175214
"C026607",1,5732,"C012734",4.263533
"C026608",2,868,"C001904",8.592351
"C026611",3,16827,"C037407",6.962997
"C026614",0,5705,"C012675",1.718853
"C026615",5,21482,"C047883",2.693729
"C026616",0,5705,"C012675",7.997745
"C026617",1,5732,"C012734",8.694296
"C026622",5,21482,"C047883",6.833087
"C026623",4,9961,"C022249",3.970121
"C026624",5,21482,"C047883",1.480072
"C026627",5,21482,"C047883",6.264682
"C026628",2,868,"C001904",5.643932
"C026633",5,21482,"C047883",8.952836
"C026635",0,5705,"C012675",2.701538
"C026636",3,16827,"C037407",7.417801
"C026637",4,9961,"C022249",5.203689
"C026639",5,21482,"C047883",5.943161
"C026642",5,21482,"C047883",3.778798
"C026644",0,5705,"C012675",2.473378
"C026645",2,868,"C001904",6.465299
"C026646",0,5705,"C012675",3.378184
"C026648",0,5705,"C012675",3.650576
"C026649",4,9961,"C022249",1.348224
"C026653",5,21482,"C047883",5.526295
"C026654",1,5732,"C012734",14.062388
"C026655",1,5732,"C012734",6.381619
"C026657",0,5705,"C012675",5.342367
"C026658",5,21482,"C047883",11.134420
"C026664",1,5732,"C012734",11.007378
"C026665",1,5732,"C012734",6.257827
"C026666",0,5705,"C012675",5.590985
"C026667",5,21482,"C047883",5.870732
"C026668",0,5705,"C012675",7.174283
"C026675",5,21482,"C047883",11.593584
"C026676",2,868,"C001904",7.488439
"C026678",4,9961,"C022249",2.472331
"C026681",4,9961,"C022249",7.026010
"C026682",5,21482,"C047883",7.938621
"C026686",1,5732,"C012734",9.440639
"C026687",2,868,"C001904",9.097203
"C026688",1,5732,"C012734",6.245939
"C026690",0,5705,"C012675",2.525597
"C026695",2,868,"C001904",0.964104
"C026696",1,5732,"C012734",11.696371
"C026699",1,5732,"C012734",10.778905
"C026700",1,5732,"C012734",1.526960
"C026701",1,5732,"C012734",2.433219
"C026705",4,9961,"C022249",3.236837
"C026709",1,5732,"C012734",6.705385
"C026710",3,16827,"C037407",6.682102
"C026712",5,21482,"C047883",5.243733
"C026714",4,9961,"C022249",6.441395
"C026715",5,21482,"C047883",3.790963
"C026716",3,16827,"C037407",5.892600
"C026718",4,9961,"C022249",3.365893
"C026720",4,9961,"C022249",4.775693
"C026725",1,5732,"C012734",13.832353
"C026726",5,21482,"C047883",3.057426
"C026727",4,9961,"C022249",4.051960
"C026728",0,5705,"C012675",6.652617
"C026729",1,5732,"C012734",14.644425
"C026731",3,16827,"C037407",3.451342
"C026732",1,5732,"C012734",2.408419
"C026733",2,868,"C001904",4.266789
"C026740",5,21482,"C047883",4.592522
"C026741",5,21482,"C047883",2.132148
"C026742",4,9961,"C022249",3.112598
"C026747",5,21482,"C047883",2.749271
"C026749",5,21482,"C047883",12.744869
"C026750",3,16827,"C037407",2.936174
"C026751",2,868,"C001904",12.397033
"C026754",0,5705,"C012675",4.367549
"C026756",5,21482,"C047883",11.039057
"C026757",5,21482,"C047883",7.442760
"C026760",2,868,"C001904",2.925779
"C026761",1,5732,"C012734",7.944157
"C026763",0,5705,"C012675",6.013195
"C026764",1,5732,"C012734",16.023262
"C026765",4,9961,"C022249",2.200922
"C026768",0,5705,"C012675",5.922718
"C026770",5,21482,"C047883",8.082783
"C026774",2,868,"C001904",2.533275
"C026775",5,21482,"C047883",10.490360
"C026776",0,5705,"C012675",9.644347
"C026778",2,868,"C001904",3.018684
"C026781",0,5705,"C012675",4.822755
"C026785",1,5732,"C012734",14.395938
"C026786",5,21482,"C047883",6.311551
"C026787",0,5705,"C012675",8.657259
"C026789",5,21482,"C047883",11.254972
"C026790",4,9961,"C022249",2.206201
"C026792",2,868,"C001904",2.261406
"C026793",0,5705,"C012675",4.656160
"C026794",5,21482,"C047883",8.709161
"C026795",2,868,"C001904",9.138182
"C026796",0,5705,"C012675",5.211434
"C026800",2,868,"C001904",6.291948
"C026801",1,5732,"C012734",4.626150
"C026804",1,5732,"C012734",1.414733
"C026806",1,5732,"C012734",1.548664
"C026807",4,9961,"C022249",2.521268
"C026817",2,868,"C001904",9.437963
"C026819",1,5732,"C012734",6.781682
"C026822",5,21482,"C047883",6.354598
"C026824",1,5732,"C012734",14.702208
"C026825",3,16827,"C037407",3.479859
"C026826",2,868,"C001904",6.894995
"C026827",1,5732,"C012734",5.492525
"C026828",3,16827,"C037407",3.217023
"C026831",2,868,"C001904",0.257800
"C026834",2,868,"C001904",2.400628
"C026835",1,5732,"C012734",1.400238
"C026836",4,9961,"C022249",9.157503
"C026838",1,5732,"C012734",1.962515
"C026842",2,868,"C001904",1.765825
"C026843",2,868,"C001904",3.039637
"C026847",0,5705,"C012675",6.441574
"C026853",4,9961,"C022249",0.475563
"C026859",0,5705,"C012675",5.760898
"C026860",1,5732,"C012734",6.167756
"C026861",4,9961,"C022249",2.577690
"C026863",5,21482,"C047883",3.995374
"C026867",5,21482,"C047883",5.907233
"C026868",2,868,"C001904",4.061925
"C026872",0,5705,"C012675",4.641791
"C026873",5,21482,"C047883",3.711057
"C026878",5,21482,"C047883",10.690458
"C026880",1,5732,"C012734",2.256540
"C026881",2,868,"C001904",6.895732
"C026888",3,16827,"C037407",7.110446
"C026890",3,16827,"C037407",4.247331
"C026893",2,868,"C001904",6.295592
"C026894",2,868,"C001904",4.299360
"C026895",0,5705,"C012675",2.307430
"C026896",5,21482,"C047883",14.104604
"C026901",1,5732,"C012734",16.080489
"C026904",5,21482,"C047883",10.525672
"C026905",5,21482,"C047883",8.570689
"C026906",3,16827,"C037407",2.098297
"C026909",1,5732,"C012734",14.250616
"C026912",4,9961,"C022249",3.244247
"C026914",2,868,"C001904",7.642233
"C026915",5,21482,"C047883",0.991588
"C026916",5,21482,"C047883",4.517141
"C026919",0,5705,"C012675",8.350586
"C026922",4,9961,"C022249",5.863477
"C026924",4,9961,"C022249",3.999237
"C026929",2,868,"C001904",1.161751
"C026931",1,5732,"C012734",2.810001
"C026932",0,5705,"C012675",7.904035
"C026934",3,16827,"C037407",3.040574
"C026935",0,5705,"C012675",2.860656
"C026936",1,5732,"C012734",7.075463
"C026938",2,868,"C001904",5.512333
"C026939",5,21482,"C047883",12.579108
"C026946",4,9961,"C022249",5.777366
"C026947",5,21482,"C047883",1.412656
"C026949",1,5732,"C012734",2.918156
"C026955",0,5705,"C012675",4.977882
"C026961",5,21482,"C047883",8.954166
"C026963",1,5732,"C012734",3.423722
"C026965",2,868,"C001904",5.633704
"C026970",2,868,"C001904",5.948491
"C026973",3,16827,"C037407",7.026228
"C026976",2,868,"C001904",4.859316
"C026977",2,868,"C001904",5.047070
"C026978",3,16827,"C037407",5.366383
"C026979",2,868,"C001904",4.858553
"C026980",4,9961,"C022249",2.711312
"C026981",5,21482,"C047883",8.702621
"C026984",1,5732,"C012734",12.368270
"C026985",2,868,"C001904",6.079364
"C026986",0,5705,"C012675",7.531716
"C026988",0,5705,"C012675",2.306773
"C026990",1,5732,"C012734",1.300277
"C026992",3,16827,"C037407",2.871823
"C026993",5,21482,"C047883",10.045904
"C026994",1,5732,"C012734",7.647761
"C026997",3,16827,"C037407",7.916515
"C026999",2,868,"C001904",2.703579
"C027000",3,16827,"C037407",1.529993
"C027001",2,868,"C001904",0.900031
"C027003",3,16827,"C037407",4.625520
"C027006",0,5705,"C012675",8.648190
"C027007",5,21482,"C047883",5.722065
"C027009",5,21482,"C047883",6.420055
"C027011",0,5705,"C012675",4.523799
"C027012",5,21482,"C047883",11.875059
"C027013",3,16827,"C037407",2.959129
"C027014",4,9961,"C022249",3.934760
"C027016",5,21482,"C047883",5.873957
"C027017",5,21482,"C047883",11.688548
"C027020",0,5705,"C012675",5.566692
"C027024",1,5732,"C012734",13.637449
"C027026",2,868,"C001904",8.655527
"C027027",1,5732,"C012734",8.872477
"C027029",1,5732,"C012734",13.533169
"C027030",3,16827,"C037407",5.143085
"C027034",2,868,"C001904",2.787881
"C027038",5,21482,"C047883",5.001974
"C027039",5,21482,"C047883",1.430836
"C027046",2,868,"C001904",5.030956
"C027047",5,21482,"C047883",11.080567
"C027049",0,5705,"C012675",4.644321
"C027051",0,5705,"C012675",5.292934
"C027052",4,9961,"C022249",4.386045
"C027054",1,5732,"C012734",15.929193
"C027056",2,868,"C001904",1.230635
"C027060",5,21482,"C047883",2.842271
"C027061",1,5732,"C012734",6.041490
"C027065",1,5732,"C012734",10.815340
"C027067",5,21482,"C047883",7.889143
"C027069",1,5732,"C012734",7.461708
"C027071",5,21482,"C047883",4.369009
"C027075",2,868,"C001904",5.910699
"C027076",4,9961,"C022249",6.385088
"C027078",2,868,"C001904",8.551336
"C027079",2,868,"C001904",0.437298
"C027080",5,21482,"C047883",10.373072
"C027081",0,5705,"C012675",6.497054
"C027083",3,16827,"C037407",2.611692
"C027086",2,868,"C001904",3.902366
"C027087",5,21482,"C047883",1.084429
"C027088",3,16827,"C037407",8.077622
"C027089",5,21482,"C047883",5.788615
"C027091",1,5732,"C012734",7.734767
"C027093",1,5732,"C012734",3.735684
"C027094",4,9961,"C022249",4.234274
"C027097",2,868,"C001904",3.140447
"C027098",5,21482,"C047883",4.153859
"C027099",1,5732,"C012734",8.066208
"C027106",5,21482,"C047883",7.881667
"C027113",1,5732,"C012734",13.145137
"C027118",1,5732,"C012734",4.335824
"C027122",5,21482,"C047883",9.995391
"C027123",3,16827,"C037407",3.542069
"C027125",0,5705,"C012675",2.742489
"C027127",5,21482,"C047883",6.135420
"C027128",5,21482,"C047883",10.802335
"C027131",4,9961,"C022249",5.152603
"C027133",5,21482,"C047883",1.555573
"C027135",0,5705,"C012675",2.509905
"C027139",3,16827,"C037407",2.680201
"C027140",2,868,"C001904",10.303313
"C027142",5,21482,"C047883",4.532378
"C027143",2,868,"C001904",3.976358
"C027144",2,868,"C001904",2.982912
"C027145",5,21482,"C047883",11.955202
"C027148",4,9961,"C022249",3.255672
"C027151",0,5705,"C012675",5.278636
"C027153",2,868,"C001904",7.783257
"C027154",3,16827,"C037407",4.217480
"C027157",4,9961,"C022249",3.295759
"C027159",5,21482,"C047883",11.068823
"C027160",4,9961,"C022249",3.086583
"C027161",1,5732,"C012734",8.290069
"C027162",5,21482,"C047883",13.342318
"C027164",5,21482,"C047883",14.413653
"C027166",0,5705,"C012675",5.398332
"C027167",0,5705,"C012675",1.755203
"C027168",4,9961,"C022249",2.775358
"C027169",5,21482,"C047883",6.117473
"C027173",2,868,"C001904",8.564428
"C027176",3,16827,"C037407",6.007949
"C027177",0,5705,"C012675",4.045686
"C027178",3,16827,"C037407",8.191554
"C027183",5,21482,"C047883",4.783511
"C027187",0,5705,"C012675",3.616053
"C027188",2,868,"C001904",7.942562
"C027194",1,5732,"C012734",5.449542
"C027195",0,5705,"C012675",8.672351
"C027197",1,5732,"C012734",5.276491
"C027205",2,868,"C001904",6.246652
"C027210",0,5705,"C012675",6.153358
"C027215",2,868,"C001904",0.937285
"C027217",1,5732,"C012734",3.660000
"C027218",5,21482,"C047883",3.186090
"C027219",0,5705,"C012675",7.905347
"C027220",3,16827,"C037407",0.124565
"C027222",5,21482,"C047883",8.577612
"C027229",5,21482,"C047883",7.589192
"C027233",2,868,"C001904",5.690830
"C027234",5,21482,"C047883",1.458034
"C027237",1,5732,"C012734",4.978535
"C027238",4,9961,"C022249",8.122486
"C027243",5,21482,"C047883",7.056585
"C027246",5,21482,"C047883",9.100550
"C027249",3,16827,"C037407",4.562006
"C027255",1,5732,"C012734",15.339673
"C027257",5,21482,"C047883",6.917915
"C027259",0,5705,"C012675",5.657989
"C027260",4,9961,"C022249",7.085216
"C027263",2,868,"C001904",8.034058
"C027267",2,868,"C001904",12.942642
"C027268",2,868,"C001904",4.846145
"C027272",3,16827,"C037407",7.633980
"C027273",1,5732,"C012734",10.478255
"C027274",5,21482,"C047883",6.202051
"C027277",1,5732,"C012734",14.960535
"C027278",1,5732,"C012734",4.565324
"C027279",5,21482,"C047883",3.802681
"C027281",0,5705,"C012675",2.298352
"C027282",3,16827,"C037407",3.049522
"C027283",1,5732,"C012734",0.451289
"C027285",0,5705,"C012675",3.112071
"C027287",0,5705,"C012675",2.030144
"C027289",4,9961,"C022249",1.563892
"C027290",5,21482,"C047883",11.816191
"C027291",2,868,"C001904",4.653366
"C027297",1,5732,"C012734",5.502383
"C027299",1,5732,"C012734",9.936269
"C027302",3,16827,"C037407",5.663660
"C027303",2,868,"C001904",0.612254
"C027304",3,16827,"C037407",7.036931
"C027305",1,5732,"C012734",9.270425
"C027307",1,5732,"C012734",3.221816
"C027310",1,5732,"C012734",2.375499
"C027312",2,868,"C001904",4.436571
"C027316",0,5705,"C012675",7.820187
"C027318",1,5732,"C012734",6.780962
"C027319",0,5705,"C012675",3.214229
"C027325",0,5705,"C012675",3.506003
"C027327",4,9961,"C022249",2.579449
"C027328",1,5732,"C012734",7.364153
"C027330",5,21482,"C047883",11.608076
"C027331",5,21482,"C047883",13.227991
"C027332",5,21482,"C047883",1.349597
"C027335",0,5705,"C012675",7.110563
"C027336",3,16827,"C037407",7.514576
"C027341",4,9961,"C022249",4.857979
"C027343",0,5705,"C012675",5.601007
"C027346",2,868,"C001904",2.550913
"C027347",4,9961,"C022249",4.432155
"C027348",5,21482,"C047883",4.444567
"C027349",0,5705,"C012675",6.995722
"C027351",5,21482,"C047883",9.362626
"C027355",0,5705,"C012675",6.814031
"C027360",4,9961,"C022249",5.131974
"C027362",5,21482,"C047883",11.776723
"C027364",1,5732,"C012734",13.668832
"C027365",5,21482,"C047883",13.113059
"C027369",5,21482,"C047883",2.917392
"C027373",5,21482,"C047883",5.378493
"C027379",1,5732,"C012734",10.778225
"C027382",5,21482,"C047883",9.535037
"C027384",2,868,"C001904",3.058725
"C027385",3,16827,"C037407",7.672768
"C027387",3,16827,"C037407",9.330696
"C027388",5,21482,"C047883",7.651648
"C027392",5,21482,"C047883",3.474459
"C027393",5,21482,"C047883",13.152420
"C027394",3,16827,"C037407",7.762548
"C027395",0,5705,"C012675",1.809697
"C027396",1,5732,"C012734",8.982319
"C027397",0,5705,"C012675",0.614417
"C027398",0,5705,"C012675",2.416754
"C027399",1,5732,"C012734",7.094907
"C027400",4,9961,"C022249",1.969298
"C027402",1,5732,"C012734",6.110434
"C027405",4,9961,"C022249",2.729258
"C027406",3,16827,"C037407",6.636596
"C027407",5,21482,"C047883",5.877576
"C027409",5,21482,"C047883",4.126165
"C027411",1,5732,"C012734",5.052839
"C027415",1,5732,"C012734",8.979580
"C027416",2,868,"C001904",8.061125
"C027417",1,5732,"C012734",11.090823
"C027421",2,868,"C001904",8.982512
"C027422",3,16827,"C037407",7.922630
"C027428",2,868,"C001904",5.207017
"C027429",5,21482,"C047883",3.258605
"C027430",2,868,"C001904",9.554658
"C027433",0,5705,"C012675",1.668574
"C027436",5,21482,"C047883",5.694601
"C027437",1,5732,"C012734",7.149893
"C027438",2,868,"C001904",7.051226
"C027440",1,5732,"C012734",5.698452
"C027441",2,868,"C001904",5.552722
"C027444",5,21482,"C047883",2.951529
"C027447",0,5705,"C012675",3.239779
"C027448",1,5732,"C012734",14.433313
"C027452",4,9961,"C022249",3.020444
"C027453",2,868,"C001904",10.385991
"C027454",2,868,"C001904",6.592680
"C027457",2,868,"C001904",5.635955
"C027458",0,5705,"C012675",8.825546
"C027461",0,5705,"C012675",1.422128
"C027464",3,16827,"C037407",3.183852
"C027465",5,21482,"C047883",5.446491
"C027468",5,21482,"C047883",4.337122
"C027470",1,5732,"C012734",4.118622
"C027471",5,21482,"C047883",2.642031
"C027472",4,9961,"C022249",8.132660
"C027473",2,868,"C001904",6.388213
"C027475",5,21482,"C047883",7.041017
"C027478",0,5705,"C012675",4.539531
"C027482",5,21482,"C047883",11.101661
"C027483",0,5705,"C012675",1.597343
"C027487",1,5732,"C012734",1.545761
"C027489",3,16827,"C037407",7.082414
"C027490",5,21482,"C047883",9.505114
"C027493",0,5705,"C012675",3.580094
"C027495",2,868,"C001904",8.283618
"C027502",2,868,"C001904",9.114172
"C027504",1,5732,"C012734",8.511862
"C027509",2,868,"C001904",2.886902
"C027510",1,5732,"C012734",9.314187
"C027511",2,868,"C001904",2.029962
"C027514",2,868,"C001904",9.363479
"C027516",2,868,"C001904",4.001776
"C027517",1,5732,"C012734",3.247435
"C027519",0,5705,"C012675",2.646306
"C027520",4,9961,"C022249",5.973415
"C027524",4,9961,"C022249",3.456471
"C027526",3,16827,"C037407",5.126420
"C027527",1,5732,"C012734",10.399984
"C027531",0,5705,"C012675",5.022895
"C027534",2,868,"C001904",9.121634
"C027537",1,5732,"C012734",2.834712
"C027538",3,16827,"C037407",1.606212
"C027540",5,21482,"C047883",4.127428
"C027542",2,868,"C001904",2.187267
"C027544",2,868,"C001904",3.796125
"C027546",3,16827,"C037407",5.187369
"C027547",5,21482,"C047883",9.874965
"C027548",0,5705,"C012675",2.709074
"C027549",1,5732,"C012734",2.165819
"C027554",5,21482,"C047883",12.542922
"C027555",5,21482,"C047883",1.322637
"C027556",5,21482,"C047883",13.290721
"C027557",5,21482,"C047883",4.538685
"C027558",0,5705,"C012675",9.635669
"C027559",3,16827,"C037407",6.055540
"C027562",5,21482,"C047883",10.879769
"C027563",2,868,"C001904",4.142459
"C027565",0,5705,"C012675",6.157930
"C027566",5,21482,"C047883",2.839847
"C027569",5,21482,"C047883",5.293207
"C027571",5,21482,"C047883",6.982115
"C027573",0,5705,"C012675",7.660897
"C027574",1,5732,"C012734",2.922065
"C027575",1,5732,"C012734",9.765058
"C027577",5,21482,"C047883",1.856113
"C027579",1,5732,"C012734",4.228928
"C027590",1,5732,"C012734",9.819385
"C027592",5,21482,"C047883",6.474597
"C027593",5,21482,"C047883",4.321739
"C027595",0,5705,"C012675",6.402752
"C027596",5,21482,"C047883",3.871241
"C027597",1,5732,"C012734",8.070040
"C027598",1,5732,"C012734",15.691005
"C027599",5,21482,"C047883",8.439737
"C027600",4,9961,"C022249",5.526228
"C027602",1,5732,"C012734",4.284325
"C027606",1,5732,"C012734",6.137668
"C027607",0,5705,"C012675",9.548670
"C027608",4,9961,"C022249",3.292458
"C027611",4,9961,"C022249",4.348108
"C027614",5,21482,"C047883",3.216253
"C027615",5,21482,"C047883",1.871285
"C027616",2,868,"C001904",9.357250
"C027617",2,868,"C001904",3.487340
"C027618",5,21482,"C047883",11.768466
"C027619",4,9961,"C022249",1.506535
"C027621",5,21482,"C047883",1.832439
"C027622",2,868,"C001904",2.162741
"C027624",1,5732,"C012734",9.391466
"C027625",3,16827,"C037407",1.466207
"C027626",4,9961,"C022249",2.882092
"C027627",5,21482,"C047883",12.090641
"C027630",3,16827,"C037407",3.750887
"C027631",0,5705,"C012675",3.737345
"C027632",0,5705,"C012675",3.610822
"C027636",2,868,"C001904",0.973856
"C027637",1,5732,"C012734",7.269896
"C027638",5,21482,"C047883",13.689079
"C027645",2,868,"C001904",6.558813
"C027649",5,21482,"C047883",3.287535
"C027650",0,5705,"C012675",7.746792
"C027651",4,9961,"C022249",3.886996
"C027653",2,868,"C001904",0.620861
"C027655",5,21482,"C047883",13.968579
"C027657",1,5732,"C012734",3.864089
"C027658",0,5705,"C012675",4.031857
"C027662",3,16827,"C037407",6.701909
"C027665",5,21482,"C047883",6.115185
"C027666",4,9961,"C022249",3.668869
"C027669",0,5705,"C012675",5.267384
"C027671",4,9961,"C022249",8.730489
"C027672",3,16827,"C037407",1.489472
"C027673",2,868,"C001904",6.631591
"C027675",1,5732,"C012734",9.713652
"C027677",2,868,"C001904",7.188891
"C027679",1,5732,"C012734",2.498003
"C027685",5,21482,"C047883",2.915836
"C027686",1,5732,"C012734",5.363754
"C027689",3,16827,"C037407",2.126863
"C027690",5,21482,"C047883",12.844595
"C027691",4,9961,"C022249",1.224901
"C027693",0,5705,"C012675",1.546444
"C027695",0,5705,"C012675",7.938381
"C027700",1,5732,"C012734",6.325659
"C027701",5,21482,"C047883",10.998362
"C027702",3,16827,"C037407",4.274413
"C027703",5,21482,"C047883",7.256622
"C027705",5,21482,"C047883",3.202437
"C027706",2,868,"C001904",2.997232
"C027709",3,16827,"C037407",9.250617
"C027714",1,5732,"C012734",9.870965
"C027715",3,16827,"C037407",5.153588
"C027718",1,5732,"C012734",3.179432
"C027720",2,868,"C001904",7.863676
"C027724",3,16827,"C037407",4.731819
"C027729",5,21482,"C047883",13.039150
"C027730",1,5732,"C012734",6.189059
"C027734",0,5705,"C012675",5.136727
"C027735",0,5705,"C012675",6.096975
"C027736",3,16827,"C037407",2.403666
"C027738",3,16827,"C037407",1.793286
"C027741",2,868,"C001904",3.016473
"C027742",5,21482,"C047883",11.180001
"C027746",1,5732,"C012734",14.690804
"C027749",1,5732,"C012734",5.065660
"C027750",5,21482,"C047883",4.931354
"C027751",2,868,"C001904",8.802153
"C027752",5,21482,"C047883",5.424879
"C027754",5,21482,"C047883",9.022193
"C027756",5,21482,"C047883",3.761046
"C027757",1,5732,"C012734",16.299412
"C027759",1,5732,"C012734",16.006929
"C027760",1,5732,"C012734",2.452450
"C027764",5,21482,"C047883",8.492240
"C027767",4,9961,"C022249",2.381224
"C027769",1,5732,"C012734",4.866449
"C027770",4,9961,"C022249",3.839393
"C027772",3,16827,"C037407",4.105429
"C027773",5,21482,"C047883",10.039807
"C027774",2,868,"C001904",9.387659
"C027781",3,16827,"C037407",2.612171
"C027782",0,5705,"C012675",6.461606
"C027786",5,21482,"C047883",9.204254
"C027787",4,9961,"C022249",4.084149
"C027788",0,5705,"C012675",9.022655
"C027789",0,5705,"C012675",2.966640
"C027791",3,16827,"C037407",5.996687
"C027799",4,9961,"C022249",6.433510
"C027803",2,868,"C001904",7.183980
"C027804",0,5705,"C012675",6.181131
"C027805",5,21482,"C047883",12.041645
"C027809",5,21482,"C047883",8.116053
"C027812",5,21482,"C047883",5.685856
"C027813",2,868,"C001904",3.848694
"C027814",2,868,"C001904",6.082040
"C027818",1,5732,"C012734",5.754082
"C027819",2,868,"C001904",4.269367
"C027821",4,9961,"C022249",1.968247
"C027825",5,21482,"C047883",12.591636
"C027828",3,16827,"C037407",2.181881
"C027832",1,5732,"C012734",4.221628
"C027835",3,16827,"C037407",3.915469
"C027837",1,5732,"C012734",9.934379
"C027840",2,868,"C001904",3.884457
"C027841",2,868,"C001904",6.694107
"C027842",2,868,"C001904",5.727253
"C027843",3,16827,"C037407",7.302670
"C027844",0,5705,"C012675",6.860786
"C027846",0,5705,"C012675",4.807862
"C027850",0,5705,"C012675",5.065017
"C027854",2,868,"C001904",10.243919
"C027855",1,5732,"C012734",5.256224
"C027857",2,868,"C001904",6.153376
"C027858",5,21482,"C047883",12.585660
"C027861",2,868,"C001904",6.675872
"C027862",1,5732,"C012734",4.536013
"C027863",4,9961,"C022249",7.462257
"C027864",4,9961,"C022249",3.032131
"C027866",5,21482,"C047883",2.442906
"C027867",4,9961,"C022249",1.516511
"C027871",4,9961,"C022249",4.949796
"C027873",5,21482,"C047883",2.992109
"C027874",1,5732,"C012734",8.512704
"C027877",5,21482,"C047883",15.170059
"C027879",5,21482,"C047883",7.226169
"C027883",1,5732,"C012734",17.105520
"C027884",4,9961,"C022249",4.325116
"C027887",4,9961,"C022249",3.275789
"C027892",5,21482,"C047883",11.166489
"C027893",2,868,"C001904",4.076719
"C027894",5,21482,"C047883",2.458201
"C027900",4,9961,"C022249",2.328662
"C027904",1,5732,"C012734",4.518606
"C027905",3,16827,"C037407",7.092591
"C027906",1,5732,"C012734",4.172574
"C027907",2,868,"C001904",4.951276
"C027909",1,5732,"C012734",4.848820
"C027910",5,21482,"C047883",11.893301
"C027915",1,5732,"C012734",2.082950
"C027916",5,21482,"C047883",2.595047
"C027917",5,21482,"C047883",12.679598
"C027918",1,5732,"C012734",6.126708
"C027919",2,868,"C001904",7.368190
"C027920",0,5705,"C012675",0.669887
"C027922",2,868,"C001904",4.186497
"C027924",0,5705,"C012675",4.073624
"C027926",2,868,"C001904",6.457972
"C027928",3,16827,"C037407",7.630906
"C027930",5,21482,"C047883",6.561408
"C027932",5,21482,"C047883",4.961400
"C027933",0,5705,"C012675",6.642398
"C027935",3,16827,"C037407",6.236577
"C027937",5,21482,"C047883",15.192748
"C027939",2,868,"C001904",3.914824
"C027940",5,21482,"C047883",2.935799
"C027941",0,5705,"C012675",0.465562
"C027942",3,16827,"C037407",4.464025
"C027943",1,5732,"C012734",6.522148
"C027944",1,5732,"C012734",7.685016
"C027946",5,21482,"C047883",6.191413
"C027949",4,9961,"C022249",5.906320
"C027953",2,868,"C001904",6.244217
"C027954",2,868,"C001904",3.751442
"C027955",0,5705,"C012675",3.903021
"C027956",2,868,"C001904",5.880976
"C027957",5,21482,"C047883",12.172698
"C027960",2,868,"C001904",2.404711
"C027964",1,5732,"C012734",7.996521
"C027965",2,868,"C001904",10.194753
"C027966",3,16827,"C037407",6.618441
"C027967",2,868,"C001904",3.081601
"C027970",0,5705,"C012675",8.088329
"C027974",5,21482,"C047883",9.604724
"C027976",2,868,"C001904",1.290476
"C027979",1,5732,"C012734",7.228487
"C027982",1,5732,"C012734",3.766634
"C027983",1,5732,"C012734",4.107519
"C027985",1,5732,"C012734",7.913731
"C027986",1,5732,"C012734",16.418036
"C027987",0,5705,"C012675",4.721596
"C027988",0,5705,"C012675",8.715209
"C027989",5,21482,"C047883",6.326745
"C027990",3,16827,"C037407",2.873341
"C027991",1,5732,"C012734",4.425656
"C027992",0,5705,"C012675",2.518583
"C027993",5,21482,"C047883",12.184868
"C027995",0,5705,"C012675",8.215015
"C028000",1,5732,"C012734",5.358286
"C028001",5,21482,"C047883",1.141566
"C028002",0,5705,"C012675",9.569661
"C028003",5,21482,"C047883",7.221311
"C028004",5,21482,"C047883",9.322319
"C028006",2,868,"C001904",8.384949
"C028007",1,5732,"C012734",16.294015
"C028008",2,868,"C001904",3.617724
"C028009",0,5705,"C012675",5.630853
"C028011",0,5705,"C012675",4.566985
"C028013",0,5705,"C012675",4.765601
"C028016",5,21482,"C047883",11.890513
"C028018",5,21482,"C047883",3.241141
"C028019",5,21482,"C047883",11.372812
"C028020",0,5705,"C012675",1.609928
"C028021",0,5705,"C012675",7.692118
"C028023",3,16827,"C037407",8.079437
"C028026",4,9961,"C022249",3.222171
"C028031",5,21482,"C047883",3.558497
"C028032",5,21482,"C047883",8.753064
"C028034",0,5705,"C012675",4.625838
"C028039",5,21482,"C047883",3.330048
"C028042",2,868,"C001904",7.566536
"C028044",5,21482,"C047883",5.053049
"C028045",5,21482,"C047883",8.914896
"C028046",1,5732,"C012734",6.841137
"C028047",5,21482,"C047883",12.506797
"C028048",5,21482,"C047883",7.142790
"C028051",1,5732,"C012734",9.980925
"C028053",4,9961,"C022249",2.191999
"C028055",5,21482,"C047883",5.330513
"C028057",2,868,"C001904",6.322992
"C028058",2,868,"C001904",6.596206
"C028060",0,5705,"C012675",2.504979
"C028061",5,21482,"C047883",10.599246
"C028062",1,5732,"C012734",7.568127
"C028063",3,16827,"C037407",1.085798
"C028066",5,21482,"C047883",11.962252
"C028071",5,21482,"C047883",5.613118
"C028073",4,9961,"C022249",2.007434
"C028078",4,9961,"C022249",9.025494
"C028079",2,868,"C001904",7.860365
"C028081",3,16827,"C037407",2.153033
"C028087",2,868,"C001904",8.488486
"C028092",0,5705,"C012675",2.475302
"C028093",1,5732,"C012734",2.730587
"C028098",4,9961,"C022249",7.207332
"C028099",5,21482,"C047883",4.146203
"C028102",0,5705,"C012675",6.291184
"C028104",1,5732,"C012734",12.308293
"C028105",5,21482,"C047883",10.650752
"C028109",3,16827,"C037407",9.458070
"C028110",1,5732,"C012734",1.332570
"C028111",0,5705,"C012675",2.046409
"C028115",5,21482,"C047883",12.659662
"C028116",5,21482,"C047883",3.528208
"C028117",3,16827,"C037407",6.139191
"C028121",5,21482,"C047883",5.308488
"C028122",0,5705,"C012675",5.687581
"C028125",4,9961,"C022249",3.395919
"C028128",5,21482,"C047883",3.705759
"C028130",3,16827,"C037407",1.668859
"C028134",1,5732,"C012734",13.037569
"C028135",5,21482,"C047883",14.366577
"C028136",4,9961,"C022249",8.414610
"C028137",2,868,"C001904",8.035707
"C028143",2,868,"C001904",1.043139
"C028146",4,9961,"C022249",4.635548
"C028149",2,868,"C001904",3.190130
"C028150",1,5732,"C012734",7.117271
"C028153",0,5705,"C012675",1.217225
"C028158",0,5705,"C012675",1.727596
"C028159",5,21482,"C047883",6.948139
"C028161",1,5732,"C012734",11.756431
"C028162",5,21482,"C047883",7.951661
"C028163",0,5705,"C012675",2.171591
"C028164",3,16827,"C037407",4.591155
"C028169",1,5732,"C012734",8.234990
"C028170",5,21482,"C047883",2.165654
"C028173",2,868,"C001904",6.053135
"C028174",4,9961,"C022249",1.843301
"C028180",0,5705,"C012675",4.137213
"C028184",4,9961,"C022249",6.311679
"C028189",0,5705,"C012675",6.245169
"C028190",0,5705,"C012675",1.537082
"C028192",1,5732,"C012734",1.590953
"C028194",0,5705,"C012675",5.253375
"C028195",2,868,"C001904",10.943063
"C028197",2,868,"C001904",8.835806
"C028198",1,5732,"C012734",6.054145
"C028202",1,5732,"C012734",3.920022
"C028205",2,868,"C001904",2.769758
"C028207",3,16827,"C037407",1.521656
"C028209",5,21482,"C047883",8.306986
"C028211",0,5705,"C012675",7.679885
"C028212",0,5705,"C012675",10.079732
"C028216",5,21482,"C047883",12.547423
"C028218",5,21482,"C047883",3.193644
"C028219",4,9961,"C022249",3.025587
"C028221",4,9961,"C022249",1.294332
"C028227",0,5705,"C012675",7.532586
"C028228",1,5732,"C012734",2.986422
"C028229",5,21482,"C047883",2.790068
"C028230",4,9961,"C022249",2.910270
"C028231",1,5732,"C012734",9.445373
"C028238",5,21482,"C047883",3.496094
"C028243",5,21482,"C047883",4.666637
"C028245",5,21482,"C047883",4.756141
"C028249",1,5732,"C012734",7.277358
"C028250",5,21482,"C047883",3.451631
"C028252",1,5732,"C012734",5.733723
"C028253",2,868,"C001904",9.924082
"C028255",0,5705,"C012675",5.723994
"C028256",1,5732,"C012734",3.586735
"C028257",3,16827,"C037407",2.494834
"C028258",2,868,"C001904",6.816483
"C028259",3,16827,"C037407",1.635997
"C028260",4,9961,"C022249",3.721245
"C028262",1,5732,"C012734",8.441469
"C028263",5,21482,"C047883",10.615983
"C028264",5,21482,"C047883",15.853821
"C028265",5,21482,"C047883",11.935001
"C028267",1,5732,"C012734",4.212336
"C028268",3,16827,"C037407",4.770420
"C028270",1,5732,"C012734",1.401291
"C028271",1,5732,"C012734",6.702714
"C028272",5,21482,"C047883",2.312751
"C028275",2,868,"C001904",9.661332
"C028276",0,5705,"C012675",4.732880
"C028277",0,5705,"C012675",3.233549
"C028278",2,868,"C001904",5.202546
"C028279",4,9961,"C022249",2.757525
"C028282",5,21482,"C047883",6.450573
"C028283",0,5705,"C012675",7.532790
"C028284",3,16827,"C037407",8.535256
"C028286",2,868,"C001904",0.971473
"C028289",5,21482,"C047883",8.621445
"C028293",2,868,"C001904",0.560757
"C028295",3,16827,"C037407",7.426765
"C028296",5,21482,"C047883",9.641395
"C028297",4,9961,"C022249",7.021390
"C028300",5,21482,"C047883",1.081708
"C028302",4,9961,"C022249",1.602423
"C028307",0,5705,"C012675",7.777420
"C028308",5,21482,"C047883",6.233667
"C028311",2,868,"C001904",5.379679
"C028312",1,5732,"C012734",16.573911
"C028318",2,868,"C001904",4.767942
"C028320",3,16827,"C037407",3.964638
"C028321",2,868,"C001904",6.281560
"C028323",1,5732,"C012734",6.093229
"C028326",1,5732,"C012734",7.564486
"C028328",2,868,"C001904",5.210688
"C028331",2,868,"C001904",5.875940
"C028332",0,5705,"C012675",3.520116
"C028334",5,21482,"C047883",9.505562
"C028337",1,5732,"C012734",9.736203
"C028338",5,21482,"C047883",12.328082
"C028339",5,21482,"C047883",3.336833
"C028343",0,5705,"C012675",3.662030
"C028344",1,5732,"C012734",9.718401
"C028348",5,21482,"C047883",5.434511
"C028350",1,5732,"C012734",6.493858
"C028352",4,9961,"C022249",2.012763
"C028353",2,868,"C001904",11.403860
"C028354",0,5705,"C012675",6.332297
"C028355",5,21482,"C047883",12.025138
"C028356",2,868,"C001904",8.782075
"C028357",2,868,"C001904",8.054204
"C028358",1,5732,"C012734",2.880988
"C028359",5,21482,"C047883",8.532509
"C028366",4,9961,"C022249",3.575388
"C028372",5,21482,"C047883",15.009459
"C028373",5,21482,"C047883",6.331749
"C028374",5,21482,"C047883",9.817944
"C028378",2,868,"C001904",6.770844
"C028381",2,868,"C001904",0.657049
"C028383",2,868,"C001904",6.956324
"C028384",0,5705,"C012675",3.639360
"C028385",2,868,"C001904",7.213991
"C028387",0,5705,"C012675",8.563596
"C028389",3,16827,"C037407",7.750276
"C028390",1,5732,"C012734",8.994541
"C028391",4,9961,"C022249",7.538569
"C028392",1,5732,"C012734",2.943814
"C028395",1,5732,"C012734",3.384803
"C028396",4,9961,"C022249",3.251716
"C028397",2,868,"C001904",12.564727
"C028398",5,21482,"C047883",13.670352
"C028400",1,5732,"C012734",1.866828
"C028401",2,868,"C001904",4.534752
"C028402",5,21482,"C047883",12.905876
"C028404",0,5705,"C012675",2.629549
"C028405",1,5732,"C012734",4.515639
"C028407",2,868,"C001904",6.440594
"C028408",3,16827,"C037407",1.680647
"C028411",0,5705,"C012675",4.068295
"C028412",4,9961,"C022249",6.127066
"C028421",5,21482,"C047883",12.508476
"C028426",5,21482,"C047883",3.192094
"C028429",2,868,"C001904",3.501417
"C028432",5,21482,"C047883",7.141873
"C028437",3,16827,"C037407",2.803056
"C028441",0,5705,"C012675",0.607063
"C028442",3,16827,"C037407",9.640250
"C028443",4,9961,"C022249",2.133024
"C028444",2,868,"C001904",3.026375
"C028448",5,21482,"C047883",11.699350
"C028451",5,21482,"C047883",2.544745
"C028453",0,5705,"C012675",4.613443
"C028455",3,16827,"C037407",6.763069
"C028459",3,16827,"C037407",6.512102
"C028460",0,5705,"C012675",7.733987
"C028461",1,5732,"C012734",8.171521
"C028464",4,9961,"C022249",4.194361
"C028465",1,5732,"C012734",9.581768
"C028466",2,868,"C001904",12.410682
"C028468",1,5732,"C012734",0.486919
"C028474",1,5732,"C012734",12.589839
"C028476",5,21482,"C047883",11.181843
"C028482",2,868,"C001904",6.369232
"C028491",0,5705,"C012675",7.401460
"C028494",1,5732,"C012734",7.723894
"C028495",0,5705,"C012675",5.023708
"C028496",4,9961,"C022249",3.680709
"C028498",1,5732,"C012734",3.181613
"C028499",1,5732,"C012734",4.596413
"C028501",2,868,"C001904",3.291924
"C028503",2,868,"C001904",9.716945
"C028505",2,868,"C001904",3.093798
"C028507",0,5705,"C012675",8.260499
"C028509",5,21482,"C047883",3.430193
"C028510",1,5732,"C012734",14.594235
"C028511",5,21482,"C047883",8.417950
"C028515",3,16827,"C037407",7.243582
"C028516",2,868,"C001904",8.768929
"C028518",1,5732,"C012734",2.343430
"C028521",4,9961,"C022249",2.275362
"C028524",0,5705,"C012675",10.066305
"C028526",2,868,"C001904",1.112483
"C028527",1,5732,"C012734",8.226929
"C028529",5,21482,"C047883",1.293869
"C028532",0,5705,"C012675",6.104399
"C028533",5,21482,"C047883",3.373695
"C028534",1,5732,"C012734",2.860675
"C028537",4,9961,"C022249",0.843125
"C028538",5,21482,"C047883",1.645322
"C028541",5,21482,"C047883",10.127301
"C028545",1,5732,"C012734",1.570820
"C028546",1,5732,"C012734",15.374698
"C028548",5,21482,"C047883",10.590103
"C028550",5,21482,"C047883",11.366629
"C028551",4,9961,"C022249",1.762746
"C028552",0,5705,"C012675",3.328850
"C028554",2,868,"C001904",6.815670
"C028555",2,868,"C001904",6.676757
"C028558",5,21482,"C047883",7.965571
"C028559",5,21482,"C047883",5.940233
"C028561",0,5705,"C012675",5.900985
"C028565",4,9961,"C022249",3.517365
"C028566",5,21482,"C047883",8.368479
"C028568",1,5732,"C012734",8.368012
"C028574",1,5732,"C012734",11.198483
"C028576",3,16827,"C037407",4.131247
"C028577",1,5732,"C012734",3.241000
"C028583",2,868,"C001904",7.119806
"C028584",5,21482,"C047883",3.513426
"C028588",0,5705,"C012675",1.524173
"C028592",2,868,"C001904",4.423955
"C028593",4,9961,"C022249",2.398729
"C028595",2,868,"C001904",5.950208
"C028597",1,5732,"C012734",5.391759
"C028601",1,5732,"C012734",11.925799
"C028602",0,5705,"C012675",8.817356
"C028603",0,5705,"C012675",5.006154
"C028605",3,16827,"C037407",5.565855
"C028606",0,5705,"C012675",8.967284
"C028607",1,5732,"C012734",12.048216
"C028609",2,868,"C001904",3.986197
"C028616",1,5732,"C012734",8.722447
"C028618",5,21482,"C047883",14.352048
"C028619",5,21482,"C047883",5.288297
"C028621",1,5732,"C012734",4.138043
"C028622",1,5732,"C012734",11.385129
"C028624",0,5705,"C012675",2.132078
"C028625",1,5732,"C012734",16.005505
"C028631",2,868,"C001904",3.213859
"C028633",5,21482,"C047883",8.089364
"C028634",5,21482,"C047883",4.198558
"C028637",3,16827,"C037407",6.985407
"C028638",3,16827,"C037407",1.948408
"C028639",4,9961,"C022249",1.899116
"C028640",5,21482,"C047883",9.439900
"C028644",0,5705,"C012675",9.287775
"C028648",4,9961,"C022249",3.716454
"C028651",2,868,"C001904",11.570325
"C028660",2,868,"C001904",8.126143
"C028661",0,5705,"C012675",5.766806
"C028662",1,5732,"C012734",2.421712
"C028664",0,5705,"C012675",2.462769
"C028665",4,9961,"C022249",3.441342
"C028667",1,5732,"C012734",7.291690
"C028668",4,9961,"C022249",6.763689
"C028670",2,868,"C001904",1.668610
"C028671",4,9961,"C022249",2.832911
"C028672",5,21482,"C047883",10.161025
"C028673",3,16827,"C037407",7.600780
"C028676",1,5732,"C012734",8.927706
"C028677",2,868,"C001904",4.352778
"C028680",3,16827,"C037407",2.684807
"C028681",2,868,"C001904",3.950935
"C028685",2,868,"C001904",10.811604
"C028686",0,5705,"C012675",4.942726
"C028689",0,5705,"C012675",6.882056
"C028690",3,16827,"C037407",3.647854
"C028692",5,21482,"C047883",11.933529
"C028695",1,5732,"C012734",6.814218
"C028698",5,21482,"C047883",7.905082
"C028701",1,5732,"C012734",13.676160
"C028703",5,21482,"C047883",13.702211
"C028704",1,5732,"C012734",14.713915
"C028705",5,21482,"C047883",12.146664
"C028707",1,5732,"C012734",6.831114
"C028715",2,868,"C001904",1.290868
"C028716",5,21482,"C047883",2.693705
"C028718",5,21482,"C047883",2.579564
"C028720",1,5732,"C012734",9.936918
"C028723",0,5705,"C012675",5.092480
"C028726",5,21482,"C047883",12.812462
"C028727",2,868,"C001904",1.443652
"C028729",5,21482,"C047883",2.232146
"C028736",5,21482,"C047883",13.485967
"C028742",0,5705,"C012675",9.835480
"C028743",1,5732,"C012734",4.931376
"C028750",1,5732,"C012734",2.803566
"C028753",1,5732,"C012734",5.562182
"C028754",1,5732,"C012734",6.498906
"C028757",5,21482,"C047883",1.380178
"C028758",4,9961,"C022249",5.073627
"C028759",5,21482,"C047883",2.664826
"C028762",1,5732,"C012734",12.182941
"C028763",1,5732,"C012734",3.024853
"C028764",1,5732,"C012734",15.339413
"C028766",0,5705,"C012675",4.156874
"C028768",5,21482,"C047883",9.352809
"C028769",5,21482,"C047883",4.277001
"C028771",4,9961,"C022249",2.162122
"C028772",5,21482,"C047883",13.743474
"C028775",5,21482,"C047883",6.972837
"C028778",0,5705,"C012675",4.467031
"C028785",5,21482,"C047883",8.869656
"C028788",5,21482,"C047883",5.186068
"C028791",1,5732,"C012734",5.041601
"C028795",5,21482,"C047883",0.946421
"C028796",0,5705,"C012675",3.575556
"C028798",3,16827,"C037407",3.679649
"C028800",3,16827,"C037407",4.829996
"C028801",3,16827,"C037407",0.959333
"C028802",5,21482,"C047883",8.616738
"C028808",0,5705,"C012675",7.954665
"C028809",5,21482,"C047883",4.485418
"C028810",2,868,"C001904",8.339919
"C028811",5,21482,"C047883",3.686359
"C028812",4,9961,"C022249",5.436143
"C028815",2,868,"C001904",10.216734
"C028816",5,21482,"C047883",5.647402
"C028819",1,5732,"C012734",2.428248
"C028822",4,9961,"C022249",6.168935
"C028823",5,21482,"C047883",9.384393
"C028826",0,5705,"C012675",3.659839
"C028830",1,5732,"C012734",4.996410
"C028832",0,5705,"C012675",8.216824
"C028834",4,9961,"C022249",1.448543
"C028835",0,5705,"C012675",5.144061
"C028836",5,21482,"C047883",2.917931
"C028842",1,5732,"C012734",9.629179
"C028843",1,5732,"C012734",2.449954
"C028844",2,868,"C001904",9.345978
"C028849",5,21482,"C047883",2.905413
"C028851",5,21482,"C047883",6.678488
"C028852",4,9961,"C022249",1.136720
"C028854",2,868,"C001904",2.824925
"C028856",5,21482,"C047883",7.747168
"C028859",3,16827,"C037407",3.492234
"C028860",1,5732,"C012734",5.307909
"C028863",4,9961,"C022249",1.986016
"C028864",3,16827,"C037407",6.224688
"C028866",2,868,"C001904",4.022145
"C028868",4,9961,"C022249",3.084484
"C028869",1,5732,"C012734",5.376750
"C028872",5,21482,"C047883",12.822654
"C028874",5,21482,"C047883",10.025103
"C028875",4,9961,"C022249",3.861792
"C028877",5,21482,"C047883",2.298806
"C028881",5,21482,"C047883",13.834620
"C028883",5,21482,"C047883",7.086459
"C028886",5,21482,"C047883",0.923931
"C028890",1,5732,"C012734",7.108031
"C028892",3,16827,"C037407",3.256733
"C028893",1,5732,"C012734",11.812708
"C028894",2,868,"C001904",9.080164
"C028895",5,21482,"C047883",7.389776
"C028896",0,5705,"C012675",4.925854
"C028898",0,5705,"C012675",2.879000
"C028904",2,868,"C001904",9.965922
"C028905",2,868,"C001904",3.471130
"C028906",0,5705,"C012675",4.150035
"C028908",4,9961,"C022249",3.800659
"C028909",4,9961,"C022249",1.503491
"C028911",1,5732,"C012734",2.509294
"C028912",1,5732,"C012734",10.392385
"C028913",1,5732,"C012734",12.831576
"C028916",1,5732,"C012734",6.478889
"C028918",3,16827,"C037407",1.996141
"C028920",5,21482,"C047883",2.755979
"C028924",2,868,"C001904",0.663534
"C028925",1,5732,"C012734",13.695734
"C028927",1,5732,"C012734",1.631581
"C028928",3,16827,"C037407",2.551315
"C028929",3,16827,"C037407",6.704490
"C028930",2,868,"C001904",2.838792
"C028931",0,5705,"C012675",7.943333
"C028932",5,21482,"C047883",10.065433
"C028934",2,868,"C001904",2.674499
"C028937",4,9961,"C022249",6.792698
"C028938",0,5705,"C012675",3.522423
"C028942",5,21482,"C047883",4.803865
"C028945",4,9961,"C022249",3.490193
"C028946",5,21482,"C047883",4.474784
"C028948",1,5732,"C012734",7.956453
"C028952",2,868,"C001904",0.236075
"C028953",5,21482,"C047883",7.139275
"C028957",0,5705,"C012675",8.707152
"C028960",1,5732,"C012734",6.814054
"C028963",5,21482,"C047883",4.749612
"C028967",2,868,"C001904",3.876640
"C028969",0,5705,"C012675",7.785120
"C028970",5,21482,"C047883",8.254755
"C028972",2,868,"C001904",3.521570
"C028973",1,5732,"C012734",3.555485
"C028974",1,5732,"C012734",2.149327
"C028975",5,21482,"C047883",5.156709
"C028977",5,21482,"C047883",8.135206
"C028979",4,9961,"C022249",4.939374
"C028980",0,5705,"C012675",6.957835
"C028983",1,5732,"C012734",9.288837
"C028984",5,21482,"C047883",3.167176
"C028986",1,5732,"C012734",6.092827
"C028990",0,5705,"C012675",6.202650
"C028991",4,9961,"C022249",2.172585
"C028993",5,21482,"C047883",11.230828
"C028994",3,16827,"C037407",9.421312
"C028995",4,9961,"C022249",5.160828
"C028996",1,5732,"C012734",9.665203
"C028997",1,5732,"C012734",1.654793
"C028998",4,9961,"C022249",3.676402
"C029000",1,5732,"C012734",7.256915
"C029004",5,21482,"C047883",6.071470
"C029005",0,5705,"C012675",6.875547
"C029007",1,5732,"C012734",3.569301
"C029009",2,868,"C001904",6.987354
"C029010",2,868,"C001904",9.646922
"C029012",5,21482,"C047883",5.187069
"C029013",5,21482,"C047883",12.542313
"C029015",5,21482,"C047883",2.798772
"C029017",4,9961,"C022249",2.437022
"C029019",1,5732,"C012734",9.224647
"C029021",1,5732,"C012734",6.958383
"C029023",0,5705,"C012675",1.683400
"C029024",2,868,"C001904",9.640671
"C029025",5,21482,"C047883",3.435488
"C029026",1,5732,"C012734",11.233610
"C029027",4,9961,"C022249",6.358686
"C029028",4,9961,"C022249",3.426797
"C029029",5,21482,"C047883",12.500621
"C029032",5,21482,"C047883",4.372360
"C029036",4,9961,"C022249",3.427931
"C029037",3,16827,"C037407",3.073181
"C029038",2,868,"C001904",3.914012
"C029039",1,5732,"C012734",5.328370
"C029040",1,5732,"C012734",15.821047
"C029041",4,9961,"C022249",6.250749
"C029043",2,868,"C001904",5.860897
"C029044",1,5732,"C012734",4.301932
"C029046",2,868,"C001904",9.076253
"C029047",5,21482,"C047883",10.431488
"C029049",0,5705,"C012675",1.179803
"C029050",1,5732,"C012734",4.813175
"C029051",1,5732,"C012734",3.052475
"C029052",0,5705,"C012675",5.390920
"C029053",2,868,"C001904",5.384710
"C029055",1,5732,"C012734",5.162517
"C029057",2,868,"C001904",9.623313
"C029064",1,5732,"C012734",4.269607
"C029066",1,5732,"C012734",10.313193
"C029067",3,16827,"C037407",4.266697
"C029068",2,868,"C001904",4.680698
"C029069",4,9961,"C022249",0.380021
"C029072",5,21482,"C047883",3.979131
"C029074",2,868,"C001904",7.536711
"C029079",2,868,"C001904",6.573430
"C029082",5,21482,"C047883",7.357260
"C029085",2,868,"C001904",3.636029
"C029086",5,21482,"C047883",2.886562
"C029087",4,9961,"C022249",4.079032
"C029092",5,21482,"C047883",3.656591
"C029093",3,16827,"C037407",1.394830
"C029097",0,5705,"C012675",5.039254
"C029098",0,5705,"C012675",6.305720
"C029101",3,16827,"C037407",4.624025
"C029103",1,5732,"C012734",3.115208
"C029104",1,5732,"C012734",9.399264
"C029105",2,868,"C001904",8.834891
"C029108",5,21482,"C047883",12.662798
"C029111",1,5732,"C012734",14.029103
"C029112",2,868,"C001904",3.082479
"C029113",1,5732,"C012734",2.389115
"C029114",0,5705,"C012675",3.180938
"C029117",5,21482,"C047883",6.310706
"C029118",0,5705,"C012675",8.037217
"C029119",2,868,"C001904",3.302890
"C029124",5,21482,"C047883",4.220263
"C029125",5,21482,"C047883",9.647014
"C029131",5,21482,"C047883",11.984770
"C029132",2,868,"C001904",8.778724
"C029133",3,16827,"C037407",2.773391
"C029134",1,5732,"C012734",6.886160
"C029138",1,5732,"C012734",13.325166
"C029139",1,5732,"C012734",2.820512
"C029141",0,5705,"C012675",2.059961
"C029142",0,5705,"C012675",0.705356
"C029146",2,868,"C001904",10.158997
"C029147",3,16827,"C037407",5.004484
"C029148",2,868,"C001904",1.170968
"C029152",5,21482,"C047883",6.791220
"C029153",1,5732,"C012734",12.932968
"C029155",4,9961,"C022249",3.834348
"C029156",3,16827,"C037407",1.075530
"C029157",1,5732,"C012734",9.731351
"C029160",1,5732,"C012734",7.128579
"C029161",2,868,"C001904",8.838661
"C029163",3,16827,"C037407",7.106370
"C029164",3,16827,"C037407",8.385798
"C029167",0,5705,"C012675",5.455778
"C029171",2,868,"C001904",8.824426
"C029172",1,5732,"C012734",3.223574
"C029173",0,5705,"C012675",3.132232
"C029175",1,5732,"C012734",16.397660
"C029180",2,868,"C001904",7.931390
"C029181",3,16827,"C037407",5.494725
"C029186",3,16827,"C037407",6.313883
"C029189",1,5732,"C012734",5.656819
"C029190",4,9961,"C022249",2.489587
"C029191",4,9961,"C022249",3.199150
"C029194",5,21482,"C047883",8.929261
"C029195",5,21482,"C047883",15.608716
"C029197",0,5705,"C012675",2.524540
"C029198",3,16827,"C037407",0.565777
"C029199",0,5705,"C012675",6.512034
"C029204",2,868,"C001904",5.085400
"C029205",2,868,"C001904",6.853939
"C029208",2,868,"C001904",1.868075
"C029211",5,21482,"C047883",11.942272
"C029212",2,868,"C001904",4.107021
"C029221",3,16827,"C037407",2.400795
"C029222",3,16827,"C037407",4.190123
"C029230",5,21482,"C047883",1.335194
"C029231",2,868,"C001904",7.384698
"C029234",2,868,"C001904",9.154786
"C029239",0,5705,"C012675",7.619450
"C029242",5,21482,"C047883",3.519140
"C029243",5,21482,"C047883",7.074903
"C029246",2,868,"C001904",3.620058
"C029247",0,5705,"C012675",8.153082
"C029248",5,21482,"C047883",6.808229
"C029250",3,16827,"C037407",9.064347
"C029251",3,16827,"C037407",7.559534
"C029255",1,5732,"C012734",5.188979
"C029257",2,868,"C001904",2.424060
"C029259",0,5705,"C012675",8.996352
"C029270",0,5705,"C012675",2.156123
"C029271",2,868,"C001904",8.154067
"C029272",5,21482,"C047883",2.315236
"C029274",3,16827,"C037407",4.856423
"C029275",2,868,"C001904",6.466977
"C029279",1,5732,"C012734",4.112393
"C029281",0,5705,"C012675",4.173877
"C029283",2,868,"C001904",6.450294
"C029284",3,16827,"C037407",4.491108
"C029286",4,9961,"C022249",7.472513
"C029288",1,5732,"C012734",5.519328
"C029292",3,16827,"C037407",3.845552
"C029294",4,9961,"C022249",1.036997
"C029295",5,21482,"C047883",8.285644
"C029297",4,9961,"C022249",2.630829
"C029300",2,868,"C001904",5.154895
"C029303",0,5705,"C012675",1.981628
"C029305",5,21482,"C047883",3.979290
"C029306",1,5732,"C012734",1.025026
"C029308",5,21482,"C047883",12.566197
"C029309",3,16827,"C037407",1.927226
"C029312",0,5705,"C012675",7.350974
"C029313",1,5732,"C012734",9.855483
"C029316",5,21482,"C047883",12.207602
"C029318",2,868,"C001904",11.066217
"C029321",1,5732,"C012734",11.091443
"C029324",5,21482,"C047883",7.255350
"C029325",3,16827,"C037407",5.606008
"C029326",3,16827,"C037407",8.247772
"C029329",1,5732,"C012734",7.631170
"C029330",2,868,"C001904",2.995502
"C029332",5,21482,"C047883",2.583529
"C029333",1,5732,"C012734",3.876642
"C029335",5,21482,"C047883",7.136178
"C029337",5,21482,"C047883",3.118634
"C029338",1,5732,"C012734",9.616197
"C029339",4,9961,"C022249",3.828299
"C029340",0,5705,"C012675",4.642955
"C029346",3,16827,"C037407",5.845572
"C029349",2,868,"C001904",4.233886
"C029350",4,9961,"C022249",2.837735
"C029352",0,5705,"C012675",3.192401
"C029359",5,21482,"C047883",8.694119
"C029361",4,9961,"C022249",5.564733
"C029364",0,5705,"C012675",9.068926
"C029366",2,868,"C001904",4.151086
"C029368",1,5732,"C012734",4.496841
"C029371",2,868,"C001904",5.638768
"C029376",5,21482,"C047883",8.858213
"C029377",0,5705,"C012675",3.155941
"C029378",2,868,"C001904",9.537204
"C029379",2,868,"C001904",1.574901
"C029380",2,868,"C001904",5.303779
"C029384",3,16827,"C037407",0.409494
"C029385",1,5732,"C012734",6.726605
"C029388",4,9961,"C022249",7.425610
"C029389",2,868,"C001904",4.109184
"C029390",1,5732,"C012734",8.435047
"C029395",5,21482,"C047883",3.187895
"C029396",5,21482,"C047883",9.181103
"C029397",3,16827,"C037407",2.753615
"C029400",5,21482,"C047883",5.175471
"C029401",2,868,"C001904",3.129042
"C029402",1,5732,"C012734",9.770104
"C029403",0,5705,"C012675",2.459324
"C029407",5,21482,"C047883",2.930841
"C029409",2,868,"C001904",4.064429
"C029412",5,21482,"C047883",2.637241
"C029413",3,16827,"C037407",3.995299
"C029415",5,21482,"C047883",3.073427
"C029416",5,21482,"C047883",9.378911
"C029417",5,21482,"C047883",4.091137
"C029422",1,5732,"C012734",1.613472
"C029423",1,5732,"C012734",11.349526
"C029428",0,5705,"C012675",8.148040
"C029430",5,21482,"C047883",10.299043
"C029433",4,9961,"C022249",5.558935
"C029434",0,5705,"C012675",7.777486
"C029442",3,16827,"C037407",0.672888
"C029443",2,868,"C001904",6.881277
"C029445",3,16827,"C037407",7.336919
"C029446",4,9961,"C022249",2.559364
"C029448",4,9961,"C022249",3.990410
"C029450",0,5705,"C012675",5.177144
"C029453",5,21482,"C047883",2.476864
"C029454",5,21482,"C047883",9.476654
"C029456",1,5732,"C012734",4.726087
"C029459",1,5732,"C012734",6.603516
"C029460",3,16827,"C037407",1.967184
"C029465",5,21482,"C047883",3.280468
"C029468",2,868,"C001904",2.879745
"C029469",2,868,"C001904",4.710367
"C029470",4,9961,"C022249",2.374420
"C029479",1,5732,"C012734",5.498303
"C029480",1,5732,"C012734",2.223743
"C029486",1,5732,"C012734",7.551716
"C029488",4,9961,"C022249",5.082204
"C029489",5,21482,"C047883",8.668563
"C029491",2,868,"C001904",3.695093
"C029493",4,9961,"C022249",7.846063
"C029496",2,868,"C001904",5.664860
"C029498",1,5732,"C012734",1.351696
"C029499",1,5732,"C012734",10.234542
"C029500",5,21482,"C047883",9.146250
"C029503",1,5732,"C012734",3.746731
"C029504",5,21482,"C047883",4.882262
"C029505",1,5732,"C012734",9.600880
"C029507",1,5732,"C012734",2.864897
"C029509",5,21482,"C047883",2.291068
"C029511",5,21482,"C047883",3.601039
"C029512",5,21482,"C047883",3.620375
"C029516",5,21482,"C047883",12.522290
"C029517",2,868,"C001904",7.125340
"C029518",4,9961,"C022249",3.121440
"C029523",5,21482,"C047883",10.182865
"C029525",0,5705,"C012675",6.453864
"C029526",3,16827,"C037407",10.067303
"C029528",5,21482,"C047883",3.362434
"C029530",4,9961,"C022249",2.339722
"C029531",3,16827,"C037407",1.174546
"C029532",5,21482,"C047883",10.374583
"C029533",0,5705,"C012675",4.067750
"C029534",2,868,"C001904",1.592368
"C029535",2,868,"C001904",6.993869
"C029536",1,5732,"C012734",7.149096
"C029537",5,21482,"C047883",9.952007
"C029538",3,16827,"C037407",2.932017
"C029543",4,9961,"C022249",4.124659
"C029544",4,9961,"C022249",3.508212
"C029545",2,868,"C001904",7.783228
"C029546",0,5705,"C012675",7.438834
"C029547",2,868,"C001904",3.156860
"C029549",2,868,"C001904",3.483392
"C029552",4,9961,"C022249",4.596413
"C029555",5,21482,"C047883",8.761313
"C029558",2,868,"C001904",0.995068
"C029559",0,5705,"C012675",1.472484
"C029563",4,9961,"C022249",3.779062
"C029565",2,868,"C001904",5.537396
"C029567",0,5705,"C012675",7.844477
"C029568",0,5705,"C012675",3.916282
"C029571",2,868,"C001904",6.415423
"C029573",1,5732,"C012734",2.518168
"C029574",1,5732,"C012734",13.583637
"C029578",1,5732,"C012734",15.995190
"C029579",1,5732,"C012734",12.408197
"C029582",5,21482,"C047883",2.011523
"C029584",5,21482,"C047883",12.955702
"C029585",2,868,"C001904",3.888000
"C029586",0,5705,"C012675",5.824933
"C029595",1,5732,"C012734",16.029277
"C029598",2,868,"C001904",6.237849
"C029599",5,21482,"C047883",6.295691
"C029605",5,21482,"C047883",10.981162
"C029606",2,868,"C001904",4.785018
"C029607",2,868,"C001904",6.975654
"C029608",2,868,"C001904",8.052607
"C029609",5,21482,"C047883",3.936052
"C029610",5,21482,"C047883",12.955490
"C029614",0,5705,"C012675",6.032540
"C029615",3,16827,"C037407",6.288473
"C029618",0,5705,"C012675",7.058494
"C029619",0,5705,"C012675",0.475166
"C029623",1,5732,"C012734",7.430982
"C029624",5,21482,"C047883",4.410755
"C029627",0,5705,"C012675",9.508774
"C029628",2,868,"C001904",5.865198
"C029631",1,5732,"C012734",10.175671
"C029637",0,5705,"C012675",2.409508
"C029639",2,868,"C001904",2.415848
"C029642",1,5732,"C012734",12.057753
"C029643",2,868,"C001904",2.750364
"C029644",3,16827,"C037407",4.196225
"C029646",0,5705,"C012675",4.575076
"C029652",2,868,"C001904",0.701326
"C029654",5,21482,"C047883",3.702936
"C029657",1,5732,"C012734",7.922150
"C029659",0,5705,"C012675",1.847958
"C029660",0,5705,"C012675",4.813545
"C029663",4,9961,"C022249",3.146506
"C029664",1,5732,"C012734",1.551218
"C029665",3,16827,"C037407",6.691386
"C029666",1,5732,"C012734",4.128160
"C029667",4,9961,"C022249",6.399332
"C029668",2,868,"C001904",2.668100
"C029669",1,5732,"C012734",4.810121
"C029672",3,16827,"C037407",9.041437
"C029673",5,21482,"C047883",4.372220
"C029677",5,21482,"C047883",3.364121
"C029678",2,868,"C001904",2.221079
"C029679",1,5732,"C012734",3.393595
"C029681",1,5732,"C012734",3.898377
"C029684",1,5732,"C012734",3.486074
"C029686",1,5732,"C012734",13.653843
"C029688",5,21482,"C047883",6.234976
"C029690",0,5705,"C012675",1.873036
"C029691",0,5705,"C012675",4.142623
"C029692",1,5732,"C012734",1.062613
"C029694",0,5705,"C012675",3.990453
"C029695",2,868,"C001904",4.412020
"C029701",0,5705,"C012675",0.629079
"C029703",4,9961,"C022249",5.565128
"C029706",1,5732,"C012734",8.965801
"C029710",1,5732,"C012734",7.133340
"C029713",1,5732,"C012734",10.176752
"C029716",5,21482,"C047883",7.390442
"C029717",5,21482,"C047883",7.173316
"C029718",5,21482,"C047883",13.220752
"C029721",2,868,"C001904",12.418765
"C029722",3,16827,"C037407",1.938742
"C029726",5,21482,"C047883",3.244065
"C029728",4,9961,"C022249",2.127048
"C029731",5,21482,"C047883",5.393362
"C029732",0,5705,"C012675",6.828510
"C029733",1,5732,"C012734",7.982937
"C029734",1,5732,"C012734",6.910783
"C029737",1,5732,"C012734",10.248959
"C029738",3,16827,"C037407",0.482566
"C029740",0,5705,"C012675",7.548999
"C029742",3,16827,"C037407",2.423179
"C029743",0,5705,"C012675",2.487389
"C029744",1,5732,"C012734",2.909619
"C029745",2,868,"C001904",7.798691
"C029748",1,5732,"C012734",7.893979
"C029749",4,9961,"C022249",5.292855
"C029751",2,868,"C001904",2.202308
"C029753",2,868,"C001904",8.296382
"C029754",0,5705,"C012675",5.619400
"C029761",5,21482,"C047883",10.802680
"C029763",1,5732,"C012734",3.530612
"C029764",2,868,"C001904",7.035436
"C029767",1,5732,"C012734",6.338815
"C029768",1,5732,"C012734",15.683927
"C029769",2,868,"C001904",3.625644
"C029771",1,5732,"C012734",11.783118
"C029773",3,16827,"C037407",10.384375
"C029774",5,21482,"C047883",11.673243
"C029775",5,21482,"C047883",2.186496
"C029776",2,868,"C001904",8.407265
"C029780",2,868,"C001904",10.297091
"C029781",5,21482,"C047883",3.199347
"C029783",2,868,"C001904",11.050863
"C029784",5,21482,"C047883",11.815555
"C029786",1,5732,"C012734",2.169268
"C029787",0,5705,"C012675",2.344861
"C029789",4,9961,"C022249",1.578629
"C029793",5,21482,"C047883",1.218930
"C029796",2,868,"C001904",7.134030
"C029799",0,5705,"C012675",5.610364
"C029801",5,21482,"C047883",4.064031
"C029803",0,5705,"C012675",6.264961
"C029806",2,868,"C001904",11.191170
"C029808",0,5705,"C012675",6.193558
"C029813",5,21482,"C047883",11.935015
"C029814",5,21482,"C047883",9.963429
"C029815",1,5732,"C012734",7.131636
"C029816",5,21482,"C047883",5.398022
"C029817",4,9961,"C022249",1.490674
"C029819",0,5705,"C012675",4.005211
"C029821",5,21482,"C047883",10.787008
"C029822",0,5705,"C012675",3.479893
"C029824",2,868,"C001904",1.284906
"C029825",0,5705,"C012675",3.229534
"C029826",4,9961,"C022249",5.294003
"C029829",2,868,"C001904",6.115392
"C029832",4,9961,"C022249",3.953306
"C029834",2,868,"C001904",11.123448
"C029835",0,5705,"C012675",6.312302
"C029838",5,21482,"C047883",12.691435
"C029839",1,5732,"C012734",6.259831
"C029840",5,21482,"C047883",9.571849
"C029842",1,5732,"C012734",2.666728
"C029843",1,5732,"C012734",6.160935
"C029847",0,5705,"C012675",3.471998
"C029848",3,16827,"C037407",3.094393
"C029851",4,9961,"C022249",1.289338
"C029853",1,5732,"C012734",4.189796
"C029856",0,5705,"C012675",9.562290
"C029857",4,9961,"C022249",2.284350
"C029858",2,868,"C001904",0.386444
"C029859",0,5705,"C012675",7.907678
"C029860",4,9961,"C022249",2.645920
"C029863",5,21482,"C047883",1.337543
"C029866",4,9961,"C022249",4.071675
"C029867",1,5732,"C012734",3.228587
"C029869",0,5705,"C012675",1.016558
"C029873",5,21482,"C047883",3.986633
"C029874",1,5732,"C012734",9.000943
"C029875",0,5705,"C012675",2.508037
"C029877",4,9961,"C022249",2.111196
"C029878",2,868,"C001904",1.745524
"C029881",2,868,"C001904",1.210879
"C029883",5,21482,"C047883",10.505582
"C029885",4,9961,"C022249",4.285122
"C029886",0,5705,"C012675",6.956217
"C029887",5,21482,"C047883",6.497347
"C029888",5,21482,"C047883",4.328836
"C029889",0,5705,"C012675",1.711071
"C029892",5,21482,"C047883",6.708901
"C029894",4,9961,"C022249",2.834724
"C029899",1,5732,"C012734",3.983149
"C029900",1,5732,"C012734",6.742146
"C029906",1,5732,"C012734",5.169382
"C029911",3,16827,"C037407",6.964357
"C029915",5,21482,"C047883",7.309291
"C029919",2,868,"C001904",4.891492
"C029920",1,5732,"C012734",1.224142
"C029925",5,21482,"C047883",3.918827
"C029926",4,9961,"C022249",6.922375
"C029928",3,16827,"C037407",2.834482
"C029933",3,16827,"C037407",1.649379
"C029936",0,5705,"C012675",3.239196
"C029941",1,5732,"C012734",13.837347
"C029942",0,5705,"C012675",3.961148
"C029943",2,868,"C001904",4.682995
"C029946",2,868,"C001904",1.706123
"C029947",1,5732,"C012734",9.591639
"C029950",1,5732,"C012734",2.657373
"C029953",4,9961,"C022249",2.930155
"C029955",0,5705,"C012675",4.106935
"C029959",0,5705,"C012675",10.197152
"C029960",5,21482,"C047883",4.955542
"C029962",1,5732,"C012734",4.795269
"C029964",1,5732,"C012734",1.898637
"C029966",5,21482,"C047883",7.407565
"C029967",1,5732,"C012734",7.457017
"C029970",0,5705,"C012675",3.786027
"C029972",2,868,"C001904",5.374853
"C029973",0,5705,"C012675",8.158824
"C029977",2,868,"C001904",6.145643
"C029978",4,9961,"C022249",1.699162
"C029983",1,5732,"C012734",4.163734
"C029987",1,5732,"C012734",3.822348
"C029988",2,868,"C001904",6.481497
"C029991",0,5705,"C012675",8.236731
"C029992",5,21482,"C047883",5.663476
"C029994",5,21482,"C047883",5.838933
"C029996",4,9961,"C022249",5.879345
"C029998",5,21482,"C047883",11.366673
"C030005",3,16827,"C037407",7.115803
"C030008",1,5732,"C012734",6.346880
"C030009",1,5732,"C012734",8.090568
"C030010",1,5732,"C012734",16.352781
"C030011",1,5732,"C012734",3.361427
"C030016",1,5732,"C012734",14.750562
"C030023",0,5705,"C012675",3.005082
"C030025",5,21482,"C047883",6.740233
"C030028",5,21482,"C047883",10.328365
"C030029",2,868,"C001904",5.340206
"C030030",1,5732,"C012734",3.434957
"C030035",0,5705,"C012675",7.403767
"C030037",1,5732,"C012734",3.395481
"C030039",0,5705,"C012675",1.930576
"C030041",1,5732,"C012734",7.468610
"C030042",5,21482,"C047883",5.971535
"C030044",1,5732,"C012734",3.614319
"C030046",1,5732,"C012734",12.629503
"C030047",5,21482,"C047883",2.559916
"C030050",5,21482,"C047883",3.155069
"C030057",1,5732,"C012734",2.320595
"C030058",5,21482,"C047883",10.167220
"C030065",2,868,"C001904",8.999616
"C030067",4,9961,"C022249",2.803485
"C030070",1,5732,"C012734",4.449509
"C030072",2,868,"C001904",2.682854
"C030075",0,5705,"C012675",2.733581
"C030078",1,5732,"C012734",7.833100
"C030079",0,5705,"C012675",9.729099
"C030080",5,21482,"C047883",2.930819
"C030081",0,5705,"C012675",7.192726
"C030082",1,5732,"C012734",12.699693
"C030084",5,21482,"C047883",3.617504
"C030085",1,5732,"C012734",10.750362
"C030088",3,16827,"C037407",5.440533
"C030090",5,21482,"C047883",11.367732
"C030092",0,5705,"C012675",3.480069
"C030093",0,5705,"C012675",2.992336
"C030096",1,5732,"C012734",1.665687
"C030097",1,5732,"C012734",2.589773
"C030101",0,5705,"C012675",6.531902
"C030103",1,5732,"C012734",8.436104
"C030104",2,868,"C001904",2.027704
"C030106",5,21482,"C047883",11.484593
"C030108",0,5705,"C012675",2.451476
"C030114",3,16827,"C037407",5.839553
"C030117",5,21482,"C047883",9.649540
"C030124",0,5705,"C012675",1.106390
"C030127",2,868,"C001904",3.249391
"C030129",2,868,"C001904",8.066157
"C030131",4,9961,"C022249",3.943608
"C030139",5,21482,"C047883",12.769656
"C030141",1,5732,"C012734",5.766846
"C030142",4,9961,"C022249",2.311461
"C030144",4,9961,"C022249",4.079980
"C030146",1,5732,"C012734",9.202828
"C030148",5,21482,"C047883",6.501510
"C030151",5,21482,"C047883",13.403549
"C030154",1,5732,"C012734",13.513656
"C030157",1,5732,"C012734",2.571094
"C030160",2,868,"C001904",4.410092
"C030161",5,21482,"C047883",14.191453
"C030166",1,5732,"C012734",9.410643
"C030168",0,5705,"C012675",5.773625
"C030170",1,5732,"C012734",10.237349
"C030173",2,868,"C001904",6.085931
"C030174",1,5732,"C012734",3.473608
"C030175",1,5732,"C012734",14.637311
"C030176",1,5732,"C012734",7.837382
"C030178",5,21482,"C047883",7.266474
"C030179",1,5732,"C012734",8.186471
"C030180",2,868,"C001904",9.600957
"C030184",2,868,"C001904",6.737811
"C030187",0,5705,"C012675",6.797754
"C030188",0,5705,"C012675",5.553094
"C030189",5,21482,"C047883",14.542498
"C030190",5,21482,"C047883",7.926571
"C030191",2,868,"C001904",8.672520
"C030193",2,868,"C001904",3.700021
"C030196",2,868,"C001904",8.832020
"C030198",5,21482,"C047883",13.116526
"C030199",2,868,"C001904",8.078646
"C030201",0,5705,"C012675",3.847016
"C030203",5,21482,"C047883",2.152873
"C030206",4,9961,"C022249",2.992995
"C030207",2,868,"C001904",4.939094
"C030209",0,5705,"C012675",3.844857
"C030210",2,868,"C001904",1.420030
"C030211",3,16827,"C037407",7.990381
"C030212",2,868,"C001904",7.386967
"C030213",2,868,"C001904",3.973844
"C030215",0,5705,"C012675",8.507381
"C030221",1,5732,"C012734",6.765547
"C030226",3,16827,"C037407",3.010792
"C030228",1,5732,"C012734",6.481896
"C030229",2,868,"C001904",6.143217
"C030230",0,5705,"C012675",1.463457
"C030231",4,9961,"C022249",1.345071
"C030232",4,9961,"C022249",7.470345
"C030237",4,9961,"C022249",3.642524
"C030243",1,5732,"C012734",8.732972
"C030246",2,868,"C001904",8.951108
"C030247",3,16827,"C037407",4.886145
"C030248",1,5732,"C012734",6.755543
"C030249",5,21482,"C047883",7.676566
"C030250",0,5705,"C012675",2.864184
"C030256",2,868,"C001904",11.160566
"C030257",1,5732,"C012734",5.653586
"C030258",1,5732,"C012734",10.959047
"C030259",3,16827,"C037407",8.263115
"C030264",2,868,"C001904",11.756420
"C030266",2,868,"C001904",1.505845
"C030268",1,5732,"C012734",10.361202
"C030271",1,5732,"C012734",4.773400
"C030273",2,868,"C001904",4.631340
"C030275",2,868,"C001904",5.828504
"C030278",5,21482,"C047883",13.831016
"C030281",5,21482,"C047883",3.213242
"C030282",5,21482,"C047883",5.898002
"C030283",3,16827,"C037407",3.328841
"C030284",5,21482,"C047883",6.402860
"C030290",2,868,"C001904",6.044257
"C030292",2,868,"C001904",6.770255
"C030299",2,868,"C001904",3.415506
"C030301",1,5732,"C012734",6.904279
"C030303",1,5732,"C012734",16.882428
"C030304",1,5732,"C012734",10.858157
"C030305",2,868,"C001904",6.913883
"C030306",5,21482,"C047883",8.946274
"C030307",3,16827,"C037407",5.601153
"C030312",3,16827,"C037407",8.389322
"C030313",0,5705,"C012675",1.819267
"C030316",3,16827,"C037407",6.503205
"C030319",5,21482,"C047883",7.073647
"C030320",5,21482,"C047883",12.987235
"C030321",1,5732,"C012734",3.060759
"C030323",1,5732,"C012734",14.367017
"C030324",1,5732,"C012734",2.953807
"C030327",3,16827,"C037407",4.006153
"C030328",3,16827,"C037407",3.963500
"C030330",4,9961,"C022249",7.917779
"C030331",4,9961,"C022249",3.477817
"C030334",0,5705,"C012675",3.857959
"C030337",4,9961,"C022249",1.073667
"C030339",0,5705,"C012675",4.187017
"C030343",3,16827,"C037407",7.247090
"C030348",2,868,"C001904",2.315102
"C030349",1,5732,"C012734",7.608639
"C030351",0,5705,"C012675",4.378307
"C030355",5,21482,"C047883",10.815110
"C030356",3,16827,"C037407",1.588438
"C030358",3,16827,"C037407",3.358887
"C030360",2,868,"C001904",6.090404
"C030365",0,5705,"C012675",3.994755
"C030367",1,5732,"C012734",8.760990
"C030368",5,21482,"C047883",5.971943
"C030369",4,9961,"C022249",3.343227
"C030372",5,21482,"C047883",12.654441
"C030373",0,5705,"C012675",6.298968
"C030375",3,16827,"C037407",4.077503
"C030376",1,5732,"C012734",1.812969
"C030380",5,21482,"C047883",12.861194
"C030381",5,21482,"C047883",11.790336
"C030382",2,868,"C001904",6.121586
"C030384",5,21482,"C047883",6.667913
"C030387",2,868,"C001904",2.862307
"C030390",2,868,"C001904",6.055895
"C030391",4,9961,"C022249",3.401821
"C030392",1,5732,"C012734",7.634311
"C030393",1,5732,"C012734",12.595599
"C030400",0,5705,"C012675",4.537957
"C030404",4,9961,"C022249",2.540211
"C030406",5,21482,"C047883",3.032212
"C030408",1,5732,"C012734",3.860390
"C030409",5,21482,"C047883",5.687371
"C030410",0,5705,"C012675",6.187012
"C030412",5,21482,"C047883",13.149010
"C030415",5,21482,"C047883",11.749295
"C030418",4,9961,"C022249",6.442152
"C030420",5,21482,"C047883",11.156589
"C030427",5,21482,"C047883",10.207342
"C030428",5,21482,"C047883",11.797625
"C030431",5,21482,"C047883",10.095864
"C030434",2,868,"C001904",4.493299
"C030436",0,5705,"C012675",6.815324
"C030439",2,868,"C001904",2.610780
"C030440",1,5732,"C012734",15.103892
"C030441",0,5705,"C012675",5.940558
"C030444",2,868,"C001904",5.726852
"C030445",5,21482,"C047883",8.352718
"C030446",5,21482,"C047883",5.307894
"C030453",1,5732,"C012734",8.262710
"C030456",5,21482,"C047883",6.062423
"C030457",0,5705,"C012675",6.356165
"C030459",0,5705,"C012675",7.197068
"C030461",1,5732,"C012734",1.980239
"C030462",4,9961,"C022249",5.456787
"C030464",1,5732,"C012734",5.763059
"C030465",4,9961,"C022249",3.003549
"C030472",0,5705,"C012675",2.960472
"C030473",2,868,"C001904",7.137826
"C030474",3,16827,"C037407",1.599672
"C030475",0,5705,"C012675",6.900685
"C030476",3,16827,"C037407",3.288416
"C030479",1,5732,"C012734",2.047249
"C030480",0,5705,"C012675",9.125310
"C030481",1,5732,"C012734",12.492346
"C030485",4,9961,"C022249",3.166648
"C030486",0,5705,"C012675",4.524489
"C030489",1,5732,"C012734",4.947440
"C030491",5,21482,"C047883",8.883336
"C030493",4,9961,"C022249",3.767050
"C030504",1,5732,"C012734",11.191564
"C030506",1,5732,"C012734",7.966449
"C030511",1,5732,"C012734",2.056216
"C030512",5,21482,"C047883",2.223267
"C030515",5,21482,"C047883",4.667016
"C030517",5,21482,"C047883",8.807080
"C030519",0,5705,"C012675",7.119473
"C030523",2,868,"C001904",9.465391
"C030529",2,868,"C001904",3.805182
"C030530",5,21482,"C047883",3.113188
"C030537",4,9961,"C022249",1.470647
"C030539",0,5705,"C012675",8.780512
"C030541",0,5705,"C012675",6.067414
"C030542",2,868,"C001904",1.803547
"C030543",1,5732,"C012734",6.342146
"C030550",5,21482,"C047883",1.433721
"C030553",2,868,"C001904",4.281630
"C030554",2,868,"C001904",3.144580
"C030555",3,16827,"C037407",5.844764
"C030558",4,9961,"C022249",7.211005
"C030560",0,5705,"C012675",5.808609
"C030564",3,16827,"C037407",3.771617
"C030566",4,9961,"C022249",5.248857
"C030568",4,9961,"C022249",6.833078
"C030570",2,868,"C001904",2.549308
"C030572",5,21482,"C047883",3.230168
"C030574",5,21482,"C047883",3.138607
"C030576",5,21482,"C047883",1.795311
"C030580",5,21482,"C047883",7.698350
"C030582",5,21482,"C047883",4.016811
"C030584",5,21482,"C047883",2.737639
"C030591",5,21482,"C047883",10.471600
"C030592",1,5732,"C012734",1.335567
"C030594",1,5732,"C012734",6.636491
"C030595",5,21482,"C047883",11.753103
"C030596",5,21482,"C047883",4.926427
"C030598",0,5705,"C012675",4.588062
"C030599",2,868,"C001904",4.181670
"C030603",5,21482,"C047883",3.560245
"C030604",5,21482,"C047883",0.999318
"C030605",1,5732,"C012734",6.794330
"C030606",5,21482,"C047883",2.234367
"C030607",4,9961,"C022249",4.237053
"C030609",4,9961,"C022249",1.726026
"C030610",5,21482,"C047883",12.494866
"C030612",4,9961,"C022249",3.867062
"C030613",2,868,"C001904",9.252520
"C030614",1,5732,"C012734",4.266253
"C030615",5,21482,"C047883",2.664877
"C030617",2,868,"C001904",6.508186
"C030619",2,868,"C001904",8.709375
"C030622",3,16827,"C037407",3.198106
"C030625",3,16827,"C037407",7.714566
"C030626",5,21482,"C047883",7.046276
"C030630",4,9961,"C022249",6.775944
"C030631",2,868,"C001904",3.894031
"C030632",1,5732,"C012734",3.698018
"C030633",5,21482,"C047883",5.451728
"C030643",3,16827,"C037407",5.055596
"C030645",0,5705,"C012675",6.659019
"C030646",3,16827,"C037407",3.349424
"C030647",5,21482,"C047883",15.181504
"C030650",1,5732,"C012734",9.765230
"C030652",5,21482,"C047883",10.223073
"C030653",3,16827,"C037407",2.762070
"C030658",0,5705,"C012675",2.631831
"C030659",0,5705,"C012675",9.608054
"C030660",4,9961,"C022249",1.230962
"C030663",1,5732,"C012734",4.894034
"C030665",0,5705,"C012675",9.244334
"C030669",3,16827,"C037407",8.621377
"C030671",2,868,"C001904",5.243074
"C030673",3,16827,"C037407",1.096183
"C030674",2,868,"C001904",2.032506
"C030679",4,9961,"C022249",2.316628
"C030680",2,868,"C001904",9.180535
"C030681",5,21482,"C047883",3.219918
"C030682",1,5732,"C012734",4.086046
"C030684",5,21482,"C047883",8.852968
"C030686",1,5732,"C012734",0.565470
"C030688",0,5705,"C012675",3.341989
"C030694",2,868,"C001904",9.106744
"C030697",4,9961,"C022249",2.694410
"C030698",5,21482,"C047883",3.392971
"C030699",3,16827,"C037407",7.536892
"C030702",0,5705,"C012675",3.864211
"C030704",1,5732,"C012734",0.493722
"C030707",0,5705,"C012675",5.157314
"C030708",4,9961,"C022249",3.567058
"C030709",3,16827,"C037407",6.195730
"C030712",2,868,"C001904",3.023048
"C030713",5,21482,"C047883",11.537574
"C030714",2,868,"C001904",7.344675
"C030716",2,868,"C001904",5.627077
"C030718",0,5705,"C012675",6.780529
"C030719",0,5705,"C012675",1.560064
"C030723",1,5732,"C012734",4.543593
"C030726",1,5732,"C012734",2.936035
"C030728",3,16827,"C037407",2.234296
"C030729",5,21482,"C047883",4.257952
"C030731",3,16827,"C037407",3.856059
"C030732",5,21482,"C047883",8.916763
"C030733",5,21482,"C047883",8.551087
"C030735",1,5732,"C012734",4.214533
"C030737",5,21482,"C047883",10.237588
"C030738",3,16827,"C037407",5.125444
"C030742",2,868,"C001904",8.464481
"C030747",1,5732,"C012734",7.185684
"C030751",5,21482,"C047883",9.295752
"C030755",1,5732,"C012734",16.214445
"C030757",1,5732,"C012734",12.392072
"C030759",1,5732,"C012734",8.048183
"C030761",5,21482,"C047883",4.587381
"C030762",5,21482,"C047883",13.477449
"C030764",0,5705,"C012675",1.869215
"C030766",5,21482,"C047883",10.339998
"C030767",3,16827,"C037407",7.807005
"C030770",4,9961,"C022249",1.570556
"C030772",1,5732,"C012734",15.357947
"C030775",5,21482,"C047883",12.660937
"C030780",1,5732,"C012734",7.322685
"C030781",1,5732,"C012734",0.856442
"C030783",1,5732,"C012734",2.123422
"C030785",3,16827,"C037407",2.256145
"C030788",1,5732,"C012734",6.312463
"C030790",1,5732,"C012734",5.777992
"C030791",5,21482,"C047883",10.071992
"C030793",2,868,"C001904",1.341880
"C030794",5,21482,"C047883",9.584965
"C030798",0,5705,"C012675",7.649246
"C030799",3,16827,"C037407",7.880956
"C030807",5,21482,"C047883",12.638084
"C030808",4,9961,"C022249",4.309444
"C030811",3,16827,"C037407",7.820558
"C030812",1,5732,"C012734",5.674516
"C030815",4,9961,"C022249",2.936732
"C030816",1,5732,"C012734",1.394126
"C030819",5,21482,"C047883",12.210908
"C030820",0,5705,"C012675",6.994889
"C030821",1,5732,"C012734",13.066212
"C030824",5,21482,"C047883",10.199130
"C030825",0,5705,"C012675",8.706551
"C030828",4,9961,"C022249",3.722364
"C030831",0,5705,"C012675",5.839651
"C030832",2,868,"C001904",4.731495
"C030833",0,5705,"C012675",5.480993
"C030834",4,9961,"C022249",4.231724
"C030835",2,868,"C001904",3.850198
"C030836",1,5732,"C012734",9.070596
"C030839",5,21482,"C047883",7.434865
"C030840",1,5732,"C012734",1.861465
"C030847",2,868,"C001904",3.928098
"C030848",4,9961,"C022249",0.509303
"C030851",4,9961,"C022249",3.137338
"C030852",5,21482,"C047883",12.846928
"C030853",5,21482,"C047883",9.139936
"C030855",1,5732,"C012734",1.651872
"C030856",2,868,"C001904",8.962230
"C030859",0,5705,"C012675",10.096029
"C030863",4,9961,"C022249",4.793000
"C030866",2,868,"C001904",2.240185
"C030867",2,868,"C001904",3.297976
"C030868",0,5705,"C012675",7.315562
"C030869",0,5705,"C012675",5.150367
"C030870",1,5732,"C012734",8.256439
"C030873",2,868,"C001904",5.134031
"C030878",5,21482,"C047883",11.372876
"C030885",1,5732,"C012734",6.053721
"C030890",1,5732,"C012734",5.634049
"C030891",1,5732,"C012734",6.563414
"C030892",4,9961,"C022249",4.145360
"C030895",4,9961,"C022249",4.895196
"C030899",2,868,"C001904",9.852868
"C030903",0,5705,"C012675",2.975054
"C030904",5,21482,"C047883",6.692073
"C030908",1,5732,"C012734",14.051707
"C030909",1,5732,"C012734",7.488150
"C030913",2,868,"C001904",5.778375
"C030915",3,16827,"C037407",7.898360
"C030916",5,21482,"C047883",9.665378
"C030918",2,868,"C001904",3.976620
"C030920",3,16827,"C037407",7.729931
"C030921",5,21482,"C047883",3.036704
"C030922",5,21482,"C047883",1.557689
"C030927",2,868,"C001904",4.777074
"C030930",1,5732,"C012734",3.412267
"C030931",1,5732,"C012734",4.599924
"C030933",5,21482,"C047883",3.155624
"C030934",5,21482,"C047883",5.533594
"C030935",0,5705,"C012675",6.371848
"C030936",3,16827,"C037407",7.287626
"C030937",0,5705,"C012675",5.437535
"C030940",1,5732,"C012734",14.365717
"C030941",5,21482,"C047883",5.628096
"C030942",2,868,"C001904",9.259016
"C030943",0,5705,"C012675",2.684650
"C030945",1,5732,"C012734",7.590601
"C030947",1,5732,"C012734",2.120438
"C030948",2,868,"C001904",7.503809
"C030950",0,5705,"C012675",2.356574
"C030951",4,9961,"C022249",4.302019
"C030952",4,9961,"C022249",3.754462
"C030955",4,9961,"C022249",2.556679
"C030956",1,5732,"C012734",7.095176
"C030957",0,5705,"C012675",5.445955
"C030959",4,9961,"C022249",2.316376
"C030960",5,21482,"C047883",12.244549
"C030964",2,868,"C001904",4.564187
"C030965",5,21482,"C047883",7.420796
"C030966",1,5732,"C012734",4.082401
"C030967",5,21482,"C047883",3.231402
"C030968",4,9961,"C022249",0.717033
"C030969",5,21482,"C047883",9.523521
"C030972",0,5705,"C012675",4.444883
"C030979",1,5732,"C012734",14.557564
"C030983",1,5732,"C012734",11.684545
"C030984",4,9961,"C022249",6.115808
"C030985",5,21482,"C047883",2.854499
"C030990",0,5705,"C012675",2.156012
"C030992",5,21482,"C047883",8.231403
"C030994",3,16827,"C037407",6.695397
"C030995",3,16827,"C037407",1.222963
"C030996",5,21482,"C047883",1.575466
"C030997",2,868,"C001904",3.289687
"C031004",0,5705,"C012675",5.669973
"C031011",1,5732,"C012734",6.289956
"C031013",1,5732,"C012734",4.489437
"C031016",5,21482,"C047883",4.251015
"C031018",5,21482,"C047883",12.266517
"C031019",2,868,"C001904",4.366237
"C031024",2,868,"C001904",4.220044
"C031025",0,5705,"C012675",10.157090
"C031026",0,5705,"C012675",5.830662
"C031028",2,868,"C001904",5.169760
"C031031",2,868,"C001904",7.026162
"C031035",0,5705,"C012675",5.719037
"C031036",4,9961,"C022249",2.900816
"C031037",5,21482,"C047883",2.757846
"C031039",5,21482,"C047883",7.707456
"C031040",3,16827,"C037407",5.382314
"C031041",5,21482,"C047883",8.399865
"C031042",0,5705,"C012675",7.069178
"C031043",3,16827,"C037407",7.018244
"C031044",5,21482,"C047883",9.614800
"C031045",5,21482,"C047883",4.296830
"C031047",2,868,"C001904",10.531243
"C031048",5,21482,"C047883",11.243185
"C031049",5,21482,"C047883",7.016503
"C031050",0,5705,"C012675",1.721519
"C031052",5,21482,"C047883",3.291410
"C031056",5,21482,"C047883",9.336362
"C031057",5,21482,"C047883",6.694111
"C031058",3,16827,"C037407",2.664133
"C031060",1,5732,"C012734",2.289172
"C031065",5,21482,"C047883",4.179777
"C031068",4,9961,"C022249",2.107780
"C031070",1,5732,"C012734",7.917356
"C031073",2,868,"C001904",3.374184
"C031074",4,9961,"C022249",1.792003
"C031077",1,5732,"C012734",4.237731
"C031078",0,5705,"C012675",8.452942
"C031080",1,5732,"C012734",10.486932
"C031081",3,16827,"C037407",2.671916
"C031085",5,21482,"C047883",9.501736
"C031086",0,5705,"C012675",0.291661
"C031087",1,5732,"C012734",1.790022
"C031089",0,5705,"C012675",3.722042
"C031091",0,5705,"C012675",6.897399
"C031092",1,5732,"C012734",5.623283
"C031094",0,5705,"C012675",2.426069
"C031096",5,21482,"C047883",5.882975
"C031097",5,21482,"C047883",10.160457
"C031101",4,9961,"C022249",5.767127
"C031106",5,21482,"C047883",1.360552
"C031108",1,5732,"C012734",5.328060
"C031109",1,5732,"C012734",13.661963
"C031110",5,21482,"C047883",10.668691
"C031111",5,21482,"C047883",0.400964
"C031113",0,5705,"C012675",1.259904
"C031115",5,21482,"C047883",6.035413
"C031116",1,5732,"C012734",2.050480
"C031117",2,868,"C001904",7.049590
"C031118",0,5705,"C012675",4.298637
"C031119",4,9961,"C022249",0.997142
"C031120",5,21482,"C047883",3.687093
"C031121",5,21482,"C047883",3.125600
"C031123",5,21482,"C047883",4.631564
"C031127",2,868,"C001904",9.851767
"C031129",5,21482,"C047883",6.502494
"C031130",1,5732,"C012734",8.327007
"C031131",5,21482,"C047883",13.354178
"C031134",5,21482,"C047883",12.304561
"C031138",0,5705,"C012675",1.247412
"C031139",5,21482,"C047883",3.242988
"C031143",1,5732,"C012734",1.201604
"C031144",4,9961,"C022249",1.332516
"C031146",3,16827,"C037407",2.112485
"C031156",0,5705,"C012675",6.336315
"C031160",1,5732,"C012734",5.038942
"C031161",0,5705,"C012675",4.063676
"C031162",3,16827,"C037407",2.685107
"C031166",5,21482,"C047883",6.398501
"C031168",2,868,"C001904",3.892032
"C031170",5,21482,"C047883",3.217650
"C031172",1,5732,"C012734",3.682006
"C031176",4,9961,"C022249",2.681761
"C031180",5,21482,"C047883",8.119788
"C031183",3,16827,"C037407",1.870565
"C031188",3,16827,"C037407",5.549011
"C031194",2,868,"C001904",6.795456
"C031196",2,868,"C001904",6.796515
"C031199",2,868,"C001904",8.175044
"C031200",2,868,"C001904",7.085219
"C031202",5,21482,"C047883",11.636180
"C031203",3,16827,"C037407",6.165889
"C031204",4,9961,"C022249",2.653558
"C031205",5,21482,"C047883",7.479906
"C031207",0,5705,"C012675",3.837113
"C031209",1,5732,"C012734",3.143635
"C031211",5,21482,"C047883",6.167365
"C031212",2,868,"C001904",0.513472
"C031215",1,5732,"C012734",6.659532
"C031216",5,21482,"C047883",4.840248
"C031217",0,5705,"C012675",2.204233
"C031218",5,21482,"C047883",3.510721
"C031219",5,21482,"C047883",11.862372
"C031220",5,21482,"C047883",8.798498
"C031222",2,868,"C001904",8.980481
"C031224",3,16827,"C037407",6.934966
"C031227",5,21482,"C047883",13.888784
"C031228",5,21482,"C047883",6.760649
"C031229",3,16827,"C037407",3.093941
"C031233",1,5732,"C012734",5.184065
"C031235",0,5705,"C012675",1.420415
"C031236",3,16827,"C037407",5.309543
"C031238",2,868,"C001904",4.291598
"C031239",0,5705,"C012675",1.893213
"C031240",1,5732,"C012734",6.715841
"C031244",1,5732,"C012734",2.901286
"C031245",5,21482,"C047883",4.906590
"C031248",5,21482,"C047883",6.949430
"C031250",1,5732,"C012734",12.686016
"C031252",0,5705,"C012675",9.017232
"C031253",4,9961,"C022249",3.119609
"C031256",4,9961,"C022249",4.435955
"C031257",4,9961,"C022249",4.436588
"C031258",5,21482,"C047883",11.488952
"C031259",4,9961,"C022249",3.399488
"C031261",0,5705,"C012675",10.063612
"C031262",4,9961,"C022249",5.093384
"C031263",4,9961,"C022249",2.365910
"C031265",3,16827,"C037407",2.506775
"C031267",3,16827,"C037407",4.520491
"C031268",2,868,"C001904",6.767096
"C031270",5,21482,"C047883",14.163691
"C031271",3,16827,"C037407",2.529293
"C031273",0,5705,"C012675",2.712623
"C031275",5,21482,"C047883",3.599740
"C031279",1,5732,"C012734",2.023877
"C031281",2,868,"C001904",9.522916
"C031282",2,868,"C001904",7.683291
"C031283",0,5705,"C012675",9.144780
"C031286",4,9961,"C022249",2.231528
"C031287",3,16827,"C037407",5.875874
"C031289",2,868,"C001904",2.440521
"C031290",0,5705,"C012675",2.593666
"C031292",2,868,"C001904",1.543463
"C031300",3,16827,"C037407",4.903328
"C031301",0,5705,"C012675",6.426424
"C031303",0,5705,"C012675",6.576597
"C031304",2,868,"C001904",5.080081
"C031308",5,21482,"C047883",5.766574
"C031309",2,868,"C001904",3.157506
"C031311",5,21482,"C047883",3.062699
"C031314",5,21482,"C047883",2.477147
"C031315",4,9961,"C022249",6.655465
"C031316",5,21482,"C047883",1.397875
"C031317",0,5705,"C012675",7.484885
"C031318",0,5705,"C012675",8.784800
"C031320",2,868,"C001904",2.006147
"C031321",1,5732,"C012734",4.311665
"C031325",4,9961,"C022249",1.222362
"C031327",5,21482,"C047883",3.629744
"C031330",1,5732,"C012734",3.386780
"C031335",0,5705,"C012675",7.885108
"C031336",1,5732,"C012734",8.689129
"C031337",1,5732,"C012734",10.059964
"C031338",1,5732,"C012734",14.279992
"C031339",1,5732,"C012734",2.747865
"C031341",1,5732,"C012734",12.164316
"C031342",0,5705,"C012675",5.247010
"C031343",3,16827,"C037407",7.234553
"C031344",1,5732,"C012734",8.198530
"C031345",4,9961,"C022249",3.795204
"C031349",1,5732,"C012734",6.696001
"C031351",5,21482,"C047883",13.967994
"C031353",0,5705,"C012675",6.123568
"C031355",0,5705,"C012675",0.506378
"C031357",4,9961,"C022249",3.909607
"C031360",4,9961,"C022249",4.816658
"C031361",4,9961,"C022249",4.687916
"C031362",1,5732,"C012734",5.106910
"C031364",0,5705,"C012675",4.542103
"C031370",0,5705,"C012675",5.531173
"C031373",3,16827,"C037407",4.214495
"C031376",0,5705,"C012675",4.876374
"C031377",5,21482,"C047883",9.457538
"C031379",2,868,"C001904",9.411153
"C031388",4,9961,"C022249",3.183962
"C031391",4,9961,"C022249",3.715090
"C031397",0,5705,"C012675",9.063827
"C031400",5,21482,"C047883",10.072864
"C031401",5,21482,"C047883",4.637137
"C031403",4,9961,"C022249",4.758604
"C031404",0,5705,"C012675",3.037549
"C031405",4,9961,"C022249",5.485707
"C031408",5,21482,"C047883",7.563849
"C031411",5,21482,"C047883",6.472403
"C031418",3,16827,"C037407",3.928781
"C031420",2,868,"C001904",5.455826
"C031423",3,16827,"C037407",4.241709
"C031424",4,9961,"C022249",4.574875
"C031425",1,5732,"C012734",8.020346
"C031427",3,16827,"C037407",5.482790
"C031429",4,9961,"C022249",3.315459
"C031430",4,9961,"C022249",1.613760
"C031434",5,21482,"C047883",3.319824
"C031440",4,9961,"C022249",3.277170
"C031446",5,21482,"C047883",8.232679
"C031454",5,21482,"C047883",3.534163
"C031455",3,16827,"C037407",5.793608
"C031459",4,9961,"C022249",6.027064
"C031460",0,5705,"C012675",7.012985
"C031463",2,868,"C001904",0.653934
"C031466",5,21482,"C047883",9.362198
"C031469",1,5732,"C012734",4.354612
"C031470",0,5705,"C012675",1.125957
"C031471",0,5705,"C012675",2.696618
"C031473",5,21482,"C047883",13.532193
"C031478",0,5705,"C012675",3.461918
"C031481",5,21482,"C047883",4.785357
"C031483",2,868,"C001904",2.786541
"C031484",3,16827,"C037407",8.933760
"C031486",0,5705,"C012675",5.019081
"C031488",4,9961,"C022249",2.596023
"C031492",0,5705,"C012675",3.204994
"C031493",5,21482,"C047883",7.948190
"C031501",0,5705,"C012675",7.735406
"C031502",5,21482,"C047883",13.552776
"C031504",5,21482,"C047883",5.582082
"C031505",5,21482,"C047883",8.513720
"C031507",5,21482,"C047883",6.455501
"C031512",5,21482,"C047883",8.627096
"C031514",5,21482,"C047883",12.366171
"C031517",5,21482,"C047883",3.510822
"C031518",0,5705,"C012675",7.665995
"C031521",5,21482,"C047883",11.652917
"C031523",4,9961,"C022249",1.231433
"C031524",2,868,"C001904",9.166277
"C031528",5,21482,"C047883",6.862572
"C031529",1,5732,"C012734",11.496347
"C031532",5,21482,"C047883",8.523135
"C031534",5,21482,"C047883",13.320564
"C031535",5,21482,"C047883",7.330638
"C031537",0,5705,"C012675",2.283640
"C031538",4,9961,"C022249",4.905589
"C031539",2,868,"C001904",10.202826
"C031540",4,9961,"C022249",4.957425
"C031542",2,868,"C001904",4.010183
"C031544",5,21482,"C047883",10.056354
"C031546",1,5732,"C012734",11.035965
"C031551",3,16827,"C037407",7.008244
"C031554",0,5705,"C012675",4.772582
"C031555",1,5732,"C012734",1.287872
"C031556",5,21482,"C047883",1.570608
"C031558",3,16827,"C037407",4.895548
"C031559",0,5705,"C012675",4.441187
"C031564",3,16827,"C037407",3.721800
"C031568",2,868,"C001904",0.684491
"C031569",5,21482,"C047883",4.906950
"C031576",4,9961,"C022249",0.968239
"C031577",5,21482,"C047883",5.330157
"C031580",5,21482,"C047883",2.298126
"C031581",1,5732,"C012734",0.200062
"C031584",1,5732,"C012734",14.665186
"C031588",5,21482,"C047883",8.145567
"C031592",1,5732,"C012734",3.208841
"C031593",1,5732,"C012734",6.785097
"C031596",4,9961,"C022249",3.449263
"C031597",5,21482,"C047883",9.006865
"C031599",2,868,"C001904",6.825132
"C031605",4,9961,"C022249",2.382703
"C031609",3,16827,"C037407",1.003066
"C031612",5,21482,"C047883",4.006797
"C031614",5,21482,"C047883",2.549462
"C031619",5,21482,"C047883",9.748405
"C031621",5,21482,"C047883",5.297120
"C031623",5,21482,"C047883",8.989907
"C031624",1,5732,"C012734",15.886831
"C031627",0,5705,"C012675",0.957061
"C031630",2,868,"C001904",10.754931
"C031632",5,21482,"C047883",3.490111
"C031636",4,9961,"C022249",2.264740
"C031640",0,5705,"C012675",5.104726
"C031641",1,5732,"C012734",10.272781
"C031645",1,5732,"C012734",16.377330
"C031646",1,5732,"C012734",5.543308
"C031649",4,9961,"C022249",6.072695
"C031651",3,16827,"C037407",7.859112
"C031656",0,5705,"C012675",4.965324
"C031657",5,21482,"C047883",8.438841
"C031658",1,5732,"C012734",2.110524
"C031659",0,5705,"C012675",4.628627
"C031661",5,21482,"C047883",3.787900
"C031665",0,5705,"C012675",7.011168
"C031666",1,5732,"C012734",1.759828
"C031669",2,868,"C001904",2.190903
"C031674",2,868,"C001904",8.664122
"C031677",3,16827,"C037407",6.325871
"C031679",3,16827,"C037407",4.768596
"C031682",1,5732,"C012734",1.786852
"C031685",5,21482,"C047883",6.024244
"C031687",1,5732,"C012734",3.381953
"C031689",1,5732,"C012734",7.219131
"C031692",5,21482,"C047883",5.415953
"C031694",5,21482,"C047883",5.247726
"C031696",2,868,"C001904",3.354596
"C031698",3,16827,"C037407",1.935821
"C031700",5,21482,"C047883",12.804391
"C031701",4,9961,"C022249",1.024338
"C031704",5,21482,"C047883",11.105654
"C031706",0,5705,"C012675",6.551129
"C031711",5,21482,"C047883",3.078088
"C031712",5,21482,"C047883",6.219392
"C031713",1,5732,"C012734",2.671538
"C031715",5,21482,"C047883",8.649236
"C031717",1,5732,"C012734",3.118563
"C031719",1,5732,"C012734",2.744055
"C031724",1,5732,"C012734",6.470317
"C031727",1,5732,"C012734",15.458291
"C031730",2,868,"C001904",1.644571
"C031733",5,21482,"C047883",11.019755
"C031739",0,5705,"C012675",3.677741
"C031740",0,5705,"C012675",3.404476
"C031741",5,21482,"C047883",5.664717
"C031742",2,868,"C001904",4.619800
"C031743",2,868,"C001904",3.573286
"C031745",0,5705,"C012675",4.303556
"C031747",2,868,"C001904",3.901199
"C031748",5,21482,"C047883",5.008122
"C031749",3,16827,"C037407",7.804547
"C031752",2,868,"C001904",2.402045
"C031753",3,16827,"C037407",6.345168
"C031757",1,5732,"C012734",4.396539
"C031758",1,5732,"C012734",8.522112
"C031759",5,21482,"C047883",4.561568
"C031762",1,5732,"C012734",6.137929
"C031763",4,9961,"C022249",8.617862
"C031764",1,5732,"C012734",8.488517
"C031765",0,5705,"C012675",2.281466
"C031766",0,5705,"C012675",2.877076
"C031767",2,868,"C001904",8.327678
"C031768",5,21482,"C047883",4.619594
"C031770",2,868,"C001904",8.815489
"C031772",0,5705,"C012675",4.020061
"C031773",3,16827,"C037407",3.864184
"C031775",1,5732,"C012734",6.317447
"C031777",5,21482,"C047883",3.121413
"C031781",0,5705,"C012675",3.286355
"C031782",2,868,"C001904",3.495358
"C031783",2,868,"C001904",6.250325
"C031788",5,21482,"C047883",4.427841
"C031789",1,5732,"C012734",2.840263
"C031791",5,21482,"C047883",10.074413
"C031795",0,5705,"C012675",3.971907
"C031796",5,21482,"C047883",14.276586
"C031797",1,5732,"C012734",7.215079
"C031798",4,9961,"C022249",3.647888
"C031800",1,5732,"C012734",6.552394
"C031802",3,16827,"C037407",3.236940
"C031806",2,868,"C001904",10.944949
"C031808",0,5705,"C012675",1.983924
"C031811",2,868,"C001904",0.299119
"C031812",3,16827,"C037407",2.312361
"C031813",2,868,"C001904",8.510122
"C031817",0,5705,"C012675",6.064093
"C031818",0,5705,"C012675",5.434088
"C031821",3,16827,"C037407",6.989783
"C031823",0,5705,"C012675",2.983795
"C031824",1,5732,"C012734",6.440140
"C031825",4,9961,"C022249",3.631221
"C031828",0,5705,"C012675",0.132573
"C031831",0,5705,"C012675",6.330048
"C031832",3,16827,"C037407",3.179412
"C031835",1,5732,"C012734",2.763377
"C031836",1,5732,"C012734",4.415056
"C031838",4,9961,"C022249",9.789235
"C031839",2,868,"C001904",2.454248
"C031841",3,16827,"C037407",8.629558
"C031843",0,5705,"C012675",2.393952
"C031844",1,5732,"C012734",3.866070
"C031846",2,868,"C001904",5.123545
"C031848",0,5705,"C012675",1.525984
"C031853",0,5705,"C012675",8.344929
"C031854",0,5705,"C012675",6.284002
"C031862",5,21482,"C047883",11.960019
"C031864",0,5705,"C012675",4.658119
"C031865",2,868,"C001904",3.338499
"C031866",5,21482,"C047883",10.802980
"C031867",5,21482,"C047883",12.514785
"C031868",1,5732,"C012734",4.455320
"C031870",1,5732,"C012734",13.567978
"C031875",0,5705,"C012675",5.736428
"C031877",0,5705,"C012675",7.593604
"C031878",2,868,"C001904",8.954121
"C031879",1,5732,"C012734",5.338190
"C031881",2,868,"C001904",9.932847
"C031890",1,5732,"C012734",3.608970
"C031891",4,9961,"C022249",4.233032
"C031893",3,16827,"C037407",5.997565
"C031895",5,21482,"C047883",3.004780
"C031898",5,21482,"C047883",6.382382
"C031899",4,9961,"C022249",4.991446
"C031902",5,21482,"C047883",2.161249
"C031903",5,21482,"C047883",13.621646
"C031904",5,21482,"C047883",10.452925
"C031905",5,21482,"C047883",10.352178
"C031906",5,21482,"C047883",3.380611
"C031907",5,21482,"C047883",12.352832
"C031908",1,5732,"C012734",1.865775
"C031911",0,5705,"C012675",7.726164
"C031913",0,5705,"C012675",6.138203
"C031914",3,16827,"C037407",6.440032
"C031916",1,5732,"C012734",2.551652
"C031921",4,9961,"C022249",1.988572
"C031922",2,868,"C001904",3.749797
"C031923",0,5705,"C012675",3.724090
"C031924",2,868,"C001904",8.317723
"C031926",0,5705,"C012675",4.856218
"C031927",1,5732,"C012734",0.332271
"C031928",1,5732,"C012734",5.286169
"C031931",1,5732,"C012734",4.788969
"C031932",5,21482,"C047883",11.074400
"C031933",3,16827,"C037407",5.648344
"C031939",5,21482,"C047883",9.804508
"C031941",1,5732,"C012734",3.906265
"C031942",1,5732,"C012734",8.762581
"C031944",5,21482,"C047883",10.749570
"C031946",5,21482,"C047883",2.766920
"C031947",3,16827,"C037407",0.497422
"C031949",4,9961,"C022249",2.438357
"C031950",1,5732,"C012734",15.864353
"C031954",0,5705,"C012675",3.041910
"C031958",2,868,"C001904",3.404692
"C031959",2,868,"C001904",3.941677
"C031962",0,5705,"C012675",3.262037
"C031963",5,21482,"C047883",12.808229
"C031966",4,9961,"C022249",5.409766
"C031967",5,21482,"C047883",7.710932
"C031969",2,868,"C001904",10.855943
"C031970",3,16827,"C037407",6.216783
"C031971",1,5732,"C012734",13.284557
"C031972",1,5732,"C012734",6.471843
"C031976",2,868,"C001904",1.400462
"C031977",1,5732,"C012734",9.743915
"C031978",5,21482,"C047883",12.269308
"C031979",2,868,"C001904",6.821956
"C031980",0,5705,"C012675",4.469972
"C031981",0,5705,"C012675",6.377043
"C031982",5,21482,"C047883",4.059502
"C031983",1,5732,"C012734",1.860484
"C031985",1,5732,"C012734",4.747756
"C031986",5,21482,"C047883",11.800355
"C031989",3,16827,"C037407",1.644790
"C031990",0,5705,"C012675",8.286490
"C031991",1,5732,"C012734",1.844064
"C031993",0,5705,"C012675",1.842303
"C031994",5,21482,"C047883",11.082903
"C031997",0,5705,"C012675",6.069299
"C032003",1,5732,"C012734",10.757151
"C032004",1,5732,"C012734",9.054580
"C032006",0,5705,"C012675",5.186720
"C032007",2,868,"C001904",3.999080
"C032011",0,5705,"C012675",3.845409
"C032012",3,16827,"C037407",2.771607
"C032013",2,868,"C001904",6.737476
"C032014",4,9961,"C022249",5.496161
"C032017",4,9961,"C022249",3.798773
"C032019",5,21482,"C047883",3.339292
"C032023",2,868,"C001904",10.502634
"C032024",1,5732,"C012734",1.613174
"C032026",1,5732,"C012734",7.747815
"C032028",1,5732,"C012734",2.464733
"C032030",4,9961,"C022249",3.812094
"C032032",1,5732,"C012734",7.051665
"C032033",2,868,"C001904",5.763386
"C032034",1,5732,"C012734",1.905287
"C032035",1,5732,"C012734",2.713311
"C032036",2,868,"C001904",2.719298
"C032038",2,868,"C001904",10.378100
"C032040",1,5732,"C012734",4.742217
"C032045",2,868,"C001904",8.066694
"C032046",0,5705,"C012675",4.600653
"C032048",4,9961,"C022249",4.093323
"C032050",3,16827,"C037407",2.308945
"C032052",2,868,"C001904",3.937062
"C032056",2,868,"C001904",7.623010
"C032057",1,5732,"C012734",2.442938
"C032059",1,5732,"C012734",10.049553
"C032061",5,21482,"C047883",9.309409
"C032062",5,21482,"C047883",8.259441
"C032063",4,9961,"C022249",1.877546
"C032064",5,21482,"C047883",5.279355
"C032065",5,21482,"C047883",5.049099
"C032066",5,21482,"C047883",10.657052
"C032070",3,16827,"C037407",4.445689
"C032073",0,5705,"C012675",1.843200
"C032075",1,5732,"C012734",5.916881
"C032076",1,5732,"C012734",4.910351
"C032078",5,21482,"C047883",13.578631
"C032081",4,9961,"C022249",5.123896
"C032082",4,9961,"C022249",3.782445
"C032084",1,5732,"C012734",4.525303
"C032085",5,21482,"C047883",5.076443
"C032086",5,21482,"C047883",8.281072
"C032087",1,5732,"C012734",7.209469
"C032088",1,5732,"C012734",3.990895
"C032089",1,5732,"C012734",7.444002
"C032090",5,21482,"C047883",14.662584
"C032091",2,868,"C001904",9.276216
"C032093",3,16827,"C037407",7.416910
"C032094",2,868,"C001904",9.872675
"C032095",2,868,"C001904",5.185039
"C032098",5,21482,"C047883",15.523264
"C032100",4,9961,"C022249",1.739249
"C032102",3,16827,"C037407",8.693159
"C032103",5,21482,"C047883",6.632209
"C032104",4,9961,"C022249",3.077664
"C032106",1,5732,"C012734",4.337363
"C032107",5,21482,"C047883",6.306770
"C032112",5,21482,"C047883",5.932991
"C032113",5,21482,"C047883",6.719134
"C032116",0,5705,"C012675",2.905947
"C032120",5,21482,"C047883",12.467113
"C032122",1,5732,"C012734",6.957390
"C032123",2,868,"C001904",4.552060
"C032124",4,9961,"C022249",3.821204
"C032126",1,5732,"C012734",4.117954
"C032129",4,9961,"C022249",7.015496
"C032131",0,5705,"C012675",5.580428
"C032135",1,5732,"C012734",16.281173
"C032138",2,868,"C001904",5.387662
"C032142",1,5732,"C012734",6.402273
"C032148",1,5732,"C012734",5.990890
"C032149",0,5705,"C012675",3.815139
"C032151",1,5732,"C012734",7.161586
"C032152",5,21482,"C047883",4.211715
"C032154",4,9961,"C022249",2.370416
"C032157",0,5705,"C012675",7.008833
"C032158",1,5732,"C012734",6.476672
"C032164",1,5732,"C012734",6.560765
"C032167",4,9961,"C022249",1.286816
"C032168",1,5732,"C012734",6.076792
"C032169",5,21482,"C047883",8.184711
"C032170",1,5732,"C012734",3.183929
"C032171",1,5732,"C012734",2.747763
"C032173",0,5705,"C012675",4.400238
"C032174",2,868,"C001904",7.745565
"C032175",3,16827,"C037407",7.045215
"C032182",1,5732,"C012734",9.085555
"C032183",0,5705,"C012675",3.683756
"C032186",5,21482,"C047883",13.317034
"C032187",0,5705,"C012675",7.775029
"C032189",1,5732,"C012734",5.147030
"C032192",3,16827,"C037407",6.179187
"C032193",5,21482,"C047883",14.321111
"C032194",4,9961,"C022249",6.272343
"C032196",5,21482,"C047883",16.229556
"C032197",5,21482,"C047883",13.458152
"C032208",5,21482,"C047883",14.133179
"C032210",5,21482,"C047883",6.588300
"C032211",2,868,"C001904",10.077290
"C032216",0,5705,"C012675",2.796817
"C032219",1,5732,"C012734",12.272233
"C032221",1,5732,"C012734",11.772629
"C032225",2,868,"C001904",3.490011
"C032226",2,868,"C001904",4.210346
"C032227",1,5732,"C012734",6.915664
"C032228",0,5705,"C012675",7.079549
"C032231",0,5705,"C012675",0.828198
"C032232",0,5705,"C012675",2.753478
"C032233",1,5732,"C012734",5.326712
"C032239",2,868,"C001904",4.069016
"C032240",1,5732,"C012734",5.877883
"C032242",5,21482,"C047883",2.570545
"C032243",5,21482,"C047883",2.666900
"C032245",0,5705,"C012675",9.398859
"C032250",0,5705,"C012675",6.057982
"C032251",0,5705,"C012675",5.800636
"C032255",1,5732,"C012734",3.622005
"C032256",3,16827,"C037407",8.246414
"C032259",3,16827,"C037407",6.434281
"C032263",5,21482,"C047883",7.701475
"C032264",0,5705,"C012675",7.120596
"C032265",0,5705,"C012675",5.874952
"C032266",0,5705,"C012675",2.864175
"C032267",0,5705,"C012675",4.967720
"C032268",5,21482,"C047883",9.691093
"C032269",5,21482,"C047883",9.935224
"C032271",0,5705,"C012675",8.279172
"C032272",0,5705,"C012675",1.053916
"C032273",5,21482,"C047883",5.278667
"C032275",3,16827,"C037407",1.956118
"C032281",3,16827,"C037407",1.964987
"C032284",3,16827,"C037407",7.271931
"C032285",5,21482,"C047883",2.652394
"C032287",5,21482,"C047883",12.080761
"C032291",4,9961,"C022249",1.036819
"C032295",0,5705,"C012675",5.208819
"C032297",1,5732,"C012734",5.805538
"C032298",2,868,"C001904",5.312712
"C032299",5,21482,"C047883",9.074030
"C032308",5,21482,"C047883",6.229845
"C032309",5,21482,"C047883",3.895715
"C032311",4,9961,"C022249",2.455121
"C032312",4,9961,"C022249",3.203699
"C032313",4,9961,"C022249",3.006381
"C032314",4,9961,"C022249",6.297910
"C032315",0,5705,"C012675",4.836671
"C032316",3,16827,"C037407",4.555789
"C032317",1,5732,"C012734",5.237558
"C032318",5,21482,"C047883",10.090092
"C032320",5,21482,"C047883",0.668273
"C032322",4,9961,"C022249",1.676426
"C032324",5,21482,"C047883",3.466698
"C032325",0,5705,"C012675",4.183411
"C032328",1,5732,"C012734",3.114559
"C032329",2,868,"C001904",7.189070
"C032331",2,868,"C001904",7.558301
"C032338",2,868,"C001904",1.905632
"C032342",0,5705,"C012675",4.225898
"C032343",0,5705,"C012675",3.384673
"C032346",4,9961,"C022249",4.856364
"C032347",1,5732,"C012734",16.711839
"C032351",0,5705,"C012675",7.330723
"C032352",3,16827,"C037407",6.378559
"C032359",3,16827,"C037407",4.388464
"C032362",2,868,"C001904",8.317823
"C032363",0,5705,"C012675",1.827786
"C032364",0,5705,"C012675",9.514377
"C032366",0,5705,"C012675",4.404992
"C032368",5,21482,"C047883",11.678163
"C032370",3,16827,"C037407",9.116481
"C032371",3,16827,"C037407",8.220900
"C032373",5,21482,"C047883",14.185487
"C032374",5,21482,"C047883",15.641994
"C032376",5,21482,"C047883",1.629100
"C032378",0,5705,"C012675",8.643659
"C032379",5,21482,"C047883",6.947181
"C032380",0,5705,"C012675",5.965966
"C032383",1,5732,"C012734",7.279977
"C032385",0,5705,"C012675",4.083911
"C032388",5,21482,"C047883",0.284895
"C032392",5,21482,"C047883",9.885181
"C032394",3,16827,"C037407",5.285904
"C032395",0,5705,"C012675",2.144688
"C032396",0,5705,"C012675",3.105819
"C032399",1,5732,"C012734",7.577746
"C032401",2,868,"C001904",4.631849
"C032403",5,21482,"C047883",8.348454
"C032405",0,5705,"C012675",3.058985
"C032406",5,21482,"C047883",10.295198
"C032408",5,21482,"C047883",4.769337
"C032409",1,5732,"C012734",10.771188
"C032410",2,868,"C001904",7.117978
"C032412",5,21482,"C047883",11.331331
"C032413",3,16827,"C037407",6.749724
"C032414",5,21482,"C047883",1.458211
"C032416",3,16827,"C037407",9.882739
"C032419",5,21482,"C047883",14.119513
"C032421",1,5732,"C012734",2.294148
"C032422",5,21482,"C047883",1.546300
"C032424",2,868,"C001904",2.375487
"C032428",5,21482,"C047883",3.947932
"C032430",0,5705,"C012675",7.220878
"C032432",1,5732,"C012734",1.584299
"C032435",5,21482,"C047883",3.761614
"C032436",0,5705,"C012675",8.264763
"C032437",1,5732,"C012734",9.827426
"C032444",1,5732,"C012734",9.862458
"C032445",5,21482,"C047883",5.780862
"C032446",1,5732,"C012734",6.984868
"C032447",1,5732,"C012734",2.116943
"C032449",3,16827,"C037407",8.555026
"C032450",2,868,"C001904",6.360925
"C032454",0,5705,"C012675",5.402014
"C032455",1,5732,"C012734",4.475862
"C032457",5,21482,"C047883",7.577712
"C032459",0,5705,"C012675",1.902218
"C032462",1,5732,"C012734",13.311947
"C032464",5,21482,"C047883",8.282862
"C032465",5,21482,"C047883",12.564013
"C032466",2,868,"C001904",4.597372
"C032467",1,5732,"C012734",11.544039
"C032470",1,5732,"C012734",8.648524
"C032476",5,21482,"C047883",7.951677
"C032480",3,16827,"C037407",5.738243
"C032487",1,5732,"C012734",5.259711
"C032490",0,5705,"C012675",3.358692
"C032493",1,5732,"C012734",10.124204
"C032496",1,5732,"C012734",6.669246
"C032498",0,5705,"C012675",4.054961
"C032500",5,21482,"C047883",11.985686
"C032504",0,5705,"C012675",2.441877
"C032505",4,9961,"C022249",1.303491
"C032506",5,21482,"C047883",2.037058
"C032508",3,16827,"C037407",8.065722
"C032513",2,868,"C001904",6.532353
"C032514",2,868,"C001904",8.799511
"C032515",0,5705,"C012675",5.161112
"C032521",0,5705,"C012675",6.813869
"C032522",5,21482,"C047883",8.834561
"C032524",4,9961,"C022249",3.544344
"C032525",3,16827,"C037407",6.897871
"C032526",3,16827,"C037407",3.899502
"C032528",2,868,"C001904",1.411494
"C032530",0,5705,"C012675",4.064295
"C032531",2,868,"C001904",6.625936
"C032532",2,868,"C001904",6.178730
"C032533",0,5705,"C012675",5.149218
"C032534",0,5705,"C012675",3.693210
"C032537",4,9961,"C022249",3.460611
"C032538",2,868,"C001904",8.167237
"C032539",2,868,"C001904",6.087446
"C032541",4,9961,"C022249",2.719453
"C032543",2,868,"C001904",7.762004
"C032547",3,16827,"C037407",0.876455
"C032548",2,868,"C001904",8.492737
"C032555",1,5732,"C012734",12.456793
"C032559",5,21482,"C047883",7.375211
"C032561",3,16827,"C037407",3.681552
"C032562",4,9961,"C022249",1.004535
"C032565",4,9961,"C022249",3.103230
"C032567",4,9961,"C022249",2.824257
"C032568",2,868,"C001904",6.288330
"C032569",2,868,"C001904",7.736715
"C032571",4,9961,"C022249",4.470714
"C032573",1,5732,"C012734",14.441833
"C032578",5,21482,"C047883",9.770036
"C032579",5,21482,"C047883",7.145257
"C032580",0,5705,"C012675",5.194484
"C032582",1,5732,"C012734",1.495591
"C032585",0,5705,"C012675",2.949530
"C032587",1,5732,"C012734",2.309500
"C032588",1,5732,"C012734",11.463696
"C032592",5,21482,"C047883",6.219870
"C032595",0,5705,"C012675",8.961331
"C032596",1,5732,"C012734",9.930021
"C032597",4,9961,"C022249",3.016181
"C032600",0,5705,"C012675",1.979128
"C032601",3,16827,"C037407",4.152204
"C032605",1,5732,"C012734",9.449606
"C032606",2,868,"C001904",4.389613
"C032608",0,5705,"C012675",3.500673
"C032613",5,21482,"C047883",5.277341
"C032615",2,868,"C001904",8.279247
"C032616",2,868,"C001904",2.209085
"C032620",5,21482,"C047883",12.577835
"C032622",2,868,"C001904",6.799338
"C032625",0,5705,"C012675",5.454617
"C032626",4,9961,"C022249",5.202688
"C032627",2,868,"C001904",4.695257
"C032628",3,16827,"C037407",6.553052
"C032630",0,5705,"C012675",3.820227
"C032632",3,16827,"C037407",3.673037
"C032634",0,5705,"C012675",0.918792
"C032638",4,9961,"C022249",1.512792
"C032642",5,21482,"C047883",13.531558
"C032643",3,16827,"C037407",1.417195
"C032645",1,5732,"C012734",8.113835
"C032646",0,5705,"C012675",2.628902
"C032651",1,5732,"C012734",13.133026
"C032652",4,9961,"C022249",2.122702
"C032656",3,16827,"C037407",5.895254
"C032659",5,21482,"C047883",3.410001
"C032662",2,868,"C001904",2.489367
"C032663",1,5732,"C012734",1.961417
"C032667",2,868,"C001904",0.284871
"C032671",0,5705,"C012675",8.800610
"C032676",1,5732,"C012734",10.715387
"C032678",2,868,"C001904",2.470452
"C032683",0,5705,"C012675",1.007055
"C032686",3,16827,"C037407",5.007179
"C032687",3,16827,"C037407",4.901102
"C032689",1,5732,"C012734",6.976309
"C032692",1,5732,"C012734",6.742718
"C032693",0,5705,"C012675",5.675888
"C032696",1,5732,"C012734",9.204822
"C032697",1,5732,"C012734",2.566327
"C032699",2,868,"C001904",10.218690
"C032702",2,868,"C001904",5.682337
"C032703",4,9961,"C022249",4.204215
"C032707",5,21482,"C047883",10.640490
"C032709",3,16827,"C037407",7.470112
"C032710",1,5732,"C012734",6.969504
"C032712",1,5732,"C012734",4.288517
"C032713",2,868,"C001904",3.163498
"C032716",3,16827,"C037407",5.366465
"C032717",5,21482,"C047883",11.929919
"C032720",1,5732,"C012734",13.062343
"C032721",1,5732,"C012734",3.200038
"C032725",3,16827,"C037407",0.617967
"C032728",1,5732,"C012734",13.126930
"C032731",0,5705,"C012675",9.846919
"C032732",5,21482,"C047883",1.738805
"C032737",3,16827,"C037407",0.292360
"C032740",0,5705,"C012675",8.762538
"C032742",0,5705,"C012675",4.476406
"C032746",1,5732,"C012734",6.088802
"C032749",2,868,"C001904",11.138504
"C032750",5,21482,"C047883",8.043947
"C032753",0,5705,"C012675",7.174865
"C032754",5,21482,"C047883",10.124830
"C032758",5,21482,"C047883",9.404141
"C032759",3,16827,"C037407",9.575039
"C032760",1,5732,"C012734",10.494743
"C032761",5,21482,"C047883",6.691806
"C032762",2,868,"C001904",6.628794
"C032764",3,16827,"C037407",3.997622
"C032765",3,16827,"C037407",4.867405
"C032767",4,9961,"C022249",2.390853
"C032770",1,5732,"C012734",4.815708
"C032772",0,5705,"C012675",8.596175
"C032774",5,21482,"C047883",12.692260
"C032777",1,5732,"C012734",4.874267
"C032781",5,21482,"C047883",12.104193
"C032784",2,868,"C001904",1.464609
"C032789",2,868,"C001904",0.882524
"C032790",1,5732,"C012734",4.784907
"C032791",1,5732,"C012734",10.914937
"C032792",4,9961,"C022249",3.785580
"C032793",1,5732,"C012734",9.517454
"C032796",1,5732,"C012734",7.522876
"C032797",5,21482,"C047883",2.467565
"C032798",1,5732,"C012734",10.824080
"C032799",1,5732,"C012734",5.832091
"C032800",0,5705,"C012675",4.288191
"C032801",2,868,"C001904",6.506293
"C032805",1,5732,"C012734",3.383975
"C032806",5,21482,"C047883",1.719172
"C032807",0,5705,"C012675",2.129190
"C032808",0,5705,"C012675",7.410421
"C032810",4,9961,"C022249",2.256354
"C032811",3,16827,"C037407",4.724689
"C032812",5,21482,"C047883",3.566741
"C032813",0,5705,"C012675",5.998366
"C032814",5,21482,"C047883",9.439522
"C032815",3,16827,"C037407",6.619252
"C032818",1,5732,"C012734",12.330645
"C032819",1,5732,"C012734",8.536773
"C032823",1,5732,"C012734",12.137306
"C032824",1,5732,"C012734",5.610776
"C032831",0,5705,"C012675",2.703487
"C032832",4,9961,"C022249",1.895446
"C032833",2,868,"C001904",5.315658
"C032834",5,21482,"C047883",12.862525
"C032835",2,868,"C001904",6.570160
"C032836",0,5705,"C012675",5.581918
"C032837",5,21482,"C047883",14.754697
"C032838",5,21482,"C047883",5.431338
"C032839",4,9961,"C022249",4.658255
"C032840",1,5732,"C012734",6.403288
"C032841",0,5705,"C012675",5.287892
"C032843",0,5705,"C012675",6.535548
"C032846",4,9961,"C022249",1.656755
"C032847",0,5705,"C012675",3.302554
"C032849",5,21482,"C047883",10.430516
"C032851",1,5732,"C012734",8.093159
"C032853",1,5732,"C012734",10.148644
"C032855",4,9961,"C022249",3.670348
"C032860",5,21482,"C047883",2.904057
"C032863",3,16827,"C037407",4.217285
"C032864",5,21482,"C047883",9.429140
"C032865",2,868,"C001904",11.816699
"C032866",0,5705,"C012675",4.963518
"C032868",5,21482,"C047883",10.587708
"C032871",1,5732,"C012734",14.271646
"C032874",3,16827,"C037407",7.720369
"C032877",1,5732,"C012734",9.476759
"C032880",2,868,"C001904",3.648535
"C032882",0,5705,"C012675",1.291539
"C032885",4,9961,"C022249",5.613941
"C032891",1,5732,"C012734",10.223104
"C032892",5,21482,"C047883",4.065918
"C032893",5,21482,"C047883",3.865493
"C032894",5,21482,"C047883",3.696387
"C032896",5,21482,"C047883",8.371352
"C032899",0,5705,"C012675",2.084920
"C032900",4,9961,"C022249",5.530909
"C032901",2,868,"C001904",3.663138
"C032907",3,16827,"C037407",4.241531
"C032912",3,16827,"C037407",5.315308
"C032913",5,21482,"C047883",11.064361
"C032915",5,21482,"C047883",6.781746
"C032918",4,9961,"C022249",2.640444
"C032924",1,5732,"C012734",8.759510
"C032932",0,5705,"C012675",4.431589
"C032933",0,5705,"C012675",6.153388
"C032934",1,5732,"C012734",6.196343
"C032935",0,5705,"C012675",3.891561
"C032939",1,5732,"C012734",6.688752
"C032942",2,868,"C001904",3.245367
"C032947",1,5732,"C012734",2.779182
"C032948",2,868,"C001904",7.815300
"C032949",5,21482,"C047883",5.807176
"C032950",0,5705,"C012675",5.689992
"C032951",3,16827,"C037407",7.879863
"C032953",3,16827,"C037407",1.610798
"C032954",4,9961,"C022249",4.923008
"C032956",1,5732,"C012734",12.991420
"C032961",5,21482,"C047883",2.377917
"C032962",2,868,"C001904",3.731017
"C032964",1,5732,"C012734",14.338222
"C032965",4,9961,"C022249",3.122386
"C032966",5,21482,"C047883",9.411367
"C032970",2,868,"C001904",4.129593
"C032972",0,5705,"C012675",6.327631
"C032973",5,21482,"C047883",11.158639
"C032975",5,21482,"C047883",11.115204
"C032977",4,9961,"C022249",1.914151
"C032979",5,21482,"C047883",9.250547
"C032981",3,16827,"C037407",4.718024
"C032983",2,868,"C001904",5.622712
"C032988",4,9961,"C022249",3.742940
"C032989",1,5732,"C012734",6.829334
"C032990",4,9961,"C022249",5.244265
"C032993",2,868,"C001904",10.447698
"C032998",0,5705,"C012675",5.209225
"C032999",5,21482,"C047883",4.868154
"C033001",5,21482,"C047883",3.919446
"C033006",1,5732,"C012734",10.229654
"C033009",2,868,"C001904",2.930297
"C033011",5,21482,"C047883",3.095040
"C033013",1,5732,"C012734",7.650161
"C033017",0,5705,"C012675",5.027829
"C033019",1,5732,"C012734",6.456002
"C033020",5,21482,"C047883",4.138943
"C033021",5,21482,"C047883",11.044841
"C033022",5,21482,"C047883",5.504211
"C033023",3,16827,"C037407",2.291558
"C033027",0,5705,"C012675",1.299527
"C033029",2,868,"C001904",9.015429
"C033031",4,9961,"C022249",4.525461
"C033033",4,9961,"C022249",4.826032
"C033037",1,5732,"C012734",6.580660
"C033040",5,21482,"C047883",4.022433
"C033043",4,9961,"C022249",6.069344
"C033045",5,21482,"C047883",10.863576
"C033049",3,16827,"C037407",1.254719
"C033052",3,16827,"C037407",5.328360
"C033055",0,5705,"C012675",3.522809
"C033060",3,16827,"C037407",3.629985
"C033061",2,868,"C001904",7.480447
"C033063",2,868,"C001904",0.789308
"C033069",5,21482,"C047883",6.595375
"C033071",0,5705,"C012675",2.689807
"C033073",5,21482,"C047883",14.870051
"C033074",2,868,"C001904",1.469805
"C033075",3,16827,"C037407",5.782022
"C033089",0,5705,"C012675",5.803658
"C033096",5,21482,"C047883",9.307386
"C033097",1,5732,"C012734",1.967715
"C033102",5,21482,"C047883",1.305837
"C033105",5,21482,"C047883",10.318886
"C033106",2,868,"C001904",4.320506
"C033108",4,9961,"C022249",5.442650
"C033110",5,21482,"C047883",8.599288
"C033113",3,16827,"C037407",4.163219
"C033121",0,5705,"C012675",5.067169
"C033123",2,868,"C001904",6.370515
"C033124",0,5705,"C012675",2.862544
"C033125",1,5732,"C012734",3.372053
"C033131",4,9961,"C022249",4.104070
"C033134",4,9961,"C022249",1.834328
"C033137",4,9961,"C022249",4.229122
"C033138",0,5705,"C012675",0.807970
"C033139",2,868,"C001904",1.899837
"C033140",1,5732,"C012734",2.761292
"C033141",5,21482,"C047883",13.506070
"C033142",1,5732,"C012734",13.160859
"C033144",2,868,"C001904",6.586475
"C033145",3,16827,"C037407",6.311396
"C033147",4,9961,"C022249",1.687172
"C033150",0,5705,"C012675",2.076274
"C033151",0,5705,"C012675",5.925802
"C033154",2,868,"C001904",4.118079
"C033159",1,5732,"C012734",5.604844
"C033160",5,21482,"C047883",3.008049
"C033162",1,5732,"C012734",8.143510
"C033164",1,5732,"C012734",12.528420
"C033166",2,868,"C001904",9.776319
"C033169",1,5732,"C012734",4.538852
"C033172",4,9961,"C022249",2.641449
"C033176",2,868,"C001904",5.283491
"C033181",5,21482,"C047883",4.141301
"C033186",2,868,"C001904",3.189102
"C033187",5,21482,"C047883",6.557359
"C033189",4,9961,"C022249",3.208985
"C033192",2,868,"C001904",0.919060
"C033195",5,21482,"C047883",13.426645
"C033202",1,5732,"C012734",14.181986
"C033203",4,9961,"C022249",4.532115
"C033204",2,868,"C001904",7.395118
"C033205",5,21482,"C047883",8.417410
"C033206",0,5705,"C012675",4.941319
"C033209",5,21482,"C047883",3.476617
"C033210",5,21482,"C047883",5.768696
"C033212",0,5705,"C012675",6.581334
"C033213",0,5705,"C012675",4.492639
"C033217",1,5732,"C012734",0.386319
"C033218",0,5705,"C012675",1.276924
"C033219",1,5732,"C012734",4.995570
"C033222",5,21482,"C047883",13.997768
"C033226",1,5732,"C012734",3.930210
"C033233",4,9961,"C022249",1.646904
"C033234",3,16827,"C037407",6.727897
"C033238",4,9961,"C022249",4.584676
"C033240",0,5705,"C012675",4.906519
"C033241",5,21482,"C047883",7.004235
"C033242",0,5705,"C012675",6.657410
"C033244",5,21482,"C047883",2.768466
"C033247",5,21482,"C047883",2.321660
"C033250",0,5705,"C012675",5.885213
"C033251",3,16827,"C037407",7.338030
"C033255",5,21482,"C047883",13.256492
"C033256",1,5732,"C012734",16.406609
"C033258",2,868,"C001904",2.754928
"C033262",1,5732,"C012734",4.195045
"C033264",1,5732,"C012734",5.955666
"C033266",1,5732,"C012734",8.859986
"C033267",1,5732,"C012734",10.198025
"C033269",1,5732,"C012734",4.656421
"C033271",5,21482,"C047883",11.896527
"C033273",0,5705,"C012675",5.107924
"C033277",5,21482,"C047883",5.501905
"C033278",4,9961,"C022249",3.289585
"C033281",0,5705,"C012675",8.277846
"C033283",2,868,"C001904",3.469249
"C033285",3,16827,"C037407",6.360897
"C033288",1,5732,"C012734",3.929980
"C033290",5,21482,"C047883",8.301552
"C033293",2,868,"C001904",2.839373
"C033294",0,5705,"C012675",2.688170
"C033295",5,21482,"C047883",5.857315
"C033299",0,5705,"C012675",5.724520
"C033300",0,5705,"C012675",3.917027
"C033301",5,21482,"C047883",8.506935
"C033302",2,868,"C001904",8.800666
"C033305",4,9961,"C022249",1.839994
"C033307",0,5705,"C012675",3.627800
"C033313",3,16827,"C037407",3.743447
"C033316",1,5732,"C012734",8.540473
"C033319",5,21482,"C047883",9.721546
"C033320",1,5732,"C012734",2.242525
"C033323",2,868,"C001904",7.714141
"C033324",4,9961,"C022249",0.354760
"C033326",5,21482,"C047883",8.782772
"C033328",5,21482,"C047883",11.544728
"C033329",1,5732,"C012734",4.782272
"C033332",0,5705,"C012675",2.071513
"C033336",0,5705,"C012675",5.839127
"C033338",0,5705,"C012675",2.293127
"C033340",2,868,"C001904",0.507111
"C033341",0,5705,"C012675",6.773595
"C033343",5,21482,"C047883",12.439627
"C033344",1,5732,"C012734",6.883381
"C033346",2,868,"C001904",2.965082
"C033350",0,5705,"C012675",1.567889
"C033351",0,5705,"C012675",0.773284
"C033353",5,21482,"C047883",2.407836
"C033355",4,9961,"C022249",7.994673
"C033356",0,5705,"C012675",6.213638
"C033357",1,5732,"C012734",9.179343
"C033358",4,9961,"C022249",4.599995
"C033359",1,5732,"C012734",5.308517
"C033360",5,21482,"C047883",13.499053
"C033369",5,21482,"C047883",4.486671
"C033370",0,5705,"C012675",7.387109
"C033372",0,5705,"C012675",6.081012
"C033374",2,868,"C001904",9.023386
"C033375",2,868,"C001904",3.157486
"C033377",4,9961,"C022249",3.161926
"C033379",0,5705,"C012675",5.115513
"C033380",2,868,"C001904",4.227341
"C033383",5,21482,"C047883",2.079474
"C033384",3,16827,"C037407",7.095518
"C033385",2,868,"C001904",3.209135
"C033386",0,5705,"C012675",8.496691
"C033387",0,5705,"C012675",5.916932
"C033396",5,21482,"C047883",6.538049
"C033397",1,5732,"C012734",17.436742
"C033398",2,868,"C001904",5.962192
"C033400",0,5705,"C012675",5.227832
"C033402",4,9961,"C022249",1.367583
"C033404",2,868,"C001904",6.550795
"C033405",0,5705,"C012675",5.948794
"C033406",0,5705,"C012675",8.928305
"C033408",1,5732,"C012734",4.966113
"C033409",0,5705,"C012675",6.638169
"C033410",4,9961,"C022249",8.879927
"C033411",5,21482,"C047883",12.949360
"C033414",0,5705,"C012675",1.763235
"C033415",2,868,"C001904",5.383401
"C033416",5,21482,"C047883",6.968839
"C033417",1,5732,"C012734",8.283472
"C033418",1,5732,"C012734",6.142679
"C033419",4,9961,"C022249",3.221533
"C033420",2,868,"C001904",2.893685
"C033421",2,868,"C001904",3.686007
"C033423",0,5705,"C012675",3.307512
"C033424",5,21482,"C047883",4.829210
"C033425",0,5705,"C012675",6.018926
"C033427",1,5732,"C012734",7.860526
"C033432",5,21482,"C047883",7.331625
"C033434",1,5732,"C012734",6.370331
"C033435",5,21482,"C047883",10.775336
"C033439",0,5705,"C012675",6.485680
"C033443",2,868,"C001904",9.048469
"C033444",2,868,"C001904",6.653777
"C033446",1,5732,"C012734",10.153366
"C033447",2,868,"C001904",5.542356
"C033449",5,21482,"C047883",12.275640
"C033452",5,21482,"C047883",14.278594
"C033453",0,5705,"C012675",2.751207
"C033457",4,9961,"C022249",3.105314
"C033459",2,868,"C001904",3.507880
"C033460",5,21482,"C047883",6.733207
"C033463",0,5705,"C012675",4.923174
"C033467",0,5705,"C012675",1.985495
"C033468",2,868,"C001904",2.102757
"C033474",5,21482,"C047883",11.843947
"C033475",5,21482,"C047883",11.887123
"C033478",1,5732,"C012734",12.314267
"C033480",5,21482,"C047883",3.206884
"C033481",2,868,"C001904",1.708815
"C033482",0,5705,"C012675",8.222767
"C033484",5,21482,"C047883",9.934189
"C033489",5,21482,"C047883",2.812689
"C033490",4,9961,"C022249",1.665062
"C033494",1,5732,"C012734",5.937732
"C033495",2,868,"C001904",1.642759
"C033499",4,9961,"C022249",4.716727
"C033500",3,16827,"C037407",7.677672
"C033501",4,9961,"C022249",3.555577
"C033502",5,21482,"C047883",15.836350
"C033506",4,9961,"C022249",7.344715
"C033507",5,21482,"C047883",5.134608
"C033510",5,21482,"C047883",1.594609
"C033512",5,21482,"C047883",3.795387
"C033513",2,868,"C001904",9.113541
"C033514",4,9961,"C022249",0.730637
"C033515",1,5732,"C012734",16.783303
"C033519",3,16827,"C037407",6.170068
"C033523",0,5705,"C012675",7.196141
"C033525",1,5732,"C012734",3.200842
"C033526",5,21482,"C047883",7.086606
"C033527",2,868,"C001904",2.487191
"C033528",1,5732,"C012734",12.226590
"C033531",0,5705,"C012675",9.076811
"C033537",0,5705,"C012675",6.778499
"C033538",4,9961,"C022249",2.382505
"C033539",1,5732,"C012734",1.282336
"C033540",2,868,"C001904",4.074308
"C033544",0,5705,"C012675",5.253746
"C033545",2,868,"C001904",5.234944
"C033548",5,21482,"C047883",5.183682
"C033550",0,5705,"C012675",6.211876
"C033552",5,21482,"C047883",3.026947
"C033557",5,21482,"C047883",11.732743
"C033559",0,5705,"C012675",8.524435
"C033560",5,21482,"C047883",4.654409
"C033562",1,5732,"C012734",6.151183
"C033564",0,5705,"C012675",7.871340
"C033565",0,5705,"C012675",5.805710
"C033566",1,5732,"C012734",4.990307
"C033568",5,21482,"C047883",3.310293
"C033576",5,21482,"C047883",8.918584
"C033580",0,5705,"C012675",5.648475
"C033581",1,5732,"C012734",6.200614
"C033582",4,9961,"C022249",3.758957
"C033583",1,5732,"C012734",16.476758
"C033584",5,21482,"C047883",9.563288
"C033586",2,868,"C001904",4.972787
"C033587",2,868,"C001904",4.359781
"C033590",1,5732,"C012734",14.631208
"C033592",5,21482,"C047883",3.346694
"C033600",3,16827,"C037407",3.476577
"C033605",5,21482,"C047883",10.734221
"C033606",1,5732,"C012734",15.373205
"C033607",5,21482,"C047883",11.718249
"C033608",5,21482,"C047883",10.587972
"C033609",0,5705,"C012675",3.129656
"C033611",3,16827,"C037407",4.153702
"C033614",2,868,"C001904",8.067852
"C033617",1,5732,"C012734",2.467375
"C033620",5,21482,"C047883",2.814557
"C033621",5,21482,"C047883",1.182298
"C033623",2,868,"C001904",11.149134
"C033624",2,868,"C001904",1.978932
"C033626",3,16827,"C037407",7.460650
"C033632",1,5732,"C012734",12.226818
"C033634",2,868,"C001904",3.895981
"C033635",2,868,"C001904",5.927681
"C033636",0,5705,"C012675",3.399356
"C033637",2,868,"C001904",4.879124
"C033638",3,16827,"C037407",7.020495
"C033639",2,868,"C001904",10.516399
"C033641",0,5705,"C012675",6.461648
"C033642",5,21482,"C047883",7.239838
"C033643",1,5732,"C012734",10.801884
"C033644",5,21482,"C047883",3.393045
"C033645",4,9961,"C022249",6.358371
"C033649",2,868,"C001904",8.100848
"C033651",4,9961,"C022249",2.810795
"C033655",1,5732,"C012734",6.748734
"C033660",3,16827,"C037407",3.357702
"C033662",0,5705,"C012675",4.022889
"C033664",1,5732,"C012734",11.124963
"C033666",1,5732,"C012734",3.787546
"C033668",5,21482,"C047883",12.111909
"C033669",4,9961,"C022249",7.371403
"C033677",0,5705,"C012675",5.458474
"C033679",5,21482,"C047883",8.196138
"C033680",4,9961,"C022249",1.410813
"C033682",2,868,"C001904",6.584954
"C033683",3,16827,"C037407",4.494978
"C033686",2,868,"C001904",2.917021
"C033689",3,16827,"C037407",5.092945
"C033690",4,9961,"C022249",2.835163
"C033691",1,5732,"C012734",5.652014
"C033692",0,5705,"C012675",4.871002
"C033693",4,9961,"C022249",4.191868
"C033696",1,5732,"C012734",3.742184
"C033698",5,21482,"C047883",6.741449
"C033699",1,5732,"C012734",7.095247
"C033701",2,868,"C001904",3.250606
"C033702",5,21482,"C047883",10.645959
"C033704",2,868,"C001904",6.385386
"C033706",5,21482,"C047883",2.197992
"C033708",2,868,"C001904",5.556157
"C033709",2,868,"C001904",6.758195
"C033710",5,21482,"C047883",13.309366
"C033711",1,5732,"C012734",7.125046
"C033713",0,5705,"C012675",6.521467
"C033720",1,5732,"C012734",3.841031
"C033721",2,868,"C001904",7.302701
"C033723",4,9961,"C022249",5.621939
"C033725",5,21482,"C047883",4.998979
"C033726",5,21482,"C047883",1.253740
"C033728",2,868,"C001904",11.019411
"C033730",2,868,"C001904",6.845125
"C033731",0,5705,"C012675",2.651591
"C033732",5,21482,"C047883",7.932792
"C033734",5,21482,"C047883",12.497447
"C033736",1,5732,"C012734",6.927189
"C033738",2,868,"C001904",2.581822
"C033740",0,5705,"C012675",3.291011
"C033743",2,868,"C001904",2.614735
"C033744",5,21482,"C047883",4.369423
"C033745",1,5732,"C012734",14.761780
"C033748",5,21482,"C047883",3.447872
"C033750",1,5732,"C012734",4.605236
"C033753",1,5732,"C012734",8.898190
"C033755",4,9961,"C022249",1.419280
"C033759",1,5732,"C012734",10.960293
"C033763",1,5732,"C012734",4.899557
"C033764",5,21482,"C047883",11.292188
"C033771",5,21482,"C047883",2.320441
"C033772",5,21482,"C047883",13.328190
"C033773",4,9961,"C022249",7.052720
"C033777",1,5732,"C012734",10.507589
"C033778",2,868,"C001904",8.296985
"C033779",4,9961,"C022249",2.575945
"C033781",1,5732,"C012734",5.458771
"C033785",1,5732,"C012734",2.157264
"C033786",1,5732,"C012734",7.821949
"C033788",0,5705,"C012675",1.031416
"C033790",1,5732,"C012734",9.321589
"C033791",5,21482,"C047883",1.772250
"C033792",4,9961,"C022249",3.110141
"C033794",0,5705,"C012675",6.710304
"C033797",0,5705,"C012675",7.254209
"C033798",3,16827,"C037407",0.392126
"C033800",0,5705,"C012675",7.165734
"C033801",2,868,"C001904",8.021613
"C033805",0,5705,"C012675",5.144283
"C033814",1,5732,"C012734",7.751822
"C033817",2,868,"C001904",7.057767
"C033820",5,21482,"C047883",12.266341
"C033821",5,21482,"C047883",5.440171
"C033827",4,9961,"C022249",1.872521
"C033829",2,868,"C001904",3.833425
"C033830",2,868,"C001904",3.328042
"C033833",1,5732,"C012734",8.589871
"C033834",2,868,"C001904",4.625685
"C033839",0,5705,"C012675",2.244820
"C033840",4,9961,"C022249",3.143383
"C033845",2,868,"C001904",5.950556
"C033849",0,5705,"C012675",7.838226
"C033853",4,9961,"C022249",2.855941
"C033854",0,5705,"C012675",2.820810
"C033855",2,868,"C001904",6.779227
"C033856",4,9961,"C022249",2.814453
"C033857",2,868,"C001904",4.599510
"C033859",1,5732,"C012734",5.434327
"C033860",3,16827,"C037407",3.745562
"C033861",5,21482,"C047883",2.361520
"C033863",3,16827,"C037407",2.744080
"C033865",5,21482,"C047883",9.294713
"C033866",5,21482,"C047883",8.112458
"C033867",3,16827,"C037407",8.348009
"C033870",3,16827,"C037407",4.689666
"C033877",4,9961,"C022249",4.742264
"C033878",4,9961,"C022249",2.040083
"C033882",2,868,"C001904",5.739073
"C033887",4,9961,"C022249",8.424572
"C033888",0,5705,"C012675",4.623012
"C033890",2,868,"C001904",1.186365
"C033891",1,5732,"C012734",1.248054
"C033892",1,5732,"C012734",9.784159
"C033893",4,9961,"C022249",3.476043
"C033895",1,5732,"C012734",10.709203
"C033896",2,868,"C001904",3.339704
"C033898",5,21482,"C047883",9.673526
"C033899",4,9961,"C022249",5.019756
"C033900",3,16827,"C037407",6.822710
"C033901",5,21482,"C047883",9.281938
"C033903",1,5732,"C012734",12.044756
"C033904",3,16827,"C037407",2.801463
"C033905",1,5732,"C012734",7.233648
"C033908",5,21482,"C047883",4.431114
"C033909",3,16827,"C037407",1.305421
"C033910",1,5732,"C012734",16.042322
"C033911",0,5705,"C012675",7.792757
"C033913",4,9961,"C022249",6.985468
"C033914",5,21482,"C047883",8.511905
"C033915",4,9961,"C022249",7.612853
"C033922",0,5705,"C012675",5.823287
"C033925",2,868,"C001904",1.094154
"C033926",0,5705,"C012675",7.599679
"C033927",1,5732,"C012734",5.775433
"C033928",2,868,"C001904",6.783510
"C033929",1,5732,"C012734",7.745637
"C033932",1,5732,"C012734",9.856458
"C033934",4,9961,"C022249",1.439187
"C033936",5,21482,"C047883",12.226370
"C033938",4,9961,"C022249",6.040040
"C033942",0,5705,"C012675",4.584011
"C033943",0,5705,"C012675",0.728204
"C033944",0,5705,"C012675",3.735937
"C033945",2,868,"C001904",10.415554
"C033948",5,21482,"C047883",3.048901
"C033949",5,21482,"C047883",5.970219
"C033952",0,5705,"C012675",4.636730
"C033954",0,5705,"C012675",1.778390
"C033956",2,868,"C001904",4.562308
"C033959",4,9961,"C022249",7.582362
"C033960",2,868,"C001904",5.870419
"C033964",5,21482,"C047883",2.886805
"C033965",5,21482,"C047883",10.206806
"C033966",4,9961,"C022249",5.197583
"C033967",0,5705,"C012675",7.569378
"C033968",5,21482,"C047883",9.266852
"C033969",5,21482,"C047883",5.835026
"C033970",5,21482,"C047883",8.505808
"C033972",5,21482,"C047883",8.446258
"C033974",1,5732,"C012734",6.740373
"C033975",5,21482,"C047883",6.388453
"C033978",0,5705,"C012675",4.397828
"C033979",0,5705,"C012675",2.070145
"C033980",0,5705,"C012675",9.830113
"C033985",1,5732,"C012734",6.476741
"C033986",0,5705,"C012675",1.334403
"C033988",1,5732,"C012734",7.980470
"C033991",1,5732,"C012734",6.779499
"C033993",4,9961,"C022249",2.406808
"C033994",1,5732,"C012734",3.999686
"C033997",0,5705,"C012675",4.698191
"C034000",1,5732,"C012734",1.903763
"C034007",3,16827,"C037407",3.396310
"C034009",0,5705,"C012675",2.413167
"C034010",5,21482,"C047883",8.898086
"C034012",5,21482,"C047883",14.509639
"C034013",3,16827,"C037407",7.783501
"C034017",5,21482,"C047883",3.180608
"C034019",4,9961,"C022249",5.596282
"C034022",5,21482,"C047883",3.503342
"C034026",4,9961,"C022249",3.919019
"C034029",5,21482,"C047883",3.881649
"C034030",5,21482,"C047883",2.295165
"C034031",2,868,"C001904",6.703097
"C034033",0,5705,"C012675",7.503476
"C034035",3,16827,"C037407",3.173287
"C034037",2,868,"C001904",7.909138
"C034039",5,21482,"C047883",4.078022
"C034040",0,5705,"C012675",5.032050
"C034041",5,21482,"C047883",8.209621
"C034043",3,16827,"C037407",5.494553
"C034050",4,9961,"C022249",8.685131
"C034052",0,5705,"C012675",3.347317
"C034056",3,16827,"C037407",3.384029
"C034058",2,868,"C001904",2.080961
"C034061",5,21482,"C047883",9.273008
"C034064",2,868,"C001904",2.166836
"C034067",3,16827,"C037407",3.649089
"C034068",1,5732,"C012734",4.466689
"C034073",1,5732,"C012734",2.324959
"C034074",0,5705,"C012675",0.848845
"C034075",0,5705,"C012675",6.146292
"C034077",5,21482,"C047883",10.233027
"C034078",5,21482,"C047883",3.804717
"C034079",2,868,"C001904",1.780148
"C034082",3,16827,"C037407",4.455620
"C034083",3,16827,"C037407",7.284098
"C034085",1,5732,"C012734",14.912229
"C034086",0,5705,"C012675",6.040768
"C034087",2,868,"C001904",8.315006
"C034097",2,868,"C001904",3.046689
"C034098",0,5705,"C012675",4.994378
"C034099",4,9961,"C022249",1.614413
"C034106",0,5705,"C012675",9.424080
"C034108",1,5732,"C012734",4.064231
"C034109",5,21482,"C047883",8.075512
"C034110",5,21482,"C047883",7.951463
"C034111",4,9961,"C022249",3.695696
"C034112",5,21482,"C047883",6.752625
"C034113",5,21482,"C047883",7.151865
"C034118",2,868,"C001904",4.751004
"C034120",3,16827,"C037407",3.227052
"C034121",2,868,"C001904",7.188942
"C034122",0,5705,"C012675",7.560723
"C034123",2,868,"C001904",4.541169
"C034124",0,5705,"C012675",3.449480
"C034128",0,5705,"C012675",4.476901
"C034129",0,5705,"C012675",7.322260
"C034130",0,5705,"C012675",2.261058
"C034133",4,9961,"C022249",0.437070
"C034136",3,16827,"C037407",3.136916
"C034137",5,21482,"C047883",11.654753
"C034138",3,16827,"C037407",5.092494
"C034142",5,21482,"C047883",2.456090
"C034143",3,16827,"C037407",6.470146
"C034145",1,5732,"C012734",11.562710
"C034147",1,5732,"C012734",10.773988
"C034148",0,5705,"C012675",0.570048
"C034150",2,868,"C001904",0.584015
"C034152",1,5732,"C012734",11.660949
"C034154",5,21482,"C047883",13.687083
"C034155",4,9961,"C022249",4.406317
"C034156",2,868,"C001904",7.613474
"C034157",3,16827,"C037407",2.032589
"C034161",5,21482,"C047883",3.246793
"C034163",1,5732,"C012734",6.372801
"C034164",0,5705,"C012675",4.600722
"C034166",2,868,"C001904",8.143057
"C034167",5,21482,"C047883",13.023708
"C034173",1,5732,"C012734",5.047802
"C034174",0,5705,"C012675",5.743098
"C034177",5,21482,"C047883",2.936886
"C034181",3,16827,"C037407",2.228231
"C034182",0,5705,"C012675",2.698019
"C034186",1,5732,"C012734",6.533976
"C034190",2,868,"C001904",5.320180
"C034192",4,9961,"C022249",3.396128
"C034193",3,16827,"C037407",8.323785
"C034194",5,21482,"C047883",4.355386
"C034195",2,868,"C001904",8.077801
"C034196",2,868,"C001904",2.854308
"C034197",4,9961,"C022249",3.044685
"C034198",0,5705,"C012675",6.002736
"C034200",4,9961,"C022249",4.524095
"C034201",0,5705,"C012675",5.017379
"C034203",2,868,"C001904",6.875845
"C034204",5,21482,"C047883",9.234715
"C034205",5,21482,"C047883",8.381446
"C034206",5,21482,"C047883",6.150845
"C034208",1,5732,"C012734",5.458120
"C034210",5,21482,"C047883",12.600172
"C034212",0,5705,"C012675",4.519864
"C034214",5,21482,"C047883",11.553109
"C034215",4,9961,"C022249",5.019307
"C034216",1,5732,"C012734",12.421233
"C034217",5,21482,"C047883",12.512716
"C034220",1,5732,"C012734",1.432320
"C034222",5,21482,"C047883",7.054273
"C034224",4,9961,"C022249",3.118348
"C034227",2,868,"C001904",1.215803
"C034229",0,5705,"C012675",6.405723
"C034232",1,5732,"C012734",5.679463
"C034234",3,16827,"C037407",10.488217
"C034236",3,16827,"C037407",9.224002
"C034237",5,21482,"C047883",10.101518
"C034238",1,5732,"C012734",3.696546
"C034242",3,16827,"C037407",5.392811
"C034243",2,868,"C001904",10.294128
"C034245",0,5705,"C012675",3.503454
"C034250",4,9961,"C022249",3.679790
"C034253",4,9961,"C022249",3.201037
"C034254",4,9961,"C022249",5.080615
"C034259",2,868,"C001904",12.581327
"C034260",1,5732,"C012734",10.912619
"C034265",0,5705,"C012675",4.148523
"C034272",4,9961,"C022249",6.342390
"C034273",4,9961,"C022249",2.583931
"C034275",1,5732,"C012734",9.786399
"C034276",0,5705,"C012675",3.928515
"C034281",1,5732,"C012734",9.847804
"C034282",1,5732,"C012734",8.887363
"C034285",1,5732,"C012734",2.524554
"C034289",5,21482,"C047883",3.358207
"C034291",0,5705,"C012675",1.775831
"C034293",1,5732,"C012734",9.784111
"C034296",2,868,"C001904",11.761888
"C034297",3,16827,"C037407",1.807871
"C034298",2,868,"C001904",3.827477
"C034301",0,5705,"C012675",8.274484
"C034303",2,868,"C001904",4.106887
"C034305",1,5732,"C012734",2.168273
"C034307",2,868,"C001904",1.241754
"C034313",1,5732,"C012734",10.044663
"C034314",2,868,"C001904",8.305381
"C034315",2,868,"C001904",7.922170
"C034316",0,5705,"C012675",2.949717
"C034317",5,21482,"C047883",6.138049
"C034318",1,5732,"C012734",10.010315
"C034323",1,5732,"C012734",10.681522
"C034326",0,5705,"C012675",3.584936
"C034327",3,16827,"C037407",7.351430
"C034330",1,5732,"C012734",0.782132
"C034331",3,16827,"C037407",5.750919
"C034332",1,5732,"C012734",3.109135
"C034335",1,5732,"C012734",2.378921
"C034337",5,21482,"C047883",3.642102
"C034338",2,868,"C001904",3.139925
"C034339",2,868,"C001904",6.122631
"C034340",3,16827,"C037407",7.675775
"C034341",5,21482,"C047883",10.381819
"C034343",3,16827,"C037407",7.979716
"C034346",0,5705,"C012675",4.891710
"C034347",0,5705,"C012675",3.878321
"C034348",5,21482,"C047883",1.772344
"C034349",2,868,"C001904",6.717452
"C034350",3,16827,"C037407",4.785180
"C034352",1,5732,"C012734",3.205918
"C034355",0,5705,"C012675",3.867481
"C034356",0,5705,"C012675",5.768960
"C034358",0,5705,"C012675",10.027909
"C034360",5,21482,"C047883",8.252476
"C034364",1,5732,"C012734",1.005445
"C034366",1,5732,"C012734",13.671419
"C034374",1,5732,"C012734",6.905484
"C034377",2,868,"C001904",3.407663
"C034380",2,868,"C001904",9.762677
"C034382",0,5705,"C012675",10.213022
"C034384",4,9961,"C022249",6.773084
"C034385",0,5705,"C012675",6.921533
"C034386",5,21482,"C047883",12.315977
"C034387",1,5732,"C012734",8.839206
"C034388",3,16827,"C037407",3.412786
"C034389",2,868,"C001904",8.158257
"C034393",5,21482,"C047883",8.734895
"C034395",2,868,"C001904",3.573231
"C034397",2,868,"C001904",9.081051
"C034405",3,16827,"C037407",7.126909
"C034406",1,5732,"C012734",10.634869
"C034407",1,5732,"C012734",2.919456
"C034409",1,5732,"C012734",0.437895
"C034410",0,5705,"C012675",8.284371
"C034411",5,21482,"C047883",3.553146
"C034418",4,9961,"C022249",5.876600
"C034420",1,5732,"C012734",5.747769
"C034422",5,21482,"C047883",2.494432
"C034425",5,21482,"C047883",2.804726
"C034427",5,21482,"C047883",12.357088
"C034429",0,5705,"C012675",3.241940
"C034430",4,9961,"C022249",3.840680
"C034431",5,21482,"C047883",11.318253
"C034433",2,868,"C001904",9.089284
"C034434",2,868,"C001904",2.829135
"C034436",3,16827,"C037407",1.835794
"C034437",1,5732,"C012734",1.071990
"C034438",3,16827,"C037407",2.632480
"C034439",1,5732,"C012734",15.609409
"C034440",1,5732,"C012734",7.166603
"C034441",4,9961,"C022249",3.443825
"C034443",5,21482,"C047883",2.667605
"C034445",0,5705,"C012675",4.437422
"C034447",2,868,"C001904",4.528214
"C034448",2,868,"C001904",4.066216
"C034453",2,868,"C001904",8.223230
"C034454",1,5732,"C012734",5.762348
"C034455",4,9961,"C022249",3.188082
"C034458",5,21482,"C047883",12.417773
"C034459",2,868,"C001904",3.529556
"C034461",5,21482,"C047883",6.128663
"C034462",0,5705,"C012675",9.868410
"C034464",4,9961,"C022249",2.331493
"C034465",4,9961,"C022249",5.019081
"C034466",1,5732,"C012734",1.547352
"C034470",0,5705,"C012675",6.588404
"C034472",5,21482,"C047883",13.458836
"C034474",1,5732,"C012734",8.185238
"C034476",0,5705,"C012675",5.988289
"C034477",3,16827,"C037407",5.580316
"C034478",3,16827,"C037407",4.167653
"C034479",4,9961,"C022249",2.237411
"C034481",2,868,"C001904",4.964982
"C034485",1,5732,"C012734",2.839266
"C034488",1,5732,"C012734",10.312240
"C034494",1,5732,"C012734",8.778227
"C034495",1,5732,"C012734",9.023643
"C034496",0,5705,"C012675",6.428946
"C034501",1,5732,"C012734",1.571032
"C034504",3,16827,"C037407",5.347766
"C034505",4,9961,"C022249",2.984790
"C034506",2,868,"C001904",1.664530
"C034508",1,5732,"C012734",7.496556
"C034512",0,5705,"C012675",5.722580
"C034514",0,5705,"C012675",3.965177
"C034515",3,16827,"C037407",0.859798
"C034516",5,21482,"C047883",5.164534
"C034517",5,21482,"C047883",10.245574
"C034521",3,16827,"C037407",6.935654
"C034523",0,5705,"C012675",5.577513
"C034525",1,5732,"C012734",2.430251
"C034530",4,9961,"C022249",5.621942
"C034531",5,21482,"C047883",12.670363
"C034532",1,5732,"C012734",15.541298
"C034533",1,5732,"C012734",5.607278
"C034535",1,5732,"C012734",7.258578
"C034537",4,9961,"C022249",3.099308
"C034538",5,21482,"C047883",1.407721
"C034542",5,21482,"C047883",2.719379
"C034545",5,21482,"C047883",11.295951
"C034546",5,21482,"C047883",4.584097
"C034547",5,21482,"C047883",14.847688
"C034551",1,5732,"C012734",11.553303
"C034553",0,5705,"C012675",9.481014
"C034557",5,21482,"C047883",3.269300
"C034563",5,21482,"C047883",11.119521
"C034566",0,5705,"C012675",3.588086
"C034576",5,21482,"C047883",9.293596
"C034578",0,5705,"C012675",3.145228
"C034581",2,868,"C001904",10.135707
"C034585",5,21482,"C047883",7.703366
"C034586",1,5732,"C012734",6.214887
"C034588",5,21482,"C047883",5.036169
"C034589",5,21482,"C047883",14.961036
"C034590",1,5732,"C012734",0.661725
"C034591",1,5732,"C012734",2.969419
"C034592",0,5705,"C012675",4.273393
"C034595",5,21482,"C047883",2.775378
"C034596",0,5705,"C012675",2.347747
"C034598",2,868,"C001904",7.714850
"C034601",2,868,"C001904",5.714091
"C034605",1,5732,"C012734",8.290894
"C034607",3,16827,"C037407",5.264562
"C034608",5,21482,"C047883",12.606748
"C034616",0,5705,"C012675",6.346861
"C034618",5,21482,"C047883",6.132984
"C034619",1,5732,"C012734",5.257229
"C034621",5,21482,"C047883",4.203540
"C034623",4,9961,"C022249",1.063153
"C034626",3,16827,"C037407",0.789639
"C034628",1,5732,"C012734",8.689910
"C034629",3,16827,"C037407",3.769624
"C034630",0,5705,"C012675",6.030572
"C034633",5,21482,"C047883",8.554856
"C034635",2,868,"C001904",8.744015
"C034637",0,5705,"C012675",6.232822
"C034638",2,868,"C001904",10.097930
"C034640",5,21482,"C047883",11.972507
"C034641",1,5732,"C012734",2.239489
"C034642",1,5732,"C012734",5.440437
"C034643",5,21482,"C047883",11.699401
"C034644",1,5732,"C012734",9.777036
"C034645",0,5705,"C012675",1.013141
"C034646",1,5732,"C012734",8.170646
"C034648",1,5732,"C012734",5.535850
"C034649",0,5705,"C012675",5.553799
"C034651",5,21482,"C047883",3.521717
"C034654",0,5705,"C012675",6.303528
"C034656",5,21482,"C047883",8.620102
"C034661",1,5732,"C012734",3.279956
"C034662",0,5705,"C012675",2.192989
"C034664",5,21482,"C047883",5.954145
"C034666",5,21482,"C047883",1.614845
"C034667",5,21482,"C047883",6.975077
"C034669",0,5705,"C012675",2.649368
"C034670",2,868,"C001904",7.354034
"C034671",3,16827,"C037407",0.966693
"C034672",1,5732,"C012734",3.011587
"C034673",3,16827,"C037407",3.127513
"C034676",2,868,"C001904",6.790264
"C034677",5,21482,"C047883",2.556230
"C034678",5,21482,"C047883",7.655854
"C034679",1,5732,"C012734",1.535756
"C034684",0,5705,"C012675",5.043876
"C034685",1,5732,"C012734",12.183916
"C034687",0,5705,"C012675",1.532779
"C034688",1,5732,"C012734",8.355235
"C034692",1,5732,"C012734",6.256450
"C034695",0,5705,"C012675",4.093455
"C034696",4,9961,"C022249",2.440539
"C034697",2,868,"C001904",8.008527
"C034698",4,9961,"C022249",5.285212
"C034701",3,16827,"C037407",6.387081
"C034702",2,868,"C001904",1.856126
"C034705",0,5705,"C012675",4.431990
"C034706",0,5705,"C012675",7.054342
"C034709",2,868,"C001904",4.462277
"C034710",3,16827,"C037407",2.405076
"C034711",4,9961,"C022249",7.072362
"C034720",2,868,"C001904",3.219558
"C034724",1,5732,"C012734",5.368965
"C034725",2,868,"C001904",3.286398
"C034731",5,21482,"C047883",1.071701
"C034732",0,5705,"C012675",9.386550
"C034733",0,5705,"C012675",2.134387
"C034738",5,21482,"C047883",6.316471
"C034741",5,21482,"C047883",6.261688
"C034743",2,868,"C001904",4.166065
"C034744",4,9961,"C022249",6.455857
"C034745",4,9961,"C022249",3.675680
"C034746",1,5732,"C012734",6.101489
"C034752",5,21482,"C047883",6.428665
"C034754",5,21482,"C047883",14.026526
"C034755",2,868,"C001904",8.441006
"C034756",1,5732,"C012734",4.547898
"C034761",0,5705,"C012675",9.165471
"C034762",3,16827,"C037407",1.462811
"C034763",1,5732,"C012734",0.995277
"C034765",0,5705,"C012675",3.983203
"C034771",1,5732,"C012734",4.954993
"C034776",2,868,"C001904",1.834919
"C034779",5,21482,"C047883",1.127146
"C034780",0,5705,"C012675",8.450432
"C034782",5,21482,"C047883",10.600685
"C034791",5,21482,"C047883",10.992562
"C034792",3,16827,"C037407",3.090044
"C034796",5,21482,"C047883",12.386172
"C034798",1,5732,"C012734",7.213696
"C034799",3,16827,"C037407",3.477628
"C034801",4,9961,"C022249",4.045344
"C034804",0,5705,"C012675",4.800339
"C034805",0,5705,"C012675",3.270025
"C034808",0,5705,"C012675",2.125587
"C034809",4,9961,"C022249",4.841558
"C034810",4,9961,"C022249",1.711412
"C034813",1,5732,"C012734",14.199215
"C034814",2,868,"C001904",5.158889
"C034817",2,868,"C001904",2.370061
"C034818",3,16827,"C037407",7.058867
"C034820",2,868,"C001904",8.686462
"C034823",0,5705,"C012675",1.250380
"C034824",0,5705,"C012675",2.559184
"C034827",2,868,"C001904",8.553721
"C034831",5,21482,"C047883",11.852912
"C034833",5,21482,"C047883",8.371580
"C034836",1,5732,"C012734",6.607350
"C034837",0,5705,"C012675",2.317411
"C034838",5,21482,"C047883",11.923136
"C034839",1,5732,"C012734",4.885449
"C034840",2,868,"C001904",9.558807
"C034842",2,868,"C001904",9.586530
"C034844",0,5705,"C012675",1.244066
"C034848",3,16827,"C037407",5.506143
"C034849",4,9961,"C022249",7.274230
"C034850",3,16827,"C037407",2.548702
"C034851",5,21482,"C047883",4.389569
"C034858",5,21482,"C047883",10.530569
"C034859",2,868,"C001904",3.972777
"C034860",2,868,"C001904",9.702779
"C034863",0,5705,"C012675",5.841546
"C034867",4,9961,"C022249",5.645183
"C034870",5,21482,"C047883",1.704884
"C034871",3,16827,"C037407",9.807215
"C034876",5,21482,"C047883",4.491068
"C034877",4,9961,"C022249",4.181431
"C034882",5,21482,"C047883",7.077338
"C034883",3,16827,"C037407",2.131897
"C034884",5,21482,"C047883",10.996255
"C034886",1,5732,"C012734",7.998874
"C034887",1,5732,"C012734",6.433821
"C034888",0,5705,"C012675",5.135145
"C034891",2,868,"C001904",4.028421
"C034893",5,21482,"C047883",12.050548
"C034894",5,21482,"C047883",9.630259
"C034896",0,5705,"C012675",10.392492
"C034897",3,16827,"C037407",0.561322
"C034900",2,868,"C001904",4.092375
"C034902",1,5732,"C012734",2.943134
"C034905",1,5732,"C012734",10.459675
"C034906",1,5732,"C012734",1.694767
"C034910",1,5732,"C012734",3.703164
"C034912",5,21482,"C047883",5.414267
"C034913",2,868,"C001904",6.319027
"C034914",2,868,"C001904",5.604713
"C034916",5,21482,"C047883",9.896561
"C034918",0,5705,"C012675",2.640055
"C034919",2,868,"C001904",5.838597
"C034921",4,9961,"C022249",9.501551
"C034923",4,9961,"C022249",4.763033
"C034925",2,868,"C001904",5.191038
"C034930",4,9961,"C022249",3.714257
"C034931",0,5705,"C012675",6.484091
"C034933",5,21482,"C047883",9.993758
"C034936",2,868,"C001904",5.395802
"C034938",2,868,"C001904",3.522413
"C034939",5,21482,"C047883",5.319388
"C034940",0,5705,"C012675",9.919602
"C034942",1,5732,"C012734",5.376635
"C034945",1,5732,"C012734",10.687437
"C034947",3,16827,"C037407",2.990772
"C034949",5,21482,"C047883",8.255207
"C034950",2,868,"C001904",3.525495
"C034952",1,5732,"C012734",4.768560
"C034955",5,21482,"C047883",4.162319
"C034957",2,868,"C001904",3.466759
"C034959",4,9961,"C022249",4.426853
"C034960",4,9961,"C022249",4.363174
"C034962",5,21482,"C047883",7.534707
"C034963",2,868,"C001904",7.480427
"C034966",3,16827,"C037407",6.047960
"C034967",5,21482,"C047883",7.910237
"C034968",0,5705,"C012675",0.871199
"C034969",2,868,"C001904",5.425437
"C034971",1,5732,"C012734",15.829999
"C034972",4,9961,"C022249",1.800416
"C034976",3,16827,"C037407",1.848360
"C034977",2,868,"C001904",8.134970
"C034979",0,5705,"C012675",0.565324
"C034980",3,16827,"C037407",6.653902
"C034981",1,5732,"C012734",5.806278
"C034984",5,21482,"C047883",8.093469
"C034986",0,5705,"C012675",3.814431
"C034987",3,16827,"C037407",3.302207
"C034988",5,21482,"C047883",5.592524
"C034989",0,5705,"C012675",1.325395
"C034990",5,21482,"C047883",13.407694
"C034991",5,21482,"C047883",4.835883
"C034993",1,5732,"C012734",1.694368
"C034994",2,868,"C001904",1.130551
"C034995",2,868,"C001904",6.325423
"C034997",2,868,"C001904",4.201602
"C035001",0,5705,"C012675",5.301975
"C035003",0,5705,"C012675",5.862348
"C035004",0,5705,"C012675",7.615532
"C035007",0,5705,"C012675",6.191059
"C035010",5,21482,"C047883",10.655506
"C035013",0,5705,"C012675",2.215401
"C035017",5,21482,"C047883",8.125460
"C035020",4,9961,"C022249",3.090970
"C035021",0,5705,"C012675",7.258372
"C035024",4,9961,"C022249",4.980249
"C035025",5,21482,"C047883",7.040919
"C035026",3,16827,"C037407",6.969920
"C035028",4,9961,"C022249",2.566336
"C035029",2,868,"C001904",7.570216
"C035031",5,21482,"C047883",8.709454
"C035034",5,21482,"C047883",8.208674
"C035035",4,9961,"C022249",2.431603
"C035042",5,21482,"C047883",12.571689
"C035044",0,5705,"C012675",3.781289
"C035045",5,21482,"C047883",7.235489
"C035047",0,5705,"C012675",8.996057
"C035050",2,868,"C001904",8.650523
"C035052",5,21482,"C047883",7.628086
"C035053",5,21482,"C047883",7.383435
"C035057",2,868,"C001904",8.468287
"C035060",1,5732,"C012734",1.241188
"C035061",2,868,"C001904",2.517001
"C035062",4,9961,"C022249",2.690022
"C035064",0,5705,"C012675",8.404716
"C035065",2,868,"C001904",2.130213
"C035067",2,868,"C001904",2.906803
"C035068",0,5705,"C012675",3.097534
"C035071",0,5705,"C012675",3.897792
"C035076",0,5705,"C012675",4.490027
"C035080",0,5705,"C012675",9.339309
"C035081",0,5705,"C012675",5.295822
"C035084",0,5705,"C012675",5.738370
"C035085",2,868,"C001904",10.736344
"C035087",5,21482,"C047883",2.833569
"C035089",3,16827,"C037407",4.632645
"C035091",0,5705,"C012675",1.475962
"C035092",0,5705,"C012675",4.857527
"C035093",0,5705,"C012675",3.304390
"C035094",5,21482,"C047883",5.729100
"C035095",3,16827,"C037407",6.195592
"C035099",2,868,"C001904",4.372313
"C035103",5,21482,"C047883",2.259454
"C035104",0,5705,"C012675",5.874212
"C035107",4,9961,"C022249",0.800460
"C035108",5,21482,"C047883",5.098290
"C035110",1,5732,"C012734",15.724869
"C035114",3,16827,"C037407",1.465777
"C035116",4,9961,"C022249",6.894683
"C035118",2,868,"C001904",5.668056
"C035119",5,21482,"C047883",10.450539
"C035122",1,5732,"C012734",7.071631
"C035123",3,16827,"C037407",3.423155
"C035127",0,5705,"C012675",4.331896
"C035132",2,868,"C001904",0.922475
"C035141",1,5732,"C012734",8.953170
"C035144",2,868,"C001904",4.848052
"C035147",2,868,"C001904",4.735612
"C035148",0,5705,"C012675",4.873424
"C035150",5,21482,"C047883",7.848252
"C035152",5,21482,"C047883",2.497320
"C035154",1,5732,"C012734",12.343502
"C035155",2,868,"C001904",8.299973
"C035156",3,16827,"C037407",6.596120
"C035157",4,9961,"C022249",3.951866
"C035158",5,21482,"C047883",10.198831
"C035161",5,21482,"C047883",11.827530
"C035164",4,9961,"C022249",4.289273
"C035166",2,868,"C001904",7.650162
"C035167",0,5705,"C012675",6.159430
"C035170",4,9961,"C022249",2.094441
"C035171",1,5732,"C012734",16.003932
"C035172",0,5705,"C012675",4.770331
"C035174",5,21482,"C047883",12.538631
"C035175",0,5705,"C012675",5.882000
"C035177",5,21482,"C047883",9.524178
"C035178",5,21482,"C047883",12.966313
"C035180",5,21482,"C047883",8.218055
"C035184",5,21482,"C047883",13.572184
"C035185",3,16827,"C037407",6.431820
"C035186",5,21482,"C047883",8.988975
"C035191",3,16827,"C037407",2.902906
"C035194",5,21482,"C047883",12.450030
"C035195",4,9961,"C022249",3.553767
"C035200",3,16827,"C037407",8.347908
"C035201",0,5705,"C012675",0.724303
"C035203",1,5732,"C012734",9.982562
"C035204",1,5732,"C012734",1.538814
"C035205",0,5705,"C012675",4.266969
"C035208",2,868,"C001904",6.757077
"C035209",5,21482,"C047883",1.014183
"C035210",5,21482,"C047883",9.261824
"C035215",2,868,"C001904",9.313596
"C035218",5,21482,"C047883",4.903472
"C035219",2,868,"C001904",4.484163
"C035220",5,21482,"C047883",5.877234
"C035222",0,5705,"C012675",8.325805
"C035229",5,21482,"C047883",2.357325
"C035231",2,868,"C001904",4.003266
"C035232",4,9961,"C022249",4.131433
"C035233",4,9961,"C022249",4.593657
"C035235",5,21482,"C047883",6.890585
"C035236",0,5705,"C012675",3.372630
"C035238",1,5732,"C012734",3.151884
"C035242",5,21482,"C047883",9.245785
"C035243",3,16827,"C037407",2.876679
"C035244",3,16827,"C037407",2.585052
"C035246",5,21482,"C047883",11.535548
"C035247",5,21482,"C047883",3.360259
"C035250",5,21482,"C047883",11.198565
"C035260",2,868,"C001904",3.139412
"C035268",5,21482,"C047883",5.588346
"C035269",0,5705,"C012675",9.252685
"C035271",0,5705,"C012675",7.955106
"C035274",0,5705,"C012675",5.231834
"C035275",1,5732,"C012734",1.803762
"C035276",4,9961,"C022249",4.479406
"C035277",1,5732,"C012734",13.526985
"C035278",5,21482,"C047883",1.725471
"C035283",4,9961,"C022249",3.299666
"C035285",1,5732,"C012734",4.751392
"C035286",0,5705,"C012675",4.458581
"C035289",1,5732,"C012734",5.737382
"C035291",1,5732,"C012734",5.962060
"C035292",2,868,"C001904",3.089531
"C035294",2,868,"C001904",11.358553
"C035297",3,16827,"C037407",6.569784
"C035298",2,868,"C001904",4.509254
"C035299",2,868,"C001904",6.133813
"C035303",1,5732,"C012734",9.137344
"C035305",0,5705,"C012675",5.421504
"C035306",5,21482,"C047883",12.704197
"C035308",2,868,"C001904",8.771392
"C035315",0,5705,"C012675",5.945638
"C035318",0,5705,"C012675",4.327999
"C035319",2,868,"C001904",1.648249
"C035322",1,5732,"C012734",7.162737
"C035323",2,868,"C001904",9.312721
"C035324",1,5732,"C012734",7.655480
"C035327",5,21482,"C047883",11.419469
"C035328",1,5732,"C012734",7.881788
"C035331",5,21482,"C047883",2.061969
"C035332",4,9961,"C022249",5.241362
"C035338",1,5732,"C012734",7.247223
"C035341",5,21482,"C047883",3.125446
"C035342",2,868,"C001904",3.386681
"C035343",2,868,"C001904",6.178876
"C035344",0,5705,"C012675",5.163864
"C035348",2,868,"C001904",7.294618
"C035351",2,868,"C001904",6.840860
"C035354",5,21482,"C047883",2.872272
"C035355",5,21482,"C047883",8.437442
"C035356",2,868,"C001904",8.629478
"C035359",1,5732,"C012734",14.300793
"C035361",4,9961,"C022249",3.932174
"C035364",5,21482,"C047883",3.805932
"C035371",2,868,"C001904",3.270461
"C035372",5,21482,"C047883",3.247014
"C035374",4,9961,"C022249",7.854101
"C035379",3,16827,"C037407",5.084888
"C035383",5,21482,"C047883",2.737855
"C035384",1,5732,"C012734",8.609446
"C035386",1,5732,"C012734",11.207248
"C035389",1,5732,"C012734",8.598861
"C035392",1,5732,"C012734",2.061838
"C035401",0,5705,"C012675",9.036596
"C035402",1,5732,"C012734",6.961355
"C035406",5,21482,"C047883",15.738152
"C035407",1,5732,"C012734",4.703849
"C035408",1,5732,"C012734",3.748476
"C035412",3,16827,"C037407",4.945937
"C035414",2,868,"C001904",3.606823
"C035417",1,5732,"C012734",2.242384
"C035420",5,21482,"C047883",9.439496
"C035423",0,5705,"C012675",1.258145
"C035425",2,868,"C001904",3.399455
"C035430",1,5732,"C012734",10.295641
"C035431",0,5705,"C012675",5.705679
"C035432",0,5705,"C012675",1.827814
"C035434",0,5705,"C012675",3.704867
"C035436",1,5732,"C012734",1.409732
"C035437",0,5705,"C012675",5.734511
"C035438",5,21482,"C047883",1.149605
"C035440",2,868,"C001904",2.948209
"C035443",3,16827,"C037407",4.664276
"C035444",2,868,"C001904",6.580674
"C035449",2,868,"C001904",8.243174
"C035454",5,21482,"C047883",14.236176
"C035455",5,21482,"C047883",9.647375
"C035456",5,21482,"C047883",3.845127
"C035457",0,5705,"C012675",8.929297
"C035458",2,868,"C001904",6.415940
"C035459",1,5732,"C012734",3.740356
"C035460",5,21482,"C047883",11.034172
"C035467",0,5705,"C012675",6.102555
"C035468",1,5732,"C012734",15.447064
"C035472",0,5705,"C012675",3.688594
"C035479",2,868,"C001904",7.799838
"C035482",2,868,"C001904",4.127671
"C035485",0,5705,"C012675",5.946310
"C035487",4,9961,"C022249",3.616421
"C035488",1,5732,"C012734",3.218847
"C035489",5,21482,"C047883",13.429526
"C035491",0,5705,"C012675",5.774492
"C035496",1,5732,"C012734",14.002018
"C035497",2,868,"C001904",9.154818
"C035501",0,5705,"C012675",3.951884
"C035502",4,9961,"C022249",5.625234
"C035504",0,5705,"C012675",3.634335
"C035506",5,21482,"C047883",6.429537
"C035509",4,9961,"C022249",4.160588
"C035510",1,5732,"C012734",12.807194
"C035512",3,16827,"C037407",2.967134
"C035516",3,16827,"C037407",6.333562
"C035521",1,5732,"C012734",10.105734
"C035522",1,5732,"C012734",7.750535
"C035523",1,5732,"C012734",9.571863
"C035525",5,21482,"C047883",7.378994
"C035528",5,21482,"C047883",8.042726
"C035529",1,5732,"C012734",8.250781
"C035532",5,21482,"C047883",4.557313
"C035533",2,868,"C001904",1.627143
"C035534",4,9961,"C022249",1.443856
"C035539",4,9961,"C022249",8.418005
"C035540",5,21482,"C047883",1.355422
"C035544",2,868,"C001904",5.294655
"C035548",1,5732,"C012734",7.881047
"C035551",1,5732,"C012734",4.133240
"C035555",1,5732,"C012734",4.240949
"C035556",0,5705,"C012675",4.163294
"C035559",1,5732,"C012734",7.405132
"C035562",4,9961,"C022249",4.056915
"C035563",2,868,"C001904",5.188696
"C035568",1,5732,"C012734",5.208808
"C035569",4,9961,"C022249",3.144685
"C035570",5,21482,"C047883",10.593280
"C035571",3,16827,"C037407",6.760213
"C035573",4,9961,"C022249",7.318972
"C035574",1,5732,"C012734",4.480466
"C035577",2,868,"C001904",2.646042
"C035580",1,5732,"C012734",0.975409
"C035581",1,5732,"C012734",4.711163
"C035583",2,868,"C001904",1.838534
"C035584",5,21482,"C047883",3.575605
"C035585",2,868,"C001904",4.118543
"C035589",0,5705,"C012675",5.663517
"C035590",5,21482,"C047883",2.789320
"C035594",1,5732,"C012734",13.918187
"C035595",0,5705,"C012675",5.634283
"C035601",3,16827,"C037407",1.870809
"C035614",5,21482,"C047883",5.505585
"C035616",2,868,"C001904",1.287743
"C035617",0,5705,"C012675",6.304896
"C035618",1,5732,"C012734",3.777712
"C035620",3,16827,"C037407",9.382639
"C035622",3,16827,"C037407",6.617110
"C035623",5,21482,"C047883",10.834156
"C035626",3,16827,"C037407",1.760961
"C035627",5,21482,"C047883",2.733658
"C035629",2,868,"C001904",2.331918
"C035630",1,5732,"C012734",5.229398
"C035636",1,5732,"C012734",15.944600
"C035638",0,5705,"C012675",1.549495
"C035642",5,21482,"C047883",8.875601
"C035644",5,21482,"C047883",7.773011
"C035647",4,9961,"C022249",6.631240
"C035650",1,5732,"C012734",4.643156
"C035653",0,5705,"C012675",9.834362
"C035654",3,16827,"C037407",2.648362
"C035658",5,21482,"C047883",5.665170
"C035659",5,21482,"C047883",2.800073
"C035661",5,21482,"C047883",2.786029
"C035663",5,21482,"C047883",1.615909
"C035665",1,5732,"C012734",1.780136
"C035666",1,5732,"C012734",1.128868
"C035667",2,868,"C001904",7.991729
"C035674",4,9961,"C022249",3.132464
"C035677",3,16827,"C037407",2.517576
"C035678",0,5705,"C012675",2.630735
"C035681",0,5705,"C012675",4.055452
"C035684",1,5732,"C012734",9.895230
"C035685",2,868,"C001904",5.677798
"C035691",5,21482,"C047883",2.900669
"C035692",0,5705,"C012675",7.522179
"C035698",5,21482,"C047883",5.882722
"C035706",0,5705,"C012675",4.939427
"C035707",5,21482,"C047883",3.662855
"C035709",1,5732,"C012734",7.057644
"C035710",5,21482,"C047883",7.581396
"C035713",0,5705,"C012675",6.107417
"C035720",5,21482,"C047883",1.255284
"C035721",2,868,"C001904",7.990559
"C035723",1,5732,"C012734",5.725828
"C035725",1,5732,"C012734",5.411196
"C035730",5,21482,"C047883",1.002520
"C035732",1,5732,"C012734",8.192805
"C035733",1,5732,"C012734",7.026976
"C035740",0,5705,"C012675",4.391939
"C035741",5,21482,"C047883",2.681985
"C035743",5,21482,"C047883",7.332749
"C035746",5,21482,"C047883",5.294426
"C035748",5,21482,"C047883",12.891176
"C035750",1,5732,"C012734",1.607281
"C035751",1,5732,"C012734",3.342220
"C035754",5,21482,"C047883",8.405333
"C035755",4,9961,"C022249",4.339524
"C035758",0,5705,"C012675",10.815997
"C035762",5,21482,"C047883",10.641139
"C035764",1,5732,"C012734",3.673149
"C035766",5,21482,"C047883",14.786752
"C035768",1,5732,"C012734",11.156757
"C035771",5,21482,"C047883",5.926270
"C035772",0,5705,"C012675",7.430792
"C035774",3,16827,"C037407",10.205602
"C035775",5,21482,"C047883",1.756259
"C035776",1,5732,"C012734",13.042806
"C035777",5,21482,"C047883",6.963699
"C035778",3,16827,"C037407",6.022702
"C035779",3,16827,"C037407",5.681465
"C035781",5,21482,"C047883",5.494484
"C035784",2,868,"C001904",4.293958
"C035786",1,5732,"C012734",16.128751
"C035787",5,21482,"C047883",14.389842
"C035789",1,5732,"C012734",3.446129
"C035790",0,5705,"C012675",9.521624
"C035792",0,5705,"C012675",5.819295
"C035793",4,9961,"C022249",6.124093
"C035795",1,5732,"C012734",14.075463
"C035798",0,5705,"C012675",0.668540
"C035799",1,5732,"C012734",7.411090
"C035801",0,5705,"C012675",7.380403
"C035803",4,9961,"C022249",3.877129
"C035805",5,21482,"C047883",11.748209
"C035807",1,5732,"C012734",8.801827
"C035810",1,5732,"C012734",4.795023
"C035814",2,868,"C001904",1.444771
"C035817",2,868,"C001904",4.212142
"C035818",5,21482,"C047883",9.655255
"C035820",2,868,"C001904",2.243332
"C035825",2,868,"C001904",8.520718
"C035826",1,5732,"C012734",5.635380
"C035827",3,16827,"C037407",4.936435
"C035828",0,5705,"C012675",5.412647
"C035829",0,5705,"C012675",2.673614
"C035832",2,868,"C001904",8.851936
"C035834",5,21482,"C047883",2.601800
"C035836",4,9961,"C022249",5.543073
"C035840",1,5732,"C012734",5.504812
"C035841",0,5705,"C012675",1.598548
"C035842",5,21482,"C047883",5.597879
"C035843",0,5705,"C012675",5.637254
"C035846",2,868,"C001904",4.918754
"C035850",2,868,"C001904",6.319844
"C035851",5,21482,"C047883",5.728394
"C035852",0,5705,"C012675",7.521047
"C035862",5,21482,"C047883",10.962530
"C035864",5,21482,"C047883",2.134193
"C035866",1,5732,"C012734",13.817015
"C035868",4,9961,"C022249",3.322455
"C035870",1,5732,"C012734",5.898820
"C035873",2,868,"C001904",6.320699
"C035875",2,868,"C001904",6.216563
"C035876",5,21482,"C047883",6.709929
"C035877",0,5705,"C012675",1.694149
"C035884",2,868,"C001904",2.826476
"C035887",3,16827,"C037407",2.455236
"C035888",3,16827,"C037407",0.870581
"C035890",4,9961,"C022249",7.989327
"C035891",5,21482,"C047883",7.330696
"C035892",5,21482,"C047883",12.161792
"C035893",2,868,"C001904",7.699018
"C035896",1,5732,"C012734",10.401975
"C035897",0,5705,"C012675",6.943457
"C035900",5,21482,"C047883",3.986314
"C035902",5,21482,"C047883",1.399612
"C035903",3,16827,"C037407",5.721780
"C035904",0,5705,"C012675",9.998515
"C035907",0,5705,"C012675",0.952831
"C035909",3,16827,"C037407",0.645877
"C035916",0,5705,"C012675",8.467227
"C035918",1,5732,"C012734",7.552954
"C035920",1,5732,"C012734",7.566054
"C035922",3,16827,"C037407",7.129415
"C035924",4,9961,"C022249",7.028859
"C035925",1,5732,"C012734",15.452543
"C035926",2,868,"C001904",6.001414
"C035928",4,9961,"C022249",2.898664
"C035930",5,21482,"C047883",3.380604
"C035932",1,5732,"C012734",8.047914
"C035933",4,9961,"C022249",2.505013
"C035934",5,21482,"C047883",2.723113
"C035935",1,5732,"C012734",3.525378
"C035936",5,21482,"C047883",0.782418
"C035937",5,21482,"C047883",2.176981
"C035938",4,9961,"C022249",3.380043
"C035941",5,21482,"C047883",6.675583
"C035945",0,5705,"C012675",3.532894
"C035948",1,5732,"C012734",12.096110
"C035950",3,16827,"C037407",3.280961
"C035951",2,868,"C001904",5.447266
"C035953",3,16827,"C037407",1.860161
"C035954",1,5732,"C012734",5.043559
"C035959",3,16827,"C037407",3.596500
"C035970",2,868,"C001904",6.488876
"C035971",4,9961,"C022249",4.350293
"C035972",2,868,"C001904",1.369360
"C035973",4,9961,"C022249",2.810038
"C035974",2,868,"C001904",11.094668
"C035975",4,9961,"C022249",3.072561
"C035977",4,9961,"C022249",1.825021
"C035978",5,21482,"C047883",2.601868
"C035980",1,5732,"C012734",10.548162
"C035981",0,5705,"C012675",7.794139
"C035983",5,21482,"C047883",2.529432
"C035984",5,21482,"C047883",2.609815
"C035985",0,5705,"C012675",8.185974
"C035989",0,5705,"C012675",3.868894
"C035990",1,5732,"C012734",3.498695
"C035995",4,9961,"C022249",6.584022
"C035997",1,5732,"C012734",6.554066
"C035998",1,5732,"C012734",3.436506
"C036000",5,21482,"C047883",11.526964
"C036001",4,9961,"C022249",5.106608
"C036005",5,21482,"C047883",3.576152
"C036010",0,5705,"C012675",4.616864
"C036012",3,16827,"C037407",5.186470
"C036014",3,16827,"C037407",8.393741
"C036015",2,868,"C001904",5.872566
"C036016",2,868,"C001904",8.910358
"C036017",4,9961,"C022249",5.285767
"C036019",1,5732,"C012734",3.470164
"C036023",2,868,"C001904",3.463005
"C036028",3,16827,"C037407",5.071946
"C036029",2,868,"C001904",7.458074
"C036030",0,5705,"C012675",2.617984
"C036032",2,868,"C001904",3.405087
"C036033",4,9961,"C022249",5.488208
"C036035",2,868,"C001904",7.472431
"C036037",2,868,"C001904",3.952551
"C036045",0,5705,"C012675",2.096661
"C036046",4,9961,"C022249",7.672054
"C036047",5,21482,"C047883",3.354211
"C036048",5,21482,"C047883",7.711448
"C036051",5,21482,"C047883",7.201514
"C036054",4,9961,"C022249",2.146486
"C036055",1,5732,"C012734",4.072937
"C036056",0,5705,"C012675",4.210655
"C036058",1,5732,"C012734",7.487077
"C036059",5,21482,"C047883",2.112485
"C036062",1,5732,"C012734",1.654348
"C036065",1,5732,"C012734",6.161435
"C036066",4,9961,"C022249",3.326933
"C036067",5,21482,"C047883",2.241330
"C036069",1,5732,"C012734",9.524809
"C036070",5,21482,"C047883",13.135182
"C036072",5,21482,"C047883",7.944128
"C036073",5,21482,"C047883",12.825314
"C036074",1,5732,"C012734",8.845208
"C036079",4,9961,"C022249",4.021839
"C036082",2,868,"C001904",7.548388
"C036083",2,868,"C001904",5.901186
"C036086",2,868,"C001904",9.623925
"C036088",5,21482,"C047883",4.091770
"C036094",5,21482,"C047883",11.391484
"C036096",1,5732,"C012734",12.967800
"C036097",5,21482,"C047883",3.692089
"C036098",5,21482,"C047883",0.669867
"C036099",0,5705,"C012675",4.123203
"C036100",5,21482,"C047883",6.084562
"C036103",5,21482,"C047883",10.219868
"C036105",3,16827,"C037407",6.225884
"C036107",0,5705,"C012675",3.157539
"C036108",4,9961,"C022249",2.145305
"C036110",5,21482,"C047883",6.068287
"C036115",5,21482,"C047883",3.541236
"C036119",4,9961,"C022249",2.383320
"C036124",2,868,"C001904",2.185582
"C036128",4,9961,"C022249",3.190300
"C036129",3,16827,"C037407",9.287663
"C036130",1,5732,"C012734",5.841419
"C036131",0,5705,"C012675",2.558338
"C036132",5,21482,"C047883",6.099352
"C036135",1,5732,"C012734",3.130212
"C036139",0,5705,"C012675",1.371803
"C036142",5,21482,"C047883",3.740639
"C036143",1,5732,"C012734",13.438163
"C036147",0,5705,"C012675",7.503710
"C036148",0,5705,"C012675",0.989927
"C036150",1,5732,"C012734",13.322926
"C036154",4,9961,"C022249",1.052633
"C036162",4,9961,"C022249",3.909134
"C036163",0,5705,"C012675",4.704327
"C036165",5,21482,"C047883",9.931510
"C036166",4,9961,"C022249",3.174238
"C036168",4,9961,"C022249",5.463521
"C036170",1,5732,"C012734",7.061361
"C036171",0,5705,"C012675",0.878930
"C036173",2,868,"C001904",9.353777
"C036175",5,21482,"C047883",6.000015
"C036181",5,21482,"C047883",3.967758
"C036182",4,9961,"C022249",3.230012
"C036183",3,16827,"C037407",1.730838
"C036184",3,16827,"C037407",7.770144
"C036191",1,5732,"C012734",3.785935
"C036193",1,5732,"C012734",5.694812
"C036199",0,5705,"C012675",8.435319
"C036200",2,868,"C001904",8.542548
"C036205",1,5732,"C012734",3.803273
"C036206",0,5705,"C012675",2.661259
"C036208",2,868,"C001904",2.008325
"C036209",1,5732,"C012734",14.404493
"C036210",3,16827,"C037407",1.697832
"C036212",4,9961,"C022249",7.118398
"C036213",4,9961,"C022249",5.121582
"C036214",5,21482,"C047883",5.402980
"C036216",1,5732,"C012734",4.310900
"C036218",1,5732,"C012734",3.449425
"C036223",1,5732,"C012734",10.527010
"C036224",1,5732,"C012734",1.639177
"C036229",0,5705,"C012675",6.101143
"C036231",1,5732,"C012734",2.008394
"C036233",0,5705,"C012675",2.309967
"C036234",0,5705,"C012675",6.255634
"C036235",1,5732,"C012734",1.175729
"C036236",4,9961,"C022249",2.408171
"C036237",2,868,"C001904",4.100598
"C036238",1,5732,"C012734",9.988306
"C036244",5,21482,"C047883",0.628761
"C036245",4,9961,"C022249",4.669484
"C036249",1,5732,"C012734",3.734367
"C036250",0,5705,"C012675",6.164186
"C036251",1,5732,"C012734",4.039621
"C036256",5,21482,"C047883",5.680847
"C036257",5,21482,"C047883",12.032204
"C036260",3,16827,"C037407",4.708658
"C036261",1,5732,"C012734",7.941821
"C036264",4,9961,"C022249",2.677117
"C036267",5,21482,"C047883",7.448345
"C036269",1,5732,"C012734",11.664083
"C036270",5,21482,"C047883",3.105116
"C036271",3,16827,"C037407",6.167024
"C036276",5,21482,"C047883",5.594804
"C036279",1,5732,"C012734",7.577077
"C036280",0,5705,"C012675",1.273774
"C036281",0,5705,"C012675",8.776623
"C036282",3,16827,"C037407",5.004169
"C036283",1,5732,"C012734",7.311683
"C036284",5,21482,"C047883",4.715558
"C036286",0,5705,"C012675",4.245792
"C036287",0,5705,"C012675",3.902070
"C036291",0,5705,"C012675",2.054839
"C036293",0,5705,"C012675",2.908850
"C036294",5,21482,"C047883",4.225707
"C036296",1,5732,"C012734",7.649108
"C036297",4,9961,"C022249",5.803883
"C036298",4,9961,"C022249",4.154506
"C036299",4,9961,"C022249",6.210009
"C036300",1,5732,"C012734",16.758369
"C036303",3,16827,"C037407",7.464074
"C036304",1,5732,"C012734",9.763740
"C036306",0,5705,"C012675",2.635402
"C036307",2,868,"C001904",9.706267
"C036308",2,868,"C001904",1.422079
"C036311",4,9961,"C022249",5.202937
"C036312",1,5732,"C012734",8.641659
"C036319",0,5705,"C012675",4.368175
"C036321",5,21482,"C047883",8.875909
"C036323",0,5705,"C012675",4.654741
"C036324",1,5732,"C012734",4.805360
"C036326",5,21482,"C047883",9.896328
"C036327",3,16827,"C037407",9.560830
"C036328",4,9961,"C022249",4.061499
"C036331",5,21482,"C047883",11.484597
"C036339",5,21482,"C047883",12.553513
"C036344",1,5732,"C012734",8.861472
"C036345",1,5732,"C012734",3.478198
"C036352",0,5705,"C012675",3.015361
"C036354",0,5705,"C012675",3.206926
"C036355",5,21482,"C047883",1.743700
"C036358",2,868,"C001904",1.822627
"C036360",2,868,"C001904",8.156882
"C036362",1,5732,"C012734",0.648323
"C036363",0,5705,"C012675",9.121177
"C036366",4,9961,"C022249",3.467561
"C036367",5,21482,"C047883",3.218017
"C036368",3,16827,"C037407",2.339320
"C036372",4,9961,"C022249",4.777721
"C036373",3,16827,"C037407",6.227998
"C036375",5,21482,"C047883",11.822877
"C036377",1,5732,"C012734",8.681422
"C036378",5,21482,"C047883",13.637367
"C036379",1,5732,"C012734",1.976526
"C036380",5,21482,"C047883",8.631968
"C036381",5,21482,"C047883",14.056341
"C036382",1,5732,"C012734",8.345965
"C036387",5,21482,"C047883",3.709682
"C036388",2,868,"C001904",3.406615
"C036391",0,5705,"C012675",4.618047
"C036392",1,5732,"C012734",0.618519
"C036393",0,5705,"C012675",5.690704
"C036397",1,5732,"C012734",9.009824
"C036399",0,5705,"C012675",1.660588
"C036400",5,21482,"C047883",6.412361
"C036403",5,21482,"C047883",3.016442
"C036407",5,21482,"C047883",8.609944
"C036408",0,5705,"C012675",6.004920
"C036409",1,5732,"C012734",2.045313
"C036413",4,9961,"C022249",2.175966
"C036416",1,5732,"C012734",9.876699
"C036417",0,5705,"C012675",4.660445
"C036421",2,868,"C001904",3.126584
"C036424",0,5705,"C012675",8.407348
"C036425",1,5732,"C012734",2.325923
"C036426",5,21482,"C047883",10.513419
"C036428",2,868,"C001904",8.800239
"C036433",4,9961,"C022249",6.435274
"C036434",5,21482,"C047883",12.368470
"C036436",5,21482,"C047883",4.067661
"C036439",1,5732,"C012734",9.345538
"C036443",4,9961,"C022249",3.528458
"C036447",1,5732,"C012734",2.023548
"C036448",2,868,"C001904",7.916882
"C036450",0,5705,"C012675",5.560645
"C036455",4,9961,"C022249",3.146883
"C036460",5,21482,"C047883",8.557447
"C036469",2,868,"C001904",3.398045
"C036471",3,16827,"C037407",4.073430
"C036476",1,5732,"C012734",15.079586
"C036480",4,9961,"C022249",3.564492
"C036488",1,5732,"C012734",4.957525
"C036491",2,868,"C001904",2.674316
"C036495",0,5705,"C012675",5.104821
"C036496",5,21482,"C047883",10.354790
"C036497",2,868,"C001904",7.713765
"C036498",5,21482,"C047883",13.808774
"C036500",1,5732,"C012734",1.020379
"C036501",2,868,"C001904",4.760375
"C036502",4,9961,"C022249",4.272448
"C036503",4,9961,"C022249",6.931705
"C036512",2,868,"C001904",4.309236
"C036513",5,21482,"C047883",2.843556
"C036515",1,5732,"C012734",11.072952
"C036518",2,868,"C001904",10.926376
"C036520",2,868,"C001904",6.781934
"C036522",2,868,"C001904",0.781482
"C036524",1,5732,"C012734",8.710736
"C036528",2,868,"C001904",3.557609
"C036535",5,21482,"C047883",6.733607
"C036538",1,5732,"C012734",11.487138
"C036546",1,5732,"C012734",1.870832
"C036548",5,21482,"C047883",3.556659
"C036552",1,5732,"C012734",4.125688
"C036553",5,21482,"C047883",2.725622
"C036559",3,16827,"C037407",5.265194
"C036560",0,5705,"C012675",4.211501
"C036561",5,21482,"C047883",11.127359
"C036565",5,21482,"C047883",1.669693
"C036566",5,21482,"C047883",4.498612
"C036567",1,5732,"C012734",5.315166
"C036568",1,5732,"C012734",15.841267
"C036569",5,21482,"C047883",6.220042
"C036573",2,868,"C001904",7.750280
"C036574",5,21482,"C047883",11.881081
"C036579",5,21482,"C047883",2.574563
"C036583",2,868,"C001904",1.741841
"C036585",4,9961,"C022249",1.255124
"C036586",1,5732,"C012734",1.236030
"C036589",4,9961,"C022249",1.429342
"C036590",0,5705,"C012675",2.605329
"C036593",3,16827,"C037407",3.914067
"C036595",2,868,"C001904",6.324942
"C036596",5,21482,"C047883",6.847973
"C036600",0,5705,"C012675",5.511454
"C036601",1,5732,"C012734",10.321626
"C036605",0,5705,"C012675",2.570438
"C036608",2,868,"C001904",8.422309
"C036609",2,868,"C001904",6.033971
"C036610",0,5705,"C012675",6.613297
"C036611",0,5705,"C012675",0.566379
"C036612",3,16827,"C037407",2.438701
"C036613",1,5732,"C012734",10.213463
"C036614",1,5732,"C012734",4.342024
"C036616",5,21482,"C047883",5.180953
"C036617",0,5705,"C012675",1.252113
"C036620",1,5732,"C012734",4.558987
"C036621",1,5732,"C012734",14.574238
"C036624",5,21482,"C047883",2.645818
"C036625",4,9961,"C022249",2.841937
"C036632",1,5732,"C012734",4.807105
"C036633",4,9961,"C022249",3.087257
"C036636",1,5732,"C012734",1.158035
"C036637",5,21482,"C047883",2.942540
"C036640",3,16827,"C037407",1.614159
"C036642",5,21482,"C047883",5.961009
"C036643",1,5732,"C012734",5.913352
"C036644",0,5705,"C012675",2.261586
"C036646",2,868,"C001904",3.609690
"C036650",5,21482,"C047883",11.586032
"C036651",3,16827,"C037407",6.961851
"C036659",1,5732,"C012734",1.783728
"C036660",1,5732,"C012734",9.757560
"C036662",5,21482,"C047883",14.799675
"C036665",4,9961,"C022249",2.876646
"C036666",2,868,"C001904",6.655521
"C036669",1,5732,"C012734",0.319209
"C036670",1,5732,"C012734",16.555402
"C036679",4,9961,"C022249",2.456068
"C036680",1,5732,"C012734",6.726327
"C036683",1,5732,"C012734",6.769696
"C036684",5,21482,"C047883",8.789400
"C036685",1,5732,"C012734",2.456107
"C036690",3,16827,"C037407",8.350112
"C036691",1,5732,"C012734",12.149768
"C036692",2,868,"C001904",4.525296
"C036696",4,9961,"C022249",5.036636
"C036698",0,5705,"C012675",2.393965
"C036701",1,5732,"C012734",6.417399
"C036706",1,5732,"C012734",7.123788
"C036707",5,21482,"C047883",10.361025
"C036710",4,9961,"C022249",3.928800
"C036711",2,868,"C001904",3.033470
"C036712",2,868,"C001904",7.638127
"C036716",4,9961,"C022249",0.881009
"C036717",0,5705,"C012675",7.086864
"C036720",5,21482,"C047883",6.069209
"C036721",2,868,"C001904",7.336450
"C036722",2,868,"C001904",10.835824
"C036723",3,16827,"C037407",6.189170
"C036724",5,21482,"C047883",12.500212
"C036732",3,16827,"C037407",5.341065
"C036735",5,21482,"C047883",9.575235
"C036736",3,16827,"C037407",8.218988
"C036745",3,16827,"C037407",1.658389
"C036746",4,9961,"C022249",1.020230
"C036748",1,5732,"C012734",4.903316
"C036753",0,5705,"C012675",7.537604
"C036755",0,5705,"C012675",7.958997
"C036758",2,868,"C001904",9.002676
"C036759",5,21482,"C047883",7.708112
"C036760",5,21482,"C047883",9.964954
"C036766",3,16827,"C037407",1.743347
"C036771",5,21482,"C047883",10.348349
"C036773",1,5732,"C012734",14.547960
"C036774",2,868,"C001904",6.255856
"C036775",1,5732,"C012734",4.771534
"C036776",0,5705,"C012675",6.781457
"C036780",4,9961,"C022249",3.292863
"C036781",3,16827,"C037407",7.236832
"C036784",5,21482,"C047883",12.332900
"C036785",4,9961,"C022249",4.048101
"C036786",0,5705,"C012675",4.750352
"C036787",5,21482,"C047883",2.708262
"C036788",1,5732,"C012734",7.457480
"C036789",1,5732,"C012734",6.534849
"C036790",5,21482,"C047883",7.807653
"C036791",5,21482,"C047883",14.049603
"C036792",4,9961,"C022249",3.235285
"C036793",3,16827,"C037407",3.508529
"C036794",0,5705,"C012675",3.151525
"C036795",5,21482,"C047883",8.040140
"C036798",1,5732,"C012734",2.656252
"C036800",0,5705,"C012675",5.950240
"C036801",5,21482,"C047883",11.303240
"C036802",2,868,"C001904",11.505671
"C036808",5,21482,"C047883",5.302933
"C036809",4,9961,"C022249",3.757219
"C036810",5,21482,"C047883",8.145456
"C036813",3,16827,"C037407",6.468139
"C036814",4,9961,"C022249",4.533564
"C036816",5,21482,"C047883",11.649857
"C036817",2,868,"C001904",10.161677
"C036821",5,21482,"C047883",11.999595
"C036823",3,16827,"C037407",7.862135
"C036827",5,21482,"C047883",11.562220
"C036828",2,868,"C001904",1.778066
"C036830",0,5705,"C012675",2.113474
"C036834",5,21482,"C047883",8.224991
"C036835",3,16827,"C037407",5.049398
"C036836",4,9961,"C022249",1.531433
"C036837",5,21482,"C047883",12.915471
"C036841",4,9961,"C022249",4.373794
"C036844",5,21482,"C047883",0.364489
"C036849",4,9961,"C022249",3.775218
"C036850",5,21482,"C047883",10.913864
"C036852",3,16827,"C037407",7.717692
"C036853",2,868,"C001904",1.606033
"C036854",5,21482,"C047883",12.643360
"C036855",2,868,"C001904",11.130950
"C036857",0,5705,"C012675",4.539401
"C036860",2,868,"C001904",2.317341
"C036861",1,5732,"C012734",7.180532
"C036864",5,21482,"C047883",2.348876
"C036866",5,21482,"C047883",5.794118
"C036867",4,9961,"C022249",6.819936
"C036868",4,9961,"C022249",2.164229
"C036870",5,21482,"C047883",12.157102
"C036871",4,9961,"C022249",7.048925
"C036874",2,868,"C001904",10.241627
"C036875",1,5732,"C012734",11.997049
"C036876",4,9961,"C022249",1.600306
"C036877",3,16827,"C037407",2.814118
"C036881",5,21482,"C047883",12.459742
"C036883",4,9961,"C022249",1.353362
"C036884",2,868,"C001904",3.961062
"C036885",4,9961,"C022249",3.773547
"C036886",5,21482,"C047883",7.396736
"C036888",5,21482,"C047883",8.451810
"C036889",1,5732,"C012734",10.171107
"C036891",5,21482,"C047883",7.053720
"C036893",2,868,"C001904",6.114292
"C036896",5,21482,"C047883",8.962749
"C036900",4,9961,"C022249",3.037307
"C036904",2,868,"C001904",2.051510
"C036905",0,5705,"C012675",8.339015
"C036906",1,5732,"C012734",16.199351
"C036907",5,21482,"C047883",8.977087
"C036908",0,5705,"C012675",3.053419
"C036909",0,5705,"C012675",2.771897
"C036910",0,5705,"C012675",4.544929
"C036911",0,5705,"C012675",9.133742
"C036912",3,16827,"C037407",5.932446
"C036913",1,5732,"C012734",7.040513
"C036925",4,9961,"C022249",4.048705
"C036926",0,5705,"C012675",5.751169
"C036927",4,9961,"C022249",3.231818
"C036930",0,5705,"C012675",2.212160
"C036931",5,21482,"C047883",4.433273
"C036937",1,5732,"C012734",7.062701
"C036944",4,9961,"C022249",1.130928
"C036946",1,5732,"C012734",9.969530
"C036947",0,5705,"C012675",6.781882
"C036951",5,21482,"C047883",6.205570
"C036954",4,9961,"C022249",4.105977
"C036959",1,5732,"C012734",6.871848
"C036960",3,16827,"C037407",1.159645
"C036961",2,868,"C001904",3.308385
"C036964",2,868,"C001904",0.889748
"C036965",0,5705,"C012675",3.693468
"C036970",5,21482,"C047883",9.700691
"C036972",5,21482,"C047883",11.058202
"C036973",4,9961,"C022249",2.373056
"C036974",1,5732,"C012734",3.244281
"C036976",0,5705,"C012675",1.493389
"C036978",5,21482,"C047883",12.275052
"C036981",5,21482,"C047883",10.777492
"C036983",0,5705,"C012675",6.280423
"C036984",2,868,"C001904",3.577247
"C036985",5,21482,"C047883",3.019202
"C036986",1,5732,"C012734",2.633600
"C036987",5,21482,"C047883",10.239788
"C036988",3,16827,"C037407",4.201554
"C036990",5,21482,"C047883",6.382866
"C036991",0,5705,"C012675",2.088239
"C036992",0,5705,"C012675",5.195598
"C036994",5,21482,"C047883",3.690570
"C036998",1,5732,"C012734",5.917404
"C037002",1,5732,"C012734",3.634942
"C037003",2,868,"C001904",7.172925
"C037004",2,868,"C001904",6.950132
"C037005",0,5705,"C012675",4.607870
"C037008",5,21482,"C047883",2.639255
"C037009",4,9961,"C022249",6.266287
"C037015",4,9961,"C022249",3.306441
"C037017",5,21482,"C047883",12.115262
"C037018",0,5705,"C012675",7.665120
"C037019",0,5705,"C012675",7.682022
"C037020",5,21482,"C047883",2.574747
"C037021",1,5732,"C012734",11.828552
"C037027",1,5732,"C012734",7.222233
"C037030",2,868,"C001904",6.694905
"C037033",0,5705,"C012675",4.949190
"C037034",1,5732,"C012734",2.948269
"C037037",2,868,"C001904",5.831662
"C037039",2,868,"C001904",5.329979
"C037041",1,5732,"C012734",4.948239
"C037044",1,5732,"C012734",13.993813
"C037046",5,21482,"C047883",7.350611
"C037054",5,21482,"C047883",3.136715
"C037060",1,5732,"C012734",12.999625
"C037061",2,868,"C001904",1.577937
"C037062",3,16827,"C037407",2.580824
"C037063",2,868,"C001904",7.748964
"C037066",4,9961,"C022249",0.980205
"C037067",0,5705,"C012675",6.955082
"C037070",3,16827,"C037407",4.438786
"C037073",2,868,"C001904",6.809964
"C037074",2,868,"C001904",9.927075
"C037079",4,9961,"C022249",2.232179
"C037081",0,5705,"C012675",5.416145
"C037083",5,21482,"C047883",6.812695
"C037087",1,5732,"C012734",1.920974
"C037090",1,5732,"C012734",1.850832
"C037092",2,868,"C001904",8.477892
"C037094",2,868,"C001904",4.309846
"C037097",0,5705,"C012675",4.878863
"C037101",5,21482,"C047883",9.091100
"C037103",1,5732,"C012734",5.867091
"C037104",4,9961,"C022249",4.963737
"C037106",5,21482,"C047883",10.997541
"C037109",3,16827,"C037407",4.841925
"C037110",1,5732,"C012734",1.064536
"C037112",0,5705,"C012675",2.005383
"C037114",2,868,"C001904",7.395643
"C037116",4,9961,"C022249",1.471666
"C037126",0,5705,"C012675",3.068772
"C037127",0,5705,"C012675",6.164705
"C037129",5,21482,"C047883",3.155437
"C037131",4,9961,"C022249",2.949744
"C037135",1,5732,"C012734",11.167765
"C037136",2,868,"C001904",5.778851
"C037140",1,5732,"C012734",2.557646
"C037141",2,868,"C001904",9.082200
"C037144",0,5705,"C012675",5.336880
"C037146",5,21482,"C047883",9.867308
"C037151",3,16827,"C037407",0.828956
"C037152",5,21482,"C047883",1.796127
"C037156",0,5705,"C012675",9.306858
"C037157",2,868,"C001904",1.835711
"C037159",3,16827,"C037407",6.824503
"C037161",0,5705,"C012675",5.766017
"C037162",3,16827,"C037407",7.522863
"C037163",1,5732,"C012734",6.653725
"C037165",1,5732,"C012734",8.905886
"C037166",1,5732,"C012734",2.724748
"C037167",0,5705,"C012675",4.687320
"C037168",2,868,"C001904",8.323317
"C037171",2,868,"C001904",6.942800
"C037173",4,9961,"C022249",1.224368
"C037174",1,5732,"C012734",6.186793
"C037175",5,21482,"C047883",5.878411
"C037178",3,16827,"C037407",3.821088
"C037181",2,868,"C001904",9.517714
"C037182",1,5732,"C012734",7.371972
"C037186",3,16827,"C037407",4.332177
"C037187",5,21482,"C047883",13.805173
"C037188",0,5705,"C012675",8.652567
"C037191",5,21482,"C047883",1.546479
"C037193",2,868,"C001904",10.210053
"C037194",5,21482,"C047883",13.031612
"C037195",1,5732,"C012734",8.861169
"C037199",5,21482,"C047883",10.197719
"C037203",5,21482,"C047883",2.165528
"C037204",1,5732,"C012734",15.936831
"C037205",3,16827,"C037407",7.927049
"C037207",0,5705,"C012675",5.367717
"C037209",5,21482,"C047883",4.772823
"C037210",0,5705,"C012675",2.780535
"C037211",2,868,"C001904",6.402511
"C037212",1,5732,"C012734",13.170445
"C037217",5,21482,"C047883",8.507496
"C037219",0,5705,"C012675",6.504692
"C037221",3,16827,"C037407",9.930393
"C037222",0,5705,"C012675",4.089592
"C037226",5,21482,"C047883",3.840408
"C037227",1,5732,"C012734",8.209671
"C037228",0,5705,"C012675",8.721431
"C037229",0,5705,"C012675",9.377230
"C037232",1,5732,"C012734",5.440296
"C037238",0,5705,"C012675",4.627596
"C037240",0,5705,"C012675",9.691925
"C037244",1,5732,"C012734",16.409255
"C037247",1,5732,"C012734",3.757906
"C037248",3,16827,"C037407",7.955214
"C037249",4,9961,"C022249",4.514290
"C037250",5,21482,"C047883",4.816087
"C037252",2,868,"C001904",2.882502
"C037253",1,5732,"C012734",3.311845
"C037255",4,9961,"C022249",1.281131
"C037257",5,21482,"C047883",3.689246
"C037261",2,868,"C001904",6.069126
"C037263",1,5732,"C012734",7.238656
"C037264",0,5705,"C012675",3.282479
"C037267",4,9961,"C022249",3.352727
"C037269",2,868,"C001904",9.886145
"C037271",5,21482,"C047883",6.301729
"C037274",2,868,"C001904",4.583530
"C037276",1,5732,"C012734",2.221306
"C037278",4,9961,"C022249",8.628283
"C037281",5,21482,"C047883",8.554571
"C037282",0,5705,"C012675",2.411707
"C037285",4,9961,"C022249",0.390028
"C037287",5,21482,"C047883",7.642252
"C037288",5,21482,"C047883",7.339625
"C037290",3,16827,"C037407",2.485458
"C037291",2,868,"C001904",8.558910
"C037292",1,5732,"C012734",1.350312
"C037295",0,5705,"C012675",5.923162
"C037298",0,5705,"C012675",9.306975
"C037299",0,5705,"C012675",2.894199
"C037302",0,5705,"C012675",8.118875
"C037303",2,868,"C001904",6.473805
"C037305",0,5705,"C012675",9.471539
"C037308",2,868,"C001904",4.110196
"C037309",1,5732,"C012734",6.447997
"C037310",0,5705,"C012675",3.900668
"C037311",2,868,"C001904",2.429275
"C037315",5,21482,"C047883",10.827675
"C037316",2,868,"C001904",1.933075
"C037325",1,5732,"C012734",4.124739
"C037326",1,5732,"C012734",5.766920
"C037329",2,868,"C001904",7.099693
"C037331",5,21482,"C047883",7.400294
"C037334",2,868,"C001904",0.218810
"C037336",1,5732,"C012734",7.114812
"C037340",1,5732,"C012734",4.394337
"C037343",0,5705,"C012675",4.949333
"C037344",5,21482,"C047883",4.307637
"C037345",0,5705,"C012675",9.513230
"C037347",5,21482,"C047883",6.519981
"C037348",5,21482,"C047883",4.494000
"C037352",1,5732,"C012734",2.154281
"C037353",3,16827,"C037407",5.331869
"C037354",2,868,"C001904",0.201829
"C037355",1,5732,"C012734",0.873991
"C037356",1,5732,"C012734",3.423682
"C037357",1,5732,"C012734",3.040737
"C037358",1,5732,"C012734",6.455177
"C037359",1,5732,"C012734",5.571587
"C037360",0,5705,"C012675",4.332129
"C037362",0,5705,"C012675",5.377805
"C037372",1,5732,"C012734",7.573037
"C037373",1,5732,"C012734",1.637404
"C037375",0,5705,"C012675",9.881907
"C037376",5,21482,"C047883",12.740502
"C037380",1,5732,"C012734",2.232415
"C037381",0,5705,"C012675",1.961676
"C037384",1,5732,"C012734",12.807550
"C037385",5,21482,"C047883",6.777124
"C037390",0,5705,"C012675",5.254839
"C037391",5,21482,"C047883",15.564115
"C037394",0,5705,"C012675",6.386306
"C037395",5,21482,"C047883",6.155673
"C037396",1,5732,"C012734",12.154600
"C037397",0,5705,"C012675",7.062470
"C037398",4,9961,"C022249",4.353926
"C037400",1,5732,"C012734",16.342601
"C037401",0,5705,"C012675",5.010563
"C037405",2,868,"C001904",7.147492
"C037406",1,5732,"C012734",9.766156
"C037407",3,16827,"C037407",0.000000
"C037409",5,21482,"C047883",1.900793
"C037411",2,868,"C001904",1.723168
"C037412",2,868,"C001904",11.934917
"C037413",2,868,"C001904",7.288680
"C037415",5,21482,"C047883",15.732697
"C037416",5,21482,"C047883",7.565280
"C037419",0,5705,"C012675",6.034481
"C037420",5,21482,"C047883",2.682981
"C037422",4,9961,"C022249",5.634817
"C037424",0,5705,"C012675",6.184710
"C037427",1,5732,"C012734",12.724518
"C037428",5,21482,"C047883",12.924259
"C037429",1,5732,"C012734",4.673969
"C037430",5,21482,"C047883",10.989219
"C037432",5,21482,"C047883",7.147058
"C037433",0,5705,"C012675",3.217985
"C037434",0,5705,"C012675",4.590213
"C037437",1,5732,"C012734",5.791333
"C037443",5,21482,"C047883",5.343088
"C037444",4,9961,"C022249",9.458282
"C037445",4,9961,"C022249",3.319758
"C037448",1,5732,"C012734",4.397241
"C037451",5,21482,"C047883",8.143887
"C037455",4,9961,"C022249",2.040121
"C037457",4,9961,"C022249",3.637518
"C037458",5,21482,"C047883",15.645635
"C037459",2,868,"C001904",7.606247
"C037461",3,16827,"C037407",0.730469
"C037463",3,16827,"C037407",0.803240
"C037469",2,868,"C001904",8.100261
"C037471",1,5732,"C012734",13.009892
"C037472",3,16827,"C037407",4.336516
"C037474",5,21482,"C047883",9.980403
"C037476",5,21482,"C047883",3.282256
"C037477",1,5732,"C012734",2.445176
"C037478",1,5732,"C012734",8.653788
"C037485",5,21482,"C047883",13.124765
"C037487",1,5732,"C012734",9.177744
"C037490",0,5705,"C012675",3.856011
"C037493",2,868,"C001904",4.684832
"C037494",0,5705,"C012675",6.296393
"C037496",4,9961,"C022249",2.323684
"C037497",1,5732,"C012734",3.462329
"C037500",3,16827,"C037407",4.559528
"C037501",5,21482,"C047883",11.036129
"C037505",2,868,"C001904",2.884724
"C037511",2,868,"C001904",6.727736
"C037512",0,5705,"C012675",1.198197
"C037513",5,21482,"C047883",6.255713
"C037514",2,868,"C001904",1.438233
"C037516",3,16827,"C037407",4.674771
"C037517",4,9961,"C022249",5.969677
"C037520",1,5732,"C012734",0.378552
"C037521",5,21482,"C047883",13.884809
"C037522",3,16827,"C037407",6.938271
"C037524",3,16827,"C037407",0.789453
"C037526",0,5705,"C012675",4.953322
"C037527",3,16827,"C037407",5.580766
"C037528",4,9961,"C022249",3.917883
"C037529",0,5705,"C012675",3.921861
"C037531",4,9961,"C022249",2.025883
"C037532",5,21482,"C047883",10.182040
"C037535",2,868,"C001904",3.599246
"C037538",1,5732,"C012734",9.200606
"C037542",3,16827,"C037407",2.293772
"C037543",1,5732,"C012734",2.352369
"C037544",0,5705,"C012675",6.643978
"C037546",5,21482,"C047883",1.256874
"C037553",1,5732,"C012734",16.750891
"C037554",5,21482,"C047883",6.284412
"C037556",5,21482,"C047883",3.425141
"C037557",1,5732,"C012734",6.975168
"C037560",5,21482,"C047883",13.857610
"C037561",4,9961,"C022249",4.413363
"C037564",4,9961,"C022249",5.541496
"C037568",3,16827,"C037407",7.286614
"C037569",2,868,"C001904",4.428672
"C037570",3,16827,"C037407",8.474600
"C037574",5,21482,"C047883",3.618076
"C037576",4,9961,"C022249",5.502461
"C037578",5,21482,"C047883",9.664325
"C037580",5,21482,"C047883",3.342264
"C037586",1,5732,"C012734",2.831551
"C037592",2,868,"C001904",1.309606
"C037594",0,5705,"C012675",0.901405
"C037598",4,9961,"C022249",5.066472
"C037601",2,868,"C001904",5.729775
"C037604",2,868,"C001904",7.296581
"C037605",1,5732,"C012734",10.771582
"C037606",5,21482,"C047883",7.802484
"C037607",2,868,"C001904",2.123324
"C037610",4,9961,"C022249",3.203260
"C037613",5,21482,"C047883",7.793584
"C037614",4,9961,"C022249",2.877682
"C037621",5,21482,"C047883",2.065544
"C037622",0,5705,"C012675",7.541796
"C037623",3,16827,"C037407",8.209218
"C037625",5,21482,"C047883",0.586564
"C037627",1,5732,"C012734",7.058467
"C037628",5,21482,"C047883",15.472089
"C037629",5,21482,"C047883",7.000193
"C037630",2,868,"C001904",11.471573
"C037631",4,9961,"C022249",5.088280
"C037632",4,9961,"C022249",3.416354
"C037635",5,21482,"C047883",12.945126
"C037637",1,5732,"C012734",2.033917
"C037639",4,9961,"C022249",3.446713
"C037640",3,16827,"C037407",6.912225
"C037642",2,868,"C001904",7.916709
"C037643",1,5732,"C012734",5.967925
"C037647",5,21482,"C047883",11.481217
"C037651",5,21482,"C047883",11.613428
"C037655",1,5732,"C012734",5.673010
"C037657",0,5705,"C012675",0.231718
"C037660",4,9961,"C022249",6.697322
"C037662",4,9961,"C022249",4.155107
"C037663",0,5705,"C012675",5.255102
"C037664",0,5705,"C012675",4.997459
"C037666",5,21482,"C047883",9.595008
"C037669",3,16827,"C037407",3.897955
"C037671",3,16827,"C037407",3.292919
"C037676",3,16827,"C037407",6.938043
"C037677",0,5705,"C012675",6.352071
"C037679",2,868,"C001904",7.121831
"C037680",2,868,"C001904",1.300975
"C037682",2,868,"C001904",4.704240
"C037684",0,5705,"C012675",3.184852
"C037686",4,9961,"C022249",6.329140
"C037690",5,21482,"C047883",10.555209
"C037691",4,9961,"C022249",4.950759
"C037693",0,5705,"C012675",7.419023
"C037695",4,9961,"C022249",3.497387
"C037699",1,5732,"C012734",6.819883
"C037700",5,21482,"C047883",9.858270
"C037701",1,5732,"C012734",0.780963
"C037702",1,5732,"C012734",8.974596
"C037705",5,21482,"C047883",8.799332
"C037706",1,5732,"C012734",15.271590
"C037708",4,9961,"C022249",7.898031
"C037709",0,5705,"C012675",7.325282
"C037711",0,5705,"C012675",7.477544
"C037712",0,5705,"C012675",2.775103
"C037713",1,5732,"C012734",4.356054
"C037714",5,21482,"C047883",5.900551
"C037717",3,16827,"C037407",3.261329
"C037720",3,16827,"C037407",1.475083
"C037725",5,21482,"C047883",6.139547
"C037736",1,5732,"C012734",1.741977
"C037738",2,868,"C001904",10.801420
"C037739",0,5705,"C012675",5.641538
"C037740",5,21482,"C047883",4.238885
"C037745",4,9961,"C022249",3.521721
"C037746",4,9961,"C022249",2.995903
"C037748",4,9961,"C022249",2.366489
"C037751",5,21482,"C047883",10.540172
"C037754",4,9961,"C022249",4.212892
"C037756",3,16827,"C037407",0.768753
"C037757",0,5705,"C012675",6.396715
"C037759",1,5732,"C012734",9.009555
"C037763",1,5732,"C012734",11.065858
"C037768",3,16827,"C037407",6.989213
"C037769",2,868,"C001904",3.625195
"C037772",1,5732,"C012734",1.204732
"C037774",5,21482,"C047883",3.299467
"C037776",5,21482,"C047883",3.722543
"C037778",3,16827,"C037407",3.506883
"C037782",3,16827,"C037407",5.959129
"C037784",2,868,"C001904",1.543410
"C037787",0,5705,"C012675",8.520018
"C037789",5,21482,"C047883",2.413864
"C037790",1,5732,"C012734",1.894972
"C037793",2,868,"C001904",7.230825
"C037795",1,5732,"C012734",10.659687
"C037797",1,5732,"C012734",3.016074
"C037799",3,16827,"C037407",2.945451
"C037802",5,21482,"C047883",7.495952
"C037804",4,9961,"C022249",6.373054
"C037806",1,5732,"C012734",7.154175
"C037808",1,5732,"C012734",13.143099
"C037811",1,5732,"C012734",3.399105
"C037813",2,868,"C001904",9.904236
"C037816",2,868,"C001904",3.938323
"C037821",1,5732,"C012734",15.262462
"C037823",2,868,"C001904",6.237425
"C037824",1,5732,"C012734",7.232928
"C037826",2,868,"C001904",7.249712
"C037827",4,9961,"C022249",7.355645
"C037828",0,5705,"C012675",8.710964
"C037830",0,5705,"C012675",4.543763
"C037831",1,5732,"C012734",6.113686
"C037832",4,9961,"C022249",2.935134
"C037833",0,5705,"C012675",1.947887
"C037834",5,21482,"C047883",7.620616
"C037839",5,21482,"C047883",8.439707
"C037840",1,5732,"C012734",14.067407
"C037843",0,5705,"C012675",3.160928
"C037846",4,9961,"C022249",0.961605
"C037847",5,21482,"C047883",3.074282
"C037855",5,21482,"C047883",3.874235
"C037856",2,868,"C001904",2.376841
"C037861",0,5705,"C012675",6.229880
"C037862",3,16827,"C037407",2.944884
"C037864",5,21482,"C047883",4.566590
"C037865",0,5705,"C012675",5.045079
"C037870",4,9961,"C022249",4.767576
"C037874",4,9961,"C022249",4.244595
"C037875",4,9961,"C022249",3.397334
"C037879",0,5705,"C012675",5.697967
"C037882",1,5732,"C012734",6.989555
"C037883",0,5705,"C012675",2.518030
"C037884",5,21482,"C047883",2.969351
"C037889",5,21482,"C047883",5.114324
"C037893",2,868,"C001904",4.636943
"C037894",2,868,"C001904",9.384578
"C037897",2,868,"C001904",1.377617
"C037899",3,16827,"C037407",4.693164
"C037901",5,21482,"C047883",9.757894
"C037906",5,21482,"C047883",2.600414
"C037907",0,5705,"C012675",4.122681
"C037908",5,21482,"C047883",1.336359
"C037910",3,16827,"C037407",3.133986
"C037913",3,16827,"C037407",1.445068
"C037914",1,5732,"C012734",2.528727
"C037917",3,16827,"C037407",1.966820
"C037919",3,16827,"C037407",3.215425
"C037921",0,5705,"C012675",2.171082
"C037923",0,5705,"C012675",3.518738
"C037926",4,9961,"C022249",0.340117
"C037927",4,9961,"C022249",5.360222
"C037928",4,9961,"C022249",7.150624
"C037929",1,5732,"C012734",9.555633
"C037930",2,868,"C001904",5.725190
"C037933",2,868,"C001904",1.266946
"C037935",1,5732,"C012734",4.900516
"C037936",4,9961,"C022249",4.027333
"C037947",1,5732,"C012734",1.616028
"C037949",2,868,"C001904",3.530024
"C037952",3,16827,"C037407",7.192601
"C037954",1,5732,"C012734",4.602664
"C037956",4,9961,"C022249",2.579091
"C037962",5,21482,"C047883",9.089022
"C037963",2,868,"C001904",7.801977
"C037965",5,21482,"C047883",1.513717
"C037967",0,5705,"C012675",5.932294
"C037972",5,21482,"C047883",5.104084
"C037974",0,5705,"C012675",5.053681
"C037976",1,5732,"C012734",7.105848
"C037979",1,5732,"C012734",2.144089
"C037981",5,21482,"C047883",5.520689
"C037986",0,5705,"C012675",3.873881
"C037988",0,5705,"C012675",5.454408
"C037993",0,5705,"C012675",9.455030
"C038001",2,868,"C001904",2.991686
"C038002",2,868,"C001904",7.435988
"C038004",2,868,"C001904",3.232803
"C038005",4,9961,"C022249",1.666539
"C038006",0,5705,"C012675",2.907659
"C038008",4,9961,"C022249",6.425487
"C038010",5,21482,"C047883",5.088518
"C038011",2,868,"C001904",2.997054
"C038012",2,868,"C001904",7.515934
"C038019",1,5732,"C012734",10.770180
"C038021",2,868,"C001904",8.655303
"C038026",4,9961,"C022249",4.329588
"C038027",3,16827,"C037407",4.977313
"C038028",0,5705,"C012675",8.331188
"C038031",5,21482,"C047883",10.612048
"C038032",1,5732,"C012734",14.916476
"C038033",2,868,"C001904",6.191993
"C038037",5,21482,"C047883",11.776969
"C038041",1,5732,"C012734",3.904556
"C038042",4,9961,"C022249",0.936321
"C038046",2,868,"C001904",3.770237
"C038058",4,9961,"C022249",4.298043
"C038062",1,5732,"C012734",7.752823
"C038063",5,21482,"C047883",0.681819
"C038067",2,868,"C001904",3.204154
"C038068",4,9961,"C022249",3.408687
"C038069",3,16827,"C037407",1.392015
"C038076",1,5732,"C012734",10.435470
"C038077",3,16827,"C037407",7.822130
"C038081",1,5732,"C012734",5.366029
"C038085",1,5732,"C012734",4.768678
"C038086",0,5705,"C012675",3.804982
"C038088",2,868,"C001904",6.640299
"C038092",2,868,"C001904",4.406564
"C038095",3,16827,"C037407",3.953528
"C038096",5,21482,"C047883",9.320320
"C038097",1,5732,"C012734",5.856681
"C038099",1,5732,"C012734",9.624380
"C038103",5,21482,"C047883",7.864147
"C038105",1,5732,"C012734",1.985274
"C038106",5,21482,"C047883",2.685274
"C038108",1,5732,"C012734",3.744269
"C038114",0,5705,"C012675",4.922946
"C038115",5,21482,"C047883",5.387313
"C038118",1,5732,"C012734",8.061038
"C038120",5,21482,"C047883",3.098544
"C038122",1,5732,"C012734",5.400065
"C038123",0,5705,"C012675",2.433827
"C038126",0,5705,"C012675",5.783532
"C038129",4,9961,"C022249",2.447995
"C038130",1,5732,"C012734",3.509832
"C038131",0,5705,"C012675",6.408350
"C038138",5,21482,"C047883",1.020948
"C038144",0,5705,"C012675",9.318618
"C038147",0,5705,"C012675",4.232876
"C038151",5,21482,"C047883",2.267872
"C038152",1,5732,"C012734",13.093900
"C038153",2,868,"C001904",7.973434
"C038156",0,5705,"C012675",1.081294
"C038157",1,5732,"C012734",2.253952
"C038159",5,21482,"C047883",2.020961
"C038160",1,5732,"C012734",6.992695
"C038161",2,868,"C001904",3.179842
"C038163",5,21482,"C047883",1.050613
"C038165",1,5732,"C012734",7.413024
"C038168",0,5705,"C012675",5.892835
"C038172",1,5732,"C012734",10.467995
"C038174",1,5732,"C012734",4.237380
"C038175",1,5732,"C012734",7.969603
"C038178",5,21482,"C047883",4.044125
"C038180",0,5705,"C012675",1.124749
"C038181",5,21482,"C047883",1.547844
"C038183",0,5705,"C012675",5.887085
"C038186",2,868,"C001904",1.700352
"C038188",1,5732,"C012734",11.306019
"C038189",0,5705,"C012675",2.962931
"C038192",5,21482,"C047883",15.057998
"C038193",1,5732,"C012734",3.979753
"C038195",0,5705,"C012675",1.876604
"C038198",5,21482,"C047883",12.793940
"C038199",5,21482,"C047883",12.675158
"C038201",1,5732,"C012734",1.820885
"C038206",1,5732,"C012734",7.423701
"C038207",5,21482,"C047883",3.777311
"C038210",0,5705,"C012675",5.922174
"C038211",4,9961,"C022249",4.773250
"C038212",2,868,"C001904",9.256371
"C038215",4,9961,"C022249",3.711248
"C038217",1,5732,"C012734",7.370834
"C038219",1,5732,"C012734",4.353986
"C038222",0,5705,"C012675",6.962582
"C038224",4,9961,"C022249",0.478040
"C038227",0,5705,"C012675",3.001118
"C038228",5,21482,"C047883",1.995161
"C038229",1,5732,"C012734",3.024657
"C038230",1,5732,"C012734",9.131177
"C038232",5,21482,"C047883",1.394963
"C038233",5,21482,"C047883",10.148644
"C038234",3,16827,"C037407",6.615876
"C038235",0,5705,"C012675",1.395413
"C038236",3,16827,"C037407",9.722938
"C038237",0,5705,"C012675",4.690025
"C038239",1,5732,"C012734",1.432063
"C038240",4,9961,"C022249",1.414010
"C038243",5,21482,"C047883",2.537407
"C038246",0,5705,"C012675",5.778729
"C038249",5,21482,"C047883",2.905888
"C038250",3,16827,"C037407",9.466952
"C038252",5,21482,"C047883",2.973033
"C038253",0,5705,"C012675",3.716597
"C038256",5,21482,"C047883",7.501930
"C038257",4,9961,"C022249",2.044458
"C038258",0,5705,"C012675",0.540349
"C038259",5,21482,"C047883",14.382850
"C038260",2,868,"C001904",5.186473
"C038265",5,21482,"C047883",16.012601
"C038266",1,5732,"C012734",3.586023
"C038267",0,5705,"C012675",6.750658
"C038272",5,21482,"C047883",5.275026
"C038273",5,21482,"C047883",2.571576
"C038274",2,868,"C001904",5.162438
"C038277",1,5732,"C012734",9.392322
"C038279",5,21482,"C047883",1.011456
"C038280",5,21482,"C047883",5.976409
"C038281",3,16827,"C037407",2.140913
"C038283",0,5705,"C012675",2.008907
"C038285",0,5705,"C012675",0.753584
"C038286",2,868,"C001904",7.688400
"C038292",0,5705,"C012675",3.086634
"C038294",5,21482,"C047883",11.215290
"C038298",5,21482,"C047883",2.895282
"C038299",5,21482,"C047883",5.521999
"C038302",1,5732,"C012734",8.268615
"C038303",5,21482,"C047883",12.291239
"C038304",0,5705,"C012675",6.323920
"C038307",5,21482,"C047883",4.063749
"C038308",5,21482,"C047883",1.531336
"C038311",0,5705,"C012675",2.828775
"C038312",1,5732,"C012734",14.680518
"C038313",0,5705,"C012675",3.970305
"C038316",5,21482,"C047883",5.896546
"C038318",5,21482,"C047883",1.908817
"C038321",5,21482,"C047883",7.640197
"C038322",3,16827,"C037407",6.304375
"C038324",0,5705,"C012675",5.585558
"C038327",4,9961,"C022249",3.245103
"C038335",0,5705,"C012675",8.948561
"C038336",2,868,"C001904",8.697063
"C038337",3,16827,"C037407",5.269319
"C038338",5,21482,"C047883",3.332580
"C038345",3,16827,"C037407",4.727828
"C038346",5,21482,"C047883",3.483764
"C038348",4,9961,"C022249",2.556451
"C038349",1,5732,"C012734",16.823119
"C038351",1,5732,"C012734",6.290587
"C038353",4,9961,"C022249",1.862009
"C038354",2,868,"C001904",1.339917
"C038357",5,21482,"C047883",12.803907
"C038358",4,9961,"C022249",5.202615
"C038363",3,16827,"C037407",3.908550
"C038364",4,9961,"C022249",4.945964
"C038365",5,21482,"C047883",11.208962
"C038374",2,868,"C001904",5.610555
"C038375",5,21482,"C047883",6.863060
"C038378",5,21482,"C047883",9.097332
"C038381",5,21482,"C047883",7.522259
"C038382",4,9961,"C022249",4.710074
"C038384",2,868,"C001904",6.631615
"C038385",5,21482,"C047883",4.787478
"C038389",0,5705,"C012675",3.137721
"C038391",1,5732,"C012734",8.732534
"C038393",2,868,"C001904",6.356810
"C038395",5,21482,"C047883",12.334993
"C038397",1,5732,"C012734",4.472894
"C038399",4,9961,"C022249",4.328591
"C038400",0,5705,"C012675",4.742633
"C038402",3,16827,"C037407",9.211838
"C038403",1,5732,"C012734",2.429029
"C038404",2,868,"C001904",7.246523
"C038405",5,21482,"C047883",8.198457
"C038406",1,5732,"C012734",2.334347
"C038408",2,868,"C001904",1.903649
"C038411",2,868,"C001904",9.796264
"C038412",1,5732,"C012734",8.789444
"C038414",2,868,"C001904",1.713208
"C038418",2,868,"C001904",10.549574
"C038419",4,9961,"C022249",4.542842
"C038420",1,5732,"C012734",6.488666
"C038421",3,16827,"C037407",1.549092
"C038427",2,868,"C001904",7.592854
"C038428",5,21482,"C047883",0.817676
"C038429",5,21482,"C047883",10.803262
"C038431",0,5705,"C012675",8.059343
"C038434",1,5732,"C012734",5.095313
"C038437",2,868,"C001904",3.417458
"C038441",5,21482,"C047883",2.630728
"C038444",2,868,"C001904",2.085616
"C038446",3,16827,"C037407",2.290121
"C038447",5,21482,"C047883",7.314637
"C038451",5,21482,"C047883",1.581025
"C038455",0,5705,"C012675",3.464422
"C038458",2,868,"C001904",8.201845
"C038463",5,21482,"C047883",13.728298
"C038465",0,5705,"C012675",5.376468
"C038468",1,5732,"C012734",5.808811
"C038469",5,21482,"C047883",12.817881
"C038473",2,868,"C001904",7.575067
"C038481",0,5705,"C012675",1.477624
"C038483",0,5705,"C012675",5.166795
"C038484",5,21482,"C047883",9.049055
"C038485",5,21482,"C047883",5.815861
"C038487",1,5732,"C012734",12.006994
"C038489",5,21482,"C047883",4.512769
"C038494",2,868,"C001904",4.195924
"C038497",4,9961,"C022249",5.019511
"C038498",1,5732,"C012734",3.975248
"C038500",0,5705,"C012675",3.645076
"C038502",2,868,"C001904",7.668297
"C038503",0,5705,"C012675",3.803037
"C038508",4,9961,"C022249",1.859990
"C038510",0,5705,"C012675",1.445810
"C038511",5,21482,"C047883",15.176424
"C038512",5,21482,"C047883",8.176819
"C038513",1,5732,"C012734",7.648357
"C038514",5,21482,"C047883",3.359439
"C038516",5,21482,"C047883",2.478379
"C038521",0,5705,"C012675",3.202071
"C038522",2,868,"C001904",6.497369
"C038524",1,5732,"C012734",13.783632
"C038525",0,5705,"C012675",4.759660
"C038527",5,21482,"C047883",0.751997
"C038528",2,868,"C001904",2.128704
"C038529",2,868,"C001904",6.662704
"C038530",5,21482,"C047883",9.048033
"C038531",3,16827,"C037407",1.368922
"C038534",0,5705,"C012675",8.959400
"C038536",2,868,"C001904",4.646584
"C038537",0,5705,"C012675",7.052677
"C038538",5,21482,"C047883",7.928004
"C038539",1,5732,"C012734",4.831068
"C038541",0,5705,"C012675",1.859841
"C038543",2,868,"C001904",8.597365
"C038546",1,5732,"C012734",11.805596
"C038551",2,868,"C001904",6.595762
"C038553",1,5732,"C012734",12.248910
"C038556",1,5732,"C012734",10.849920
"C038558",3,16827,"C037407",4.745006
"C038559",3,16827,"C037407",4.690080
"C038560",5,21482,"C047883",8.105659
"C038566",0,5705,"C012675",1.506997
"C038567",3,16827,"C037407",2.542907
"C038570",5,21482,"C047883",3.968361
"C038572",4,9961,"C022249",1.826805
"C038573",1,5732,"C012734",7.448016
"C038576",3,16827,"C037407",10.581868
"C038579",0,5705,"C012675",8.289693
"C038580",1,5732,"C012734",4.265666
"C038583",2,868,"C001904",3.591909
"C038584",0,5705,"C012675",7.821594
"C038585",5,21482,"C047883",9.071423
"C038586",1,5732,"C012734",15.297521
"C038588",1,5732,"C012734",5.656364
"C038589",0,5705,"C012675",2.690586
"C038590",1,5732,"C012734",5.129698
"C038591",5,21482,"C047883",5.844566
"C038593",5,21482,"C047883",11.030359
"C038594",4,9961,"C022249",3.045883
"C038595",1,5732,"C012734",2.685966
"C038603",0,5705,"C012675",6.602066
"C038604",2,868,"C001904",8.696673
"C038607",5,21482,"C047883",4.244831
"C038608",0,5705,"C012675",8.761525
"C038609",0,5705,"C012675",5.870073
"C038611",5,21482,"C047883",8.152929
"C038612",5,21482,"C047883",6.661316
"C038618",0,5705,"C012675",6.408598
"C038619",3,16827,"C037407",1.698565
"C038620",5,21482,"C047883",6.056757
"C038622",0,5705,"C012675",3.936471
"C038623",0,5705,"C012675",3.897154
"C038624",2,868,"C001904",3.993787
"C038627",0,5705,"C012675",3.983173
"C038629",5,21482,"C047883",12.855195
"C038634",4,9961,"C022249",4.662270
"C038635",5,21482,"C047883",5.551707
"C038638",4,9961,"C022249",3.629904
"C038640",5,21482,"C047883",2.895301
"C038641",5,21482,"C047883",12.680220
"C038643",1,5732,"C012734",5.562033
"C038645",5,21482,"C047883",4.842477
"C038646",1,5732,"C012734",4.379396
"C038648",0,5705,"C012675",7.313225
"C038649",2,868,"C001904",2.002902
"C038650",0,5705,"C012675",5.343252
"C038651",1,5732,"C012734",7.337619
"C038652",2,868,"C001904",8.108186
"C038654",5,21482,"C047883",6.992862
"C038655",5,21482,"C047883",6.322743
"C038656",0,5705,"C012675",2.585399
"C038657",4,9961,"C022249",5.554722
"C038660",3,16827,"C037407",6.127272
"C038663",4,9961,"C022249",3.708947
"C038665",2,868,"C001904",5.502303
"C038667",5,21482,"C047883",12.673365
"C038669",4,9961,"C022249",8.317004
"C038673",0,5705,"C012675",7.352424
"C038674",2,868,"C001904",3.923651
"C038677",1,5732,"C012734",7.318588
"C038681",4,9961,"C022249",1.856500
"C038682",0,5705,"C012675",6.850722
"C038683",5,21482,"C047883",3.051461
"C038684",5,21482,"C047883",9.548575
"C038689",3,16827,"C037407",2.136219
"C038692",0,5705,"C012675",0.865638
"C038693",0,5705,"C012675",4.975069
"C038695",2,868,"C001904",2.346212
"C038696",0,5705,"C012675",5.780172
"C038698",2,868,"C001904",11.916467
"C038699",5,21482,"C047883",7.295793
"C038700",2,868,"C001904",5.750435
"C038701",5,21482,"C047883",4.157500
"C038703",5,21482,"C047883",5.044694
"C038704",5,21482,"C047883",5.583056
"C038708",2,868,"C001904",5.095961
"C038709",0,5705,"C012675",0.179021
"C038711",3,16827,"C037407",8.306125
"C038712",1,5732,"C012734",4.896715
"C038715",5,21482,"C047883",3.460400
"C038723",0,5705,"C012675",5.702085
"C038724",0,5705,"C012675",6.969964
"C038727",2,868,"C001904",4.014729
"C038728",5,21482,"C047883",3.424357
"C038731",5,21482,"C047883",1.165789
"C038734",4,9961,"C022249",3.835750
"C038736",1,5732,"C012734",6.683335
"C038737",1,5732,"C012734",5.856795
"C038740",5,21482,"C047883",9.002743
"C038741",2,868,"C001904",7.596758
"C038742",5,21482,"C047883",3.565470
"C038743",0,5705,"C012675",5.252112
"C038744",3,16827,"C037407",0.944100
"C038749",1,5732,"C012734",9.015824
"C038750",2,868,"C001904",9.534212
"C038753",5,21482,"C047883",3.188295
"C038755",3,16827,"C037407",0.500033
"C038756",2,868,"C001904",3.110177
"C038759",5,21482,"C047883",3.804212
"C038760",2,868,"C001904",10.990083
"C038761",5,21482,"C047883",11.349242
"C038763",0,5705,"C012675",8.999763
"C038765",0,5705,"C012675",2.390283
"C038766",0,5705,"C012675",3.044786
"C038767",5,21482,"C047883",5.871513
"C038768",5,21482,"C047883",6.505533
"C038770",5,21482,"C047883",1.734502
"C038772",5,21482,"C047883",1.955537
"C038776",4,9961,"C022249",4.776274
"C038778",0,5705,"C012675",4.683673
"C038779",5,21482,"C047883",5.297469
"C038780",0,5705,"C012675",4.170850
"C038782",0,5705,"C012675",6.937105
"C038787",5,21482,"C047883",7.645297
"C038791",0,5705,"C012675",7.084332
"C038795",2,868,"C001904",3.863057
"C038796",1,5732,"C012734",8.022619
"C038799",0,5705,"C012675",3.355748
"C038800",2,868,"C001904",3.222764
"C038802",0,5705,"C012675",3.785653
"C038803",1,5732,"C012734",4.705844
"C038805",5,21482,"C047883",6.281623
"C038806",2,868,"C001904",4.172702
"C038807",4,9961,"C022249",3.178013
"C038809",5,21482,"C047883",13.331957
"C038810",5,21482,"C047883",11.275372
"C038815",1,5732,"C012734",3.237317
"C038819",5,21482,"C047883",9.394236
"C038820",2,868,"C001904",10.333476
"C038823",5,21482,"C047883",6.437262
"C038824",5,21482,"C047883",8.610468
"C038825",2,868,"C001904",1.245027
"C038827",0,5705,"C012675",7.051235
"C038830",3,16827,"C037407",2.398644
"C038832",4,9961,"C022249",3.592175
"C038833",5,21482,"C047883",9.666250
"C038835",0,5705,"C012675",6.114828
"C038837",3,16827,"C037407",0.924343
"C038839",3,16827,"C037407",8.988760
"C038842",5,21482,"C047883",6.004187
"C038846",1,5732,"C012734",3.993355
"C038847",0,5705,"C012675",3.666422
"C038850",0,5705,"C012675",5.979014
"C038851",5,21482,"C047883",12.309372
"C038852",5,21482,"C047883",12.890545
"C038859",3,16827,"C037407",0.194490
"C038862",2,868,"C001904",2.390054
"C038867",2,868,"C001904",2.013481
"C038868",5,21482,"C047883",1.277885
"C038871",2,868,"C001904",11.080216
"C038872",5,21482,"C047883",5.750548
"C038873",0,5705,"C012675",3.733986
"C038875",5,21482,"C047883",2.308144
"C038878",5,21482,"C047883",1.114744
"C038883",5,21482,"C047883",12.405601
"C038884",0,5705,"C012675",4.727440
"C038890",1,5732,"C012734",5.981591
"C038891",3,16827,"C037407",8.273558
"C038892",5,21482,"C047883",7.873876
"C038894",5,21482,"C047883",4.015358
"C038896",3,16827,"C037407",9.124240
"C038901",1,5732,"C012734",3.607420
"C038902",5,21482,"C047883",12.646663
"C038905",0,5705,"C012675",6.157043
"C038910",0,5705,"C012675",1.924896
"C038913",1,5732,"C012734",2.869785
"C038917",1,5732,"C012734",3.640718
"C038920",2,868,"C001904",8.177622
"C038922",0,5705,"C012675",5.775195
"C038923",3,16827,"C037407",9.241116
"C038924",4,9961,"C022249",4.866080
"C038926",0,5705,"C012675",3.275930
"C038931",4,9961,"C022249",9.159456
"C038933",1,5732,"C012734",4.555852
"C038936",2,868,"C001904",5.490378
"C038937",0,5705,"C012675",10.009811
"C038939",1,5732,"C012734",8.014185
"C038942",0,5705,"C012675",1.750670
"C038948",4,9961,"C022249",3.793840
"C038949",5,21482,"C047883",10.985794
"C038951",5,21482,"C047883",7.645324
"C038952",0,5705,"C012675",5.195970
"C038953",0,5705,"C012675",5.938611
"C038956",5,21482,"C047883",11.949259
"C038957",0,5705,"C012675",4.946530
"C038958",0,5705,"C012675",6.615003
"C038959",3,16827,"C037407",7.547956
"C038960",1,5732,"C012734",8.811380
"C038964",4,9961,"C022249",4.020449
"C038965",0,5705,"C012675",6.094363
"C038971",5,21482,"C047883",12.244752
"C038972",1,5732,"C012734",9.484469
"C038974",4,9961,"C022249",6.291345
"C038975",5,21482,"C047883",6.826995
"C038976",5,21482,"C047883",6.761536
"C038979",5,21482,"C047883",5.154114
"C038980",2,868,"C001904",2.680748
"C038983",5,21482,"C047883",6.456286
"C038985",5,21482,"C047883",11.203474
"C038986",1,5732,"C012734",6.545627
"C038988",2,868,"C001904",8.298884
"C038989",0,5705,"C012675",8.986980
"C038990",0,5705,"C012675",2.360981
"C038992",5,21482,"C047883",13.959766
"C038997",2,868,"C001904",5.868049
"C038999",5,21482,"C047883",12.940358
"C039000",3,16827,"C037407",5.766585
"C039001",4,9961,"C022249",0.336663
"C039004",0,5705,"C012675",2.948136
"C039006",2,868,"C001904",3.098557
"C039007",1,5732,"C012734",2.150164
"C039008",5,21482,"C047883",1.419512
"C039009",5,21482,"C047883",12.308864
"C039014",5,21482,"C047883",8.724343
"C039016",0,5705,"C012675",4.905877
"C039017",4,9961,"C022249",2.550045
"C039018",5,21482,"C047883",1.688036
"C039019",1,5732,"C012734",6.775617
"C039020",2,868,"C001904",7.197653
"C039021",2,868,"C001904",7.449670
"C039023",0,5705,"C012675",8.289112
"C039024",1,5732,"C012734",8.311191
"C039026",4,9961,"C022249",2.620719
"C039027",4,9961,"C022249",2.785853
"C039028",2,868,"C001904",4.235970
"C039030",3,16827,"C037407",6.442601
"C039032",0,5705,"C012675",6.378538
"C039033",5,21482,"C047883",2.319294
"C039034",1,5732,"C012734",7.632017
"C039035",3,16827,"C037407",3.354772
"C039036",1,5732,"C012734",9.971321
"C039040",1,5732,"C012734",7.341618
"C039042",0,5705,"C012675",5.958118
"C039043",3,16827,"C037407",4.894260
"C039050",5,21482,"C047883",9.262541
"C039053",5,21482,"C047883",1.991941
"C039054",1,5732,"C012734",1.640940
"C039057",1,5732,"C012734",6.057866
"C039061",2,868,"C001904",2.302324
"C039062",5,21482,"C047883",10.469320
"C039064",0,5705,"C012675",2.575383
"C039066",3,16827,"C037407",7.223926
"C039070",2,868,"C001904",7.092049
"C039073",5,21482,"C047883",5.796894
"C039076",4,9961,"C022249",4.414542
"C039077",2,868,"C001904",1.512265
"C039079",3,16827,"C037407",5.160435
"C039083",1,5732,"C012734",6.557840
"C039085",0,5705,"C012675",8.101843
"C039092",0,5705,"C012675",2.384135
"C039093",2,868,"C001904",2.065604
"C039094",2,868,"C001904",1.941154
"C039096",1,5732,"C012734",9.371030
"C039099",0,5705,"C012675",3.089203
"C039100",2,868,"C001904",6.334016
"C039101",5,21482,"C047883",4.074813
"C039102",2,868,"C001904",5.196351
"C039105",4,9961,"C022249",5.304790
"C039107",5,21482,"C047883",1.003120
"C039108",1,5732,"C012734",5.892638
"C039110",0,5705,"C012675",5.931054
"C039115",0,5705,"C012675",5.200042
"C039120",0,5705,"C012675",2.264034
"C039122",0,5705,"C012675",7.082660
"C039123",1,5732,"C012734",6.662781
"C039125",5,21482,"C047883",10.972531
"C039128",1,5732,"C012734",7.175229
"C039129",5,21482,"C047883",2.614155
"C039133",1,5732,"C012734",7.638904
"C039135",0,5705,"C012675",6.536539
"C039136",3,16827,"C037407",7.541382
"C039142",2,868,"C001904",6.765521
"C039151",5,21482,"C047883",9.301313
"C039152",5,21482,"C047883",4.733701
"C039153",0,5705,"C012675",7.858305
"C039154",0,5705,"C012675",10.802559
"C039156",4,9961,"C022249",0.468877
"C039160",4,9961,"C022249",2.813836
"C039167",1,5732,"C012734",13.559576
"C039172",3,16827,"C037407",4.758249
"C039173",1,5732,"C012734",4.044278
"C039177",0,5705,"C012675",3.051598
"C039179",5,21482,"C047883",3.772139
"C039181",2,868,"C001904",5.684250
"C039183",5,21482,"C047883",5.030394
"C039185",3,16827,"C037407",3.943630
"C039188",3,16827,"C037407",4.292731
"C039189",3,16827,"C037407",6.242767
"C039190",0,5705,"C012675",7.901634
"C039191",0,5705,"C012675",7.994941
"C039194",3,16827,"C037407",8.466806
"C039195",4,9961,"C022249",3.636522
"C039196",5,21482,"C047883",3.038905
"C039197",5,21482,"C047883",1.197191
"C039198",0,5705,"C012675",6.493118
"C039199",0,5705,"C012675",2.271078
"C039200",4,9961,"C022249",2.689805
"C039203",0,5705,"C012675",4.755041
"C039204",2,868,"C001904",0.772544
"C039205",0,5705,"C012675",0.693214
"C039206",2,868,"C001904",4.805253
"C039207",5,21482,"C047883",0.857883
"C039212",0,5705,"C012675",7.166149
"C039218",0,5705,"C012675",8.887118
"C039223",0,5705,"C012675",5.808382
"C039224",5,21482,"C047883",12.296868
"C039226",0,5705,"C012675",7.163755
"C039228",2,868,"C001904",5.942319
"C039229",4,9961,"C022249",1.479781
"C039230",0,5705,"C012675",3.839530
"C039240",1,5732,"C012734",5.557016
"C039243",0,5705,"C012675",10.347937
"C039249",5,21482,"C047883",7.778796
"C039252",1,5732,"C012734",2.708472
"C039253",5,21482,"C047883",10.281083
"C039254",4,9961,"C022249",4.594451
"C039258",0,5705,"C012675",2.442053
"C039263",0,5705,"C012675",6.923008
"C039264",1,5732,"C012734",9.437560
"C039265",2,868,"C001904",3.272525
"C039268",4,9961,"C022249",2.105666
"C039270",0,5705,"C012675",6.070083
"C039275",2,868,"C001904",6.004477
"C039276",3,16827,"C037407",0.386370
"C039279",1,5732,"C012734",9.132014
"C039280",5,21482,"C047883",3.666223
"C039283",4,9961,"C022249",5.266179
"C039285",3,16827,"C037407",7.660285
"C039286",5,21482,"C047883",4.568318
"C039288",5,21482,"C047883",2.825081
"C039289",0,5705,"C012675",5.866435
"C039290",2,868,"C001904",6.564707
"C039291",0,5705,"C012675",8.362612
"C039292",5,21482,"C047883",8.215367
"C039294",2,868,"C001904",4.357952
"C039300",0,5705,"C012675",9.253057
"C039304",4,9961,"C022249",1.883422
"C039306",5,21482,"C047883",11.066180
"C039308",1,5732,"C012734",8.480444
"C039309",5,21482,"C047883",9.716216
"C039310",5,21482,"C047883",8.657244
"C039312",5,21482,"C047883",1.736700
"C039313",5,21482,"C047883",4.842768
"C039315",3,16827,"C037407",10.074272
"C039316",1,5732,"C012734",6.252696
"C039317",0,5705,"C012675",6.477991
"C039319",5,21482,"C047883",13.449014
"C039320",2,868,"C001904",4.269221
"C039322",2,868,"C001904",3.836763
"C039323",5,21482,"C047883",9.500343
"C039324",1,5732,"C012734",2.576489
"C039329",5,21482,"C047883",4.564290
"C039330",1,5732,"C012734",2.376243
"C039332",1,5732,"C012734",4.226451
"C039334",2,868,"C001904",4.201016
"C039337",5,21482,"C047883",13.304608
"C039339",5,21482,"C047883",2.919924
"C039340",0,5705,"C012675",5.160135
"C039342",0,5705,"C012675",7.722635
"C039343",0,5705,"C012675",2.643513
"C039345",5,21482,"C047883",2.441462
"C039353",5,21482,"C047883",6.481020
"C039355",5,21482,"C047883",13.039484
"C039356",0,5705,"C012675",5.940804
"C039359",1,5732,"C012734",10.565971
"C039360",5,21482,"C047883",9.530512
"C039362",0,5705,"C012675",4.583166
"C039363",2,868,"C001904",6.662553
"C039364",1,5732,"C012734",3.706689
"C039366",1,5732,"C012734",4.709366
"C039370",2,868,"C001904",9.736614
"C039372",3,16827,"C037407",4.179202
"C039373",5,21482,"C047883",14.406356
"C039377",0,5705,"C012675",4.700027
"C039386",3,16827,"C037407",5.875725
"C039387",5,21482,"C047883",8.753293
"C039392",2,868,"C001904",7.360482
"C039395",5,21482,"C047883",4.285137
"C039396",1,5732,"C012734",7.498248
"C039398",3,16827,"C037407",3.771640
"C039401",5,21482,"C047883",10.163014
"C039405",1,5732,"C012734",3.106296
"C039407",3,16827,"C037407",6.806102
"C039410",2,868,"C001904",7.025724
"C039411",5,21482,"C047883",3.096435
"C039415",1,5732,"C012734",3.773682
"C039416",2,868,"C001904",9.221420
"C039421",4,9961,"C022249",4.059676
"C039422",0,5705,"C012675",9.849829
"C039423",1,5732,"C012734",1.492477
"C039425",3,16827,"C037407",1.440416
"C039427",0,5705,"C012675",6.047256
"C039428",4,9961,"C022249",5.198312
"C039430",1,5732,"C012734",6.687293
"C039431",1,5732,"C012734",5.660519
"C039432",0,5705,"C012675",3.214462
"C039438",0,5705,"C012675",6.931461
"C039444",2,868,"C001904",3.239439
"C039445",3,16827,"C037407",3.194928
"C039453",5,21482,"C047883",7.244785
"C039454",1,5732,"C012734",1.440019
"C039455",2,868,"C001904",11.473731
"C039458",3,16827,"C037407",4.216415
"C039459",5,21482,"C047883",5.973030
"C039461",5,21482,"C047883",3.212307
"C039463",3,16827,"C037407",8.949808
"C039464",0,5705,"C012675",1.732329
"C039469",1,5732,"C012734",8.738754
"C039471",0,5705,"C012675",4.108221
"C039473",5,21482,"C047883",2.794221
"C039475",5,21482,"C047883",6.877776
"C039476",0,5705,"C012675",3.980465
"C039477",1,5732,"C012734",11.274989
"C039478",2,868,"C001904",0.543530
"C039479",1,5732,"C012734",16.913098
"C039480",5,21482,"C047883",2.470893
"C039485",2,868,"C001904",2.416958
"C039486",4,9961,"C022249",0.944907
"C039492",2,868,"C001904",9.814494
"C039493",4,9961,"C022249",5.317714
"C039494",5,21482,"C047883",10.275069
"C039497",1,5732,"C012734",16.758646
"C039503",2,868,"C001904",8.562350
"C039506",4,9961,"C022249",2.759348
"C039509",3,16827,"C037407",1.205888
"C039510",5,21482,"C047883",8.500882
"C039511",2,868,"C001904",7.298633
"C039512",3,16827,"C037407",4.118496
"C039516",0,5705,"C012675",3.875051
"C039519",0,5705,"C012675",8.045847
"C039522",4,9961,"C022249",1.080889
"C039523",2,868,"C001904",6.149667
"C039526",5,21482,"C047883",2.853039
"C039528",5,21482,"C047883",2.431130
"C039529",5,21482,"C047883",10.319106
"C039532",4,9961,"C022249",2.768888
"C039533",1,5732,"C012734",7.178496
"C039535",2,868,"C001904",7.718173
"C039537",4,9961,"C022249",3.908310
"C039539",1,5732,"C012734",8.536956
"C039540",0,5705,"C012675",1.317777
"C039541",1,5732,"C012734",9.564623
"C039542",1,5732,"C012734",2.125763
"C039547",4,9961,"C022249",5.435146
"C039551",2,868,"C001904",8.607970
"C039555",1,5732,"C012734",9.645305
"C039557",5,21482,"C047883",9.557805
"C039563",3,16827,"C037407",4.174949
"C039564",3,16827,"C037407",7.330464
"C039568",1,5732,"C012734",7.683761
"C039569",0,5705,"C012675",6.643922
"C039570",1,5732,"C012734",3.269542
"C039571",2,868,"C001904",1.953205
"C039572",4,9961,"C022249",2.237984
"C039576",5,21482,"C047883",3.747860
"C039581",5,21482,"C047883",12.711172
"C039583",3,16827,"C037407",0.727969
"C039584",1,5732,"C012734",5.594694
"C039585",4,9961,"C022249",0.658750
"C039589",5,21482,"C047883",3.176222
"C039593",2,868,"C001904",12.730370
"C039596",2,868,"C001904",1.777705
"C039597",4,9961,"C022249",0.576326
"C039598",1,5732,"C012734",2.589418
"C039599",1,5732,"C012734",7.852534
"C039600",0,5705,"C012675",9.791644
"C039606",1,5732,"C012734",1.941640
"C039609",3,16827,"C037407",4.128572
"C039612",3,16827,"C037407",2.380811
"C039614",5,21482,"C047883",1.678481
"C039616",0,5705,"C012675",4.531346
"C039618",4,9961,"C022249",1.964430
"C039619",1,5732,"C012734",2.711191
"C039620",1,5732,"C012734",7.429090
"C039621",5,21482,"C047883",0.530708
"C039623",0,5705,"C012675",4.717437
"C039625",2,868,"C001904",5.817675
"C039628",1,5732,"C012734",3.114345
"C039630",0,5705,"C012675",4.938947
"C039631",5,21482,"C047883",9.038244
"C039632",0,5705,"C012675",4.864086
"C039638",4,9961,"C022249",1.410896
"C039641",4,9961,"C022249",2.262411
"C039642",5,21482,"C047883",3.485460
"C039643",2,868,"C001904",1.177037
"C039645",5,21482,"C047883",2.786987
"C039648",3,16827,"C037407",6.592233
"C039649",5,21482,"C047883",1.725658
"C039655",3,16827,"C037407",4.011741
"C039659",0,5705,"C012675",4.933435
"C039661",0,5705,"C012675",1.301910
"C039663",4,9961,"C022249",9.417852
"C039664",5,21482,"C047883",1.470320
"C039667",1,5732,"C012734",1.857097
"C039670",4,9961,"C022249",6.169209
"C039675",5,21482,"C047883",9.558244
"C039678",1,5732,"C012734",5.158041
"C039680",2,868,"C001904",8.134071
"C039681",4,9961,"C022249",2.191859
"C039682",3,16827,"C037407",2.715126
"C039683",4,9961,"C022249",4.512677
"C039684",1,5732,"C012734",2.736337
"C039685",0,5705,"C012675",4.779691
"C039686",2,868,"C001904",8.684641
"C039687",3,16827,"C037407",7.963595
"C039688",1,5732,"C012734",2.855946
"C039693",1,5732,"C012734",12.883541
"C039694",2,868,"C001904",6.617246
"C039699",1,5732,"C012734",7.849791
"C039701",2,868,"C001904",10.634818
"C039702",2,868,"C001904",6.776571
"C039704",0,5705,"C012675",6.839148
"C039705",5,21482,"C047883",1.078111
"C039709",4,9961,"C022249",6.095252
"C039710",2,868,"C001904",8.892519
"C039715",5,21482,"C047883",11.228611
"C039716",5,21482,"C047883",3.609300
"C039717",1,5732,"C012734",16.605024
"C039722",0,5705,"C012675",8.631567
"C039728",5,21482,"C047883",5.124522
"C039729",0,5705,"C012675",5.803072
"C039731",0,5705,"C012675",6.247080
"C039734",5,21482,"C047883",8.460533
"C039735",0,5705,"C012675",0.704830
"C039737",1,5732,"C012734",5.328368
"C039738",1,5732,"C012734",4.970588
"C039741",3,16827,"C037407",3.014528
"C039749",3,16827,"C037407",8.486094
"C039750",4,9961,"C022249",2.737988
"C039752",5,21482,"C047883",7.825078
"C039754",1,5732,"C012734",5.331502
"C039759",4,9961,"C022249",1.458623
"C039760",1,5732,"C012734",6.626643
"C039761",3,16827,"C037407",2.355379
"C039764",5,21482,"C047883",11.428059
"C039765",5,21482,"C047883",11.115885
"C039766",1,5732,"C012734",6.001696
"C039767",5,21482,"C047883",7.133738
"C039769",2,868,"C001904",7.855173
"C039770",0,5705,"C012675",4.535244
"C039772",5,21482,"C047883",3.629822
"C039773",3,16827,"C037407",3.092387
"C039775",2,868,"C001904",4.875306
"C039776",4,9961,"C022249",5.634773
"C039783",5,21482,"C047883",9.970666
"C039785",2,868,"C001904",6.142830
"C039787",2,868,"C001904",4.483157
"C039793",5,21482,"C047883",13.885812
"C039794",1,5732,"C012734",1.418444
"C039796",3,16827,"C037407",7.297682
"C039797",5,21482,"C047883",3.484358
"C039800",3,16827,"C037407",0.312839
"C039801",4,9961,"C022249",6.554099
"C039806",2,868,"C001904",10.203297
"C039807",5,21482,"C047883",10.468950
"C039810",2,868,"C001904",2.146714
"C039812",4,9961,"C022249",1.615611
"C039816",0,5705,"C012675",7.075148
"C039817",1,5732,"C012734",2.990984
"C039818",1,5732,"C012734",3.084862
"C039820",5,21482,"C047883",5.696922
"C039822",2,868,"C001904",2.278359
"C039823",2,868,"C001904",4.552039
"C039824",2,868,"C001904",9.101422
"C039828",2,868,"C001904",9.992643
"C039829",5,21482,"C047883",10.805028
"C039831",4,9961,"C022249",2.531618
"C039836",0,5705,"C012675",2.925187
"C039837",4,9961,"C022249",4.339929
"C039838",3,16827,"C037407",1.743303
"C039839",1,5732,"C012734",7.650833
"C039845",1,5732,"C012734",6.938009
"C039846",4,9961,"C022249",1.860427
"C039852",1,5732,"C012734",2.481302
"C039854",1,5732,"C012734",5.921456
"C039855",1,5732,"C012734",12.435911
"C039861",2,868,"C001904",8.634783
"C039862",1,5732,"C012734",3.737898
"C039863",1,5732,"C012734",3.393728
"C039867",0,5705,"C012675",2.958766
"C039869",0,5705,"C012675",3.614931
"C039870",5,21482,"C047883",12.890037
"C039872",2,868,"C001904",2.028780
"C039879",2,868,"C001904",7.675339
"C039880",2,868,"C001904",7.509892
"C039881",4,9961,"C022249",3.581383
"C039885",2,868,"C001904",3.457734
"C039886",0,5705,"C012675",5.835882
"C039887",5,21482,"C047883",6.103095
"C039888",0,5705,"C012675",8.819374
"C039889",2,868,"C001904",5.926222
"C039891",5,21482,"C047883",12.132277
"C039895",0,5705,"C012675",1.904155
"C039896",0,5705,"C012675",2.641470
"C039897",2,868,"C001904",2.997335
"C039898",5,21482,"C047883",11.935562
"C039900",0,5705,"C012675",7.502436
"C039903",1,5732,"C012734",2.211051
"C039906",4,9961,"C022249",2.663993
"C039910",5,21482,"C047883",8.330270
"C039911",4,9961,"C022249",6.967575
"C039912",3,16827,"C037407",7.304160
"C039913",4,9961,"C022249",5.092478
"C039915",3,16827,"C037407",9.371746
"C039916",4,9961,"C022249",8.304759
"C039917",4,9961,"C022249",3.545101
"C039920",2,868,"C001904",8.682552
"C039923",5,21482,"C047883",3.888173
"C039925",2,868,"C001904",5.236814
"C039927",5,21482,"C047883",7.058968
"C039931",2,868,"C001904",7.377164
"C039937",5,21482,"C047883",6.321160
"C039939",2,868,"C001904",0.726467
"C039940",4,9961,"C022249",3.011274
"C039942",3,16827,"C037407",1.599804
"C039944",1,5732,"C012734",10.755112
"C039946",1,5732,"C012734",9.349783
"C039948",1,5732,"C012734",1.784180
"C039950",3,16827,"C037407",5.063714
"C039951",5,21482,"C047883",2.158066
"C039953",4,9961,"C022249",2.234875
"C039958",3,16827,"C037407",4.478576
"C039960",5,21482,"C047883",10.929577
"C039963",5,21482,"C047883",8.783303
"C039964",4,9961,"C022249",6.616183
"C039965",5,21482,"C047883",2.301352
"C039966",4,9961,"C022249",3.989999
"C039969",3,16827,"C037407",3.570167
"C039973",2,868,"C001904",7.631551
"C039977",1,5732,"C012734",12.985790
"C039980",0,5705,"C012675",4.992401
"C039983",1,5732,"C012734",11.844112
"C039985",1,5732,"C012734",6.649010
"C039986",0,5705,"C012675",9.711822
"C039987",4,9961,"C022249",1.906698
"C039991",1,5732,"C012734",9.954225
"C039994",2,868,"C001904",8.677873
"C039999",0,5705,"C012675",5.967721
"C040000",0,5705,"C012675",6.196830
"C040001",0,5705,"C012675",6.532270
"C040007",2,868,"C001904",3.390750
"C040008",5,21482,"C047883",10.021649
"C040014",2,868,"C001904",9.725344
"C040020",1,5732,"C012734",13.833631
"C040024",1,5732,"C012734",6.794504
"C040026",1,5732,"C012734",14.491732
"C040027",1,5732,"C012734",3.583578
"C040029",2,868,"C001904",6.475369
"C040030",1,5732,"C012734",6.990063
"C040031",3,16827,"C037407",0.874221
"C040034",5,21482,"C047883",1.403939
"C040035",2,868,"C001904",9.143860
"C040036",5,21482,"C047883",13.645352
"C040037",5,21482,"C047883",5.194775
"C040039",0,5705,"C012675",8.386177
"C040040",0,5705,"C012675",7.545908
"C040041",2,868,"C001904",10.069407
"C040042",5,21482,"C047883",9.415722
"C040043",4,9961,"C022249",2.864963
"C040044",2,868,"C001904",2.209767
"C040045",1,5732,"C012734",10.234227
"C040048",2,868,"C001904",6.945162
"C040050",5,21482,"C047883",5.515198
"C040054",0,5705,"C012675",6.204411
"C040055",3,16827,"C037407",1.778275
"C040057",3,16827,"C037407",2.924895
"C040065",0,5705,"C012675",1.422964
"C040069",0,5705,"C012675",7.743280
"C040072",5,21482,"C047883",7.584282
"C040073",0,5705,"C012675",2.221257
"C040074",5,21482,"C047883",8.871975
"C040076",4,9961,"C022249",2.878659
"C040077",1,5732,"C012734",13.984150
"C040081",1,5732,"C012734",7.992366
"C040084",1,5732,"C012734",12.132601
"C040087",2,868,"C001904",1.064004
"C040088",1,5732,"C012734",1.386075
"C040097",2,868,"C001904",2.857268
"C040099",4,9961,"C022249",4.536157
"C040100",0,5705,"C012675",4.735044
"C040101",1,5732,"C012734",5.306570
"C040103",5,21482,"C047883",8.606798
"C040104",4,9961,"C022249",1.716916
"C040105",4,9961,"C022249",2.876097
"C040106",5,21482,"C047883",11.889908
"C040107",2,868,"C001904",3.932493
"C040108",5,21482,"C047883",8.819103
"C040111",5,21482,"C047883",6.324309
"C040113",4,9961,"C022249",0.990176
"C040114",4,9961,"C022249",0.639847
"C040115",2,868,"C001904",6.336797
"C040126",1,5732,"C012734",6.761988
"C040127",0,5705,"C012675",3.858260
"C040128",2,868,"C001904",3.310444
"C040133",1,5732,"C012734",2.344676
"C040135",5,21482,"C047883",11.953451
"C040136",0,5705,"C012675",2.849069
"C040137",1,5732,"C012734",6.204739
"C040138",4,9961,"C022249",4.667567
"C040139",5,21482,"C047883",4.989229
"C040145",0,5705,"C012675",6.623711
"C040146",2,868,"C001904",7.085531
"C040147",2,868,"C001904",11.937357
"C040152",4,9961,"C022249",4.276539
"C040154",3,16827,"C037407",2.365698
"C040158",5,21482,"C047883",8.679433
"C040159",5,21482,"C047883",2.371769
"C040160",4,9961,"C022249",2.319759
"C040161",2,868,"C001904",2.321259
"C040162",1,5732,"C012734",11.597886
"C040163",1,5732,"C012734",5.185503
"C040166",1,5732,"C012734",6.738303
"C040167",1,5732,"C012734",16.481583
"C040168",0,5705,"C012675",2.494579
"C040169",2,868,"C001904",1.583854
"C040170",5,21482,"C047883",9.757331
"C040174",1,5732,"C012734",15.711645
"C040180",1,5732,"C012734",12.177206
"C040181",1,5732,"C012734",10.731574
"C040184",0,5705,"C012675",6.791073
"C040185",5,21482,"C047883",4.114312
"C040186",0,5705,"C012675",7.508506
"C040187",2,868,"C001904",9.598017
"C040188",3,16827,"C037407",2.592134
"C040190",5,21482,"C047883",2.463245
"C040192",3,16827,"C037407",7.942675
"C040193",5,21482,"C047883",11.782860
"C040194",5,21482,"C047883",10.034228
"C040196",3,16827,"C037407",2.563003
"C040197",5,21482,"C047883",11.140604
"C040199",1,5732,"C012734",14.331396
"C040201",0,5705,"C012675",6.303062
"C040202",1,5732,"C012734",9.007579
"C040209",1,5732,"C012734",12.152096
"C040211",3,16827,"C037407",10.505824
"C040220",2,868,"C001904",4.651358
"C040221",1,5732,"C012734",7.032887
"C040223",0,5705,"C012675",5.048763
"C040225",3,16827,"C037407",2.068204
"C040232",1,5732,"C012734",8.686763
"C040235",2,868,"C001904",8.311356
"C040236",4,9961,"C022249",1.724797
"C040237",4,9961,"C022249",9.118653
"C040238",5,21482,"C047883",9.365439
"C040240",2,868,"C001904",5.648565
"C040241",4,9961,"C022249",4.126271
"C040250",4,9961,"C022249",3.030828
"C040255",5,21482,"C047883",1.991255
"C040259",1,5732,"C012734",8.667716
"C040262",4,9961,"C022249",2.274011
"C040266",0,5705,"C012675",8.838651
"C040267",5,21482,"C047883",12.641389
"C040271",5,21482,"C047883",5.596262
"C040272",2,868,"C001904",7.480920
"C040274",2,868,"C001904",11.103403
"C040277",5,21482,"C047883",4.151743
"C040281",1,5732,"C012734",7.369322
"C040284",0,5705,"C012675",1.655648
"C040287",1,5732,"C012734",3.124849
"C040290",3,16827,"C037407",1.743145
"C040293",3,16827,"C037407",4.184542
"C040297",3,16827,"C037407",7.639939
"C040298",4,9961,"C022249",1.081285
"C040299",1,5732,"C012734",2.742372
"C040301",0,5705,"C012675",4.012477
"C040303",1,5732,"C012734",9.353550
"C040310",0,5705,"C012675",3.984475
"C040312",0,5705,"C012675",6.924411
"C040314",0,5705,"C012675",5.092869
"C040317",1,5732,"C012734",13.624668
"C040319",5,21482,"C047883",3.390418
"C040323",2,868,"C001904",10.566039
"C040325",2,868,"C001904",9.820222
"C040326",0,5705,"C012675",2.920500
"C040330",0,5705,"C012675",5.237845
"C040331",2,868,"C001904",8.647344
"C040332",1,5732,"C012734",8.208814
"C040334",4,9961,"C022249",5.778108
"C040337",1,5732,"C012734",5.688432
"C040342",5,21482,"C047883",3.506432
"C040343",1,5732,"C012734",6.795730
"C040345",2,868,"C001904",1.887027
"C040347",5,21482,"C047883",2.931133
"C040348",2,868,"C001904",7.620560
"C040351",5,21482,"C047883",2.627677
"C040352",2,868,"C001904",3.979810
"C040353",5,21482,"C047883",8.735215
"C040357",1,5732,"C012734",6.652711
"C040358",2,868,"C001904",6.415368
"C040359",3,16827,"C037407",4.492938
"C040361",2,868,"C001904",3.970859
"C040363",1,5732,"C012734",10.271318
"C040364",3,16827,"C037407",4.176508
"C040367",2,868,"C001904",6.443235
"C040368",2,868,"C001904",6.806128
"C040369",1,5732,"C012734",7.876345
"C040370",3,16827,"C037407",5.551561
"C040372",0,5705,"C012675",5.697480
"C040373",3,16827,"C037407",6.614973
"C040374",4,9961,"C022249",2.688979
"C040375",0,5705,"C012675",1.715040
"C040377",1,5732,"C012734",5.300611
"C040378",0,5705,"C012675",3.321599
"C040382",5,21482,"C047883",5.939101
"C040383",0,5705,"C012675",4.638480
"C040387",1,5732,"C012734",9.279383
"C040389",1,5732,"C012734",8.435724
"C040397",3,16827,"C037407",2.662072
"C040399",5,21482,"C047883",16.195965
"C040400",4,9961,"C022249",2.127675
"C040401",5,21482,"C047883",12.910564
"C040405",1,5732,"C012734",13.838906
"C040407",1,5732,"C012734",15.556232
"C040409",1,5732,"C012734",7.506314
"C040411",5,21482,"C047883",11.176353
"C040412",5,21482,"C047883",6.490773
"C040416",1,5732,"C012734",3.110174
"C040417",3,16827,"C037407",3.181872
"C040421",4,9961,"C022249",3.730406
"C040423",1,5732,"C012734",2.428617
"C040424",0,5705,"C012675",4.149853
"C040426",5,21482,"C047883",2.444766
"C040428",3,16827,"C037407",6.541081
"C040430",0,5705,"C012675",7.841222
"C040432",0,5705,"C012675",3.819575
"C040433",1,5732,"C012734",1.881964
"C040434",5,21482,"C047883",3.313154
"C040435",5,21482,"C047883",10.785569
"C040442",2,868,"C001904",3.391665
"C040443",3,16827,"C037407",1.622796
"C040444",0,5705,"C012675",2.005534
"C040445",3,16827,"C037407",8.158635
"C040446",0,5705,"C012675",3.643602
"C040447",1,5732,"C012734",10.975284
"C040448",4,9961,"C022249",2.501945
"C040450",5,21482,"C047883",3.501206
"C040456",1,5732,"C012734",1.709800
"C040458",4,9961,"C022249",4.256200
"C040459",4,9961,"C022249",7.460967
"C040461",5,21482,"C047883",11.250588
"C040464",2,868,"C001904",4.453841
"C040466",2,868,"C001904",4.238168
"C040467",1,5732,"C012734",12.195617
"C040468",3,16827,"C037407",5.154075
"C040470",0,5705,"C012675",5.231770
"C040471",4,9961,"C022249",2.067802
"C040472",5,21482,"C047883",6.211294
"C040473",1,5732,"C012734",3.885246
"C040475",2,868,"C001904",6.897252
"C040482",3,16827,"C037407",5.203067
"C040483",2,868,"C001904",4.637967
"C040484",1,5732,"C012734",11.683770
"C040487",5,21482,"C047883",12.441323
"C040493",1,5732,"C012734",14.196236
"C040494",0,5705,"C012675",8.558153
"C040497",0,5705,"C012675",6.486303
"C040499",5,21482,"C047883",2.721708
"C040500",5,21482,"C047883",9.226551
"C040501",0,5705,"C012675",9.581115
"C040504",0,5705,"C012675",7.129628
"C040505",3,16827,"C037407",6.040831
"C040506",0,5705,"C012675",6.490240
"C040511",5,21482,"C047883",7.610677
"C040516",2,868,"C001904",7.475435
"C040521",0,5705,"C012675",3.261592
"C040522",2,868,"C001904",2.879659
"C040526",0,5705,"C012675",6.549221
"C040528",2,868,"C001904",4.432034
"C040532",0,5705,"C012675",6.141180
"C040533",5,21482,"C047883",6.852365
"C040544",1,5732,"C012734",12.697789
"C040545",3,16827,"C037407",7.442704
"C040549",1,5732,"C012734",3.869458
"C040551",0,5705,"C012675",3.249577
"C040552",2,868,"C001904",8.059810
"C040553",4,9961,"C022249",3.333230
"C040557",5,21482,"C047883",3.955870
"C040558",2,868,"C001904",6.413295
"C040559",0,5705,"C012675",4.829740
"C040560",5,21482,"C047883",10.749896
"C040561",4,9961,"C022249",2.369413
"C040562",5,21482,"C047883",3.839772
"C040563",2,868,"C001904",7.556080
"C040564",5,21482,"C047883",3.999267
"C040567",2,868,"C001904",1.934658
"C040569",1,5732,"C012734",5.877008
"C040573",1,5732,"C012734",2.950879
"C040579",4,9961,"C022249",1.900666
"C040581",3,16827,"C037407",3.068048
"C040583",1,5732,"C012734",5.327120
"C040587",4,9961,"C022249",6.172662
"C040588",1,5732,"C012734",11.578281
"C040590",3,16827,"C037407",7.025670
"C040592",3,16827,"C037407",4.594397
"C040593",5,21482,"C047883",3.895981
"C040599",4,9961,"C022249",3.875993
"C040600",4,9961,"C022249",4.470926
"C040601",2,868,"C001904",8.219145
"C040604",0,5705,"C012675",3.318585
"C040605",1,5732,"C012734",3.721851
"C040610",0,5705,"C012675",3.574833
"C040611",1,5732,"C012734",2.066832
"C040612",1,5732,"C012734",9.417218
"C040614",1,5732,"C012734",6.460164
"C040615",3,16827,"C037407",2.192866
"C040619",1,5732,"C012734",7.543829
"C040621",5,21482,"C047883",8.311373
"C040623",3,16827,"C037407",2.852450
"C040625",0,5705,"C012675",3.038435
"C040628",2,868,"C001904",4.916833
"C040629",2,868,"C001904",10.482723
"C040631",5,21482,"C047883",7.601742
"C040633",1,5732,"C012734",6.237444
"C040634",2,868,"C001904",8.183504
"C040637",5,21482,"C047883",9.372057
"C040638",2,868,"C001904",7.685759
"C040639",1,5732,"C012734",9.894589
"C040642",3,16827,"C037407",8.608600
"C040644",3,16827,"C037407",2.951660
"C040645",1,5732,"C012734",3.580296
"C040649",2,868,"C001904",7.057435
"C040650",5,21482,"C047883",3.094534
"C040653",5,21482,"C047883",3.796627
"C040654",1,5732,"C012734",4.814976
"C040655",2,868,"C001904",1.715527
"C040656",2,868,"C001904",3.087905
"C040659",2,868,"C001904",1.476894
"C040661",4,9961,"C022249",2.765011
"C040662",3,16827,"C037407",2.966653
"C040665",5,21482,"C047883",10.610199
"C040666",0,5705,"C012675",6.430158
"C040667",5,21482,"C047883",7.347761
"C040668",0,5705,"C012675",7.759163
"C040669",4,9961,"C022249",1.603221
"C040671",4,9961,"C022249",2.751512
"C040677",2,868,"C001904",5.270951
"C040678",5,21482,"C047883",11.235507
"C040682",5,21482,"C047883",5.345764
"C040683",1,5732,"C012734",1.918186
"C040685",4,9961,"C022249",9.168402
"C040689",0,5705,"C012675",3.264242
"C040691",3,16827,"C037407",7.586567
"C040693",3,16827,"C037407",6.972358
"C040697",2,868,"C001904",7.548199
"C040699",4,9961,"C022249",7.545134
"C040700",2,868,"C001904",1.807094
"C040703",0,5705,"C012675",8.104431
"C040704",4,9961,"C022249",2.907183
"C040709",4,9961,"C022249",8.418792
"C040712",1,5732,"C012734",8.973295
"C040713",0,5705,"C012675",5.642812
"C040716",2,868,"C001904",3.068077
"C040717",3,16827,"C037407",9.359949
"C040718",0,5705,"C012675",3.802499
"C040719",0,5705,"C012675",6.049136
"C040722",5,21482,"C047883",1.356559
"C040724",3,16827,"C037407",7.271593
"C040728",1,5732,"C012734",5.123907
"C040731",0,5705,"C012675",9.000678
"C040732",5,21482,"C047883",9.106305
"C040733",0,5705,"C012675",9.793308
"C040735",5,21482,"C047883",8.060921
"C040736",1,5732,"C012734",8.869460
"C040737",2,868,"C001904",0.855217
"C040739",3,16827,"C037407",7.147495
"C040740",5,21482,"C047883",2.304109
"C040741",1,5732,"C012734",9.295040
"C040742",5,21482,"C047883",6.956397
"C040746",2,868,"C001904",9.395523
"C040749",0,5705,"C012675",3.388202
"C040750",2,868,"C001904",12.174931
"C040753",5,21482,"C047883",6.670010
"C040754",0,5705,"C012675",5.402428
"C040758",0,5705,"C012675",8.806255
"C040761",2,868,"C001904",4.392850
"C040763",2,868,"C001904",7.965548
"C040764",5,21482,"C047883",13.929346
"C040768",1,5732,"C012734",6.661857
"C040771",4,9961,"C022249",7.353847
"C040775",2,868,"C001904",1.347537
"C040776",5,21482,"C047883",10.175031
"C040777",1,5732,"C012734",6.873037
"C040778",1,5732,"C012734",15.377623
"C040779",2,868,"C001904",3.593488
"C040782",0,5705,"C012675",5.336631
"C040783",2,868,"C001904",8.799576
"C040789",4,9961,"C022249",5.255875
"C040790",2,868,"C001904",12.373498
"C040791",4,9961,"C022249",7.790506
"C040792",4,9961,"C022249",3.322279
"C040793",0,5705,"C012675",8.522777
"C040794",5,21482,"C047883",7.820919
"C040797",4,9961,"C022249",2.061341
"C040798",5,21482,"C047883",7.254810
"C040800",1,5732,"C012734",16.589903
"C040801",5,21482,"C047883",12.640360
"C040802",1,5732,"C012734",2.343737
"C040803",0,5705,"C012675",8.407074
"C040804",5,21482,"C047883",1.122415
"C040806",5,21482,"C047883",9.084448
"C040807",1,5732,"C012734",6.363231
"C040811",5,21482,"C047883",4.141458
"C040813",5,21482,"C047883",9.900541
"C040817",0,5705,"C012675",5.494709
"C040821",3,16827,"C037407",2.058924
"C040822",5,21482,"C047883",1.046114
"C040823",3,16827,"C037407",5.456870
"C040829",4,9961,"C022249",3.293968
"C040833",3,16827,"C037407",2.791159
"C040834",5,21482,"C047883",5.053057
"C040836",1,5732,"C012734",6.158993
"C040837",3,16827,"C037407",1.414617
"C040839",4,9961,"C022249",3.042745
"C040840",1,5732,"C012734",9.948557
"C040841",1,5732,"C012734",12.656886
"C040842",2,868,"C001904",4.057974
"C040843",0,5705,"C012675",7.590320
"C040845",0,5705,"C012675",7.079855
"C040848",1,5732,"C012734",5.860839
"C040851",5,21482,"C047883",14.646210
"C040854",5,21482,"C047883",2.258604
"C040857",2,868,"C001904",8.773944
"C040862",1,5732,"C012734",8.177522
"C040863",4,9961,"C022249",4.049303
"C040866",5,21482,"C047883",7.531460
"C040868",4,9961,"C022249",0.910913
"C040871",0,5705,"C012675",6.066996
"C040872",2,868,"C001904",7.130335
"C040878",5,21482,"C047883",1.575965
"C040881",2,868,"C001904",13.051356
"C040882",5,21482,"C047883",3.784698
"C040884",5,21482,"C047883",3.641945
"C040887",5,21482,"C047883",7.754610
"C040888",0,5705,"C012675",7.573286
"C040890",1,5732,"C012734",13.333562
"C040891",2,868,"C001904",10.592119
"C040894",5,21482,"C047883",8.162716
"C040895",1,5732,"C012734",5.215525
"C040896",1,5732,"C012734",3.556415
"C040897",5,21482,"C047883",8.418309
"C040899",3,16827,"C037407",2.416737
"C040903",5,21482,"C047883",3.247362
"C040904",0,5705,"C012675",5.144999
"C040906",0,5705,"C012675",6.712851
"C040907",1,5732,"C012734",4.722090
"C040909",5,21482,"C047883",9.137795
"C040910",5,21482,"C047883",3.428577
"C040911",5,21482,"C047883",4.283166
"C040916",5,21482,"C047883",9.581389
"C040917",0,5705,"C012675",3.044512
"C040918",2,868,"C001904",4.866217
"C040920",3,16827,"C037407",3.132929
"C040921",1,5732,"C012734",9.834791
"C040923",1,5732,"C012734",10.022466
"C040924",5,21482,"C047883",12.280511
"C040927",1,5732,"C012734",3.890834
"C040928",1,5732,"C012734",4.293237
"C040934",5,21482,"C047883",8.311192
"C040935",5,21482,"C047883",12.618747
"C040938",1,5732,"C012734",4.909918
"C040940",5,21482,"C047883",6.485888
"C040941",0,5705,"C012675",1.101799
"C040943",5,21482,"C047883",2.127213
"C040946",1,5732,"C012734",6.601866
"C040950",0,5705,"C012675",7.369745
"C040956",4,9961,"C022249",6.305089
"C040957",5,21482,"C047883",3.720541
"C040959",5,21482,"C047883",13.573688
"C040960",5,21482,"C047883",4.108699
"C040964",1,5732,"C012734",10.380256
"C040965",2,868,"C001904",8.391479
"C040966",3,16827,"C037407",1.262267
"C040967",0,5705,"C012675",7.846980
"C040968",5,21482,"C047883",11.087451
"C040971",5,21482,"C047883",12.467838
"C040972",1,5732,"C012734",14.994184
"C040973",5,21482,"C047883",1.611476
"C040974",5,21482,"C047883",3.704236
"C040975",4,9961,"C022249",4.272542
"C040976",1,5732,"C012734",10.110357
"C040979",0,5705,"C012675",3.645444
"C040981",0,5705,"C012675",1.241416
"C040988",0,5705,"C012675",3.053003
"C040990",5,21482,"C047883",11.554557
"C040995",0,5705,"C012675",6.559081
"C041001",5,21482,"C047883",4.302638
"C041007",2,868,"C001904",7.148250
"C041011",3,16827,"C037407",7.340016
"C041013",2,868,"C001904",7.556076
"C041014",5,21482,"C047883",4.874042
"C041017",5,21482,"C047883",10.480364
"C041018",2,868,"C001904",8.973233
"C041020",5,21482,"C047883",5.923720
"C041021",3,16827,"C037407",6.328143
"C041025",5,21482,"C047883",0.731864
"C041029",2,868,"C001904",5.117012
"C041032",1,5732,"C012734",14.192713
"C041041",0,5705,"C012675",4.936517
"C041045",1,5732,"C012734",2.465646
"C041046",0,5705,"C012675",7.494067
"C041047",4,9961,"C022249",4.241132
"C041050",0,5705,"C012675",5.189892
"C041051",4,9961,"C022249",1.304285
"C041053",3,16827,"C037407",2.283669
"C041055",3,16827,"C037407",6.011705
"C041056",0,5705,"C012675",4.706884
"C041057",0,5705,"C012675",2.330358
"C041061",2,868,"C001904",0.931396
"C041063",5,21482,"C047883",10.519638
"C041064",2,868,"C001904",5.560921
"C041067",0,5705,"C012675",5.196549
"C041072",1,5732,"C012734",8.955169
"C041073",1,5732,"C012734",12.760379
"C041076",4,9961,"C022249",3.102362
"C041080",0,5705,"C012675",4.513349
"C041083",1,5732,"C012734",3.014956
"C041085",4,9961,"C022249",4.764524
"C041086",5,21482,"C047883",11.891300
"C041087",4,9961,"C022249",3.348233
"C041088",4,9961,"C022249",5.111342
"C041089",4,9961,"C022249",4.948471
"C041095",2,868,"C001904",1.519791
"C041096",5,21482,"C047883",2.706713
"C041098",3,16827,"C037407",3.353470
"C041099",2,868,"C001904",3.226303
"C041100",3,16827,"C037407",4.393220
"C041101",5,21482,"C047883",7.434715
"C041103",1,5732,"C012734",9.345608
"C041104",3,16827,"C037407",4.979444
"C041107",3,16827,"C037407",3.332391
"C041111",5,21482,"C047883",4.957378
"C041112",5,21482,"C047883",7.516709
"C041113",1,5732,"C012734",4.778507
"C041115",4,9961,"C022249",5.310908
"C041116",1,5732,"C012734",1.764256
"C041117",5,21482,"C047883",12.026280
"C041119",1,5732,"C012734",13.258243
"C041123",1,5732,"C012734",6.198562
"C041126",0,5705,"C012675",2.673931
"C041128",5,21482,"C047883",4.988791
"C041129",1,5732,"C012734",4.451701
"C041130",4,9961,"C022249",2.940026
"C041132",0,5705,"C012675",6.731466
"C041133",5,21482,"C047883",10.887611
"C041135",3,16827,"C037407",3.469248
"C041136",0,5705,"C012675",10.403062
"C041137",1,5732,"C012734",4.673428
"C041141",1,5732,"C012734",4.536595
"C041148",2,868,"C001904",6.194538
"C041150",1,5732,"C012734",12.245091
"C041151",1,5732,"C012734",6.766156
"C041152",0,5705,"C012675",5.022631
"C041154",0,5705,"C012675",6.102957
"C041155",3,16827,"C037407",7.036038
"C041157",1,5732,"C012734",1.697789
"C041158",0,5705,"C012675",2.929612
"C041161",2,868,"C001904",5.036320
"C041162",0,5705,"C012675",9.306789
"C041163",5,21482,"C047883",2.931340
"C041165",1,5732,"C012734",8.642486
"C041167",1,5732,"C012734",13.408325
"C041175",4,9961,"C022249",7.202854
"C041176",5,21482,"C047883",11.416750
"C041177",0,5705,"C012675",7.107643
"C041179",1,5732,"C012734",15.287938
"C041180",5,21482,"C047883",5.435752
"C041181",5,21482,"C047883",3.119274
"C041182",0,5705,"C012675",5.007169
"C041185",0,5705,"C012675",8.518021
"C041188",1,5732,"C012734",12.663931
"C041189",0,5705,"C012675",3.677190
"C041190",3,16827,"C037407",6.888798
"C041191",1,5732,"C012734",6.406833
"C041198",3,16827,"C037407",6.501922
"C041200",5,21482,"C047883",5.437251
"C041202",3,16827,"C037407",4.926673
"C041205",5,21482,"C047883",1.096215
"C041206",0,5705,"C012675",1.365626
"C041211",5,21482,"C047883",8.344019
"C041214",5,21482,"C047883",6.476974
"C041217",2,868,"C001904",6.881165
"C041220",0,5705,"C012675",3.202932
"C041222",5,21482,"C047883",2.840658
"C041224",5,21482,"C047883",5.004470
"C041226",1,5732,"C012734",7.110083
"C041227",1,5732,"C012734",5.036659
"C041230",3,16827,"C037407",4.930095
"C041235",5,21482,"C047883",4.872224
"C041236",0,5705,"C012675",6.814392
"C041238",4,9961,"C022249",4.307780
"C041240",3,16827,"C037407",4.344434
"C041242",2,868,"C001904",4.075973
"C041243",5,21482,"C047883",8.920499
"C041244",4,9961,"C022249",3.066532
"C041245",4,9961,"C022249",6.328089
"C041248",1,5732,"C012734",8.752461
"C041249",5,21482,"C047883",6.279710
"C041252",5,21482,"C047883",12.053874
"C041254",4,9961,"C022249",4.743341
"C041257",2,868,"C001904",8.897777
"C041258",5,21482,"C047883",5.307291
"C041259",2,868,"C001904",9.775114
"C041262",0,5705,"C012675",6.687111
"C041264",4,9961,"C022249",2.625847
"C041267",1,5732,"C012734",5.021976
"C041268",3,16827,"C037407",2.071734
"C041269",5,21482,"C047883",11.036299
"C041270",0,5705,"C012675",6.291847
"C041271",1,5732,"C012734",5.827696
"C041272",0,5705,"C012675",5.973518
"C041273",4,9961,"C022249",4.272433
"C041274",5,21482,"C047883",10.306389
"C041276",3,16827,"C037407",5.256448
"C041283",4,9961,"C022249",7.490261
"C041288",4,9961,"C022249",4.108994
"C041291",5,21482,"C047883",1.987591
"C041292",4,9961,"C022249",4.418452
"C041294",3,16827,"C037407",7.938909
"C041296",3,16827,"C037407",8.328922
"C041298",2,868,"C001904",0.640138
"C041299",4,9961,"C022249",2.720656
"C041300",1,5732,"C012734",6.353074
"C041304",1,5732,"C012734",3.029917
"C041305",1,5732,"C012734",3.356507
"C041309",5,21482,"C047883",5.063587
"C041311",0,5705,"C012675",7.959562
"C041313",3,16827,"C037407",3.682774
"C041314",1,5732,"C012734",7.578239
"C041315",0,5705,"C012675",3.896632
"C041316",5,21482,"C047883",3.230247
"C041317",0,5705,"C012675",1.713131
"C041319",0,5705,"C012675",6.698220
"C041325",1,5732,"C012734",8.753727
"C041327",3,16827,"C037407",8.355897
"C041330",5,21482,"C047883",4.298690
"C041332",1,5732,"C012734",4.798794
"C041333",3,16827,"C037407",6.630898
"C041335",0,5705,"C012675",5.778797
"C041336",5,21482,"C047883",7.009166
"C041338",1,5732,"C012734",1.131156
"C041339",0,5705,"C012675",3.847345
"C041343",5,21482,"C047883",0.697654
"C041344",2,868,"C001904",5.037744
"C041345",3,16827,"C037407",7.594419
"C041346",2,868,"C001904",5.021303
"C041350",1,5732,"C012734",4.136197
"C041351",1,5732,"C012734",6.338322
"C041354",1,5732,"C012734",4.591334
"C041355",4,9961,"C022249",3.337643
"C041356",5,21482,"C047883",7.081654
"C041357",1,5732,"C012734",1.066398
"C041359",2,868,"C001904",6.187689
"C041360",1,5732,"C012734",6.924013
"C041363",5,21482,"C047883",12.344780
"C041369",2,868,"C001904",2.823954
"C041370",0,5705,"C012675",9.539225
"C041375",5,21482,"C047883",11.991295
"C041377",1,5732,"C012734",13.755746
"C041378",1,5732,"C012734",2.311512
"C041380",5,21482,"C047883",5.483963
"C041383",3,16827,"C037407",6.378711
"C041385",2,868,"C001904",0.990062
"C041390",4,9961,"C022249",2.163134
"C041391",4,9961,"C022249",2.164354
"C041392",4,9961,"C022249",1.875864
"C041393",2,868,"C001904",2.935379
"C041394",5,21482,"C047883",0.462264
"C041397",0,5705,"C012675",8.890466
"C041398",3,16827,"C037407",2.878779
"C041402",5,21482,"C047883",15.084517
"C041405",5,21482,"C047883",11.898824
"C041407",5,21482,"C047883",3.092309
"C041409",2,868,"C001904",4.644605
"C041414",1,5732,"C012734",6.900592
"C041415",1,5732,"C012734",7.289194
"C041416",5,21482,"C047883",7.303982
"C041417",1,5732,"C012734",14.991545
"C041419",5,21482,"C047883",11.071912
"C041423",1,5732,"C012734",8.562478
"C041424",2,868,"C001904",4.025921
"C041425",5,21482,"C047883",2.020501
"C041427",0,5705,"C012675",2.861005
"C041430",0,5705,"C012675",2.536647
"C041431",1,5732,"C012734",9.753187
"C041432",4,9961,"C022249",2.081711
"C041435",3,16827,"C037407",4.030278
"C041436",5,21482,"C047883",2.765100
"C041438",4,9961,"C022249",4.937971
"C041440",0,5705,"C012675",3.647260
"C041443",1,5732,"C012734",5.155825
"C041452",0,5705,"C012675",9.112909
"C041455",1,5732,"C012734",0.973652
"C041459",1,5732,"C012734",1.695134
"C041461",0,5705,"C012675",6.170142
"C041462",4,9961,"C022249",2.522069
"C041466",5,21482,"C047883",13.361194
"C041474",2,868,"C001904",7.258235
"C041475",2,868,"C001904",8.631330
"C041479",5,21482,"C047883",3.894334
"C041481",0,5705,"C012675",2.406991
"C041482",0,5705,"C012675",5.457779
"C041483",5,21482,"C047883",13.156313
"C041484",5,21482,"C047883",2.721672
"C041485",2,868,"C001904",7.831116
"C041487",1,5732,"C012734",7.401730
"C041490",1,5732,"C012734",6.397379
"C041495",1,5732,"C012734",6.721709
"C041496",4,9961,"C022249",3.918022
"C041498",3,16827,"C037407",1.055239
"C041499",0,5705,"C012675",7.891589
"C041501",2,868,"C001904",7.569842
"C041503",2,868,"C001904",6.933581
"C041506",0,5705,"C012675",4.258267
"C041507",5,21482,"C047883",7.948237
"C041509",5,21482,"C047883",1.079156
"C041511",1,5732,"C012734",9.243527
"C041512",1,5732,"C012734",3.909756
"C041513",5,21482,"C047883",2.895139
"C041514",2,868,"C001904",0.820319
"C041517",1,5732,"C012734",4.815867
"C041519",0,5705,"C012675",5.314496
"C041520",5,21482,"C047883",12.294188
"C041521",0,5705,"C012675",4.609425
"C041523",1,5732,"C012734",16.142562
"C041524",0,5705,"C012675",3.968646
"C041525",3,16827,"C037407",7.019142
"C041527",1,5732,"C012734",5.266370
"C041530",3,16827,"C037407",1.967704
"C041531",2,868,"C001904",7.020612
"C041537",1,5732,"C012734",15.494933
"C041539",3,16827,"C037407",4.825108
"C041541",1,5732,"C012734",4.305768
"C041542",3,16827,"C037407",4.442119
"C041543",4,9961,"C022249",3.483210
"C041544",4,9961,"C022249",2.379341
"C041546",0,5705,"C012675",4.632396
"C041548",3,16827,"C037407",0.557486
"C041552",2,868,"C001904",1.291411
"C041554",0,5705,"C012675",7.680862
"C041556",1,5732,"C012734",5.363041
"C041558",1,5732,"C012734",10.513274
"C041561",5,21482,"C047883",6.636430
"C041562",3,16827,"C037407",1.115517
"C041563",1,5732,"C012734",1.625723
"C041565",4,9961,"C022249",4.785192
"C041566",1,5732,"C012734",7.657698
"C041567",3,16827,"C037407",7.257230
"C041569",0,5705,"C012675",3.390427
"C041572",2,868,"C001904",4.902652
"C041575",1,5732,"C012734",2.430918
"C041577",5,21482,"C047883",11.469687
"C041583",5,21482,"C047883",10.457491
"C041585",5,21482,"C047883",10.666767
"C041587",1,5732,"C012734",14.609495
"C041588",5,21482,"C047883",7.350780
"C041591",3,16827,"C037407",6.484624
"C041592",5,21482,"C047883",1.370503
"C041594",1,5732,"C012734",5.992928
"C041595",4,9961,"C022249",5.119040
"C041596",4,9961,"C022249",8.460816
"C041604",0,5705,"C012675",5.466257
"C041605",0,5705,"C012675",4.807968
"C041606",1,5732,"C012734",4.279321
"C041610",5,21482,"C047883",11.938056
"C041611",5,21482,"C047883",10.488205
"C041613",2,868,"C001904",6.163267
"C041614",5,21482,"C047883",14.523677
"C041617",1,5732,"C012734",16.660367
"C041618",5,21482,"C047883",1.941292
"C041620",1,5732,"C012734",4.899180
"C041625",4,9961,"C022249",3.312826
"C041626",5,21482,"C047883",10.673212
"C041630",2,868,"C001904",8.651251
"C041632",1,5732,"C012734",2.290179
"C041635",1,5732,"C012734",6.212172
"C041638",5,21482,"C047883",6.973188
"C041640",1,5732,"C012734",7.379124
"C041641",1,5732,"C012734",7.662067
"C041644",5,21482,"C047883",13.283434
"C041645",0,5705,"C012675",6.377656
"C041646",2,868,"C001904",6.424864
"C041647",4,9961,"C022249",2.904686
"C041648",1,5732,"C012734",2.075642
"C041650",5,21482,"C047883",9.980161
"C041654",0,5705,"C012675",3.483640
"C041657",1,5732,"C012734",3.537819
"C041658",0,5705,"C012675",10.029573
"C041660",1,5732,"C012734",5.334642
"C041662",5,21482,"C047883",2.578994
"C041664",4,9961,"C022249",4.369484
"C041667",5,21482,"C047883",13.768197
"C041672",4,9961,"C022249",5.310112
"C041675",3,16827,"C037407",7.298513
"C041676",2,868,"C001904",6.762693
"C041680",1,5732,"C012734",6.925455
"C041681",1,5732,"C012734",5.719527
"C041686",1,5732,"C012734",5.658489
"C041687",1,5732,"C012734",13.269602
"C041689",2,868,"C001904",8.297280
"C041692",3,16827,"C037407",3.058671
"C041696",3,16827,"C037407",3.069621
"C041698",0,5705,"C012675",3.957319
"C041702",5,21482,"C047883",7.485795
"C041703",5,21482,"C047883",13.361189
"C041708",5,21482,"C047883",1.851027
"C041709",2,868,"C001904",3.706396
"C041710",5,21482,"C047883",8.888396
"C041711",3,16827,"C037407",1.987643
"C041718",1,5732,"C012734",7.491691
"C041719",0,5705,"C012675",3.757128
"C041720",0,5705,"C012675",1.868091
"C041721",5,21482,"C047883",12.755825
"C041723",5,21482,"C047883",8.682801
"C041725",3,16827,"C037407",5.724965
"C041726",3,16827,"C037407",7.499918
"C041727",5,21482,"C047883",2.756384
"C041728",5,21482,"C047883",5.636945
"C041730",0,5705,"C012675",1.739459
"C041731",1,5732,"C012734",7.385220
"C041736",5,21482,"C047883",11.025488
"C041742",2,868,"C001904",10.592681
"C041744",1,5732,"C012734",2.879691
"C041745",5,21482,"C047883",3.248433
"C041746",2,868,"C001904",2.102557
"C041747",5,21482,"C047883",6.523539
"C041749",2,868,"C001904",3.819874
"C041750",5,21482,"C047883",15.253394
"C041759",1,5732,"C012734",10.021651
"C041761",0,5705,"C012675",7.897331
"C041763",4,9961,"C022249",7.109148
"C041767",4,9961,"C022249",2.035957
"C041771",0,5705,"C012675",4.382931
"C041772",1,5732,"C012734",8.894280
"C041775",1,5732,"C012734",12.141380
"C041776",1,5732,"C012734",3.580305
"C041782",5,21482,"C047883",12.180822
"C041783",5,21482,"C047883",8.813707
"C041784",5,21482,"C047883",4.625822
"C041787",5,21482,"C047883",3.794329
"C041789",1,5732,"C012734",6.205584
"C041791",2,868,"C001904",7.847887
"C041792",2,868,"C001904",7.367227
"C041794",4,9961,"C022249",3.403486
"C041798",5,21482,"C047883",1.694240
"C041800",0,5705,"C012675",5.520491
"C041803",5,21482,"C047883",11.660459
"C041804",5,21482,"C047883",9.445449
"C041805",2,868,"C001904",3.755164
"C041806",1,5732,"C012734",2.087200
"C041807",2,868,"C001904",11.412654
"C041810",5,21482,"C047883",8.814096
"C041811",5,21482,"C047883",6.377491
"C041818",2,868,"C001904",10.086934
"C041819",2,868,"C001904",6.112122
"C041821",0,5705,"C012675",7.422749
"C041822",1,5732,"C012734",2.608943
"C041823",4,9961,"C022249",2.948719
"C041824",3,16827,"C037407",6.960826
"C041826",0,5705,"C012675",3.829342
"C041827",1,5732,"C012734",7.980235
"C041834",5,21482,"C047883",12.903335
"C041835",3,16827,"C037407",1.623521
"C041836",4,9961,"C022249",3.048989
"C041837",5,21482,"C047883",3.289402
"C041844",4,9961,"C022249",1.103835
"C041846",0,5705,"C012675",5.100278
"C041847",0,5705,"C012675",3.902920
"C041850",0,5705,"C012675",7.847911
"C041851",4,9961,"C022249",0.792287
"C041852",5,21482,"C047883",3.890485
"C041857",5,21482,"C047883",9.278969
"C041860",0,5705,"C012675",4.140834
"C041861",5,21482,"C047883",2.071020
"C041862",2,868,"C001904",10.392856
"C041863",2,868,"C001904",8.168408
"C041864",2,868,"C001904",4.346650
"C041865",0,5705,"C012675",3.716954
"C041874",5,21482,"C047883",7.545422
"C041878",5,21482,"C047883",1.851688
"C041879",5,21482,"C047883",10.034135
"C041882",0,5705,"C012675",7.978944
"C041883",4,9961,"C022249",5.046453
"C041884",0,5705,"C012675",8.827961
"C041885",1,5732,"C012734",4.681454
"C041886",5,21482,"C047883",12.229695
"C041888",0,5705,"C012675",1.671996
"C041892",1,5732,"C012734",16.805497
"C041893",2,868,"C001904",6.638458
"C041900",2,868,"C001904",6.952225
"C041902",0,5705,"C012675",1.901065
"C041903",0,5705,"C012675",4.149600
"C041906",3,16827,"C037407",5.885432
"C041907",4,9961,"C022249",2.791610
"C041910",0,5705,"C012675",5.653400
"C041911",0,5705,"C012675",8.166908
"C041918",4,9961,"C022249",2.863867
"C041921",3,16827,"C037407",2.136962
"C041922",3,16827,"C037407",6.389449
"C041927",1,5732,"C012734",15.397680
"C041928",1,5732,"C012734",8.699359
"C041929",3,16827,"C037407",4.359458
"C041931",0,5705,"C012675",3.004382
"C041932",0,5705,"C012675",9.747261
"C041933",3,16827,"C037407",8.235773
"C041935",0,5705,"C012675",6.217589
"C041938",3,16827,"C037407",6.636573
"C041939",2,868,"C001904",4.802989
"C041940",0,5705,"C012675",5.392657
"C041941",4,9961,"C022249",3.334028
"C041942",1,5732,"C012734",1.614380
"C041944",5,21482,"C047883",5.827462
"C041948",2,868,"C001904",10.064206
"C041949",2,868,"C001904",9.878883
"C041950",2,868,"C001904",9.816397
"C041952",0,5705,"C012675",6.580604
"C041961",3,16827,"C037407",3.293326
"C041964",5,21482,"C047883",6.020362
"C041966",4,9961,"C022249",0.911521
"C041967",5,21482,"C047883",11.551646
"C041968",5,21482,"C047883",1.385714
"C041969",5,21482,"C047883",3.213942
"C041970",2,868,"C001904",3.648534
"C041976",0,5705,"C012675",4.199216
"C041978",4,9961,"C022249",5.407269
"C041979",1,5732,"C012734",0.955971
"C041981",4,9961,"C022249",1.584254
"C041983",1,5732,"C012734",1.816995
"C041985",1,5732,"C012734",14.865418
"C041988",2,868,"C001904",2.770006
"C041990",1,5732,"C012734",12.504642
"C041991",3,16827,"C037407",0.653455
"C041992",1,5732,"C012734",2.897064
"C041993",5,21482,"C047883",3.218507
"C041994",1,5732,"C012734",4.949791
"C041995",5,21482,"C047883",12.739463
"C041996",5,21482,"C047883",6.722467
"C042002",1,5732,"C012734",0.610317
"C042003",1,5732,"C012734",6.860045
"C042005",5,21482,"C047883",3.390184
"C042006",2,868,"C001904",10.443793
"C042007",1,5732,"C012734",1.315477
"C042017",5,21482,"C047883",3.115447
"C042018",3,16827,"C037407",3.069163
"C042026",0,5705,"C012675",5.546977
"C042030",3,16827,"C037407",3.600866
"C042031",5,21482,"C047883",2.015996
"C042032",4,9961,"C022249",3.927883
"C042034",0,5705,"C012675",6.102909
"C042038",1,5732,"C012734",8.354696
"C042039",0,5705,"C012675",7.853397
"C042042",2,868,"C001904",9.046310
"C042047",5,21482,"C047883",12.024788
"C042048",0,5705,"C012675",4.821928
"C042050",4,9961,"C022249",1.022973
"C042051",5,21482,"C047883",12.086107
"C042052",4,9961,"C022249",2.615236
"C042053",2,868,"C001904",9.232534
"C042055",1,5732,"C012734",9.795521
"C042057",2,868,"C001904",6.505603
"C042058",5,21482,"C047883",11.766269
"C042060",4,9961,"C022249",1.772385
"C042061",0,5705,"C012675",2.115053
"C042063",1,5732,"C012734",4.689189
"C042064",1,5732,"C012734",6.898713
"C042065",1,5732,"C012734",8.814008
"C042066",1,5732,"C012734",5.622200
"C042067",5,21482,"C047883",9.613932
"C042068",2,868,"C001904",3.953207
"C042069",1,5732,"C012734",12.087478
"C042072",3,16827,"C037407",5.702083
"C042073",0,5705,"C012675",4.968784
"C042074",1,5732,"C012734",8.797808
"C042076",5,21482,"C047883",11.489505
"C042079",0,5705,"C012675",8.916887
"C042080",2,868,"C001904",4.646613
"C042081",1,5732,"C012734",3.371169
"C042082",1,5732,"C012734",12.284211
"C042083",1,5732,"C012734",4.730985
"C042084",0,5705,"C012675",0.925501
"C042086",3,16827,"C037407",4.847155
"C042087",1,5732,"C012734",9.606885
"C042088",4,9961,"C022249",2.121667
"C042089",5,21482,"C047883",3.363731
"C042093",1,5732,"C012734",12.812519
"C042097",0,5705,"C012675",1.996315
"C042098",0,5705,"C012675",4.013760
"C042099",1,5732,"C012734",3.394708
"C042103",3,16827,"C037407",3.830227
"C042105",0,5705,"C012675",4.485529
"C042109",1,5732,"C012734",1.898199
"C042112",2,868,"C001904",3.236592
"C042113",1,5732,"C012734",1.890057
"C042115",5,21482,"C047883",1.987341
"C042116",1,5732,"C012734",1.415374
"C042117",1,5732,"C012734",2.805861
"C042118",1,5732,"C012734",17.064447
"C042122",0,5705,"C012675",5.933138
"C042125",0,5705,"C012675",6.791408
"C042126",2,868,"C001904",2.403748
"C042127",2,868,"C001904",1.193223
"C042128",0,5705,"C012675",3.460223
"C042129",1,5732,"C012734",17.037200
"C042132",2,868,"C001904",8.753522
"C042137",2,868,"C001904",3.932803
"C042139",0,5705,"C012675",7.346227
"C042145",0,5705,"C012675",6.983905
"C042147",2,868,"C001904",3.086148
"C042150",0,5705,"C012675",7.712292
"C042154",2,868,"C001904",2.294190
"C042156",3,16827,"C037407",4.050472
"C042160",2,868,"C001904",3.062853
"C042161",4,9961,"C022249",6.166409
"C042165",5,21482,"C047883",10.027513
"C042167",1,5732,"C012734",5.669860
"C042168",5,21482,"C047883",2.359781
"C042170",1,5732,"C012734",11.828257
"C042171",2,868,"C001904",7.542765
"C042172",1,5732,"C012734",5.246592
"C042173",2,868,"C001904",5.031837
"C042180",5,21482,"C047883",7.191171
"C042181",2,868,"C001904",9.045595
"C042183",2,868,"C001904",1.124073
"C042184",1,5732,"C012734",0.866234
"C042185",5,21482,"C047883",10.295169
"C042187",1,5732,"C012734",10.189166
"C042188",2,868,"C001904",7.701460
"C042190",3,16827,"C037407",7.336284
"C042191",2,868,"C001904",0.983134
"C042193",2,868,"C001904",3.709481
"C042195",1,5732,"C012734",1.762068
"C042196",0,5705,"C012675",7.613826
"C042197",0,5705,"C012675",8.529320
"C042198",3,16827,"C037407",6.305900
"C042201",3,16827,"C037407",6.705562
"C042203",0,5705,"C012675",3.226874
"C042205",5,21482,"C047883",5.705575
"C042209",3,16827,"C037407",1.888044
"C042211",2,868,"C001904",1.825098
"C042212",2,868,"C001904",2.713896
"C042216",2,868,"C001904",2.945098
"C042220",3,16827,"C037407",5.330287
"C042221",1,5732,"C012734",4.671398
"C042222",2,868,"C001904",6.657915
"C042223",1,5732,"C012734",16.691305
"C042229",5,21482,"C047883",5.034678
"C042230",5,21482,"C047883",3.316789
"C042231",4,9961,"C022249",8.849785
"C042235",5,21482,"C047883",2.168261
"C042236",1,5732,"C012734",2.549801
"C042240",5,21482,"C047883",13.456909
"C042242",1,5732,"C012734",10.979674
"C042245",2,868,"C001904",3.690097
"C042246",3,16827,"C037407",1.546331
"C042250",5,21482,"C047883",13.710354
"C042252",1,5732,"C012734",5.749344
"C042253",5,21482,"C047883",7.212915
"C042254",4,9961,"C022249",0.453351
"C042255",5,21482,"C047883",10.384765
"C042256",0,5705,"C012675",7.790261
"C042257",5,21482,"C047883",5.231276
"C042258",3,16827,"C037407",2.207023
"C042259",3,16827,"C037407",4.550771
"C042265",2,868,"C001904",9.497628
"C042266",5,21482,"C047883",6.308954
"C042271",5,21482,"C047883",5.173131
"C042274",1,5732,"C012734",5.910659
"C042278",3,16827,"C037407",8.170174
"C042282",5,21482,"C047883",1.597328
"C042285",5,21482,"C047883",4.576804
"C042293",1,5732,"C012734",6.578969
"C042294",5,21482,"C047883",4.110262
"C042295",0,5705,"C012675",4.163294
"C042298",5,21482,"C047883",12.752630
"C042302",5,21482,"C047883",6.779174
"C042304",2,868,"C001904",2.043966
"C042305",2,868,"C001904",6.398832
"C042308",4,9961,"C022249",1.617253
"C042311",0,5705,"C012675",5.544609
"C042313",5,21482,"C047883",3.463433
"C042314",0,5705,"C012675",0.759584
"C042315",4,9961,"C022249",4.083065
"C042317",1,5732,"C012734",3.347533
"C042323",1,5732,"C012734",5.550924
"C042326",0,5705,"C012675",0.474812
"C042330",5,21482,"C047883",11.273498
"C042331",5,21482,"C047883",7.652016
"C042336",4,9961,"C022249",5.126854
"C042342",5,21482,"C047883",3.753680
"C042343",2,868,"C001904",6.078401
"C042344",1,5732,"C012734",15.206694
"C042346",2,868,"C001904",7.799078
"C042351",5,21482,"C047883",1.931300
"C042358",3,16827,"C037407",4.977178
"C042359",2,868,"C001904",6.877814
"C042361",5,21482,"C047883",12.828111
"C042362",5,21482,"C047883",5.367343
"C042365",5,21482,"C047883",14.397273
"C042367",2,868,"C001904",3.198545
"C042369",4,9961,"C022249",1.870731
"C042370",0,5705,"C012675",4.838560
"C042371",2,868,"C001904",6.103040
"C042373",1,5732,"C012734",5.117716
"C042374",2,868,"C001904",5.034600
"C042375",5,21482,"C047883",3.842072
"C042376",3,16827,"C037407",1.394444
"C042379",1,5732,"C012734",12.122520
"C042383",4,9961,"C022249",3.561552
"C042384",5,21482,"C047883",10.951207
"C042385",4,9961,"C022249",7.685633
"C042388",5,21482,"C047883",3.248686
"C042389",1,5732,"C012734",4.357173
"C042391",3,16827,"C037407",2.141445
"C042393",2,868,"C001904",7.791298
"C042396",5,21482,"C047883",9.387366
"C042397",5,21482,"C047883",2.093914
"C042398",5,21482,"C047883",4.043051
"C042401",3,16827,"C037407",4.235449
"C042403",5,21482,"C047883",4.156839
"C042405",5,21482,"C047883",4.413604
"C042407",0,5705,"C012675",9.425587
"C042410",0,5705,"C012675",4.677904
"C042411",0,5705,"C012675",3.344742
"C042412",5,21482,"C047883",8.815895
"C042413",1,5732,"C012734",14.977784
"C042416",0,5705,"C012675",1.670251
"C042417",5,21482,"C047883",8.867261
"C042418",5,21482,"C047883",4.405474
"C042420",1,5732,"C012734",13.105502
"C042422",5,21482,"C047883",9.316300
"C042425",2,868,"C001904",2.961980
"C042427",5,21482,"C047883",3.644678
"C042429",3,16827,"C037407",3.119969
"C042430",4,9961,"C022249",1.640224
"C042433",1,5732,"C012734",16.975044
"C042434",2,868,"C001904",5.555110
"C042435",1,5732,"C012734",7.371623
"C042436",4,9961,"C022249",4.104845
"C042445",1,5732,"C012734",5.701374
"C042446",0,5705,"C012675",7.202295
"C042447",5,21482,"C047883",2.962369
"C042455",3,16827,"C037407",5.368587
"C042457",5,21482,"C047883",4.479779
"C042458",0,5705,"C012675",6.455603
"C042462",5,21482,"C047883",3.603135
"C042464",5,21482,"C047883",11.976870
"C042465",0,5705,"C012675",10.919587
"C042471",3,16827,"C037407",8.041197
"C042475",0,5705,"C012675",6.167794
"C042478",2,868,"C001904",4.082952
"C042482",4,9961,"C022249",7.239117
"C042484",5,21482,"C047883",6.256170
"C042486",5,21482,"C047883",7.867003
"C042488",4,9961,"C022249",4.683723
"C042490",3,16827,"C037407",7.726282
"C042491",1,5732,"C012734",5.334397
"C042494",1,5732,"C012734",7.151730
"C042498",1,5732,"C012734",8.436077
"C042499",4,9961,"C022249",2.556439
"C042504",4,9961,"C022249",4.355109
"C042506",5,21482,"C047883",3.755158
"C042507",5,21482,"C047883",6.000321
"C042508",5,21482,"C047883",7.532722
"C042511",2,868,"C001904",4.687416
"C042515",4,9961,"C022249",0.697731
"C042518",5,21482,"C047883",9.812659
"C042521",5,21482,"C047883",9.593807
"C042524",3,16827,"C037407",7.324913
"C042528",2,868,"C001904",10.693419
"C042529",1,5732,"C012734",10.683695
"C042530",1,5732,"C012734",7.092090
"C042532",3,16827,"C037407",0.812885
"C042534",2,868,"C001904",4.375919
"C042535",5,21482,"C047883",0.787434
"C042536",1,5732,"C012734",2.033901
"C042539",0,5705,"C012675",5.721670
"C042542",0,5705,"C012675",2.334860
"C042544",4,9961,"C022249",4.114880
"C042549",5,21482,"C047883",2.601321
"C042552",0,5705,"C012675",3.807135
"C042554",5,21482,"C047883",3.745957
"C042557",1,5732,"C012734",6.403677
"C042559",3,16827,"C037407",3.720926
"C042560",1,5732,"C012734",5.121405
"C042561",4,9961,"C022249",1.502858
"C042562",0,5705,"C012675",5.591937
"C042563",0,5705,"C012675",3.259290
"C042564",4,9961,"C022249",8.776211
"C042565",1,5732,"C012734",5.332105
"C042573",5,21482,"C047883",10.073694
"C042574",1,5732,"C012734",3.933438
"C042578",0,5705,"C012675",10.154025
"C042579",0,5705,"C012675",8.678375
"C042580",1,5732,"C012734",8.804376
"C042581",4,9961,"C022249",1.608004
"C042588",2,868,"C001904",4.746307
"C042589",0,5705,"C012675",7.218434
"C042591",1,5732,"C012734",0.939333
"C042592",4,9961,"C022249",4.428377
"C042600",3,16827,"C037407",0.927159
"C042601",3,16827,"C037407",5.104041
"C042604",0,5705,"C012675",7.995126
"C042606",0,5705,"C012675",7.452735
"C042607",1,5732,"C012734",5.753690
"C042608",0,5705,"C012675",2.643660
"C042609",0,5705,"C012675",8.423611
"C042614",2,868,"C001904",6.050476
"C042616",1,5732,"C012734",1.483739
"C042619",2,868,"C001904",2.802263
"C042622",4,9961,"C022249",2.971716
"C042626",2,868,"C001904",5.947000
"C042628",0,5705,"C012675",2.027249
"C042629",0,5705,"C012675",5.118409
"C042633",3,16827,"C037407",5.151369
"C042636",2,868,"C001904",3.259812
"C042645",5,21482,"C047883",13.368631
"C042651",5,21482,"C047883",4.923944
"C042654",4,9961,"C022249",3.086637
"C042659",2,868,"C001904",2.757404
"C042662",2,868,"C001904",8.590269
"C042664",5,21482,"C047883",15.936505
"C042665",5,21482,"C047883",12.813735
"C042668",5,21482,"C047883",4.904827
"C042669",0,5705,"C012675",2.352784
"C042671",5,21482,"C047883",13.901603
"C042673",1,5732,"C012734",10.879526
"C042675",5,21482,"C047883",3.226669
"C042677",5,21482,"C047883",3.601659
"C042681",0,5705,"C012675",2.324028
"C042682",5,21482,"C047883",7.766348
"C042683",0,5705,"C012675",5.634959
"C042687",0,5705,"C012675",4.114790
"C042690",2,868,"C001904",3.755733
"C042691",0,5705,"C012675",4.590142
"C042698",4,9961,"C022249",3.365217
"C042700",1,5732,"C012734",11.402814
"C042701",0,5705,"C012675",5.676818
"C042706",1,5732,"C012734",14.110878
"C042710",4,9961,"C022249",4.715253
"C042711",0,5705,"C012675",4.090245
"C042713",5,21482,"C047883",4.831275
"C042714",5,21482,"C047883",7.062327
"C042715",5,21482,"C047883",11.370225
"C042719",5,21482,"C047883",2.632207
"C042720",5,21482,"C047883",6.738700
"C042722",4,9961,"C022249",3.536441
"C042725",0,5705,"C012675",0.884391
"C042726",4,9961,"C022249",1.689386
"C042727",2,868,"C001904",9.234470
"C042728",3,16827,"C037407",8.517666
"C042731",1,5732,"C012734",7.078343
"C042735",1,5732,"C012734",14.362930
"C042737",2,868,"C001904",1.294962
"C042738",5,21482,"C047883",2.698141
"C042739",5,21482,"C047883",13.019170
"C042740",1,5732,"C012734",4.270295
"C042741",2,868,"C001904",1.072283
"C042744",1,5732,"C012734",10.478379
"C042745",1,5732,"C012734",5.104099
"C042746",2,868,"C001904",11.009974
"C042749",5,21482,"C047883",11.778316
"C042750",1,5732,"C012734",14.152398
"C042751",0,5705,"C012675",5.504164
"C042753",3,16827,"C037407",4.224616
"C042754",1,5732,"C012734",10.537264
"C042762",1,5732,"C012734",5.351856
"C042763",1,5732,"C012734",16.578515
"C042765",2,868,"C001904",3.160702
"C042772",3,16827,"C037407",6.686088
"C042773",0,5705,"C012675",5.718021
"C042777",1,5732,"C012734",5.926696
"C042778",0,5705,"C012675",5.363194
"C042779",0,5705,"C012675",5.079419
"C042782",4,9961,"C022249",5.921110
"C042784",3,16827,"C037407",3.582285
"C042785",5,21482,"C047883",5.137657
"C042786",4,9961,"C022249",2.931345
"C042787",1,5732,"C012734",8.497343
"C042789",1,5732,"C012734",6.868550
"C042791",1,5732,"C012734",4.821581
"C042792",2,868,"C001904",7.959948
"C042793",5,21482,"C047883",7.888288
"C042797",4,9961,"C022249",5.011790
"C042802",5,21482,"C047883",15.617248
"C042803",0,5705,"C012675",7.758245
"C042805",1,5732,"C012734",6.815628
"C042807",1,5732,"C012734",15.521423
"C042810",4,9961,"C022249",5.417158
"C042811",4,9961,"C022249",3.208060
"C042812",4,9961,"C022249",1.277127
"C042818",5,21482,"C047883",0.187763
"C042821",3,16827,"C037407",5.860523
"C042824",5,21482,"C047883",3.383071
"C042827",1,5732,"C012734",6.811573
"C042829",1,5732,"C012734",7.353563
"C042830",1,5732,"C012734",6.457549
"C042831",2,868,"C001904",8.528730
"C042832",5,21482,"C047883",13.087166
"C042834",0,5705,"C012675",2.522162
"C042835",5,21482,"C047883",8.623289
"C042836",5,21482,"C047883",1.650575
"C042838",5,21482,"C047883",2.356522
"C042841",4,9961,"C022249",6.933133
"C042844",2,868,"C001904",10.212022
"C042847",5,21482,"C047883",11.167819
"C042848",2,868,"C001904",12.679068
"C042849",2,868,"C001904",1.786178
"C042851",4,9961,"C022249",6.321817
"C042853",0,5705,"C012675",5.015635
"C042856",1,5732,"C012734",4.866281
"C042857",4,9961,"C022249",8.395791
"C042858",0,5705,"C012675",7.606503
"C042859",4,9961,"C022249",7.032859
"C042861",1,5732,"C012734",14.572528
"C042862",1,5732,"C012734",12.351847
"C042865",3,16827,"C037407",2.911603
"C042868",1,5732,"C012734",6.853917
"C042871",2,868,"C001904",6.896366
"C042872",5,21482,"C047883",11.021335
"C042876",5,21482,"C047883",1.849130
"C042881",0,5705,"C012675",3.998210
"C042885",2,868,"C001904",6.520717
"C042887",3,16827,"C037407",4.072629
"C042889",1,5732,"C012734",3.987005
"C042890",4,9961,"C022249",2.770822
"C042892",0,5705,"C012675",6.216214
"C042895",0,5705,"C012675",9.103025
"C042896",0,5705,"C012675",8.012836
"C042905",5,21482,"C047883",6.607783
"C042906",0,5705,"C012675",6.023033
"C042918",2,868,"C001904",8.241574
"C042922",5,21482,"C047883",8.231260
"C042929",5,21482,"C047883",9.549408
"C042931",2,868,"C001904",5.726631
"C042936",5,21482,"C047883",1.044480
"C042938",3,16827,"C037407",1.937841
"C042939",1,5732,"C012734",1.306376
"C042940",3,16827,"C037407",1.272814
"C042941",3,16827,"C037407",7.782992
"C042942",2,868,"C001904",0.551871
"C042943",1,5732,"C012734",3.405128
"C042947",5,21482,"C047883",10.759769
"C042951",1,5732,"C012734",10.906621
"C042953",0,5705,"C012675",6.422690
"C042954",5,21482,"C047883",11.131989
"C042958",3,16827,"C037407",7.343062
"C042962",2,868,"C001904",10.871725
"C042968",5,21482,"C047883",0.571066
"C042969",2,868,"C001904",1.001594
"C042970",4,9961,"C022249",4.685489
"C042971",0,5705,"C012675",5.044445
"C042976",5,21482,"C047883",9.002230
"C042978",5,21482,"C047883",10.867056
"C042979",5,21482,"C047883",6.986464
"C042980",3,16827,"C037407",1.604693
"C042981",2,868,"C001904",4.016291
"C042982",2,868,"C001904",10.868316
"C042984",1,5732,"C012734",9.774224
"C042985",0,5705,"C012675",3.672739
"C042986",5,21482,"C047883",8.769976
"C042991",2,868,"C001904",7.581731
"C042994",4,9961,"C022249",7.286082
"C042996",3,16827,"C037407",4.595273
"C042998",0,5705,"C012675",10.446404
"C043000",1,5732,"C012734",2.639247
"C043001",1,5732,"C012734",3.786403
"C043004",1,5732,"C012734",11.052888
"C043005",0,5705,"C012675",5.839496
"C043008",0,5705,"C012675",5.614402
"C043009",5,21482,"C047883",2.325278
"C043011",3,16827,"C037407",4.219414
"C043015",1,5732,"C012734",8.808132
"C043017",5,21482,"C047883",11.314019
"C043018",5,21482,"C047883",2.588424
"C043020",3,16827,"C037407",8.525728
"C043021",0,5705,"C012675",4.892525
"C043023",1,5732,"C012734",3.576880
"C043026",3,16827,"C037407",2.492565
"C043027",0,5705,"C012675",3.828523
"C043028",0,5705,"C012675",2.892534
"C043033",3,16827,"C037407",1.892755
"C043036",1,5732,"C012734",2.966245
"C043039",5,21482,"C047883",6.502799
"C043045",3,16827,"C037407",8.915810
"C043050",5,21482,"C047883",12.067818
"C043051",2,868,"C001904",7.860114
"C043053",3,16827,"C037407",9.588555
"C043055",5,21482,"C047883",11.476293
"C043056",1,5732,"C012734",7.472142
"C043058",2,868,"C001904",10.248393
"C043060",2,868,"C001904",7.297579
"C043065",1,5732,"C012734",5.972854
"C043066",1,5732,"C012734",4.232557
"C043067",2,868,"C001904",6.216330
"C043072",4,9961,"C022249",2.487246
"C043078",2,868,"C001904",0.234029
"C043081",2,868,"C001904",2.063354
"C043087",0,5705,"C012675",0.566739
"C043089",1,5732,"C012734",8.435771
"C043094",0,5705,"C012675",3.933017
"C043096",5,21482,"C047883",5.338366
"C043098",4,9961,"C022249",5.901818
"C043099",2,868,"C001904",0.797030
"C043102",0,5705,"C012675",6.618975
"C043103",3,16827,"C037407",5.135193
"C043105",5,21482,"C047883",11.350107
"C043106",0,5705,"C012675",10.271433
"C043108",2,868,"C001904",9.727205
"C043109",4,9961,"C022249",1.616685
"C043110",0,5705,"C012675",4.419205
"C043111",5,21482,"C047883",3.020852
"C043112",3,16827,"C037407",3.513336
"C043114",4,9961,"C022249",4.205881
"C043115",0,5705,"C012675",5.208948
"C043116",5,21482,"C047883",2.457808
"C043117",5,21482,"C047883",9.358829
"C043120",2,868,"C001904",3.480630
"C043122",0,5705,"C012675",8.736655
"C043123",1,5732,"C012734",2.294860
"C043127",2,868,"C001904",3.079537
"C043130",0,5705,"C012675",5.712822
"C043131",2,868,"C001904",4.143148
"C043132",1,5732,"C012734",9.073552
"C043133",2,868,"C001904",7.432326
"C043135",0,5705,"C012675",5.212581
"C043136",5,21482,"C047883",3.311820
"C043138",0,5705,"C012675",2.394366
"C043139",4,9961,"C022249",2.888748
"C043140",5,21482,"C047883",1.707198
"C043141",2,868,"C001904",10.199855
"C043143",5,21482,"C047883",2.711895
"C043146",5,21482,"C047883",12.027482
"C043148",5,21482,"C047883",2.704193
"C043151",5,21482,"C047883",6.942645
"C043153",1,5732,"C012734",14.112615
"C043154",0,5705,"C012675",10.795595
"C043158",5,21482,"C047883",10.351859
"C043160",5,21482,"C047883",14.251189
"C043164",1,5732,"C012734",9.042467
"C043166",5,21482,"C047883",10.179242
"C043171",4,9961,"C022249",3.023767
"C043172",4,9961,"C022249",6.856183
"C043173",1,5732,"C012734",5.766680
"C043174",4,9961,"C022249",2.877685
"C043178",3,16827,"C037407",3.057691
"C043179",0,5705,"C012675",1.156716
"C043180",0,5705,"C012675",3.921128
"C043182",4,9961,"C022249",2.868865
"C043185",5,21482,"C047883",10.522208
"C043186",2,868,"C001904",7.791179
"C043187",0,5705,"C012675",4.951263
"C043190",0,5705,"C012675",2.793820
"C043191",2,868,"C001904",12.017387
"C043194",1,5732,"C012734",16.262422
"C043197",5,21482,"C047883",2.714734
"C043198",1,5732,"C012734",9.962712
"C043204",2,868,"C001904",10.837776
"C043209",5,21482,"C047883",6.174712
"C043215",1,5732,"C012734",3.446579
"C043216",1,5732,"C012734",7.037469
"C043217",4,9961,"C022249",4.323721
"C043218",2,868,"C001904",6.597476
"C043219",3,16827,"C037407",3.168714
"C043220",3,16827,"C037407",6.643179
"C043222",5,21482,"C047883",13.929661
"C043227",0,5705,"C012675",8.397191
"C043229",4,9961,"C022249",4.656129
"C043232",3,16827,"C037407",2.363960
"C043233",1,5732,"C012734",14.961734
"C043237",4,9961,"C022249",6.754400
"C043243",0,5705,"C012675",3.994091
"C043247",5,21482,"C047883",1.351505
"C043249",3,16827,"C037407",6.606023
"C043250",3,16827,"C037407",0.957717
"C043252",4,9961,"C022249",3.353609
"C043253",1,5732,"C012734",5.078280
"C043255",2,868,"C001904",7.220513
"C043256",4,9961,"C022249",4.360123
"C043258",5,21482,"C047883",8.332065
"C043261",5,21482,"C047883",3.155436
"C043262",0,5705,"C012675",9.205048
"C043263",0,5705,"C012675",4.115251
"C043266",1,5732,"C012734",8.681978
"C043268",3,16827,"C037407",2.248587
"C043270",5,21482,"C047883",13.750734
"C043275",0,5705,"C012675",3.522675
"C043278",2,868,"C001904",6.929414
"C043280",1,5732,"C012734",5.883274
"C043283",1,5732,"C012734",1.367050
"C043284",1,5732,"C012734",6.799254
"C043286",3,16827,"C037407",4.479934
"C043290",1,5732,"C012734",14.353318
"C043291",5,21482,"C047883",9.012141
"C043293",5,21482,"C047883",13.724648
"C043298",1,5732,"C012734",9.779277
"C043299",4,9961,"C022249",3.782934
"C043300",1,5732,"C012734",6.927984
"C043302",3,16827,"C037407",5.039511
"C043306",0,5705,"C012675",3.585457
"C043312",5,21482,"C047883",9.545029
"C043314",4,9961,"C022249",3.489268
"C043315",0,5705,"C012675",2.069643
"C043318",2,868,"C001904",3.930374
"C043320",1,5732,"C012734",13.671003
"C043321",4,9961,"C022249",2.606897
"C043322",1,5732,"C012734",4.588216
"C043324",0,5705,"C012675",0.696929
"C043327",2,868,"C001904",11.488332
"C043328",2,868,"C001904",6.906471
"C043332",5,21482,"C047883",12.912910
"C043333",4,9961,"C022249",4.274659
"C043334",4,9961,"C022249",2.703080
"C043335",1,5732,"C012734",4.875095
"C043338",3,16827,"C037407",4.144387
"C043344",0,5705,"C012675",6.315101
"C043346",2,868,"C001904",9.228970
"C043348",2,868,"C001904",8.460108
"C043349",5,21482,"C047883",5.327218
"C043351",4,9961,"C022249",2.651429
"C043354",1,5732,"C012734",5.446278
"C043356",0,5705,"C012675",7.150257
"C043358",1,5732,"C012734",8.218256
"C043359",2,868,"C001904",2.748486
"C043360",3,16827,"C037407",3.852424
"C043361",5,21482,"C047883",8.286923
"C043362",5,21482,"C047883",11.412390
"C043371",1,5732,"C012734",6.752205
"C043374",0,5705,"C012675",4.044657
"C043375",5,21482,"C047883",12.864710
"C043379",2,868,"C001904",2.437770
"C043380",1,5732,"C012734",9.768288
"C043387",1,5732,"C012734",3.019029
"C043390",1,5732,"C012734",2.353732
"C043391",2,868,"C001904",3.427414
"C043392",0,5705,"C012675",3.147090
"C043394",0,5705,"C012675",5.434326
"C043396",2,868,"C001904",12.893370
"C043398",3,16827,"C037407",7.966018
"C043401",5,21482,"C047883",5.346738
"C043402",0,5705,"C012675",6.301129
"C043403",2,868,"C001904",7.203886
"C043404",4,9961,"C022249",3.892357
"C043405",4,9961,"C022249",6.234109
"C043408",1,5732,"C012734",3.911755
"C043409",2,868,"C001904",8.549809
"C043416",5,21482,"C047883",15.651901
"C043417",0,5705,"C012675",4.107084
"C043420",1,5732,"C012734",7.115503
"C043421",5,21482,"C047883",1.125838
"C043422",1,5732,"C012734",5.339526
"C043423",5,21482,"C047883",1.715012
"C043425",1,5732,"C012734",5.460980
"C043426",0,5705,"C012675",4.544855
"C043428",3,16827,"C037407",0.686480
"C043430",5,21482,"C047883",2.460911
"C043432",1,5732,"C012734",4.292981
"C043436",1,5732,"C012734",6.166646
"C043441",5,21482,"C047883",2.767636
"C043443",2,868,"C001904",0.812775
"C043445",1,5732,"C012734",15.150906
"C043447",3,16827,"C037407",4.858013
"C043449",5,21482,"C047883",11.248108
"C043452",5,21482,"C047883",2.189329
"C043454",5,21482,"C047883",9.786734
"C043455",0,5705,"C012675",8.447696
"C043458",5,21482,"C047883",6.600665
"C043459",2,868,"C001904",7.593184
"C043468",2,868,"C001904",4.204757
"C043469",5,21482,"C047883",9.471131
"C043470",1,5732,"C012734",3.951025
"C043471",4,9961,"C022249",4.618029
"C043472",0,5705,"C012675",3.775160
"C043475",4,9961,"C022249",2.486408
"C043476",2,868,"C001904",2.767862
"C043477",2,868,"C001904",3.131103
"C043481",4,9961,"C022249",4.536296
"C043482",0,5705,"C012675",5.587453
"C043483",2,868,"C001904",4.809892
"C043484",1,5732,"C012734",9.214173
"C043485",0,5705,"C012675",1.883305
"C043486",4,9961,"C022249",0.386216
"C043490",1,5732,"C012734",6.755786
"C043491",1,5732,"C012734",3.628506
"C043492",5,21482,"C047883",2.030978
"C043493",3,16827,"C037407",9.108874
"C043497",2,868,"C001904",6.294891
"C043498",0,5705,"C012675",4.634512
"C043500",3,16827,"C037407",2.856672
"C043502",4,9961,"C022249",3.920310
"C043503",4,9961,"C022249",2.670454
"C043508",1,5732,"C012734",4.067858
"C043510",3,16827,"C037407",7.196949
"C043511",0,5705,"C012675",5.245569
"C043515",2,868,"C001904",2.853793
"C043516",4,9961,"C022249",4.068023
"C043519",0,5705,"C012675",7.245292
"C043521",2,868,"C001904",6.223641
"C043522",3,16827,"C037407",1.401439
"C043525",3,16827,"C037407",3.161037
"C043529",1,5732,"C012734",4.374498
"C043530",1,5732,"C012734",8.196198
"C043531",2,868,"C001904",2.007097
"C043532",3,16827,"C037407",3.735170
"C043533",1,5732,"C012734",17.388465
"C043534",3,16827,"C037407",10.060188
"C043535",0,5705,"C012675",3.226185
"C043536",5,21482,"C047883",8.682010
"C043538",3,16827,"C037407",6.982989
"C043539",2,868,"C001904",2.697864
"C043540",1,5732,"C012734",5.102689
"C043541",3,16827,"C037407",4.549594
"C043543",2,868,"C001904",3.799726
"C043545",1,5732,"C012734",1.043722
"C043549",5,21482,"C047883",3.084328
"C043551",0,5705,"C012675",5.738631
"C043552",4,9961,"C022249",0.621441
"C043554",4,9961,"C022249",2.789534
"C043555",4,9961,"C022249",2.680050
"C043563",5,21482,"C047883",1.398576
"C043565",5,21482,"C047883",5.481733
"C043566",1,5732,"C012734",4.069276
"C043570",3,16827,"C037407",0.738320
"C043571",1,5732,"C012734",0.864141
"C043573",0,5705,"C012675",9.844853
"C043574",2,868,"C001904",3.283826
"C043578",4,9961,"C022249",3.087816
"C043580",5,21482,"C047883",5.461335
"C043581",5,21482,"C047883",3.306543
"C043583",5,21482,"C047883",11.136905
"C043585",1,5732,"C012734",2.798370
"C043586",0,5705,"C012675",6.986731
"C043591",5,21482,"C047883",9.433452
"C043592",5,21482,"C047883",11.273317
"C043597",1,5732,"C012734",8.145640
"C043598",4,9961,"C022249",4.265523
"C043601",5,21482,"C047883",2.935853
"C043602",5,21482,"C047883",9.850615
"C043603",1,5732,"C012734",12.364916
"C043604",2,868,"C001904",9.148416
"C043605",1,5732,"C012734",6.569955
"C043606",0,5705,"C012675",5.057620
"C043607",0,5705,"C012675",7.807057
"C043609",5,21482,"C047883",12.410396
"C043610",5,21482,"C047883",0.775372
"C043611",0,5705,"C012675",4.695930
"C043618",5,21482,"C047883",10.353273
"C043619",2,868,"C001904",6.236893
"C043627",0,5705,"C012675",9.255994
"C043628",2,868,"C001904",4.005071
"C043630",5,21482,"C047883",9.461920
"C043632",5,21482,"C047883",7.761375
"C043633",3,16827,"C037407",1.316530
"C043634",5,21482,"C047883",9.695374
"C043637",2,868,"C001904",3.680513
"C043639",5,21482,"C047883",10.550502
"C043641",3,16827,"C037407",3.066801
"C043642",1,5732,"C012734",1.120699
"C043643",5,21482,"C047883",12.634147
"C043644",0,5705,"C012675",4.347441
"C043646",5,21482,"C047883",8.529912
"C043647",1,5732,"C012734",3.013595
"C043648",1,5732,"C012734",6.111160
"C043652",1,5732,"C012734",6.686139
"C043654",3,16827,"C037407",2.263659
"C043660",5,21482,"C047883",7.500378
"C043663",5,21482,"C047883",7.661889
"C043665",0,5705,"C012675",9.858568
"C043667",0,5705,"C012675",2.282186
"C043674",1,5732,"C012734",11.993647
"C043681",2,868,"C001904",10.584256
"C043682",1,5732,"C012734",10.189237
"C043683",5,21482,"C047883",3.588580
"C043684",2,868,"C001904",2.540357
"C043686",4,9961,"C022249",2.874151
"C043687",4,9961,"C022249",2.525489
"C043689",5,21482,"C047883",1.468084
"C043691",3,16827,"C037407",4.205645
"C043695",2,868,"C001904",2.579516
"C043697",0,5705,"C012675",0.701538
"C043700",3,16827,"C037407",4.748103
"C043705",4,9961,"C022249",3.294686
"C043707",0,5705,"C012675",6.904647
"C043708",1,5732,"C012734",2.493730
"C043709",5,21482,"C047883",8.985353
"C043711",4,9961,"C022249",3.537900
"C043712",5,21482,"C047883",7.909526
"C043713",5,21482,"C047883",4.972443
"C043719",2,868,"C001904",7.788913
"C043721",5,21482,"C047883",3.357939
"C043725",5,21482,"C047883",2.647088
"C043727",0,5705,"C012675",2.185310
"C043728",4,9961,"C022249",4.585830
"C043731",5,21482,"C047883",3.719281
"C043732",4,9961,"C022249",6.171208
"C043734",1,5732,"C012734",7.672962
"C043735",2,868,"C001904",10.407356
"C043739",2,868,"C001904",12.502918
"C043741",0,5705,"C012675",5.036717
"C043744",4,9961,"C022249",3.967465
"C043745",2,868,"C001904",2.552879
"C043746",0,5705,"C012675",4.720969
"C043748",0,5705,"C012675",8.931679
"C043749",3,16827,"C037407",1.716063
"C043752",1,5732,"C012734",3.069530
"C043754",5,21482,"C047883",12.071709
"C043760",5,21482,"C047883",13.911082
"C043762",5,21482,"C047883",2.753859
"C043770",1,5732,"C012734",6.830051
"C043773",5,21482,"C047883",5.838509
"C043777",0,5705,"C012675",4.075057
"C043779",0,5705,"C012675",5.540339
"C043784",4,9961,"C022249",2.656424
"C043785",1,5732,"C012734",5.041322
"C043786",5,21482,"C047883",3.236842
"C043787",5,21482,"C047883",3.628499
"C043793",4,9961,"C022249",6.658257
"C043795",4,9961,"C022249",3.424706
"C043796",3,16827,"C037407",7.235863
"C043798",4,9961,"C022249",3.253469
"C043807",5,21482,"C047883",12.773893
"C043809",3,16827,"C037407",7.592292
"C043810",0,5705,"C012675",5.417804
"C043811",5,21482,"C047883",2.533837
"C043812",5,21482,"C047883",7.040046
"C043813",5,21482,"C047883",7.245761
"C043815",2,868,"C001904",3.682088
"C043817",4,9961,"C022249",1.234810
"C043818",1,5732,"C012734",2.874151
"C043820",1,5732,"C012734",2.837471
"C043825",1,5732,"C012734",5.103380
"C043826",5,21482,"C047883",5.208597
"C043827",5,21482,"C047883",11.802264
"C043830",0,5705,"C012675",5.222999
"C043831",0,5705,"C012675",0.823778
"C043833",0,5705,"C012675",7.761951
"C043834",5,21482,"C047883",4.086758
"C043837",2,868,"C001904",5.583379
"C043838",3,16827,"C037407",5.123000
"C043841",0,5705,"C012675",5.160139
"C043844",5,21482,"C047883",8.159821
"C043845",5,21482,"C047883",1.868319
"C043846",5,21482,"C047883",11.352295
"C043847",1,5732,"C012734",2.614543
"C043848",1,5732,"C012734",2.669606
"C043852",3,16827,"C037407",9.823148
"C043853",5,21482,"C047883",3.494971
"C043855",2,868,"C001904",6.797532
"C043857",1,5732,"C012734",6.265451
"C043862",1,5732,"C012734",7.307250
"C043863",4,9961,"C022249",2.965181
"C043864",0,5705,"C012675",0.434213
"C043870",5,21482,"C047883",9.327569
"C043872",5,21482,"C047883",4.640428
"C043873",1,5732,"C012734",5.756643
"C043875",1,5732,"C012734",8.999362
"C043878",4,9961,"C022249",5.344453
"C043881",2,868,"C001904",11.898758
"C043882",0,5705,"C012675",7.883095
"C043883",5,21482,"C047883",9.369852
"C043887",3,16827,"C037407",3.749730
"C043892",1,5732,"C012734",12.323032
"C043895",3,16827,"C037407",6.909868
"C043899",2,868,"C001904",4.722694
"C043902",5,21482,"C047883",1.107455
"C043907",5,21482,"C047883",6.860220
"C043908",1,5732,"C012734",7.759961
"C043909",1,5732,"C012734",5.677916
"C043910",0,5705,"C012675",6.471813
"C043911",1,5732,"C012734",3.393972
"C043913",0,5705,"C012675",2.307392
"C043915",2,868,"C001904",2.499021
"C043916",2,868,"C001904",8.248217
"C043917",0,5705,"C012675",0.900747
"C043918",3,16827,"C037407",2.726257
"C043919",0,5705,"C012675",4.128695
"C043920",0,5705,"C012675",3.779281
"C043926",3,16827,"C037407",4.987481
"C043930",1,5732,"C012734",6.389925
"C043932",5,21482,"C047883",13.004720
"C043934",5,21482,"C047883",8.132029
"C043937",4,9961,"C022249",4.646185
"C043938",5,21482,"C047883",8.111667
"C043939",2,868,"C001904",4.449323
"C043942",5,21482,"C047883",6.906908
"C043943",3,16827,"C037407",1.433788
"C043945",2,868,"C001904",10.719402
"C043947",0,5705,"C012675",6.029881
"C043951",0,5705,"C012675",0.556541
"C043956",2,868,"C001904",1.885390
"C043957",4,9961,"C022249",4.372895
"C043958",4,9961,"C022249",3.229059
"C043960",0,5705,"C012675",9.426129
"C043964",3,16827,"C037407",8.138521
"C043965",1,5732,"C012734",4.307037
"C043968",5,21482,"C047883",8.569658
"C043970",1,5732,"C012734",6.273397
"C043975",2,868,"C001904",7.462768
"C043978",5,21482,"C047883",13.315067
"C043980",2,868,"C001904",4.904417
"C043986",5,21482,"C047883",4.891830
"C043988",3,16827,"C037407",3.318065
"C043992",5,21482,"C047883",1.193396
"C043993",2,868,"C001904",7.204813
"C043997",1,5732,"C012734",8.901905
"C043998",4,9961,"C022249",2.946381
"C044002",5,21482,"C047883",1.639884
"C044003",5,21482,"C047883",3.774821
"C044004",4,9961,"C022249",5.996263
"C044005",5,21482,"C047883",8.492319
"C044006",2,868,"C001904",5.598022
"C044009",2,868,"C001904",4.107993
"C044010",4,9961,"C022249",4.198455
"C044012",0,5705,"C012675",2.132672
"C044013",4,9961,"C022249",5.299928
"C044015",5,21482,"C047883",4.442480
"C044017",5,21482,"C047883",4.754719
"C044018",5,21482,"C047883",13.053580
"C044021",2,868,"C001904",5.818874
"C044023",4,9961,"C022249",3.399734
"C044024",5,21482,"C047883",4.056694
"C044027",2,868,"C001904",8.274636
"C044028",2,868,"C001904",1.904345
"C044030",0,5705,"C012675",5.766570
"C044031",2,868,"C001904",5.767443
"C044032",0,5705,"C012675",4.130999
"C044033",3,16827,"C037407",4.007622
"C044036",1,5732,"C012734",7.595123
"C044037",4,9961,"C022249",3.311590
"C044043",1,5732,"C012734",12.795592
"C044044",1,5732,"C012734",6.850525
"C044047",0,5705,"C012675",5.083564
"C044048",1,5732,"C012734",2.156521
"C044049",0,5705,"C012675",9.805184
"C044050",5,21482,"C047883",13.503343
"C044056",0,5705,"C012675",5.230951
"C044063",1,5732,"C012734",12.175137
"C044064",4,9961,"C022249",6.912846
"C044066",4,9961,"C022249",3.740686
"C044069",1,5732,"C012734",4.184083
"C044071",4,9961,"C022249",9.102991
"C044072",2,868,"C001904",8.527318
"C044074",5,21482,"C047883",6.105285
"C044076",0,5705,"C012675",3.846689
"C044079",3,16827,"C037407",4.965789
"C044080",4,9961,"C022249",3.011715
"C044082",1,5732,"C012734",6.227018
"C044084",1,5732,"C012734",9.360605
"C044086",1,5732,"C012734",4.001443
"C044087",5,21482,"C047883",10.315805
"C044088",0,5705,"C012675",5.565948
"C044094",2,868,"C001904",10.078863
"C044095",1,5732,"C012734",6.835955
"C044102",4,9961,"C022249",5.294958
"C044103",4,9961,"C022249",4.053271
"C044108",1,5732,"C012734",12.359184
"C044111",1,5732,"C012734",3.222770
"C044114",0,5705,"C012675",2.675094
"C044115",4,9961,"C022249",5.152781
"C044116",5,21482,"C047883",11.527660
"C044124",4,9961,"C022249",2.856757
"C044126",1,5732,"C012734",7.173336
"C044127",5,21482,"C047883",8.082292
"C044134",0,5705,"C012675",5.094618
"C044135",2,868,"C001904",7.091107
"C044136",1,5732,"C012734",0.861996
"C044137",0,5705,"C012675",7.062423
"C044138",1,5732,"C012734",11.697780
"C044142",1,5732,"C012734",0.719852
"C044143",5,21482,"C047883",4.380349
"C044147",5,21482,"C047883",11.536484
"C044149",3,16827,"C037407",6.193373
"C044154",5,21482,"C047883",6.955326
"C044155",5,21482,"C047883",1.630425
"C044160",1,5732,"C012734",10.467971
"C044161",5,21482,"C047883",13.232975
"C044162",5,21482,"C047883",2.867008
"C044163",5,21482,"C047883",1.000792
"C044165",4,9961,"C022249",4.239351
"C044168",0,5705,"C012675",7.991588
"C044171",0,5705,"C012675",6.155128
"C044172",1,5732,"C012734",4.628720
"C044173",3,16827,"C037407",0.624609
"C044174",0,5705,"C012675",6.458051
"C044175",4,9961,"C022249",6.647731
"C044179",3,16827,"C037407",6.805414
"C044181",0,5705,"C012675",6.272047
"C044183",3,16827,"C037407",2.812003
"C044184",3,16827,"C037407",0.658783
"C044187",1,5732,"C012734",9.303889
"C044189",0,5705,"C012675",7.028664
"C044191",3,16827,"C037407",3.064508
"C044196",5,21482,"C047883",1.646538
"C044201",0,5705,"C012675",3.780970
"C044202",5,21482,"C047883",2.155466
"C044204",0,5705,"C012675",2.054235
"C044205",4,9961,"C022249",3.300926
"C044209",3,16827,"C037407",6.138853
"C044210",4,9961,"C022249",2.013868
"C044213",5,21482,"C047883",14.387361
"C044214",1,5732,"C012734",9.161321
"C044216",0,5705,"C012675",7.115543
"C044218",0,5705,"C012675",2.098241
"C044219",2,868,"C001904",2.428502
"C044221",5,21482,"C047883",0.721977
"C044223",0,5705,"C012675",4.942550
"C044226",5,21482,"C047883",7.034099
"C044227",5,21482,"C047883",5.392579
"C044231",3,16827,"C037407",8.625130
"C044232",1,5732,"C012734",1.820182
"C044233",3,16827,"C037407",2.568139
"C044237",1,5732,"C012734",12.719702
"C044238",5,21482,"C047883",4.478422
"C044239",4,9961,"C022249",2.040900
"C044251",0,5705,"C012675",8.277882
"C044256",1,5732,"C012734",5.140916
"C044257",3,16827,"C037407",1.090096
"C044261",5,21482,"C047883",5.657858
"C044264",2,868,"C001904",4.090603
"C044265",5,21482,"C047883",3.446918
"C044266",0,5705,"C012675",2.927884
"C044267",3,16827,"C037407",7.033461
"C044268",1,5732,"C012734",11.072890
"C044269",4,9961,"C022249",4.122969
"C044271",2,868,"C001904",9.247518
"C044272",3,16827,"C037407",6.029277
"C044273",2,868,"C001904",8.515375
"C044275",4,9961,"C022249",3.794055
"C044277",5,21482,"C047883",5.874654
"C044278",4,9961,"C022249",6.166002
"C044280",5,21482,"C047883",5.833572
"C044281",1,5732,"C012734",3.291615
"C044284",2,868,"C001904",7.438128
"C044286",2,868,"C001904",3.358019
"C044289",2,868,"C001904",4.398912
"C044290",3,16827,"C037407",3.478118
"C044293",1,5732,"C012734",5.750572
"C044295",3,16827,"C037407",4.433973
"C044298",4,9961,"C022249",4.685677
"C044300",3,16827,"C037407",2.291924
"C044301",1,5732,"C012734",1.498911
"C044302",4,9961,"C022249",3.070890
"C044303",2,868,"C001904",7.147101
"C044304",3,16827,"C037407",4.947386
"C044306",0,5705,"C012675",4.105008
"C044309",0,5705,"C012675",10.313825
"C044310",5,21482,"C047883",9.272597
"C044312",2,868,"C001904",12.008848
"C044313",3,16827,"C037407",5.705081
"C044314",5,21482,"C047883",5.731750
"C044318",5,21482,"C047883",6.530730
"C044319",1,5732,"C012734",9.063138
"C044323",5,21482,"C047883",8.647970
"C044327",3,16827,"C037407",3.702259
"C044328",5,21482,"C047883",13.486095
"C044329",1,5732,"C012734",5.855792
"C044330",3,16827,"C037407",6.399442
"C044331",2,868,"C001904",8.106620
"C044335",2,868,"C001904",6.713629
"C044336",3,16827,"C037407",4.108332
"C044337",5,21482,"C047883",2.199298
"C044338",5,21482,"C047883",10.763643
"C044339",1,5732,"C012734",11.669882
"C044344",4,9961,"C022249",2.055541
"C044345",5,21482,"C047883",6.208947
"C044349",1,5732,"C012734",1.455345
"C044351",4,9961,"C022249",0.981886
"C044352",0,5705,"C012675",7.753057
"C044353",5,21482,"C047883",6.943621
"C044355",5,21482,"C047883",2.112266
"C044356",0,5705,"C012675",1.115962
"C044357",4,9961,"C022249",0.311290
"C044362",5,21482,"C047883",2.950708
"C044364",3,16827,"C037407",4.224194
"C044367",2,868,"C001904",7.108953
"C044368",3,16827,"C037407",6.951775
"C044370",1,5732,"C012734",4.859794
"C044376",3,16827,"C037407",7.264589
"C044378",0,5705,"C012675",3.635629
"C044380",0,5705,"C012675",6.882568
"C044383",4,9961,"C022249",1.722328
"C044385",1,5732,"C012734",3.398134
"C044388",0,5705,"C012675",4.030371
"C044389",0,5705,"C012675",10.328634
"C044391",0,5705,"C012675",6.227186
"C044392",2,868,"C001904",1.439881
"C044393",0,5705,"C012675",3.948232
"C044395",0,5705,"C012675",7.044283
"C044396",1,5732,"C012734",0.968857
"C044397",5,21482,"C047883",11.255466
"C044398",5,21482,"C047883",6.452238
"C044400",3,16827,"C037407",8.796669
"C044404",5,21482,"C047883",3.589720
"C044405",3,16827,"C037407",8.350522
"C044406",0,5705,"C012675",3.215495
"C044410",1,5732,"C012734",8.000192
"C044412",4,9961,"C022249",0.766117
"C044413",4,9961,"C022249",7.042448
"C044419",3,16827,"C037407",6.338993
"C044420",1,5732,"C012734",2.577899
"C044423",4,9961,"C022249",3.962983
"C044424",1,5732,"C012734",3.880035
"C044425",5,21482,"C047883",11.114340
"C044426",4,9961,"C022249",3.254127
"C044432",1,5732,"C012734",4.409908
"C044433",5,21482,"C047883",12.749370
"C044440",4,9961,"C022249",3.835860
"C044444",3,16827,"C037407",3.621257
"C044447",5,21482,"C047883",1.536152
"C044448",1,5732,"C012734",1.128928
"C044449",0,5705,"C012675",0.797959
"C044451",5,21482,"C047883",3.392259
"C044454",0,5705,"C012675",8.980492
"C044455",1,5732,"C012734",9.927253
"C044457",1,5732,"C012734",6.301622
"C044458",5,21482,"C047883",4.345294
"C044461",3,16827,"C037407",8.430591
"C044463",5,21482,"C047883",10.052636
"C044465",1,5732,"C012734",7.564740
"C044468",5,21482,"C047883",12.244888
"C044469",1,5732,"C012734",6.814020
"C044476",5,21482,"C047883",8.884990
"C044477",1,5732,"C012734",7.771576
"C044481",0,5705,"C012675",1.829803
"C044482",0,5705,"C012675",3.229538
"C044484",4,9961,"C022249",6.104687
"C044485",4,9961,"C022249",3.485434
"C044487",1,5732,"C012734",4.065957
"C044488",2,868,"C001904",4.066444
"C044495",4,9961,"C022249",3.691495
"C044497",4,9961,"C022249",2.979081
"C044498",4,9961,"C022249",2.914151
"C044499",2,868,"C001904",2.132038
"C044500",0,5705,"C012675",3.729944
"C044502",5,21482,"C047883",12.736519
"C044504",5,21482,"C047883",3.779770
"C044505",4,9961,"C022249",5.338774
"C044508",3,16827,"C037407",6.092230
"C044509",2,868,"C001904",9.985262
"C044512",5,21482,"C047883",9.304535
"C044513",4,9961,"C022249",2.402714
"C044514",5,21482,"C047883",11.378311
"C044516",2,868,"C001904",10.286353
"C044518",1,5732,"C012734",4.940648
"C044520",0,5705,"C012675",4.142034
"C044522",2,868,"C001904",2.587900
"C044523",2,868,"C001904",2.372169
"C044524",2,868,"C001904",6.273805
"C044525",5,21482,"C047883",7.836462
"C044528",0,5705,"C012675",4.721634
"C044529",0,5705,"C012675",4.012578
"C044532",0,5705,"C012675",1.883267
"C044533",4,9961,"C022249",2.644747
"C044536",3,16827,"C037407",6.520602
"C044541",1,5732,"C012734",2.302854
"C044542",5,21482,"C047883",8.408392
"C044545",1,5732,"C012734",8.622447
"C044560",5,21482,"C047883",9.980350
"C044561",5,21482,"C047883",9.206608
"C044563",4,9961,"C022249",1.940033
"C044565",5,21482,"C047883",4.417783
"C044568",0,5705,"C012675",6.387018
"C044569",0,5705,"C012675",5.625246
"C044572",4,9961,"C022249",4.481526
"C044573",5,21482,"C047883",6.965990
"C044574",1,5732,"C012734",2.930852
"C044575",0,5705,"C012675",6.713009
"C044577",2,868,"C001904",6.588911
"C044579",2,868,"C001904",2.557335
"C044581",2,868,"C001904",5.657929
"C044582",5,21482,"C047883",9.579301
"C044583",2,868,"C001904",6.589802
"C044586",1,5732,"C012734",1.743230
"C044590",5,21482,"C047883",3.784284
"C044591",1,5732,"C012734",6.357127
"C044592",0,5705,"C012675",4.229882
"C044595",1,5732,"C012734",7.003094
"C044601",1,5732,"C012734",7.561519
"C044603",2,868,"C001904",8.309434
"C044604",1,5732,"C012734",2.484251
"C044607",5,21482,"C047883",3.100108
"C044608",1,5732,"C012734",1.415231
"C044609",2,868,"C001904",2.609353
"C044610",5,21482,"C047883",2.311782
"C044612",2,868,"C001904",8.602390
"C044613",1,5732,"C012734",10.080679
"C044620",0,5705,"C012675",2.590844
"C044622",5,21482,"C047883",8.597720
"C044626",1,5732,"C012734",2.796817
"C044628",0,5705,"C012675",4.455152
"C044629",1,5732,"C012734",2.152809
"C044630",1,5732,"C012734",7.165586
"C044631",5,21482,"C047883",9.282971
"C044632",1,5732,"C012734",6.897625
"C044633",2,868,"C001904",2.751254
"C044635",2,868,"C001904",4.714122
"C044636",2,868,"C001904",2.488533
"C044637",5,21482,"C047883",1.061515
"C044638",4,9961,"C022249",2.821503
"C044640",5,21482,"C047883",8.379344
"C044642",5,21482,"C047883",2.090900
"C044644",3,16827,"C037407",3.091161
"C044645",2,868,"C001904",2.892708
"C044646",2,868,"C001904",10.630663
"C044647",2,868,"C001904",3.821087
"C044650",5,21482,"C047883",7.755381
"C044651",1,5732,"C012734",1.182030
"C044662",3,16827,"C037407",0.900625
"C044663",5,21482,"C047883",3.450507
"C044664",2,868,"C001904",3.467375
"C044666",4,9961,"C022249",8.288834
"C044670",1,5732,"C012734",6.821866
"C044672",4,9961,"C022249",7.610548
"C044675",2,868,"C001904",5.067702
"C044678",5,21482,"C047883",2.289904
"C044679",2,868,"C001904",3.807332
"C044681",2,868,"C001904",0.916352
"C044682",5,21482,"C047883",10.412075
"C044683",2,868,"C001904",4.925629
"C044686",5,21482,"C047883",7.236952
"C044690",4,9961,"C022249",2.104339
"C044691",2,868,"C001904",1.579780
"C044692",2,868,"C001904",6.284850
"C044695",1,5732,"C012734",8.577989
"C044697",0,5705,"C012675",4.370552
"C044698",0,5705,"C012675",1.967531
"C044702",5,21482,"C047883",13.682535
"C044703",0,5705,"C012675",2.046448
"C044704",5,21482,"C047883",4.946891
"C044707",0,5705,"C012675",6.155888
"C044710",0,5705,"C012675",3.982938
"C044714",5,21482,"C047883",7.724111
"C044717",5,21482,"C047883",5.581457
"C044722",5,21482,"C047883",2.712886
"C044723",2,868,"C001904",3.331603
"C044726",0,5705,"C012675",1.832334
"C044727",4,9961,"C022249",6.203251
"C044731",3,16827,"C037407",3.937973
"C044733",4,9961,"C022249",3.309130
"C044735",1,5732,"C012734",5.925658
"C044739",3,16827,"C037407",8.959076
"C044740",1,5732,"C012734",7.031895
"C044744",3,16827,"C037407",5.850335
"C044748",5,21482,"C047883",12.188119
"C044749",0,5705,"C012675",2.479432
"C044751",5,21482,"C047883",3.264085
"C044752",1,5732,"C012734",1.481179
"C044759",2,868,"C001904",5.216981
"C044762",2,868,"C001904",8.844846
"C044764",5,21482,"C047883",3.340608
"C044771",0,5705,"C012675",4.013050
"C044772",1,5732,"C012734",7.257855
"C044774",3,16827,"C037407",4.504701
"C044780",0,5705,"C012675",3.732379
"C044782",1,5732,"C012734",6.138791
"C044787",3,16827,"C037407",2.375753
"C044789",1,5732,"C012734",5.725607
"C044790",1,5732,"C012734",15.791758
"C044791",1,5732,"C012734",2.382479
"C044792",1,5732,"C012734",6.730224
"C044793",1,5732,"C012734",4.481868
"C044794",5,21482,"C047883",4.081152
"C044796",1,5732,"C012734",3.722853
"C044800",0,5705,"C012675",4.106169
"C044801",2,868,"C001904",7.383123
"C044802",4,9961,"C022249",6.532079
"C044805",2,868,"C001904",4.288238
"C044808",4,9961,"C022249",2.802594
"C044811",1,5732,"C012734",5.237152
"C044815",0,5705,"C012675",5.813951
"C044816",5,21482,"C047883",6.458697
"C044820",5,21482,"C047883",5.740753
"C044821",1,5732,"C012734",1.451558
"C044822",2,868,"C001904",7.953472
"C044823",2,868,"C001904",3.162234
"C044825",1,5732,"C012734",5.824120
"C044826",3,16827,"C037407",2.302698
"C044829",2,868,"C001904",6.167227
"C044831",1,5732,"C012734",14.840946
"C044832",2,868,"C001904",2.634547
"C044835",5,21482,"C047883",11.358330
"C044836",0,5705,"C012675",8.638085
"C044837",1,5732,"C012734",8.334207
"C044838",3,16827,"C037407",7.065007
"C044839",0,5705,"C012675",4.433379
"C044840",1,5732,"C012734",8.997845
"C044842",5,21482,"C047883",4.315391
"C044843",1,5732,"C012734",15.345849
"C044846",3,16827,"C037407",4.551067
"C044848",0,5705,"C012675",4.858857
"C044851",2,868,"C001904",1.369000
"C044852",1,5732,"C012734",8.968823
"C044854",5,21482,"C047883",3.436938
"C044855",1,5732,"C012734",5.424589
"C044856",3,16827,"C037407",4.523965
"C044858",1,5732,"C012734",12.659082
"C044860",3,16827,"C037407",3.250498
"C044861",3,16827,"C037407",4.829869
"C044864",5,21482,"C047883",0.611105
"C044865",1,5732,"C012734",5.050096
"C044866",4,9961,"C022249",4.563314
"C044868",0,5705,"C012675",0.592254
"C044869",2,868,"C001904",5.324472
"C044870",1,5732,"C012734",2.838861
"C044871",5,21482,"C047883",3.578444
"C044880",4,9961,"C022249",5.962640
"C044883",1,5732,"C012734",7.827598
"C044884",5,21482,"C047883",13.196996
"C044885",3,16827,"C037407",1.364805
"C044887",5,21482,"C047883",11.205662
"C044888",2,868,"C001904",3.968640
"C044889",1,5732,"C012734",5.624592
"C044890",4,9961,"C022249",3.083841
"C044896",5,21482,"C047883",9.823690
"C044899",1,5732,"C012734",5.355386
"C044901",1,5732,"C012734",15.980085
"C044905",1,5732,"C012734",7.207399
"C044907",1,5732,"C012734",5.536976
"C044909",2,868,"C001904",2.808014
"C044914",5,21482,"C047883",12.493089
"C044915",1,5732,"C012734",5.194034
"C044918",0,5705,"C012675",6.141633
"C044920",3,16827,"C037407",0.933345
"C044922",5,21482,"C047883",2.044243
"C044923",1,5732,"C012734",2.058986
"C044925",3,16827,"C037407",6.197534
"C044930",2,868,"C001904",4.146802
"C044931",0,5705,"C012675",4.852454
"C044932",1,5732,"C012734",3.838967
"C044943",0,5705,"C012675",4.783305
"C044944",1,5732,"C012734",3.053516
"C044946",5,21482,"C047883",4.978410
"C044951",0,5705,"C012675",8.527697
"C044952",2,868,"C001904",3.343996
"C044955",4,9961,"C022249",2.437709
"C044957",5,21482,"C047883",13.110252
"C044958",0,5705,"C012675",5.405819
"C044961",0,5705,"C012675",6.553644
"C044963",1,5732,"C012734",3.194516
"C044965",2,868,"C001904",4.378037
"C044966",3,16827,"C037407",2.802227
"C044967",1,5732,"C012734",3.356439
"C044968",4,9961,"C022249",3.982579
"C044970",4,9961,"C022249",5.351817
"C044973",4,9961,"C022249",5.768253
"C044974",1,5732,"C012734",7.326157
"C044976",4,9961,"C022249",1.870505
"C044978",1,5732,"C012734",7.310748
"C044980",5,21482,"C047883",10.362477
"C044981",1,5732,"C012734",11.914241
"C044982",2,868,"C001904",5.740946
"C044983",5,21482,"C047883",8.177752
"C044984",5,21482,"C047883",3.412336
"C044986",3,16827,"C037407",1.693529
"C044987",2,868,"C001904",8.719563
"C044989",2,868,"C001904",2.475008
"C044993",1,5732,"C012734",2.772984
"C044995",5,21482,"C047883",12.613695
"C044996",4,9961,"C022249",7.555930
"C044997",1,5732,"C012734",7.528772
"C044998",1,5732,"C012734",9.340293
"C045001",1,5732,"C012734",8.519584
"C045002",3,16827,"C037407",4.211324
"C045003",5,21482,"C047883",2.428513
"C045005",0,5705,"C012675",6.605748
"C045008",1,5732,"C012734",3.975616
"C045010",5,21482,"C047883",12.691438
"C045011",0,5705,"C012675",6.110771
"C045012",4,9961,"C022249",3.260088
"C045015",0,5705,"C012675",1.525630
"C045020",4,9961,"C022249",2.776152
"C045023",5,21482,"C047883",4.595024
"C045025",2,868,"C001904",2.241315
"C045026",1,5732,"C012734",11.582786
"C045031",5,21482,"C047883",7.854128
"C045033",5,21482,"C047883",7.877732
"C045034",5,21482,"C047883",14.122034
"C045035",0,5705,"C012675",2.085631
"C045037",5,21482,"C047883",10.392227
"C045038",2,868,"C001904",8.111043
"C045039",2,868,"C001904",1.541735
"C045040",2,868,"C001904",8.617773
"C045041",0,5705,"C012675",8.157776
"C045044",0,5705,"C012675",5.988112
"C045045",4,9961,"C022249",0.719250
"C045047",3,16827,"C037407",7.165056
"C045049",0,5705,"C012675",7.855079
"C045050",2,868,"C001904",4.518278
"C045052",5,21482,"C047883",15.593751
"C045054",1,5732,"C012734",13.928873
"C045057",1,5732,"C012734",4.839755
"C045058",5,21482,"C047883",2.195929
"C045059",5,21482,"C047883",6.942839
"C045061",2,868,"C001904",9.899709
"C045064",1,5732,"C012734",15.902778
"C045065",1,5732,"C012734",7.891386
"C045068",4,9961,"C022249",3.144891
"C045070",5,21482,"C047883",14.209010
"C045071",1,5732,"C012734",10.639576
"C045072",0,5705,"C012675",6.107317
"C045078",0,5705,"C012675",6.093977
"C045082",2,868,"C001904",6.674692
"C045083",1,5732,"C012734",5.799606
"C045084",1,5732,"C012734",5.649478
"C045085",5,21482,"C047883",1.507677
"C045086",2,868,"C001904",2.999602
"C045087",1,5732,"C012734",8.410199
"C045089",1,5732,"C012734",5.579420
"C045090",5,21482,"C047883",4.906178
"C045092",1,5732,"C012734",12.229515
"C045096",3,16827,"C037407",3.565437
"C045109",0,5705,"C012675",8.545264
"C045110",2,868,"C001904",4.294134
"C045112",5,21482,"C047883",14.997578
"C045113",2,868,"C001904",8.868138
"C045115",0,5705,"C012675",10.236311
"C045126",3,16827,"C037407",4.542801
"C045128",2,868,"C001904",1.974989
"C045129",0,5705,"C012675",4.239881
"C045130",3,16827,"C037407",6.994051
"C045132",1,5732,"C012734",5.824168
"C045134",5,21482,"C047883",12.874432
"C045136",1,5732,"C012734",5.232472
"C045139",5,21482,"C047883",9.855882
"C045142",4,9961,"C022249",1.652915
"C045143",0,5705,"C012675",4.293909
"C045151",4,9961,"C022249",3.905274
"C045153",3,16827,"C037407",5.186275
"C045154",1,5732,"C012734",7.378314
"C045155",2,868,"C001904",0.837523
"C045156",3,16827,"C037407",3.218687
"C045157",0,5705,"C012675",6.756496
"C045158",2,868,"C001904",3.340186
"C045159",4,9961,"C022249",3.736671
"C045161",3,16827,"C037407",2.783321
"C045167",2,868,"C001904",4.403305
"C045171",3,16827,"C037407",5.913662
"C045173",4,9961,"C022249",5.472221
"C045175",0,5705,"C012675",5.579962
"C045178",1,5732,"C012734",1.123676
"C045180",2,868,"C001904",3.378898
"C045184",1,5732,"C012734",5.778337
"C045185",3,16827,"C037407",2.860326
"C045189",4,9961,"C022249",6.967424
"C045190",5,21482,"C047883",7.170404
"C045193",1,5732,"C012734",5.198083
"C045194",1,5732,"C012734",11.693835
"C045196",3,16827,"C037407",3.310597
"C045200",0,5705,"C012675",3.567315
"C045203",4,9961,"C022249",4.043234
"C045204",5,21482,"C047883",9.226931
"C045205",4,9961,"C022249",1.800709
"C045207",5,21482,"C047883",7.446985
"C045208",5,21482,"C047883",6.224879
"C045210",4,9961,"C022249",1.716932
"C045211",5,21482,"C047883",6.727321
"C045212",1,5732,"C012734",2.025352
"C045213",0,5705,"C012675",8.688109
"C045217",0,5705,"C012675",4.621833
"C045219",3,16827,"C037407",1.769839
"C045220",5,21482,"C047883",2.744114
"C045221",5,21482,"C047883",4.590329
"C045224",0,5705,"C012675",5.119038
"C045225",2,868,"C001904",10.937893
"C045226",4,9961,"C022249",4.794805
"C045234",0,5705,"C012675",8.588305
"C045240",5,21482,"C047883",11.337019
"C045242",5,21482,"C047883",10.177129
"C045243",1,5732,"C012734",3.329041
"C045249",4,9961,"C022249",6.361899
"C045250",2,868,"C001904",3.588073
"C045253",4,9961,"C022249",3.364671
"C045257",0,5705,"C012675",4.903097
"C045259",3,16827,"C037407",5.495782
"C045263",3,16827,"C037407",4.889749
"C045264",0,5705,"C012675",5.345597
"C045267",5,21482,"C047883",3.974914
"C045268",2,868,"C001904",1.346492
"C045269",1,5732,"C012734",6.397448
"C045270",5,21482,"C047883",12.812488
"C045273",2,868,"C001904",3.498681
"C045278",3,16827,"C037407",4.619846
"C045279",4,9961,"C022249",3.715381
"C045280",3,16827,"C037407",2.741895
"C045281",4,9961,"C022249",5.711457
"C045282",0,5705,"C012675",4.466734
"C045283",5,21482,"C047883",8.797296
"C045290",5,21482,"C047883",2.894133
"C045291",2,868,"C001904",4.470607
"C045294",5,21482,"C047883",4.938374
"C045297",4,9961,"C022249",5.257269
"C045299",3,16827,"C037407",7.181745
"C045302",2,868,"C001904",7.993414
"C045303",5,21482,"C047883",4.847316
"C045305",1,5732,"C012734",5.527082
"C045306",3,16827,"C037407",2.960180
"C045308",3,16827,"C037407",7.202908
"C045310",5,21482,"C047883",6.472502
"C045312",1,5732,"C012734",9.788493
"C045313",2,868,"C001904",4.260890
"C045314",1,5732,"C012734",2.462930
"C045321",4,9961,"C022249",4.293685
"C045322",5,21482,"C047883",4.263032
"C045323",1,5732,"C012734",11.284356
"C045324",4,9961,"C022249",4.004027
"C045326",2,868,"C001904",6.287398
"C045327",2,868,"C001904",8.028474
"C045329",2,868,"C001904",7.547689
"C045330",2,868,"C001904",1.810829
"C045331",5,21482,"C047883",9.399161
"C045333",1,5732,"C012734",6.753971
"C045336",4,9961,"C022249",4.239067
"C045339",1,5732,"C012734",2.991297
"C045340",0,5705,"C012675",8.657702
"C045342",5,21482,"C047883",12.772688
"C045343",2,868,"C001904",1.719810
"C045344",2,868,"C001904",2.006454
"C045347",5,21482,"C047883",9.157927
"C045351",2,868,"C001904",10.579321
"C045352",5,21482,"C047883",3.018964
"C045353",2,868,"C001904",6.739195
"C045354",5,21482,"C047883",6.161688
"C045355",2,868,"C001904",3.091635
"C045357",4,9961,"C022249",4.787414
"C045358",5,21482,"C047883",11.747835
"C045359",3,16827,"C037407",2.224802
"C045360",5,21482,"C047883",2.445102
"C045361",3,16827,"C037407",1.874854
"C045362",5,21482,"C047883",10.566004
"C045363",1,5732,"C012734",8.368924
"C045365",1,5732,"C012734",2.192266
"C045366",0,5705,"C012675",2.030926
"C045369",1,5732,"C012734",1.921219
"C045370",1,5732,"C012734",4.215261
"C045371",3,16827,"C037407",1.855967
"C045374",3,16827,"C037407",9.904282
"C045380",4,9961,"C022249",2.086126
"C045381",4,9961,"C022249",2.445012
"C045383",2,868,"C001904",6.679392
"C045384",0,5705,"C012675",6.046331
"C045385",5,21482,"C047883",4.896859
"C045388",3,16827,"C037407",5.377533
"C045390",2,868,"C001904",1.622177
"C045391",4,9961,"C022249",2.338839
"C045394",2,868,"C001904",5.111625
"C045395",5,21482,"C047883",9.113416
"C045396",5,21482,"C047883",12.696341
"C045400",4,9961,"C022249",5.027144
"C045402",2,868,"C001904",1.261058
"C045403",2,868,"C001904",5.892529
"C045404",4,9961,"C022249",4.049538
"C045406",3,16827,"C037407",1.205213
"C045408",2,868,"C001904",1.980757
"C045409",5,21482,"C047883",3.122304
"C045413",0,5705,"C012675",2.017743
"C045414",1,5732,"C012734",2.860828
"C045416",0,5705,"C012675",0.711982
"C045418",1,5732,"C012734",5.575120
"C045423",1,5732,"C012734",10.254774
"C045424",5,21482,"C047883",6.963806
"C045426",0,5705,"C012675",3.422862
"C045430",0,5705,"C012675",2.635881
"C045431",1,5732,"C012734",6.585506
"C045433",2,868,"C001904",2.375252
"C045434",4,9961,"C022249",0.625043
"C045436",5,21482,"C047883",2.996538
"C045438",5,21482,"C047883",11.201766
"C045444",1,5732,"C012734",3.783382
"C045447",5,21482,"C047883",10.475976
"C045448",4,9961,"C022249",4.936109
"C045450",3,16827,"C037407",4.641001
"C045454",5,21482,"C047883",11.260690
"C045456",2,868,"C001904",2.938847
"C045460",3,16827,"C037407",6.301750
"C045461",0,5705,"C012675",6.357239
"C045462",4,9961,"C022249",6.428686
"C045463",4,9961,"C022249",4.821189
"C045464",0,5705,"C012675",3.471886
"C045465",5,21482,"C047883",11.179476
"C045469",1,5732,"C012734",10.316436
"C045470",5,21482,"C047883",8.427468
"C045479",0,5705,"C012675",7.359286
"C045480",5,21482,"C047883",3.325388
"C045482",5,21482,"C047883",12.332534
"C045486",4,9961,"C022249",3.797421
"C045490",1,5732,"C012734",11.020671
"C045491",0,5705,"C012675",5.239509
"C045492",1,5732,"C012734",8.141533
"C045494",4,9961,"C022249",4.697726
"C045496",2,868,"C001904",10.182945
"C045499",2,868,"C001904",5.677184
"C045500",0,5705,"C012675",8.341910
"C045501",5,21482,"C047883",5.461140
"C045502",5,21482,"C047883",4.719452
"C045503",1,5732,"C012734",2.046679
"C045506",1,5732,"C012734",0.590081
"C045508",5,21482,"C047883",5.959732
"C045509",2,868,"C001904",5.111617
"C045517",2,868,"C001904",3.361004
"C045518",1,5732,"C012734",12.317767
"C045523",5,21482,"C047883",1.751674
"C045524",5,21482,"C047883",8.785084
"C045527",5,21482,"C047883",6.810244
"C045531",0,5705,"C012675",4.923172
"C045532",0,5705,"C012675",4.746142
"C045536",1,5732,"C012734",12.343590
"C045537",1,5732,"C012734",12.125724
"C045541",4,9961,"C022249",5.572771
"C045542",1,5732,"C012734",1.790424
"C045543",4,9961,"C022249",3.499936
"C045547",0,5705,"C012675",6.336185
"C045548",0,5705,"C012675",1.716799
"C045549",5,21482,"C047883",8.343091
"C045550",2,868,"C001904",3.015363
"C045551",3,16827,"C037407",3.770141
"C045552",1,5732,"C012734",6.235611
"C045553",5,21482,"C047883",13.611013
"C045555",4,9961,"C022249",2.973731
"C045556",0,5705,"C012675",2.963655
"C045557",0,5705,"C012675",5.439022
"C045561",1,5732,"C012734",0.908516
"C045562",1,5732,"C012734",16.067243
"C045564",1,5732,"C012734",9.175988
"C045566",4,9961,"C022249",1.821621
"C045567",2,868,"C001904",5.043510
"C045571",2,868,"C001904",3.413849
"C045575",1,5732,"C012734",3.393909
"C045581",5,21482,"C047883",4.102987
"C045582",3,16827,"C037407",1.503912
"C045587",2,868,"C001904",3.078310
"C045588",1,5732,"C012734",1.495237
"C045589",5,21482,"C047883",11.895664
"C045593",1,5732,"C012734",8.438831
"C045596",4,9961,"C022249",4.198848
"C045597",0,5705,"C012675",7.995199
"C045599",1,5732,"C012734",1.018626
"C045600",2,868,"C001904",4.577540
"C045605",0,5705,"C012675",9.020847
"C045607",5,21482,"C047883",6.259400
"C045608",1,5732,"C012734",2.986193
"C045611",0,5705,"C012675",7.414648
"C045613",1,5732,"C012734",16.744144
"C045614",5,21482,"C047883",3.703836
"C045615",0,5705,"C012675",7.784999
"C045616",1,5732,"C012734",2.926294
"C045617",2,868,"C001904",9.585749
"C045619",3,16827,"C037407",4.341003
"C045624",5,21482,"C047883",2.723433
"C045625",0,5705,"C012675",5.856758
"C045630",3,16827,"C037407",2.487717
"C045634",4,9961,"C022249",1.591759
"C045636",0,5705,"C012675",4.592320
"C045638",3,16827,"C037407",9.082366
"C045640",5,21482,"C047883",2.746478
"C045642",3,16827,"C037407",5.260444
"C045649",1,5732,"C012734",9.061934
"C045651",4,9961,"C022249",1.693346
"C045652",1,5732,"C012734",8.226861
"C045653",4,9961,"C022249",2.539248
"C045654",5,21482,"C047883",7.935755
"C045655",1,5732,"C012734",3.954035
"C045656",1,5732,"C012734",4.591280
"C045657",0,5705,"C012675",6.952837
"C045658",5,21482,"C047883",2.950911
"C045660",5,21482,"C047883",9.224459
"C045661",0,5705,"C012675",10.510081
"C045667",5,21482,"C047883",2.383961
"C045672",3,16827,"C037407",8.365267
"C045673",4,9961,"C022249",2.600365
"C045675",4,9961,"C022249",4.656596
"C045677",1,5732,"C012734",2.322964
"C045678",4,9961,"C022249",6.486631
"C045682",1,5732,"C012734",16.448562
"C045686",3,16827,"C037407",4.515370
"C045689",2,868,"C001904",7.525966
"C045690",1,5732,"C012734",5.713605
"C045693",3,16827,"C037407",4.251040
"C045694",1,5732,"C012734",15.564491
"C045695",5,21482,"C047883",4.132027
"C045696",1,5732,"C012734",8.994387
"C045701",5,21482,"C047883",4.215914
"C045703",0,5705,"C012675",8.103946
"C045707",5,21482,"C047883",10.027145
"C045710",0,5705,"C012675",6.642731
"C045711",5,21482,"C047883",3.898546
"C045712",1,5732,"C012734",8.432938
"C045713",1,5732,"C012734",2.724673
"C045714",4,9961,"C022249",5.658257
"C045716",5,21482,"C047883",12.453427
"C045722",0,5705,"C012675",5.858055
"C045726",1,5732,"C012734",8.230926
"C045727",5,21482,"C047883",10.966594
"C045728",1,5732,"C012734",3.079619
"C045730",1,5732,"C012734",11.182453
"C045731",1,5732,"C012734",7.625652
"C045738",1,5732,"C012734",1.338372
"C045741",4,9961,"C022249",2.968013
"C045744",0,5705,"C012675",7.065608
"C045747",3,16827,"C037407",7.251233
"C045749",3,16827,"C037407",3.561609
"C045750",4,9961,"C022249",1.891283
"C045753",5,21482,"C047883",6.102666
"C045754",3,16827,"C037407",9.155402
"C045756",0,5705,"C012675",5.122030
"C045757",4,9961,"C022249",1.169045
"C045760",4,9961,"C022249",6.823769
"C045761",1,5732,"C012734",7.066237
"C045764",5,21482,"C047883",4.094991
"C045766",5,21482,"C047883",1.651217
"C045767",5,21482,"C047883",8.659448
"C045768",1,5732,"C012734",6.485855
"C045769",5,21482,"C047883",6.386634
"C045771",5,21482,"C047883",1.122944
"C045775",5,21482,"C047883",2.721555
"C045776",4,9961,"C022249",9.780235
"C045779",2,868,"C001904",7.335098
"C045797",0,5705,"C012675",6.849187
"C045800",1,5732,"C012734",2.794448
"C045801",1,5732,"C012734",1.012584
"C045809",0,5705,"C012675",5.040670
"C045810",0,5705,"C012675",3.543081
"C045813",1,5732,"C012734",3.365896
"C045814",1,5732,"C012734",6.339781
"C045817",2,868,"C001904",7.965219
"C045819",0,5705,"C012675",2.329471
"C045820",5,21482,"C047883",8.682649
"C045822",1,5732,"C012734",6.136728
"C045825",4,9961,"C022249",3.922315
"C045828",1,5732,"C012734",6.300191
"C045830",0,5705,"C012675",4.240228
"C045831",1,5732,"C012734",6.200032
"C045832",3,16827,"C037407",7.434308
"C045834",5,21482,"C047883",11.463894
"C045837",2,868,"C001904",3.956871
"C045838",0,5705,"C012675",4.928791
"C045841",1,5732,"C012734",7.847290
"C045848",1,5732,"C012734",3.471217
"C045850",5,21482,"C047883",1.221293
"C045851",4,9961,"C022249",8.302447
"C045852",1,5732,"C012734",5.294637
"C045854",5,21482,"C047883",3.733941
"C045856",0,5705,"C012675",4.885234
"C045858",5,21482,"C047883",10.612636
"C045860",2,868,"C001904",8.363380
"C045872",5,21482,"C047883",6.586828
"C045873",1,5732,"C012734",5.996880
"C045875",0,5705,"C012675",6.527032
"C045876",4,9961,"C022249",1.169433
"C045877",5,21482,"C047883",12.633641
"C045878",4,9961,"C022249",2.537413
"C045882",1,5732,"C012734",5.632654
"C045885",4,9961,"C022249",3.331497
"C045886",5,21482,"C047883",6.629249
"C045888",3,16827,"C037407",4.547180
"C045890",0,5705,"C012675",9.078592
"C045893",2,868,"C001904",2.604137
"C045897",4,9961,"C022249",2.745227
"C045899",5,21482,"C047883",12.969003
"C045901",3,16827,"C037407",3.035879
"C045902",1,5732,"C012734",11.798817
"C045905",0,5705,"C012675",4.064238
"C045907",5,21482,"C047883",10.179259
"C045908",4,9961,"C022249",7.281064
"C045910",2,868,"C001904",1.401672
"C045913",1,5732,"C012734",5.932380
"C045915",1,5732,"C012734",6.176177
"C045917",0,5705,"C012675",3.742269
"C045919",5,21482,"C047883",6.770215
"C045923",3,16827,"C037407",8.747054
"C045927",2,868,"C001904",4.823025
"C045932",1,5732,"C012734",5.873434
"C045934",2,868,"C001904",5.055035
"C045936",3,16827,"C037407",4.128824
"C045938",1,5732,"C012734",2.396608
"C045939",0,5705,"C012675",8.028474
"C045942",1,5732,"C012734",11.783991
"C045944",1,5732,"C012734",4.836753
"C045945",1,5732,"C012734",4.985845
"C045947",5,21482,"C047883",4.191834
"C045949",2,868,"C001904",9.170607
"C045950",2,868,"C001904",8.705760
"C045952",5,21482,"C047883",10.056617
"C045953",1,5732,"C012734",13.264523
"C045954",4,9961,"C022249",2.093080
"C045958",1,5732,"C012734",6.207530
"C045959",1,5732,"C012734",5.007200
"C045962",5,21482,"C047883",4.873199
"C045963",0,5705,"C012675",6.088559
"C045964",0,5705,"C012675",6.471709
"C045966",1,5732,"C012734",5.676394
"C045969",5,21482,"C047883",7.139120
"C045970",2,868,"C001904",3.240858
"C045971",2,868,"C001904",6.871980
"C045975",5,21482,"C047883",9.945706
"C045977",1,5732,"C012734",3.781813
"C045978",0,5705,"C012675",5.360468
"C045982",1,5732,"C012734",3.573729
"C045983",3,16827,"C037407",7.062127
"C045987",0,5705,"C012675",3.393352
"C045988",2,868,"C001904",6.964131
"C045991",2,868,"C001904",3.800615
"C045992",2,868,"C001904",3.182123
"C045993",0,5705,"C012675",4.791187
"C045994",5,21482,"C047883",12.099870
"C045997",0,5705,"C012675",7.879515
"C045998",2,868,"C001904",1.239823
"C045999",0,5705,"C012675",5.019319
"C046005",0,5705,"C012675",4.877434
"C046006",2,868,"C001904",11.948579
"C046007",5,21482,"C047883",12.099540
"C046008",1,5732,"C012734",14.258463
"C046010",0,5705,"C012675",2.841194
"C046012",2,868,"C001904",7.564521
"C046013",0,5705,"C012675",5.883598
"C046017",0,5705,"C012675",2.401939
"C046025",1,5732,"C012734",3.583569
"C046029",5,21482,"C047883",8.506589
"C046034",4,9961,"C022249",2.257329
"C046036",2,868,"C001904",7.002941
"C046037",0,5705,"C012675",1.795599
"C046040",2,868,"C001904",10.796977
"C046041",1,5732,"C012734",8.407897
"C046042",1,5732,"C012734",10.680825
"C046045",1,5732,"C012734",8.632942
"C046046",4,9961,"C022249",8.727371
"C046049",5,21482,"C047883",8.803461
"C046050",2,868,"C001904",7.537973
"C046051",4,9961,"C022249",4.778338
"C046052",2,868,"C001904",0.254767
"C046054",4,9961,"C022249",1.820672
"C046057",4,9961,"C022249",3.090549
"C046062",1,5732,"C012734",4.398274
"C046066",2,868,"C001904",4.684989
"C046067",2,868,"C001904",6.189656
"C046069",0,5705,"C012675",10.113897
"C046072",4,9961,"C022249",0.940078
"C046073",2,868,"C001904",5.501502
"C046075",0,5705,"C012675",2.726958
"C046077",5,21482,"C047883",1.460679
"C046082",5,21482,"C047883",9.286371
"C046083",5,21482,"C047883",11.914935
"C046084",5,21482,"C047883",2.757950
"C046089",1,5732,"C012734",14.520184
"C046094",0,5705,"C012675",7.094418
"C046095",1,5732,"C012734",8.380966
"C046097",3,16827,"C037407",9.293063
"C046098",5,21482,"C047883",11.557214
"C046102",0,5705,"C012675",3.303582
"C046105",0,5705,"C012675",3.211733
"C046106",3,16827,"C037407",4.912470
"C046108",1,5732,"C012734",5.225375
"C046111",3,16827,"C037407",9.094243
"C046118",5,21482,"C047883",12.514916
"C046120",3,16827,"C037407",5.834051
"C046122",1,5732,"C012734",14.981590
"C046130",1,5732,"C012734",6.849492
"C046131",5,21482,"C047883",4.083164
"C046133",5,21482,"C047883",8.770358
"C046134",0,5705,"C012675",7.758079
"C046136",2,868,"C001904",2.820303
"C046137",5,21482,"C047883",8.475909
"C046138",5,21482,"C047883",10.734661
"C046139",5,21482,"C047883",2.513234
"C046141",5,21482,"C047883",12.202293
"C046142",2,868,"C001904",10.900648
"C046144",2,868,"C001904",5.521014
"C046145",4,9961,"C022249",2.755636
"C046147",3,16827,"C037407",7.987197
"C046148",3,16827,"C037407",5.897887
"C046149",5,21482,"C047883",13.274260
"C046150",0,5705,"C012675",8.138260
"C046151",2,868,"C001904",8.845036
"C046153",5,21482,"C047883",5.597012
"C046158",5,21482,"C047883",10.562179
"C046159",5,21482,"C047883",12.159260
"C046160",3,16827,"C037407",3.160406
"C046161",1,5732,"C012734",3.591566
"C046162",5,21482,"C047883",11.322375
"C046165",1,5732,"C012734",2.310518
"C046168",1,5732,"C012734",8.608034
"C046169",0,5705,"C012675",3.519489
"C046170",1,5732,"C012734",4.413804
"C046174",5,21482,"C047883",12.563437
"C046175",4,9961,"C022249",2.104557
"C046177",2,868,"C001904",7.729379
"C046179",5,21482,"C047883",13.616661
"C046180",2,868,"C001904",11.960847
"C046184",5,21482,"C047883",3.281808
"C046185",5,21482,"C047883",10.592803
"C046187",1,5732,"C012734",5.111241
"C046188",0,5705,"C012675",5.275345
"C046190",1,5732,"C012734",6.105924
"C046193",1,5732,"C012734",8.457814
"C046194",1,5732,"C012734",2.230793
"C046195",5,21482,"C047883",6.949668
"C046197",5,21482,"C047883",7.415718
"C046198",5,21482,"C047883",9.997608
"C046199",0,5705,"C012675",1.973308
"C046200",4,9961,"C022249",1.187272
"C046203",1,5732,"C012734",5.957722
"C046205",0,5705,"C012675",7.350258
"C046208",2,868,"C001904",11.220946
"C046209",1,5732,"C012734",12.354479
"C046210",1,5732,"C012734",5.552162
"C046211",4,9961,"C022249",4.621267
"C046213",1,5732,"C012734",15.508121
"C046214",1,5732,"C012734",5.526351
"C046217",5,21482,"C047883",10.470501
"C046219",5,21482,"C047883",11.042638
"C046220",3,16827,"C037407",2.152580
"C046221",1,5732,"C012734",7.680077
"C046222",0,5705,"C012675",8.915476
"C046227",3,16827,"C037407",7.815013
"C046229",4,9961,"C022249",2.010133
"C046231",4,9961,"C022249",5.349645
"C046232",5,21482,"C047883",11.527720
"C046233",5,21482,"C047883",6.130790
"C046234",5,21482,"C047883",11.380821
"C046237",5,21482,"C047883",10.975169
"C046239",0,5705,"C012675",3.876360
"C046240",4,9961,"C022249",2.123882
"C046241",1,5732,"C012734",5.065360
"C046242",2,868,"C001904",10.725326
"C046246",5,21482,"C047883",6.576607
"C046248",1,5732,"C012734",1.534736
"C046252",0,5705,"C012675",2.685068
"C046254",1,5732,"C012734",2.430584
"C046257",5,21482,"C047883",8.480382
"C046259",1,5732,"C012734",1.272297
"C046261",5,21482,"C047883",7.633519
"C046262",3,16827,"C037407",7.062682
"C046263",5,21482,"C047883",9.143591
"C046264",1,5732,"C012734",3.787161
"C046266",5,21482,"C047883",6.820847
"C046267",5,21482,"C047883",11.834263
"C046272",0,5705,"C012675",3.136294
"C046273",3,16827,"C037407",9.031136
"C046274",0,5705,"C012675",3.383728
"C046277",1,5732,"C012734",10.601483
"C046278",5,21482,"C047883",8.655261
"C046279",1,5732,"C012734",7.901498
"C046282",2,868,"C001904",6.507057
"C046283",0,5705,"C012675",1.747367
"C046286",1,5732,"C012734",0.575591
"C046287",3,16827,"C037407",8.650340
"C046289",2,868,"C001904",1.258621
"C046294",5,21482,"C047883",12.893330
"C046295",3,16827,"C037407",6.739138
"C046299",0,5705,"C012675",3.233688
"C046300",4,9961,"C022249",4.068510
"C046301",0,5705,"C012675",0.854019
"C046303",2,868,"C001904",1.999753
"C046307",0,5705,"C012675",6.582581
"C046309",5,21482,"C047883",3.697792
"C046310",4,9961,"C022249",2.364069
"C046312",4,9961,"C022249",3.720776
"C046318",5,21482,"C047883",11.191321
"C046319",4,9961,"C022249",3.504029
"C046322",0,5705,"C012675",2.049375
"C046323",1,5732,"C012734",7.719075
"C046324",5,21482,"C047883",1.220172
"C046327",4,9961,"C022249",1.552721
"C046328",5,21482,"C047883",5.925423
"C046330",1,5732,"C012734",6.332772
"C046337",5,21482,"C047883",3.647487
"C046340",4,9961,"C022249",4.168546
"C046341",5,21482,"C047883",9.033958
"C046342",3,16827,"C037407",0.917796
"C046344",2,868,"C001904",8.101623
"C046345",5,21482,"C047883",12.635986
"C046347",4,9961,"C022249",2.515146
"C046349",2,868,"C001904",11.442069
"C046353",1,5732,"C012734",8.461678
"C046355",0,5705,"C012675",2.931775
"C046359",5,21482,"C047883",7.997932
"C046361",5,21482,"C047883",4.402725
"C046362",5,21482,"C047883",8.293912
"C046363",1,5732,"C012734",7.064676
"C046366",1,5732,"C012734",13.983481
"C046368",2,868,"C001904",9.225519
"C046373",1,5732,"C012734",6.530368
"C046376",5,21482,"C047883",8.157789
"C046380",3,16827,"C037407",6.111476
"C046387",5,21482,"C047883",10.146004
"C046389",3,16827,"C037407",3.250685
"C046396",3,16827,"C037407",3.832167
"C046398",3,16827,"C037407",0.681312
"C046401",1,5732,"C012734",5.222014
"C046402",2,868,"C001904",9.106947
"C046403",5,21482,"C047883",4.633097
"C046405",4,9961,"C022249",1.986546
"C046406",3,16827,"C037407",5.609637
"C046407",2,868,"C001904",4.416959
"C046408",5,21482,"C047883",11.959921
"C046411",5,21482,"C047883",9.817746
"C046412",3,16827,"C037407",3.786503
"C046413",0,5705,"C012675",3.440797
"C046414",0,5705,"C012675",0.207339
"C046416",0,5705,"C012675",7.645920
"C046420",5,21482,"C047883",9.470776
"C046423",0,5705,"C012675",2.682146
"C046424",1,5732,"C012734",7.535676
"C046425",0,5705,"C012675",5.344066
"C046427",1,5732,"C012734",6.987011
"C046430",0,5705,"C012675",0.486432
"C046434",4,9961,"C022249",5.178469
"C046437",5,21482,"C047883",3.222928
"C046440",0,5705,"C012675",3.019729
"C046441",5,21482,"C047883",1.572637
"C046443",3,16827,"C037407",0.857205
"C046444",1,5732,"C012734",2.827832
"C046445",0,5705,"C012675",5.037435
"C046447",0,5705,"C012675",4.164098
"C046448",2,868,"C001904",7.771058
"C046449",0,5705,"C012675",8.243737
"C046450",1,5732,"C012734",12.209275
"C046451",1,5732,"C012734",8.588908
"C046454",2,868,"C001904",3.681151
"C046455",5,21482,"C047883",11.219644
"C046456",1,5732,"C012734",14.526415
"C046458",0,5705,"C012675",3.972304
"C046459",1,5732,"C012734",11.068052
"C046464",1,5732,"C012734",3.047138
"C046466",0,5705,"C012675",0.447176
"C046468",5,21482,"C047883",2.978687
"C046475",4,9961,"C022249",1.648871
"C046476",5,21482,"C047883",2.184044
"C046478",2,868,"C001904",4.504442
"C046481",2,868,"C001904",5.939712
"C046484",3,16827,"C037407",6.377541
"C046486",1,5732,"C012734",5.016051
"C046488",5,21482,"C047883",13.731679
"C046490",0,5705,"C012675",5.087431
"C046493",5,21482,"C047883",14.020333
"C046495",0,5705,"C012675",6.539789
"C046496",5,21482,"C047883",7.808033
"C046497",0,5705,"C012675",6.411811
"C046498",3,16827,"C037407",1.935564
"C046501",3,16827,"C037407",4.686312
"C046505",4,9961,"C022249",2.526656
"C046507",5,21482,"C047883",4.126213
"C046511",3,16827,"C037407",2.587807
"C046514",1,5732,"C012734",5.758377
"C046515",1,5732,"C012734",5.644419
"C046516",0,5705,"C012675",7.777287
"C046518",3,16827,"C037407",3.497743
"C046519",1,5732,"C012734",4.059202
"C046520",5,21482,"C047883",5.811187
"C046521",2,868,"C001904",5.559944
"C046523",3,16827,"C037407",4.992409
"C046528",2,868,"C001904",1.773602
"C046530",5,21482,"C047883",5.602131
"C046531",0,5705,"C012675",3.988951
"C046532",5,21482,"C047883",2.088979
"C046533",2,868,"C001904",4.800022
"C046536",5,21482,"C047883",2.449187
"C046540",4,9961,"C022249",3.490103
"C046541",3,16827,"C037407",6.944233
"C046544",1,5732,"C012734",7.500071
"C046545",0,5705,"C012675",2.336185
"C046550",1,5732,"C012734",5.927508
"C046553",4,9961,"C022249",0.844119
"C046557",5,21482,"C047883",7.404706
"C046560",1,5732,"C012734",12.452446
"C046561",1,5732,"C012734",11.825427
"C046565",2,868,"C001904",6.146744
"C046572",4,9961,"C022249",5.603776
"C046573",5,21482,"C047883",12.055772
"C046574",1,5732,"C012734",9.149927
"C046575",0,5705,"C012675",3.325335
"C046577",4,9961,"C022249",2.783229
"C046578",3,16827,"C037407",4.863984
"C046581",5,21482,"C047883",14.400758
"C046583",1,5732,"C012734",5.310565
"C046584",1,5732,"C012734",1.288890
"C046587",0,5705,"C012675",6.390831
"C046595",5,21482,"C047883",10.474038
"C046596",5,21482,"C047883",1.661089
"C046597",3,16827,"C037407",0.849215
"C046599",0,5705,"C012675",7.445470
"C046604",0,5705,"C012675",4.428592
"C046605",2,868,"C001904",5.383136
"C046607",5,21482,"C047883",13.217239
"C046610",5,21482,"C047883",3.030456
"C046616",5,21482,"C047883",6.403700
"C046620",1,5732,"C012734",6.914628
"C046621",4,9961,"C022249",2.468903
"C046625",1,5732,"C012734",6.645613
"C046626",1,5732,"C012734",3.970155
"C046628",5,21482,"C047883",11.746218
"C046630",1,5732,"C012734",5.353566
"C046632",5,21482,"C047883",11.626503
"C046633",2,868,"C001904",7.782521
"C046634",1,5732,"C012734",9.401062
"C046636",5,21482,"C047883",9.584621
"C046637",2,868,"C001904",9.103152
"C046639",2,868,"C001904",8.974316
"C046644",5,21482,"C047883",2.281491
"C046645",3,16827,"C037407",0.700418
"C046646",0,5705,"C012675",7.063612
"C046647",0,5705,"C012675",3.740539
"C046648",0,5705,"C012675",4.524112
"C046649",5,21482,"C047883",7.369829
"C046651",5,21482,"C047883",1.798030
"C046660",0,5705,"C012675",5.475721
"C046664",0,5705,"C012675",1.519387
"C046667",0,5705,"C012675",3.152610
"C046668",5,21482,"C047883",9.704672
"C046669",0,5705,"C012675",0.348208
"C046670",5,21482,"C047883",15.579625
"C046671",4,9961,"C022249",5.188635
"C046673",5,21482,"C047883",3.396926
"C046675",0,5705,"C012675",4.833144
"C046676",3,16827,"C037407",7.164897
"C046681",5,21482,"C047883",3.113058
"C046685",1,5732,"C012734",6.599043
"C046687",4,9961,"C022249",5.265163
"C046688",5,21482,"C047883",1.913288
"C046693",0,5705,"C012675",0.934109
"C046695",4,9961,"C022249",2.738660
"C046696",2,868,"C001904",7.582859
"C046697",2,868,"C001904",9.162672
"C046699",5,21482,"C047883",12.124903
"C046704",4,9961,"C022249",6.678950
"C046707",2,868,"C001904",12.641975
"C046709",1,5732,"C012734",3.180958
"C046710",2,868,"C001904",6.440761
"C046713",5,21482,"C047883",7.983012
"C046715",0,5705,"C012675",7.992565
"C046716",0,5705,"C012675",1.376774
"C046719",1,5732,"C012734",2.865511
"C046720",1,5732,"C012734",9.042297
"C046722",5,21482,"C047883",3.324806
"C046726",2,868,"C001904",3.530154
"C046728",4,9961,"C022249",0.804435
"C046729",4,9961,"C022249",4.602361
"C046731",5,21482,"C047883",7.775491
"C046738",1,5732,"C012734",4.469744
"C046741",0,5705,"C012675",5.492821
"C046742",1,5732,"C012734",9.801741
"C046743",5,21482,"C047883",5.610962
"C046746",5,21482,"C047883",2.808098
"C046748",5,21482,"C047883",12.511041
"C046753",5,21482,"C047883",10.572986
"C046754",0,5705,"C012675",5.256881
"C046755",5,21482,"C047883",13.706562
"C046756",0,5705,"C012675",5.845473
"C046758",1,5732,"C012734",6.968963
"C046760",3,16827,"C037407",5.465288
"C046762",5,21482,"C047883",2.277413
"C046763",5,21482,"C047883",12.912183
"C046764",5,21482,"C047883",8.279731
"C046765",5,21482,"C047883",10.380048
"C046771",0,5705,"C012675",8.892248
"C046773",5,21482,"C047883",10.723809
"C046778",1,5732,"C012734",3.053247
"C046779",5,21482,"C047883",12.300599
"C046782",5,21482,"C047883",7.588239
"C046784",1,5732,"C012734",3.264744
"C046785",1,5732,"C012734",6.790127
"C046787",5,21482,"C047883",2.855252
"C046789",3,16827,"C037407",5.405619
"C046794",5,21482,"C047883",10.741824
"C046796",1,5732,"C012734",1.839462
"C046797",1,5732,"C012734",8.455863
"C046798",3,16827,"C037407",6.184182
"C046800",5,21482,"C047883",9.834243
"C046801",4,9961,"C022249",3.314632
"C046805",1,5732,"C012734",6.978466
"C046809",2,868,"C001904",9.281160
"C046815",0,5705,"C012675",8.751066
"C046816",5,21482,"C047883",3.732862
"C046817",1,5732,"C012734",5.988957
"C046818",5,21482,"C047883",0.660494
"C046819",0,5705,"C012675",0.933532
"C046820",0,5705,"C012675",10.608397
"C046825",1,5732,"C012734",11.987595
"C046828",3,16827,"C037407",2.444578
"C046832",1,5732,"C012734",6.271811
"C046838",1,5732,"C012734",5.241442
"C046841",3,16827,"C037407",3.398863
"C046846",1,5732,"C012734",3.674004
"C046848",5,21482,"C047883",2.239451
"C046850",2,868,"C001904",7.980222
"C046853",2,868,"C001904",10.485188
"C046858",1,5732,"C012734",12.551980
"C046861",0,5705,"C012675",3.138563
"C046863",5,21482,"C047883",1.328914
"C046864",5,21482,"C047883",9.467021
"C046870",3,16827,"C037407",3.158953
"C046871",4,9961,"C022249",0.874405
"C046872",5,21482,"C047883",9.328026
"C046873",5,21482,"C047883",6.255725
"C046875",5,21482,"C047883",2.715682
"C046880",1,5732,"C012734",6.571894
"C046881",1,5732,"C012734",12.908350
"C046882",1,5732,"C012734",7.099871
"C046884",1,5732,"C012734",1.512718
"C046885",5,21482,"C047883",13.575550
"C046891",5,21482,"C047883",9.141008
"C046902",5,21482,"C047883",2.105772
"C046905",1,5732,"C012734",7.518181
"C046906",4,9961,"C022249",4.429481
"C046908",0,5705,"C012675",5.429063
"C046910",0,5705,"C012675",7.574955
"C046912",1,5732,"C012734",6.377523
"C046913",1,5732,"C012734",7.119706
"C046914",2,868,"C001904",4.530222
"C046915",5,21482,"C047883",11.661475
"C046916",5,21482,"C047883",3.228265
"C046918",0,5705,"C012675",2.483052
"C046921",4,9961,"C022249",6.007314
"C046922",0,5705,"C012675",2.534097
"C046923",2,868,"C001904",8.164643
"C046924",5,21482,"C047883",11.177124
"C046925",0,5705,"C012675",4.294038
"C046929",4,9961,"C022249",1.627325
"C046930",5,21482,"C047883",2.627713
"C046932",5,21482,"C047883",8.971203
"C046933",2,868,"C001904",10.191778
"C046935",5,21482,"C047883",3.677109
"C046936",5,21482,"C047883",13.114601
"C046938",1,5732,"C012734",3.687370
"C046939",0,5705,"C012675",8.163441
"C046942",1,5732,"C012734",4.139404
"C046943",0,5705,"C012675",5.998489
"C046948",0,5705,"C012675",1.767092
"C046949",1,5732,"C012734",8.516335
"C046950",5,21482,"C047883",10.000023
"C046951",0,5705,"C012675",1.486142
"C046954",4,9961,"C022249",2.590401
"C046955",0,5705,"C012675",3.700000
"C046964",3,16827,"C037407",4.826192
"C046966",5,21482,"C047883",4.230293
"C046967",1,5732,"C012734",2.295301
"C046969",0,5705,"C012675",4.705382
"C046970",5,21482,"C047883",13.091920
"C046972",1,5732,"C012734",7.202795
"C046975",1,5732,"C012734",6.215532
"C046979",5,21482,"C047883",6.579429
"C046980",4,9961,"C022249",2.587014
"C046981",5,21482,"C047883",13.116367
"C046984",2,868,"C001904",2.461209
"C046985",5,21482,"C047883",8.081384
"C046986",2,868,"C001904",5.483432
"C046987",3,16827,"C037407",8.428189
"C046989",0,5705,"C012675",8.440230
"C046990",3,16827,"C037407",8.202974
"C046992",0,5705,"C012675",9.101063
"C046995",5,21482,"C047883",8.225580
"C046996",2,868,"C001904",0.225518
"C046997",1,5732,"C012734",2.741078
"C046999",1,5732,"C012734",5.560433
"C047000",1,5732,"C012734",4.974486
"C047002",0,5705,"C012675",2.148680
"C047004",0,5705,"C012675",5.755624
"C047005",3,16827,"C037407",4.139386
"C047006",5,21482,"C047883",7.485868
"C047012",0,5705,"C012675",3.259433
"C047013",2,868,"C001904",2.486690
"C047014",3,16827,"C037407",1.392862
"C047017",1,5732,"C012734",12.958509
"C047020",2,868,"C001904",1.330966
"C047023",1,5732,"C012734",8.082618
"C047026",5,21482,"C047883",7.300497
"C047030",1,5732,"C012734",5.862623
"C047033",5,21482,"C047883",9.832738
"C047034",1,5732,"C012734",8.923424
"C047036",4,9961,"C022249",1.391208
"C047037",0,5705,"C012675",5.387787
"C047038",1,5732,"C012734",8.675343
"C047039",4,9961,"C022249",2.574520
"C047043",0,5705,"C012675",3.908540
"C047044",0,5705,"C012675",3.484240
"C047046",3,16827,"C037407",0.928308
"C047047",4,9961,"C022249",3.688876
"C047049",5,21482,"C047883",5.843055
"C047052",0,5705,"C012675",6.619900
"C047054",2,868,"C001904",1.429236
"C047055",2,868,"C001904",3.699049
"C047056",1,5732,"C012734",12.230300
"C047057",1,5732,"C012734",14.552962
"C047058",1,5732,"C012734",2.929254
"C047059",3,16827,"C037407",3.709989
"C047060",2,868,"C001904",0.090180
"C047063",2,868,"C001904",3.617296
"C047064",2,868,"C001904",9.513513
"C047067",1,5732,"C012734",5.624452
"C047071",2,868,"C001904",4.357607
"C047074",0,5705,"C012675",10.516738
"C047075",1,5732,"C012734",4.986804
"C047076",1,5732,"C012734",4.656358
"C047077",3,16827,"C037407",2.636668
"C047079",1,5732,"C012734",8.459033
"C047080",5,21482,"C047883",8.957678
"C047081",3,16827,"C037407",3.675687
"C047082",2,868,"C001904",1.670352
"C047083",1,5732,"C012734",10.737172
"C047087",3,16827,"C037407",4.584533
"C047090",3,16827,"C037407",0.241005
"C047092",0,5705,"C012675",5.685603
"C047093",3,16827,"C037407",6.114814
"C047094",0,5705,"C012675",6.054599
"C047097",0,5705,"C012675",9.302542
"C047098",1,5732,"C012734",2.721814
"C047102",5,21482,"C047883",4.788213
"C047103",2,868,"C001904",1.278958
"C047106",5,21482,"C047883",8.179866
"C047108",2,868,"C001904",8.962151
"C047109",2,868,"C001904",7.859190
"C047112",2,868,"C001904",7.650257
"C047113",2,868,"C001904",10.636473
"C047114",1,5732,"C012734",6.532851
"C047115",4,9961,"C022249",2.163645
"C047117",0,5705,"C012675",3.075008
"C047118",0,5705,"C012675",6.694820
"C047119",5,21482,"C047883",3.571345
"C047120",2,868,"C001904",7.572834
"C047121",4,9961,"C022249",7.132011
"C047122",1,5732,"C012734",7.222513
"C047123",2,868,"C001904",4.563355
"C047126",0,5705,"C012675",8.680052
"C047127",5,21482,"C047883",9.988024
"C047128",0,5705,"C012675",0.504508
"C047130",5,21482,"C047883",3.484894
"C047131",5,21482,"C047883",4.213338
"C047133",5,21482,"C047883",4.648865
"C047135",5,21482,"C047883",12.299776
"C047138",5,21482,"C047883",1.402608
"C047144",5,21482,"C047883",1.559943
"C047147",2,868,"C001904",3.300784
"C047148",2,868,"C001904",1.821938
"C047149",0,5705,"C012675",2.943104
"C047151",5,21482,"C047883",12.612469
"C047153",2,868,"C001904",4.962877
"C047157",2,868,"C001904",7.831331
"C047162",2,868,"C001904",11.648619
"C047167",2,868,"C001904",8.134379
"C047168",3,16827,"C037407",7.826856
"C047170",5,21482,"C047883",10.100922
"C047174",5,21482,"C047883",1.714304
"C047175",2,868,"C001904",8.025595
"C047178",2,868,"C001904",4.118955
"C047179",2,868,"C001904",9.231796
"C047180",5,21482,"C047883",8.424311
"C047181",0,5705,"C012675",9.768128
"C047185",5,21482,"C047883",12.560399
"C047186",2,868,"C001904",12.265088
"C047189",0,5705,"C012675",3.262162
"C047191",0,5705,"C012675",3.704818
"C047192",4,9961,"C022249",2.152131
"C047194",5,21482,"C047883",4.248940
"C047196",0,5705,"C012675",8.335512
"C047198",0,5705,"C012675",8.863754
"C047199",0,5705,"C012675",1.996272
"C047204",1,5732,"C012734",3.701441
"C047206",4,9961,"C022249",3.836949
"C047208",1,5732,"C012734",8.002825
"C047211",3,16827,"C037407",8.868446
"C047217",2,868,"C001904",3.997030
"C047218",0,5705,"C012675",5.855593
"C047219",2,868,"C001904",8.523086
"C047222",3,16827,"C037407",0.816083
"C047226",3,16827,"C037407",4.920085
"C047228",2,868,"C001904",2.610707
"C047231",0,5705,"C012675",6.602567
"C047233",0,5705,"C012675",3.904765
"C047234",2,868,"C001904",8.502979
"C047235",2,868,"C001904",2.945041
"C047238",4,9961,"C022249",2.751346
"C047239",0,5705,"C012675",9.917564
"C047241",1,5732,"C012734",11.932830
"C047243",3,16827,"C037407",0.720820
"C047245",5,21482,"C047883",11.746398
"C047253",2,868,"C001904",1.708057
"C047257",5,21482,"C047883",6.382713
"C047264",0,5705,"C012675",10.347771
"C047266",0,5705,"C012675",2.721894
"C047268",4,9961,"C022249",4.459616
"C047270",0,5705,"C012675",9.239202
"C047271",0,5705,"C012675",4.667149
"C047273",0,5705,"C012675",5.999835
"C047275",5,21482,"C047883",7.766404
"C047277",5,21482,"C047883",3.482580
"C047280",1,5732,"C012734",3.936846
"C047283",2,868,"C001904",7.003008
"C047289",5,21482,"C047883",4.013388
"C047291",4,9961,"C022249",5.185667
"C047294",3,16827,"C037407",3.343608
"C047296",4,9961,"C022249",2.320767
"C047297",5,21482,"C047883",3.099839
"C047298",2,868,"C001904",9.979877
"C047300",5,21482,"C047883",10.545599
"C047305",0,5705,"C012675",0.745811
"C047306",2,868,"C001904",4.357287
"C047308",3,16827,"C037407",7.238093
"C047309",2,868,"C001904",7.566184
"C047312",0,5705,"C012675",6.420229
"C047314",2,868,"C001904",0.804463
"C047320",2,868,"C001904",2.194473
"C047321",4,9961,"C022249",5.935475
"C047324",4,9961,"C022249",2.981190
"C047328",2,868,"C001904",4.211836
"C047331",5,21482,"C047883",1.722680
"C047332",2,868,"C001904",4.632719
"C047333",0,5705,"C012675",1.994642
"C047336",1,5732,"C012734",5.714668
"C047338",3,16827,"C037407",2.873890
"C047344",5,21482,"C047883",2.963521
"C047345",2,868,"C001904",3.106883
"C047348",3,16827,"C037407",2.513685
"C047352",4,9961,"C022249",6.154975
"C047354",5,21482,"C047883",9.607360
"C047358",4,9961,"C022249",7.462088
"C047363",0,5705,"C012675",6.058723
"C047365",1,5732,"C012734",6.868120
"C047366",4,9961,"C022249",3.738086
"C047367",1,5732,"C012734",7.663275
"C047368",5,21482,"C047883",7.347040
"C047370",3,16827,"C037407",2.064948
"C047372",5,21482,"C047883",12.936926
"C047374",2,868,"C001904",5.757180
"C047375",4,9961,"C022249",3.243738
"C047376",5,21482,"C047883",2.404963
"C047378",0,5705,"C012675",6.577098
"C047379",5,21482,"C047883",5.124811
"C047383",3,16827,"C037407",7.412620
"C047387",0,5705,"C012675",7.359463
"C047389",0,5705,"C012675",4.644731
"C047390",1,5732,"C012734",5.924330
"C047392",2,868,"C001904",1.494762
"C047393",5,21482,"C047883",8.374972
"C047394",2,868,"C001904",2.281503
"C047401",3,16827,"C037407",3.016448
"C047405",5,21482,"C047883",9.097517
"C047407",0,5705,"C012675",5.407251
"C047408",1,5732,"C012734",2.549144
"C047410",0,5705,"C012675",5.668661
"C047414",4,9961,"C022249",3.426862
"C047415",1,5732,"C012734",13.300867
"C047417",3,16827,"C037407",7.427539
"C047418",4,9961,"C022249",5.694770
"C047419",1,5732,"C012734",1.918388
"C047420",5,21482,"C047883",7.616021
"C047426",5,21482,"C047883",3.821271
"C047428",2,868,"C001904",8.974771
"C047434",1,5732,"C012734",3.213968
"C047436",3,16827,"C037407",3.604102
"C047437",5,21482,"C047883",9.969537
"C047440",1,5732,"C012734",6.626555
"C047443",0,5705,"C012675",2.090986
"C047447",1,5732,"C012734",5.789493
"C047448",3,16827,"C037407",7.424580
"C047450",0,5705,"C012675",1.865864
"C047451",0,5705,"C012675",6.009912
"C047453",3,16827,"C037407",9.319490
"C047455",0,5705,"C012675",4.994454
"C047460",2,868,"C001904",6.581255
"C047463",4,9961,"C022249",4.954402
"C047467",2,868,"C001904",9.337071
"C047468",3,16827,"C037407",7.437246
"C047470",5,21482,"C047883",13.700454
"C047471",4,9961,"C022249",0.992548
"C047473",5,21482,"C047883",9.853442
"C047475",4,9961,"C022249",3.815318
"C047476",1,5732,"C012734",2.471511
"C047477",1,5732,"C012734",7.744415
"C047478",0,5705,"C012675",8.211112
"C047479",5,21482,"C047883",1.700470
"C047480",5,21482,"C047883",4.930341
"C047481",0,5705,"C012675",8.643727
"C047484",1,5732,"C012734",3.191752
"C047485",4,9961,"C022249",2.255373
"C047488",5,21482,"C047883",10.822365
"C047489",4,9961,"C022249",3.295763
"C047491",3,16827,"C037407",9.259458
"C047493",3,16827,"C037407",2.321722
"C047494",5,21482,"C047883",3.225683
"C047495",4,9961,"C022249",0.947271
"C047502",1,5732,"C012734",8.041488
"C047504",4,9961,"C022249",7.690207
"C047505",3,16827,"C037407",4.036739
"C047508",1,5732,"C012734",2.273667
"C047509",0,5705,"C012675",9.594246
"C047511",1,5732,"C012734",8.064733
"C047512",4,9961,"C022249",2.844215
"C047513",0,5705,"C012675",6.195021
"C047514",3,16827,"C037407",7.525261
"C047515",4,9961,"C022249",5.354065
"C047516",2,868,"C001904",3.017990
"C047518",3,16827,"C037407",8.046809
"C047519",4,9961,"C022249",2.688084
"C047521",1,5732,"C012734",4.721849
"C047523",5,21482,"C047883",9.384860
"C047524",2,868,"C001904",3.870443
"C047528",2,868,"C001904",8.814903
"C047529",2,868,"C001904",3.519107
"C047531",4,9961,"C022249",5.515289
"C047533",0,5705,"C012675",5.480782
"C047536",5,21482,"C047883",3.373718
"C047537",1,5732,"C012734",7.785242
"C047539",0,5705,"C012675",5.869944
"C047540",2,868,"C001904",5.777430
"C047541",0,5705,"C012675",2.757260
"C047543",5,21482,"C047883",3.774516
"C047552",1,5732,"C012734",6.593002
"C047559",5,21482,"C047883",13.638820
"C047560",3,16827,"C037407",1.263230
"C047562",1,5732,"C012734",0.738701
"C047564",4,9961,"C022249",8.190408
"C047566",2,868,"C001904",11.718659
"C047568",5,21482,"C047883",3.623908
"C047570",3,16827,"C037407",5.426981
"C047572",3,16827,"C037407",4.940757
"C047573",5,21482,"C047883",3.610562
"C047574",5,21482,"C047883",11.839734
"C047577",1,5732,"C012734",2.721199
"C047587",5,21482,"C047883",11.628633
"C047589",1,5732,"C012734",8.717674
"C047590",0,5705,"C012675",2.083727
"C047591",0,5705,"C012675",7.374796
"C047594",2,868,"C001904",0.631104
"C047595",5,21482,"C047883",5.634551
"C047596",1,5732,"C012734",13.184580
"C047598",4,9961,"C022249",4.222999
"C047601",0,5705,"C012675",1.803610
"C047602",0,5705,"C012675",3.985304
"C047605",5,21482,"C047883",11.739646
"C047607",1,5732,"C012734",1.935184
"C047611",5,21482,"C047883",2.241908
"C047614",1,5732,"C012734",11.386302
"C047616",5,21482,"C047883",5.377322
"C047617",0,5705,"C012675",2.284466
"C047620",1,5732,"C012734",12.944604
"C047622",1,5732,"C012734",8.444223
"C047624",5,21482,"C047883",14.471056
"C047625",1,5732,"C012734",1.883686
"C047626",5,21482,"C047883",1.292897
"C047628",0,5705,"C012675",9.910793
"C047630",3,16827,"C037407",3.384615
"C047631",1,5732,"C012734",1.884085
"C047636",5,21482,"C047883",2.920856
"C047639",5,21482,"C047883",12.040264
"C047640",5,21482,"C047883",3.020395
"C047648",1,5732,"C012734",1.291101
"C047649",1,5732,"C012734",3.751885
"C047652",1,5732,"C012734",10.192416
"C047653",1,5732,"C012734",3.430525
"C047654",4,9961,"C022249",2.672788
"C047658",1,5732,"C012734",8.179957
"C047660",1,5732,"C012734",4.120403
"C047661",5,21482,"C047883",1.381989
"C047666",0,5705,"C012675",2.956118
"C047668",3,16827,"C037407",5.895273
"C047670",4,9961,"C022249",5.997941
"C047671",1,5732,"C012734",5.477146
"C047675",5,21482,"C047883",10.098281
"C047683",5,21482,"C047883",1.092992
"C047684",4,9961,"C022249",1.445611
"C047687",5,21482,"C047883",7.860218
"C047689",4,9961,"C022249",5.105728
"C047690",0,5705,"C012675",5.720306
"C047691",1,5732,"C012734",2.947485
"C047692",1,5732,"C012734",10.165120
"C047693",1,5732,"C012734",10.780334
"C047694",0,5705,"C012675",6.688948
"C047695",5,21482,"C047883",7.114436
"C047699",1,5732,"C012734",15.432201
"C047701",4,9961,"C022249",3.679010
"C047704",3,16827,"C037407",3.073133
"C047706",5,21482,"C047883",5.584423
"C047710",0,5705,"C012675",8.846871
"C047711",4,9961,"C022249",4.983576
"C047712",5,21482,"C047883",6.116487
"C047714",1,5732,"C012734",4.762528
"C047715",5,21482,"C047883",8.916359
"C047716",5,21482,"C047883",10.689647
"C047718",5,21482,"C047883",2.142402
"C047719",5,21482,"C047883",1.900583
"C047721",5,21482,"C047883",9.127010
"C047722",1,5732,"C012734",1.826818
"C047723",0,5705,"C012675",2.173033
"C047724",1,5732,"C012734",17.269386
"C047725",1,5732,"C012734",7.047415
"C047727",4,9961,"C022249",5.407829
"C047730",5,21482,"C047883",13.314799
"C047732",1,5732,"C012734",3.127595
"C047734",2,868,"C001904",1.653682
"C047737",0,5705,"C012675",1.479427
"C047738",0,5705,"C012675",4.940017
"C047741",4,9961,"C022249",3.081119
"C047742",2,868,"C001904",11.042256
"C047743",5,21482,"C047883",4.659750
"C047744",4,9961,"C022249",5.785077
"C047745",5,21482,"C047883",8.715005
"C047749",1,5732,"C012734",1.154028
"C047750",3,16827,"C037407",3.084855
"C047751",1,5732,"C012734",14.450487
"C047758",0,5705,"C012675",6.633633
"C047759",0,5705,"C012675",5.299718
"C047763",0,5705,"C012675",2.537610
"C047765",0,5705,"C012675",2.879379
"C047767",5,21482,"C047883",11.456321
"C047769",1,5732,"C012734",4.460476
"C047771",2,868,"C001904",4.981703
"C047772",2,868,"C001904",3.105550
"C047773",2,868,"C001904",10.110770
"C047776",0,5705,"C012675",5.385051
"C047778",5,21482,"C047883",5.102188
"C047779",3,16827,"C037407",4.002284
"C047780",5,21482,"C047883",1.118194
"C047784",3,16827,"C037407",5.406443
"C047788",5,21482,"C047883",9.394049
"C047789",2,868,"C001904",4.242137
"C047790",5,21482,"C047883",1.602062
"C047792",4,9961,"C022249",2.267421
"C047794",0,5705,"C012675",4.641413
"C047797",5,21482,"C047883",2.824092
"C047803",0,5705,"C012675",5.918776
"C047805",2,868,"C001904",3.250884
"C047806",2,868,"C001904",9.043900
"C047810",0,5705,"C012675",3.528015
"C047812",2,868,"C001904",7.491372
"C047813",0,5705,"C012675",5.065930
"C047814",3,16827,"C037407",3.379145
"C047816",5,21482,"C047883",9.119765
"C047820",4,9961,"C022249",1.899463
"C047823",5,21482,"C047883",7.686410
"C047831",3,16827,"C037407",3.569795
"C047832",4,9961,"C022249",7.291936
"C047833",1,5732,"C012734",4.696147
"C047834",2,868,"C001904",7.826926
"C047835",1,5732,"C012734",10.083661
"C047837",2,868,"C001904",8.331088
"C047841",1,5732,"C012734",7.005958
"C047842",1,5732,"C012734",6.018662
"C047843",2,868,"C001904",4.681984
"C047845",2,868,"C001904",7.157610
"C047847",5,21482,"C047883",12.646382
"C047848",5,21482,"C047883",4.224747
"C047851",5,21482,"C047883",7.530474
"C047852",5,21482,"C047883",8.603338
"C047853",1,5732,"C012734",7.885174
"C047855",0,5705,"C012675",3.594683
"C047858",1,5732,"C012734",0.705890
"C047861",0,5705,"C012675",6.829345
"C047863",5,21482,"C047883",2.690378
"C047864",5,21482,"C047883",3.619574
"C047866",2,868,"C001904",3.682046
"C047870",5,21482,"C047883",6.117272
"C047871",0,5705,"C012675",5.491914
"C047873",1,5732,"C012734",16.725957
"C047875",0,5705,"C012675",5.695213
"C047878",2,868,"C001904",2.032717
"C047879",3,16827,"C037407",4.789895
"C047880",1,5732,"C012734",7.381055
"C047883",5,21482,"C047883",0.000000
"C047885",4,9961,"C022249",6.495822
"C047886",5,21482,"C047883",5.716880
"C047891",2,868,"C001904",4.854510
"C047892",1,5732,"C012734",14.481357
"C047893",4,9961,"C022249",2.910371
"C047894",1,5732,"C012734",5.628280
"C047902",3,16827,"C037407",9.656156
"C047903",5,21482,"C047883",2.105721
"C047904",0,5705,"C012675",9.865825
"C047906",2,868,"C001904",2.414628
"C047908",1,5732,"C012734",9.756124
"C047910",0,5705,"C012675",3.848320
"C047914",0,5705,"C012675",5.005016
"C047915",3,16827,"C037407",6.692591
"C047916",1,5732,"C012734",4.779105
"C047919",4,9961,"C022249",7.763428
"C047920",5,21482,"C047883",1.040459
"C047921",0,5705,"C012675",7.098289
"C047922",1,5732,"C012734",8.985386
"C047923",1,5732,"C012734",6.753754
"C047924",4,9961,"C022249",0.309698
"C047928",1,5732,"C012734",6.283334
"C047929",5,21482,"C047883",1.812523
"C047935",0,5705,"C012675",8.989432
"C047939",4,9961,"C022249",2.094392
"C047940",5,21482,"C047883",4.833932
"C047944",1,5732,"C012734",6.616883
"C047946",0,5705,"C012675",7.306609
"C047947",1,5732,"C012734",5.967518
"C047948",0,5705,"C012675",1.884585
"C047953",3,16827,"C037407",2.567859
"C047956",1,5732,"C012734",7.156930
"C047959",3,16827,"C037407",3.266675
"C047960",3,16827,"C037407",3.080444
"C047961",1,5732,"C012734",6.559040
"C047963",3,16827,"C037407",7.699595
"C047964",1,5732,"C012734",2.014999
"C047965",2,868,"C001904",4.191749
"C047969",4,9961,"C022249",3.621125
"C047971",0,5705,"C012675",3.982312
"C047977",4,9961,"C022249",4.122212
"C047978",0,5705,"C012675",2.534042
"C047979",1,5732,"C012734",4.123516
"C047981",3,16827,"C037407",9.690306
"C047984",5,21482,"C047883",3.971377
"C047985",1,5732,"C012734",8.754253
"C047987",1,5732,"C012734",3.828307
"C047988",5,21482,"C047883",2.812435
"C047989",5,21482,"C047883",10.298850
"C047990",0,5705,"C012675",4.923827
"C047997",1,5732,"C012734",3.596295
"C048002",4,9961,"C022249",7.668515
"C048003",5,21482,"C047883",13.202403
"C048006",2,868,"C001904",7.686793
"C048008",4,9961,"C022249",1.704543
"C048015",3,16827,"C037407",3.619908
"C048016",1,5732,"C012734",8.947683
"C048018",0,5705,"C012675",7.882512
"C048021",0,5705,"C012675",4.560088
"C048022",4,9961,"C022249",2.832419
"C048023",5,21482,"C047883",4.937635
"C048027",5,21482,"C047883",6.346832
"C048028",0,5705,"C012675",8.463978
"C048031",5,21482,"C047883",9.831383
"C048032",5,21482,"C047883",9.858229
"C048033",4,9961,"C022249",6.152812
"C048035",5,21482,"C047883",6.959894
"C048036",0,5705,"C012675",3.148800
"C048037",2,868,"C001904",2.364374
"C048039",0,5705,"C012675",1.996835
"C048044",0,5705,"C012675",3.167887
"C048045",3,16827,"C037407",0.647180
"C048049",5,21482,"C047883",7.581896
"C048051",1,5732,"C012734",13.595275
"C048052",5,21482,"C047883",10.868301
"C048053",2,868,"C001904",3.618480
"C048059",0,5705,"C012675",2.648574
"C048065",5,21482,"C047883",1.024513
"C048066",0,5705,"C012675",5.799866
"C048069",0,5705,"C012675",6.827481
"C048070",5,21482,"C047883",2.052727
"C048073",1,5732,"C012734",4.406373
"C048074",0,5705,"C012675",4.031708
"C048077",0,5705,"C012675",8.656560
"C048081",4,9961,"C022249",5.041608
"C048082",2,868,"C001904",7.167875
"C048085",5,21482,"C047883",8.141670
"C048087",0,5705,"C012675",5.020332
"C048089",2,868,"C001904",9.008373
"C048090",2,868,"C001904",8.718379
"C048094",2,868,"C001904",3.734581
"C048096",4,9961,"C022249",1.643730
"C048097",4,9961,"C022249",1.481201
"C048099",5,21482,"C047883",13.085253
"C048100",0,5705,"C012675",2.787595
"C048102",5,21482,"C047883",5.031626
"C048103",2,868,"C001904",7.809198
"C048108",1,5732,"C012734",15.946996
"C048113",4,9961,"C022249",2.222321
"C048114",3,16827,"C037407",3.430366
"C048118",5,21482,"C047883",13.494759
"C048119",5,21482,"C047883",8.949066
"C048120",5,21482,"C047883",5.620330
"C048122",2,868,"C001904",7.134025
"C048123",5,21482,"C047883",12.203787
"C048124",5,21482,"C047883",2.430013
"C048125",0,5705,"C012675",6.693144
"C048126",1,5732,"C012734",7.638258
"C048127",3,16827,"C037407",0.855828
"C048130",5,21482,"C047883",14.550156
"C048136",5,21482,"C047883",5.221502
"C048137",1,5732,"C012734",3.175482
"C048141",0,5705,"C012675",10.422683
"C048145",5,21482,"C047883",8.079086
"C048150",3,16827,"C037407",8.315165
"C048154",5,21482,"C047883",4.795310
"C048157",4,9961,"C022249",4.310643
"C048158",1,5732,"C012734",2.548960
"C048159",1,5732,"C012734",1.524538
"C048161",2,868,"C001904",3.144329
"C048164",2,868,"C001904",11.361591
"C048169",5,21482,"C047883",1.960934
"C048173",2,868,"C001904",6.605965
"C048174",5,21482,"C047883",11.036922
"C048175",4,9961,"C022249",2.343894
"C048179",4,9961,"C022249",4.374314
"C048180",4,9961,"C022249",1.218359
"C048182",2,868,"C001904",5.703293
"C048183",0,5705,"C012675",2.010908
"C048184",0,5705,"C012675",0.727621
"C048186",2,868,"C001904",4.423942
"C048187",4,9961,"C022249",2.397558
"C048190",0,5705,"C012675",8.324935
"C048192",4,9961,"C022249",3.460679
"C048194",1,5732,"C012734",8.340788
"C048195",1,5732,"C012734",4.785550
"C048196",0,5705,"C012675",4.693761
"C048198",0,5705,"C012675",2.743567
"C048202",3,16827,"C037407",7.531130
"C048203",5,21482,"C047883",1.750464
"C048205",0,5705,"C012675",6.042608
"C048206",1,5732,"C012734",5.234673
"C048207",5,21482,"C047883",4.998668
"C048208",5,21482,"C047883",10.859131
"C048210",5,21482,"C047883",13.898098
"C048215",5,21482,"C047883",12.450247
"C048216",0,5705,"C012675",6.468875
"C048218",5,21482,"C047883",0.349266
"C048223",2,868,"C001904",10.815126
"C048228",1,5732,"C012734",8.760649
"C048232",0,5705,"C012675",7.980873
"C048234",3,16827,"C037407",0.910068
"C048235",0,5705,"C012675",2.023838
"C048236",1,5732,"C012734",13.770892
"C048238",2,868,"C001904",8.081725
"C048239",5,21482,"C047883",1.139781
"C048242",1,5732,"C012734",16.945896
"C048244",1,5732,"C012734",6.672769
"C048246",4,9961,"C022249",4.147010
"C048248",0,5705,"C012675",1.006898
"C048249",2,868,"C001904",3.254026
"C048250",0,5705,"C012675",6.493746
"C048251",5,21482,"C047883",6.718357
"C048254",5,21482,"C047883",10.256843
"C048255",0,5705,"C012675",8.994924
"C048256",0,5705,"C012675",3.033179
"C048257",0,5705,"C012675",5.753053
"C048258",3,16827,"C037407",3.340197
"C048261",0,5705,"C012675",6.893724
"C048263",5,21482,"C047883",2.750536
"C048265",2,868,"C001904",8.752150
"C048266",5,21482,"C047883",3.973421
"C048267",3,16827,"C037407",3.031872
"C048268",5,21482,"C047883",10.675731
"C048269",0,5705,"C012675",7.160863
"C048272",2,868,"C001904",5.533872
"C048275",0,5705,"C012675",7.298683
"C048278",2,868,"C001904",1.675222
"C048280",0,5705,"C012675",4.992087
"C048282",5,21482,"C047883",4.514193
"C048284",0,5705,"C012675",4.168354
"C048286",1,5732,"C012734",2.552726
"C048287",0,5705,"C012675",1.400321
"C048288",1,5732,"C012734",4.082202
"C048292",4,9961,"C022249",6.909817
"C048293",0,5705,"C012675",8.040523
"C048294",2,868,"C001904",4.391979
"C048295",4,9961,"C022249",2.678666
"C048298",2,868,"C001904",4.529837
"C048301",0,5705,"C012675",1.195895
"C048302",2,868,"C001904",9.071752
"C048304",4,9961,"C022249",1.387096
"C048306",4,9961,"C022249",0.557431
"C048309",2,868,"C001904",7.409035
"C048310",3,16827,"C037407",5.429507
"C048311",0,5705,"C012675",4.000204
"C048312",2,868,"C001904",7.881273
"C048318",2,868,"C001904",8.335299
"C048320",3,16827,"C037407",2.007333
"C048321",5,21482,"C047883",4.442402
"C048324",2,868,"C001904",10.993192
"C048330",2,868,"C001904",11.621470
"C048332",1,5732,"C012734",6.973196
"C048334",0,5705,"C012675",3.436157
"C048336",5,21482,"C047883",1.994538
"C048337",3,16827,"C037407",6.259209
"C048338",1,5732,"C012734",11.249727
"C048340",2,868,"C001904",3.570998
"C048343",0,5705,"C012675",1.247344
"C048345",3,16827,"C037407",0.759134
"C048346",4,9961,"C022249",3.895355
"C048348",5,21482,"C047883",2.523296
"C048349",5,21482,"C047883",4.292328
"C048350",5,21482,"C047883",4.423458
"C048355",0,5705,"C012675",2.160459
"C048356",0,5705,"C012675",10.063263
"C048359",0,5705,"C012675",8.313782
"C048362",0,5705,"C012675",3.891140
"C048364",4,9961,"C022249",5.915275
"C048365",0,5705,"C012675",4.710564
"C048370",0,5705,"C012675",3.442927
"C048373",5,21482,"C047883",10.875872
"C048374",2,868,"C001904",6.487493
"C048378",1,5732,"C012734",13.822900
"C048380",3,16827,"C037407",9.282172
"C048381",5,21482,"C047883",0.831712
"C048385",0,5705,"C012675",9.207437
"C048390",1,5732,"C012734",9.204177
"C048392",2,868,"C001904",5.010344
"C048399",0,5705,"C012675",7.023846
"C048400",5,21482,"C047883",11.030370
"C048402",0,5705,"C012675",5.222935
"C048404",1,5732,"C012734",7.666938
"C048406",3,16827,"C037407",2.051385
"C048407",0,5705,"C012675",3.815302
"C048410",5,21482,"C047883",9.648880
"C048412",5,21482,"C047883",2.153389
"C048413",4,9961,"C022249",1.419271
"C048414",1,5732,"C012734",6.247051
"C048420",3,16827,"C037407",5.339132
"C048422",1,5732,"C012734",7.166915
"C048424",2,868,"C001904",4.507726
"C048427",5,21482,"C047883",1.891856
"C048428",4,9961,"C022249",7.341259
"C048432",2,868,"C001904",4.645107
"C048433",2,868,"C001904",7.915207
"C048437",4,9961,"C022249",6.277103
"C048440",5,21482,"C047883",2.060366
"C048441",3,16827,"C037407",5.591051
"C048448",1,5732,"C012734",6.853547
"C048450",4,9961,"C022249",3.568789
"C048452",5,21482,"C047883",2.594726
"C048453",1,5732,"C012734",5.189948
"C048454",2,868,"C001904",7.664009
"C048456",5,21482,"C047883",9.934154
"C048457",0,5705,"C012675",2.555240
"C048458",1,5732,"C012734",10.105568
"C048461",5,21482,"C047883",13.644993
"C048462",1,5732,"C012734",16.032755
"C048463",0,5705,"C012675",2.022427
"C048472",1,5732,"C012734",7.150155
"C048476",5,21482,"C047883",7.979781
"C048485",5,21482,"C047883",12.053532
"C048487",5,21482,"C047883",1.890436
"C048488",1,5732,"C012734",16.127554
"C048489",1,5732,"C012734",15.430069
"C048491",5,21482,"C047883",3.029287
"C048493",2,868,"C001904",4.851632
"C048495",4,9961,"C022249",1.880059
"C048496",2,868,"C001904",5.828567
"C048497",4,9961,"C022249",4.591458
"C048501",1,5732,"C012734",5.782845
"C048502",1,5732,"C012734",9.194881
"C048503",0,5705,"C012675",9.383320
"C048504",2,868,"C001904",3.500424
"C048505",0,5705,"C012675",3.461583
"C048506",3,16827,"C037407",2.798327
"C048507",0,5705,"C012675",5.935656
"C048508",1,5732,"C012734",5.578614
"C048509",2,868,"C001904",8.430473
"C048512",4,9961,"C022249",3.594096
"C048513",0,5705,"C012675",7.240927
"C048517",1,5732,"C012734",6.610883
"C048521",2,868,"C001904",6.814984
"C048522",5,21482,"C047883",11.908834
"C048525",1,5732,"C012734",6.189134
"C048528",3,16827,"C037407",3.020855
"C048533",1,5732,"C012734",15.463788
"C048535",0,5705,"C012675",3.510474
"C048536",3,16827,"C037407",5.514361
"C048538",1,5732,"C012734",3.381623
"C048539",3,16827,"C037407",1.006235
"C048542",1,5732,"C012734",7.621469
"C048545",0,5705,"C012675",3.309764
"C048546",3,16827,"C037407",6.370039
"C048548",3,16827,"C037407",1.154438
"C048554",5,21482,"C047883",4.208306
"C048555",4,9961,"C022249",2.799756
"C048556",4,9961,"C022249",3.191946
"C048557",3,16827,"C037407",6.726938
"C048559",0,5705,"C012675",4.445520
"C048562",3,16827,"C037407",8.127366
"C048565",4,9961,"C022249",4.243055
"C048570",1,5732,"C012734",1.742236
"C048571",0,5705,"C012675",2.856492
"C048573",4,9961,"C022249",4.243412
"C048576",5,21482,"C047883",11.366005
"C048579",3,16827,"C037407",2.016204
"C048581",2,868,"C001904",2.489065
"C048584",1,5732,"C012734",11.214787
"C048589",1,5732,"C012734",6.248552
"C048591",5,21482,"C047883",0.628841
"C048593",1,5732,"C012734",12.506963
"C048595",1,5732,"C012734",6.510509
"C048600",3,16827,"C037407",1.756055
"C048603",5,21482,"C047883",10.579542
"C048605",3,16827,"C037407",8.583498
"C048607",2,868,"C001904",7.909161
"C048609",5,21482,"C047883",7.610909
"C048610",0,5705,"C012675",1.654584
"C048611",3,16827,"C037407",2.850342
"C048614",5,21482,"C047883",6.195505
"C048620",0,5705,"C012675",1.740317
"C048623",1,5732,"C012734",4.717914
"C048626",0,5705,"C012675",7.043556
"C048631",0,5705,"C012675",3.802560
"C048632",5,21482,"C047883",7.038987
"C048633",5,21482,"C047883",13.293623
"C048634",0,5705,"C012675",1.939282
"C048637",2,868,"C001904",10.512805
"C048640",3,16827,"C037407",3.410564
"C048642",4,9961,"C022249",2.936627
"C048643",5,21482,"C047883",6.872516
"C048645",1,5732,"C012734",5.856951
"C048647",3,16827,"C037407",6.620512
"C048653",5,21482,"C047883",4.039426
"C048654",5,21482,"C047883",12.742100
"C048655",0,5705,"C012675",7.548897
"C048656",0,5705,"C012675",10.066590
"C048658",3,16827,"C037407",3.245074
"C048659",5,21482,"C047883",7.074236
"C048660",1,5732,"C012734",7.050133
"C048661",1,5732,"C012734",7.364619
"C048664",1,5732,"C012734",12.142445
"C048670",4,9961,"C022249",1.653262
"C048673",3,16827,"C037407",3.185166
"C048674",0,5705,"C012675",5.439637
"C048677",1,5732,"C012734",5.948886
"C048681",0,5705,"C012675",7.393136
"C048683",2,868,"C001904",6.266310
"C048688",3,16827,"C037407",7.574245
"C048690",1,5732,"C012734",4.765846
"C048691",5,21482,"C047883",5.590140
"C048697",3,16827,"C037407",6.757839
"C048700",1,5732,"C012734",12.790039
"C048702",1,5732,"C012734",6.439320
"C048703",5,21482,"C047883",6.717960
"C048710",4,9961,"C022249",8.388955
"C048713",1,5732,"C012734",2.629740
"C048715",4,9961,"C022249",1.102253
"C048716",0,5705,"C012675",3.923086
"C048717",5,21482,"C047883",3.809597
"C048718",0,5705,"C012675",3.936552
"C048719",3,16827,"C037407",9.983374
"C048720",2,868,"C001904",5.742476
"C048722",0,5705,"C012675",9.010722
"C048723",1,5732,"C012734",3.599111
"C048726",5,21482,"C047883",5.148633
"C048728",5,21482,"C047883",7.033961
"C048729",3,16827,"C037407",3.032252
"C048733",2,868,"C001904",3.873060
"C048735",5,21482,"C047883",1.699917
"C048739",1,5732,"C012734",3.737913
"C048741",1,5732,"C012734",3.002438
"C048742",2,868,"C001904",6.482667
"C048744",3,16827,"C037407",6.029282
"C048746",4,9961,"C022249",4.565550
"C048748",4,9961,"C022249",3.098806
"C048752",4,9961,"C022249",5.969284
"C048753",5,21482,"C047883",4.693772
"C048755",1,5732,"C012734",5.732456
"C048756",2,868,"C001904",2.583720
"C048758",1,5732,"C012734",6.577272
"C048759",2,868,"C001904",1.901033
"C048760",4,9961,"C022249",1.078369
"C048763",2,868,"C001904",5.139300
"C048765",3,16827,"C037407",4.923324
"C048766",5,21482,"C047883",8.700476
"C048768",4,9961,"C022249",2.530895
"C048770",1,5732,"C012734",1.771788
"C048771",2,868,"C001904",4.413250
"C048773",5,21482,"C047883",12.242517
"C048775",0,5705,"C012675",10.236050
"C048779",3,16827,"C037407",8.473473
"C048781",3,16827,"C037407",3.121450
"C048782",5,21482,"C047883",7.804767
"C048783",3,16827,"C037407",4.381496
"C048785",3,16827,"C037407",5.076602
"C048786",1,5732,"C012734",2.666227
"C048788",5,21482,"C047883",5.021921
"C048796",0,5705,"C012675",4.039295
"C048800",1,5732,"C012734",6.124263
"C048803",5,21482,"C047883",9.217636
"C048805",0,5705,"C012675",8.085599
"C048808",1,5732,"C012734",3.722101
"C048810",4,9961,"C022249",2.755388
"C048811",0,5705,"C012675",6.018969
"C048814",4,9961,"C022249",3.475293
"C048815",2,868,"C001904",3.168563
"C048816",5,21482,"C047883",10.846888
"C048818",3,16827,"C037407",3.523230
"C048819",2,868,"C001904",2.943355
"C048821",5,21482,"C047883",4.278927
"C048822",4,9961,"C022249",4.866709
"C048823",5,21482,"C047883",7.192953
"C048824",5,21482,"C047883",11.209374
"C048827",0,5705,"C012675",4.486538
"C048830",5,21482,"C047883",13.708217
"C048834",1,5732,"C012734",1.642510
"C048835",1,5732,"C012734",17.037967
"C048837",2,868,"C001904",11.872430
"C048841",5,21482,"C047883",9.508225
"C048842",4,9961,"C022249",3.262897
"C048848",0,5705,"C012675",3.336121
"C048849",1,5732,"C012734",4.262464
"C048851",5,21482,"C047883",10.933915
"C048852",0,5705,"C012675",8.328551
"C048857",1,5732,"C012734",4.266330
"C048862",5,21482,"C047883",4.905257
"C048863",5,21482,"C047883",10.887948
"C048864",5,21482,"C047883",3.563780
"C048866",5,21482,"C047883",2.113898
"C048869",0,5705,"C012675",6.372543
"C048871",0,5705,"C012675",6.099260
"C048872",0,5705,"C012675",6.208306
"C048873",0,5705,"C012675",5.120330
"C048879",0,5705,"C012675",6.457401
"C048883",5,21482,"C047883",12.963981
"C048885",5,21482,"C047883",4.028271
"C048890",2,868,"C001904",3.907312
"C048892",0,5705,"C012675",3.110608
"C048894",2,868,"C001904",7.001543
"C048895",2,868,"C001904",7.430623
"C048896",0,5705,"C012675",4.155903
"C048897",5,21482,"C047883",13.717531
"C048899",0,5705,"C012675",2.053267
"C048900",2,868,"C001904",1.847721
"C048902",1,5732,"C012734",13.476225
"C048903",2,868,"C001904",7.451568
"C048906",3,16827,"C037407",3.129786
"C048909",0,5705,"C012675",3.470474
"C048910",5,21482,"C047883",7.074677
"C048912",5,21482,"C047883",9.997295
"C048914",5,21482,"C047883",2.564297
"C048916",5,21482,"C047883",8.359983
"C048918",5,21482,"C047883",3.066447
"C048920",2,868,"C001904",1.850250
"C048922",5,21482,"C047883",9.367904
"C048925",1,5732,"C012734",3.727544
"C048929",5,21482,"C047883",2.296133
"C048930",2,868,"C001904",6.685349
"C048934",0,5705,"C012675",2.469011
"C048938",0,5705,"C012675",8.749972
"C048939",5,21482,"C047883",1.983722
"C048940",2,868,"C001904",4.899357
"C048943",1,5732,"C012734",1.942024
"C048944",5,21482,"C047883",2.013875
"C048945",0,5705,"C012675",9.129748
"C048946",0,5705,"C012675",9.440592
"C048948",0,5705,"C012675",8.939998
"C048950",2,868,"C001904",8.150482
"C048951",3,16827,"C037407",4.010100
"C048952",2,868,"C001904",1.534122
"C048954",5,21482,"C047883",10.503920
"C048955",1,5732,"C012734",16.206485
"C048956",1,5732,"C012734",12.130786
"C048964",3,16827,"C037407",3.613213
"C048969",1,5732,"C012734",4.056058
"C048970",5,21482,"C047883",12.492998
"C048971",0,5705,"C012675",1.069050
"C048973",1,5732,"C012734",16.667078
"C048974",4,9961,"C022249",2.447937
"C048976",0,5705,"C012675",3.088627
"C048978",1,5732,"C012734",4.294238
"C048979",5,21482,"C047883",1.550247
"C048980",1,5732,"C012734",3.998856
"C048982",0,5705,"C012675",4.822938
"C048988",3,16827,"C037407",1.438409
"C048993",1,5732,"C012734",7.950031
"C048995",5,21482,"C047883",3.808508
"C048996",0,5705,"C012675",6.130001
"C048997",0,5705,"C012675",6.242507
"C048999",1,5732,"C012734",4.601660
"C049002",5,21482,"C047883",2.972076
"C049004",3,16827,"C037407",2.269364
"C049005",1,5732,"C012734",4.934318
"C049007",2,868,"C001904",11.292819
"C049011",2,868,"C001904",7.826912
"C049016",2,868,"C001904",4.446057
"C049017",2,868,"C001904",5.604158
"C049021",5,21482,"C047883",0.507379
"C049026",5,21482,"C047883",4.754031
"C049029",0,5705,"C012675",5.961930
"C049030",2,868,"C001904",3.934161
"C049031",3,16827,"C037407",8.089319
"C049032",5,21482,"C047883",7.046239
"C049034",5,21482,"C047883",4.835022
"C049036",5,21482,"C047883",7.273227
"C049037",0,5705,"C012675",9.743821
"C049038",5,21482,"C047883",11.182800
"C049039",0,5705,"C012675",9.089434
"C049042",5,21482,"C047883",8.942705
"C049044",1,5732,"C012734",2.704900
"C049047",0,5705,"C012675",2.504428
"C049052",5,21482,"C047883",12.752729
"C049054",4,9961,"C022249",1.950823
"C049059",0,5705,"C012675",8.115138
"C049063",5,21482,"C047883",1.753259
"C049064",1,5732,"C012734",4.392732
"C049066",5,21482,"C047883",5.550820
"C049067",2,868,"C001904",4.541057
"C049068",1,5732,"C012734",6.850077
"C049070",0,5705,"C012675",6.430883
"C049075",3,16827,"C037407",6.068186
"C049077",2,868,"C001904",4.986035
"C049083",0,5705,"C012675",5.904190
"C049084",2,868,"C001904",4.304764
"C049085",2,868,"C001904",8.559128
"C049089",4,9961,"C022249",4.146483
"C049090",2,868,"C001904",6.650361
"C049095",5,21482,"C047883",11.340246
"C049099",5,21482,"C047883",11.002870
"C049106",0,5705,"C012675",9.003609
"C049108",2,868,"C001904",4.256393
"C049109",4,9961,"C022249",2.512118
"C049110",0,5705,"C012675",5.641083
"C049113",3,16827,"C037407",1.777894
"C049115",4,9961,"C022249",2.341894
"C049116",4,9961,"C022249",5.141121
"C049119",2,868,"C001904",9.017617
"C049120",1,5732,"C012734",7.434054
"C049123",4,9961,"C022249",3.355360
"C049124",0,5705,"C012675",5.029246
"C049127",3,16827,"C037407",3.327624
"C049128",5,21482,"C047883",11.842977
"C049130",4,9961,"C022249",2.581198
"C049132",2,868,"C001904",8.639742
"C049133",5,21482,"C047883",4.049703
"C049134",0,5705,"C012675",2.032007
"C049135",0,5705,"C012675",9.287237
"C049136",4,9961,"C022249",7.328507
"C049137",2,868,"C001904",2.196490
"C049138",3,16827,"C037407",6.036406
"C049139",1,5732,"C012734",5.081770
"C049143",2,868,"C001904",4.713473
"C049144",5,21482,"C047883",5.561696
"C049146",5,21482,"C047883",3.384622
"C049147",1,5732,"C012734",1.847632
"C049148",0,5705,"C012675",6.666524
"C049149",2,868,"C001904",8.048790
"C049151",1,5732,"C012734",6.674143
"C049157",4,9961,"C022249",2.385410
"C049158",1,5732,"C012734",9.105388
"C049165",1,5732,"C012734",2.486397
"C049168",0,5705,"C012675",8.249012
"C049169",0,5705,"C012675",3.518851
"C049170",5,21482,"C047883",4.828081
"C049171",3,16827,"C037407",6.646921
"C049176",2,868,"C001904",5.596026
"C049178",0,5705,"C012675",5.945815
"C049179",1,5732,"C012734",3.112044
"C049181",3,16827,"C037407",1.356046
"C049182",0,5705,"C012675",2.864250
"C049183",2,868,"C001904",6.407971
"C049185",2,868,"C001904",0.633225
"C049187",5,21482,"C047883",0.217226
"C049189",1,5732,"C012734",3.847214
"C049190",2,868,"C001904",10.824070
"C049191",3,16827,"C037407",3.218247
"C049192",5,21482,"C047883",7.258028
"C049193",2,868,"C001904",10.051606
"C049194",1,5732,"C012734",6.618028
"C049195",4,9961,"C022249",2.084763
"C049196",0,5705,"C012675",2.235630
"C049197",1,5732,"C012734",13.697102
"C049199",5,21482,"C047883",3.518191
"C049201",2,868,"C001904",6.952459
"C049203",4,9961,"C022249",4.303751
"C049204",0,5705,"C012675",1.568624
"C049205",5,21482,"C047883",11.793011
"C049210",2,868,"C001904",7.203976
"C049212",1,5732,"C012734",1.376424
"C049214",0,5705,"C012675",5.357151
"C049216",1,5732,"C012734",9.130662
"C049217",1,5732,"C012734",11.673202
"C049218",5,21482,"C047883",5.170266
"C049221",1,5732,"C012734",1.656253
"C049224",3,16827,"C037407",2.659511
"C049225",5,21482,"C047883",3.894346
"C049226",1,5732,"C012734",14.287527
"C049228",4,9961,"C022249",1.764097
"C049229",5,21482,"C047883",1.405232
"C049231",5,21482,"C047883",2.483892
"C049233",1,5732,"C012734",16.251955
"C049237",3,16827,"C037407",5.141049
"C049241",1,5732,"C012734",9.746974
"C049246",5,21482,"C047883",7.051720
"C049250",2,868,"C001904",7.874131
"C049252",4,9961,"C022249",3.876685
"C049254",2,868,"C001904",2.778497
"C049255",5,21482,"C047883",4.518253
"C049258",4,9961,"C022249",4.601300
"C049261",5,21482,"C047883",12.677185
"C049262",0,5705,"C012675",9.061447
"C049264",3,16827,"C037407",4.576798
"C049266",2,868,"C001904",2.225720
"C049269",1,5732,"C012734",7.294010
"C049270",3,16827,"C037407",2.171416
"C049275",1,5732,"C012734",15.338617
"C049279",2,868,"C001904",4.527360
"C049281",3,16827,"C037407",4.083327
"C049284",4,9961,"C022249",3.395851
"C049286",5,21482,"C047883",0.872629
"C049289",5,21482,"C047883",2.310927
"C049292",3,16827,"C037407",4.416235
"C049293",1,5732,"C012734",1.952832
"C049294",2,868,"C001904",1.482585
"C049299",5,21482,"C047883",10.416441
"C049302",1,5732,"C012734",7.010821
"C049303",4,9961,"C022249",2.927641
"C049304",1,5732,"C012734",3.678865
"C049307",3,16827,"C037407",7.813370
"C049309",0,5705,"C012675",4.023937
"C049312",0,5705,"C012675",5.572056
"C049315",3,16827,"C037407",7.691461
"C049316",2,868,"C001904",7.024668
"C049318",2,868,"C001904",7.346778
"C049330",5,21482,"C047883",6.077029
"C049332",5,21482,"C047883",3.130612
"C049333",3,16827,"C037407",4.958732
"C049338",5,21482,"C047883",3.793060
"C049341",1,5732,"C012734",7.944834
"C049342",5,21482,"C047883",5.113437
"C049344",5,21482,"C047883",8.592060
"C049350",2,868,"C001904",8.339214
"C049351",3,16827,"C037407",4.898866
"C049353",1,5732,"C012734",11.680669
"C049354",3,16827,"C037407",6.730128
"C049356",5,21482,"C047883",5.609377
"C049357",4,9961,"C022249",3.015788
"C049358",2,868,"C001904",3.587743
"C049366",1,5732,"C012734",2.037129
"C049368",5,21482,"C047883",8.466326
"C049369",2,868,"C001904",7.558369
"C049372",2,868,"C001904",7.607135
"C049374",2,868,"C001904",3.226484
"C049376",0,5705,"C012675",6.409512
"C049379",3,16827,"C037407",5.329035
"C049382",4,9961,"C022249",3.095464
"C049385",4,9961,"C022249",1.902193
"C049386",0,5705,"C012675",1.288140
"C049393",0,5705,"C012675",4.782814
"C049394",1,5732,"C012734",13.900411
"C049396",5,21482,"C047883",0.752336
"C049397",0,5705,"C012675",5.866288
"C049398",1,5732,"C012734",12.353248
"C049401",1,5732,"C012734",8.025873
"C049408",1,5732,"C012734",4.730397
"C049410",0,5705,"C012675",1.366605
"C049411",1,5732,"C012734",12.834275
"C049414",1,5732,"C012734",11.393261
"C049415",5,21482,"C047883",1.865704
"C049416",5,21482,"C047883",8.278375
"C049418",2,868,"C001904",8.814900
"C049419",5,21482,"C047883",4.361757
"C049421",0,5705,"C012675",6.167769
"C049425",5,21482,"C047883",3.621741
"C049426",1,5732,"C012734",13.283631
"C049429",5,21482,"C047883",7.037532
"C049436",0,5705,"C012675",1.145832
"C049438",5,21482,"C047883",2.874357
"C049439",1,5732,"C012734",2.042296
"C049441",3,16827,"C037407",8.103439
"C049444",5,21482,"C047883",2.858060
"C049445",2,868,"C001904",4.218812
"C049446",2,868,"C001904",1.611721
"C049447",0,5705,"C012675",7.065066
"C049451",5,21482,"C047883",1.728631
"C049452",2,868,"C001904",7.306972
"C049460",2,868,"C001904",4.655992
"C049461",5,21482,"C047883",8.087550
"C049465",5,21482,"C047883",2.930187
"C049467",1,5732,"C012734",5.264119
"C049469",1,5732,"C012734",8.692238
"C049470",0,5705,"C012675",9.814315
"C049472",5,21482,"C047883",7.863569
"C049473",5,21482,"C047883",2.846047
"C049474",0,5705,"C012675",9.147413
"C049475",2,868,"C001904",7.359391
"C049477",1,5732,"C012734",6.113882
"C049481",2,868,"C001904",3.120738
"C049482",2,868,"C001904",3.895122
"C049484",5,21482,"C047883",5.256475
"C049493",1,5732,"C012734",4.623627
"C049495",3,16827,"C037407",3.423293
"C049496",3,16827,"C037407",4.938978
"C049498",4,9961,"C022249",8.782708
"C049501",0,5705,"C012675",8.416808
"C049502",3,16827,"C037407",3.036991
"C049504",2,868,"C001904",8.398694
"C049512",0,5705,"C012675",4.881627
"C049513",0,5705,"C012675",9.721070
"C049516",5,21482,"C047883",11.859680
"C049520",4,9961,"C022249",5.124910
"C049521",2,868,"C001904",1.394911
"C049522",1,5732,"C012734",7.798663
"C049523",0,5705,"C012675",6.478687
"C049524",3,16827,"C037407",7.838888
"C049525",2,868,"C001904",3.559681
"C049529",2,868,"C001904",4.686229
"C049532",5,21482,"C047883",3.590441
"C049535",5,21482,"C047883",10.951625
"C049537",5,21482,"C047883",5.803067
"C049539",0,5705,"C012675",5.348982
"C049540",3,16827,"C037407",1.721127
"C049543",0,5705,"C012675",2.533812
"C049551",1,5732,"C012734",9.031552
"C049555",3,16827,"C037407",8.305969
"C049556",0,5705,"C012675",2.149640
"C049558",0,5705,"C012675",4.265815
"C049560",3,16827,"C037407",8.996871
"C049564",5,21482,"C047883",0.682250
"C049567",5,21482,"C047883",2.238779
"C049569",5,21482,"C047883",11.539579
"C049570",2,868,"C001904",8.012565
"C049571",0,5705,"C012675",2.615158
"C049573",2,868,"C001904",7.358132
"C049575",5,21482,"C047883",1.023581
"C049576",0,5705,"C012675",2.901243
"C049577",2,868,"C001904",1.710530
"C049578",5,21482,"C047883",5.563469
"C049579",1,5732,"C012734",1.150399
"C049580",5,21482,"C047883",8.717353
"C049582",5,21482,"C047883",13.021263
"C049587",3,16827,"C037407",5.010608
"C049588",5,21482,"C047883",8.991062
"C049589",3,16827,"C037407",8.342704
"C049594",1,5732,"C012734",17.270830
"C049595",5,21482,"C047883",14.591479
"C049597",0,5705,"C012675",2.569554
"C049600",3,16827,"C037407",3.992141
"C049601",1,5732,"C012734",15.355462
"C049603",5,21482,"C047883",7.025099
"C049604",5,21482,"C047883",3.206867
"C049605",5,21482,"C047883",4.533959
"C049607",1,5732,"C012734",3.524278
"C049611",5,21482,"C047883",8.585821
"C049615",5,21482,"C047883",5.361679
"C049617",5,21482,"C047883",2.895820
"C049619",2,868,"C001904",8.782257
"C049622",5,21482,"C047883",10.078173
"C049623",2,868,"C001904",8.679411
"C049630",5,21482,"C047883",9.573551
"C049631",3,16827,"C037407",1.034605
"C049632",1,5732,"C012734",11.460155
"C049637",1,5732,"C012734",8.469704
"C049638",2,868,"C001904",7.566828
"C049641",0,5705,"C012675",6.331830
"C049644",2,868,"C001904",2.618263
"C049645",1,5732,"C012734",13.654958
"C049646",2,868,"C001904",5.425435
"C049647",0,5705,"C012675",4.490336
"C049649",1,5732,"C012734",2.965852
"C049650",2,868,"C001904",1.688220
"C049653",5,21482,"C047883",13.592551
"C049658",4,9961,"C022249",5.270591
"C049660",2,868,"C001904",9.668417
"C049661",2,868,"C001904",4.392885
"C049664",0,5705,"C012675",7.617512
"C049669",0,5705,"C012675",4.740171
"C049671",0,5705,"C012675",5.796257
"C049672",3,16827,"C037407",2.391218
"C049674",2,868,"C001904",8.834266
"C049677",5,21482,"C047883",5.031895
"C049683",1,5732,"C012734",10.919795
"C049685",0,5705,"C012675",7.330260
"C049686",1,5732,"C012734",5.661614
"C049687",5,21482,"C047883",4.717194
"C049690",4,9961,"C022249",3.460784
"C049691",0,5705,"C012675",6.814390
"C049692",2,868,"C001904",4.283906
"C049693",5,21482,"C047883",13.251214
"C049696",2,868,"C001904",4.548979
"C049699",1,5732,"C012734",2.896441
"C049700",4,9961,"C022249",5.743080
"C049701",1,5732,"C012734",4.192557
"C049704",2,868,"C001904",9.449276
"C049705",1,5732,"C012734",14.812458
"C049706",1,5732,"C012734",14.841152
"C049709",5,21482,"C047883",5.002510
"C049711",5,21482,"C047883",8.603651
"C049713",1,5732,"C012734",15.353730
"C049716",0,5705,"C012675",3.002232
"C049717",3,16827,"C037407",5.612531
"C049718",2,868,"C001904",4.235578
"C049719",0,5705,"C012675",6.037995
"C049720",5,21482,"C047883",6.439974
"C049722",0,5705,"C012675",4.919999
"C049723",2,868,"C001904",5.085174
"C049726",5,21482,"C047883",5.999051
"C049733",5,21482,"C047883",11.047131
"C049734",2,868,"C001904",7.008242
"C049736",1,5732,"C012734",4.704722
"C049738",2,868,"C001904",2.817715
"C049741",0,5705,"C012675",8.697358
"C049743",1,5732,"C012734",4.723864
"C049744",5,21482,"C047883",2.597918
"C049745",0,5705,"C012675",0.422945
"C049746",5,21482,"C047883",13.773350
"C049749",4,9961,"C022249",4.873250
"C049752",3,16827,"C037407",5.714773
"C049754",3,16827,"C037407",7.553133
"C049755",1,5732,"C012734",6.426419
"C049759",4,9961,"C022249",1.939577
"C049763",0,5705,"C012675",3.789936
"C049765",5,21482,"C047883",7.100681
"C049767",0,5705,"C012675",4.279717
"C049768",2,868,"C001904",6.423177
"C049770",2,868,"C001904",6.917343
"C049772",5,21482,"C047883",6.489176
"C049775",0,5705,"C012675",2.878765
"C049776",5,21482,"C047883",1.534123
"C049777",1,5732,"C012734",6.892775
"C049779",5,21482,"C047883",4.676211
"C049784",1,5732,"C012734",7.054722
"C049785",3,16827,"C037407",8.207544
"C049786",0,5705,"C012675",4.357623
"C049787",1,5732,"C012734",7.443174
"C049790",5,21482,"C047883",5.802309
"C049793",5,21482,"C047883",5.918473
"C049795",1,5732,"C012734",3.412921
"C049796",4,9961,"C022249",4.542549
"C049797",5,21482,"C047883",5.696328
"C049799",4,9961,"C022249",3.101832
"C049801",3,16827,"C037407",3.105950
"C049802",5,21482,"C047883",6.825833
"C049803",3,16827,"C037407",2.880639
"C049806",3,16827,"C037407",7.767613
"C049808",5,21482,"C047883",7.856006
"C049809",2,868,"C001904",7.459005
"C049810",2,868,"C001904",6.829500
"C049818",1,5732,"C012734",3.959352
"C049820",1,5732,"C012734",16.238437
"C049821",5,21482,"C047883",5.177975
"C049823",5,21482,"C047883",4.151082
"C049828",0,5705,"C012675",7.063598
"C049830",2,868,"C001904",0.918445
"C049837",5,21482,"C047883",9.987145
"C049839",0,5705,"C012675",5.739783
"C049840",3,16827,"C037407",8.095935
"C049843",3,16827,"C037407",1.858996
"C049852",0,5705,"C012675",8.928879
"C049853",3,16827,"C037407",8.147338
"C049856",2,868,"C001904",4.995773
"C049863",3,16827,"C037407",2.662049
"C049864",5,21482,"C047883",12.536985
"C049866",2,868,"C001904",12.263744
"C049867",2,868,"C001904",2.247202
"C049868",3,16827,"C037407",1.890679
"C049869",1,5732,"C012734",2.599374
"C049870",5,21482,"C047883",3.077519
"C049873",4,9961,"C022249",2.991675
"C049875",0,5705,"C012675",9.895720
"C049876",2,868,"C001904",1.149204
"C049883",5,21482,"C047883",7.191931
"C049884",0,5705,"C012675",5.351512
"C049885",0,5705,"C012675",5.076984
"C049887",5,21482,"C047883",5.385077
"C049889",1,5732,"C012734",5.642491
"C049891",2,868,"C001904",3.832139
"C049892",3,16827,"C037407",6.563889
"C049893",2,868,"C001904",6.184304
"C049894",0,5705,"C012675",10.106028
"C049897",0,5705,"C012675",6.582677
"C049902",5,21482,"C047883",7.855356
"C049903",2,868,"C001904",5.664378
"C049906",1,5732,"C012734",5.943680
"C049911",3,16827,"C037407",1.030319
"C049914",5,21482,"C047883",10.125676
"C049915",2,868,"C001904",8.237436
"C049918",5,21482,"C047883",3.724831
"C049920",1,5732,"C012734",10.129584
"C049922",2,868,"C001904",1.950400
"C049924",5,21482,"C047883",6.308592
"C049927",3,16827,"C037407",4.866729
"C049929",1,5732,"C012734",8.894706
"C049930",2,868,"C001904",3.940596
"C049931",1,5732,"C012734",7.562772
"C049933",1,5732,"C012734",7.602160
"C049934",3,16827,"C037407",7.901748
"C049935",1,5732,"C012734",0.434922
"C049936",1,5732,"C012734",3.313821
"C049940",2,868,"C001904",1.913174
"C049941",5,21482,"C047883",14.456394
"C049942",5,21482,"C047883",11.570111
"C049946",3,16827,"C037407",3.038541
"C049951",0,5705,"C012675",3.713479
"C049953",2,868,"C001904",5.994969
"C049954",5,21482,"C047883",8.700150
"C049955",5,21482,"C047883",2.809501
"C049956",1,5732,"C012734",9.292990
"C049958",2,868,"C001904",4.123281
"C049963",3,16827,"C037407",4.326285
"C049967",2,868,"C001904",2.111259
"C049968",0,5705,"C012675",5.876104
"C049970",4,9961,"C022249",6.477432
"C049972",5,21482,"C047883",3.816389
"C049973",2,868,"C001904",3.771297
"C049976",1,5732,"C012734",9.123542
"C049978",2,868,"C001904",9.721601
"C049980",5,21482,"C047883",8.687945
"C049981",3,16827,"C037407",1.023816
"C049983",2,868,"C001904",3.888449
"C049986",5,21482,"C047883",9.351737
"C049991",5,21482,"C047883",0.864361
"C049993",1,5732,"C012734",0.858748
"C049995",5,21482,"C047883",2.001310
"C049996",4,9961,"C022249",3.269219
"C049998",1,5732,"C012734",4.153244
"C050000",0,5705,"C012675",1.263647
