customer_id,cluster_id,medoid_id,medoid_index,distance_km
C000007,7,C008032,630,2.277584
C000039,4,C001362,118,1.129035
C000048,0,C041816,3311,2.202475
C000085,0,C041816,3311,2.340028
C000092,6,C016665,1320,2.730054
C000120,5,C023800,1861,1.465454
C000126,0,C041816,3311,2.308986
C000135,6,C016665,1320,2.119569
C000143,2,C006463,501,0.163722
C000168,6,C016665,1320,1.593374
C000189,6,C016665,1320,2.017972
C000204,5,C023800,1861,2.771308
C000222,0,C041816,3311,1.998562
C000238,0,C041816,3311,2.119837
C000243,2,C006463,501,2.830536
C000247,6,C016665,1320,2.519537
C000256,5,C023800,1861,2.370036
C000263,2,C006463,501,2.108171
C000287,0,C041816,3311,2.128635
C000290,7,C008032,630,0.275137
C000294,5,C023800,1861,0.607453
C000296,1,C045643,3630,1.315341
C000316,6,C016665,1320,1.165195
C000318,6,C016665,1320,2.002910
C000323,2,C006463,501,3.074661
C000330,0,C041816,3311,1.961746
C000341,7,C008032,630,2.106402
C000352,2,C006463,501,1.283726
C000382,7,C008032,630,1.511283
C000393,7,C008032,630,0.765788
C000403,5,C023800,1861,2.003188
C000413,5,C023800,1861,3.169162
C000423,1,C045643,3630,1.561580
C000426,4,C001362,118,1.790595
C000427,5,C023800,1861,1.837450
C000437,4,C001362,118,2.156892
C000455,0,C041816,3311,2.683257
C000460,6,C016665,1320,2.697774
C000475,0,C041816,3311,2.627485
C000492,5,C023800,1861,2.345502
C000496,4,C001362,118,0.409084
C000513,5,C023800,1861,2.779615
C000518,1,C045643,3630,1.300088
C000523,6,C016665,1320,2.512465
C000532,1,C045643,3630,2.347286
C000574,6,C016665,1320,1.533647
C000580,6,C016665,1320,0.913485
C000603,4,C001362,118,2.235601
C000614,5,C023800,1861,1.207998
C000618,4,C001362,118,1.242703
C000621,7,C008032,630,2.141802
C000624,4,C001362,118,1.028514
C000634,0,C041816,3311,2.515407
C000638,7,C008032,630,2.529793
C000642,6,C016665,1320,2.262039
C000643,6,C016665,1320,1.439213
C000654,2,C006463,501,0.192262
C000662,3,C038542,3084,1.566747
C000666,3,C038542,3084,0.776065
C000673,2,C006463,501,1.947857
C000686,3,C038542,3084,1.092523
C000697,0,C041816,3311,2.288136
C000701,5,C023800,1861,0.378579
C000708,4,C001362,118,1.691699
C000728,1,C045643,3630,1.983811
C000748,5,C023800,1861,0.904073
C000764,6,C016665,1320,1.502015
C000771,3,C038542,3084,0.701906
C000779,7,C008032,630,1.673140
C000786,6,C016665,1320,2.009295
C000787,7,C008032,630,2.157207
C000805,4,C001362,118,0.798789
C000808,3,C038542,3084,3.008745
C000814,6,C016665,1320,1.130115
C000824,2,C006463,501,2.135246
C000832,5,C023800,1861,2.599246
C000839,5,C023800,1861,1.566095
C000845,6,C016665,1320,1.293090
C000855,2,C006463,501,0.735225
C000862,0,C041816,3311,2.519782
C000905,0,C041816,3311,3.202462
C000908,7,C008032,630,1.689833
C000929,4,C001362,118,2.541739
C000955,3,C038542,3084,2.251058
C000989,5,C023800,1861,2.028283
C001016,0,C041816,3311,2.184249
C001030,6,C016665,1320,1.936053
C001039,6,C016665,1320,1.440639
C001067,7,C008032,630,1.617585
C001074,7,C008032,630,1.499626
C001076,3,C038542,3084,1.710551
C001079,0,C041816,3311,0.920223
C001088,3,C038542,3084,0.592394
C001112,5,C023800,1861,1.213856
C001137,0,C041816,3311,1.466700
C001139,4,C001362,118,2.714893
C001143,6,C016665,1320,2.431635
C001156,6,C016665,1320,1.463116
C001178,0,C041816,3311,2.140361
C001194,7,C008032,630,2.347754
C001199,1,C045643,3630,2.333826
C001203,2,C006463,501,2.017570
C001210,1,C045643,3630,1.249805
C001212,0,C041816,3311,2.385075
C001215,5,C023800,1861,0.781266
C001234,5,C023800,1861,1.677908
C001236,0,C041816,3311,1.757760
C001259,2,C006463,501,2.596443
C001267,5,C023800,1861,2.322580
C001270,3,C038542,3084,2.323072
C001276,1,C045643,3630,1.917723
C001280,1,C045643,3630,1.986348
C001293,3,C038542,3084,2.150860
C001308,4,C001362,118,0.050538
C001320,0,C041816,3311,1.104513
C001329,5,C023800,1861,2.402803
C001351,3,C038542,3084,1.850312
C001355,1,C045643,3630,2.194625
C001362,4,C001362,118,0.000000
C001363,6,C016665,1320,1.690811
C001371,0,C041816,3311,1.123328
C001374,5,C023800,1861,2.633198
C001381,3,C038542,3084,1.722120
C001392,0,C041816,3311,2.690371
C001398,0,C041816,3311,2.576175
C001402,4,C001362,118,1.848727
C001404,4,C001362,118,1.186243
C001458,1,C045643,3630,2.784654
C001470,0,C041816,3311,2.823535
C001478,4,C001362,118,1.957431
C001489,5,C023800,1861,2.508623
C001499,7,C008032,630,1.116867
C001523,0,C041816,3311,1.119627
C001528,2,C006463,501,0.398379
C001542,7,C008032,630,3.045748
C001558,0,C041816,3311,0.492530
C001585,2,C006463,501,0.557431
C001591,7,C008032,630,0.186868
C001606,2,C006463,501,2.061062
C001608,3,C038542,3084,2.275637
C001632,2,C006463,501,1.163024
C001657,5,C023800,1861,2.233610
C001665,3,C038542,3084,2.333048
C001670,2,C006463,501,2.750977
C001671,4,C001362,118,1.133643
C001692,2,C006463,501,1.986271
C001696,5,C023800,1861,1.626807
C001701,0,C041816,3311,1.102952
C001712,5,C023800,1861,1.967716
C001757,5,C023800,1861,1.894030
C001773,6,C016665,1320,0.887775
C001782,7,C008032,630,2.629677
C001795,5,C023800,1861,2.222409
C001800,5,C023800,1861,2.450419
C001805,0,C041816,3311,1.142689
C001810,4,C001362,118,2.881038
C001828,6,C016665,1320,2.197075
C001830,4,C001362,118,1.321461
C001833,5,C023800,1861,2.534694
C001836,4,C001362,118,2.681212
C001842,4,C001362,118,1.041712
C001850,0,C041816,3311,2.903549
C001871,3,C038542,3084,1.554625
C001895,3,C038542,3084,1.207202
C001908,6,C016665,1320,3.434484
C001909,2,C006463,501,1.497590
C001911,4,C001362,118,1.062263
C001924,7,C008032,630,2.575097
C001927,1,C045643,3630,2.430106
C001932,3,C038542,3084,1.524570
C001935,3,C038542,3084,1.113570
C001940,2,C006463,501,2.140365
C002019,0,C041816,3311,2.102133
C002021,5,C023800,1861,2.624245
C002039,4,C001362,118,0.992805
C002053,1,C045643,3630,2.154780
C002079,5,C023800,1861,1.248411
C002091,1,C045643,3630,1.664587
C002120,1,C045643,3630,1.555010
C002127,2,C006463,501,2.558771
C002146,2,C006463,501,2.420864
C002162,3,C038542,3084,2.464703
C002176,5,C023800,1861,2.384455
C002180,2,C006463,501,2.258219
C002186,5,C023800,1861,2.379075
C002231,5,C023800,1861,1.098125
C002232,0,C041816,3311,1.507022
C002242,2,C006463,501,1.394776
C002249,6,C016665,1320,1.407204
C002253,4,C001362,118,2.359026
C002266,7,C008032,630,2.693441
C002269,2,C006463,501,2.584441
C002280,2,C006463,501,1.940480
C002313,1,C045643,3630,1.468284
C002323,7,C008032,630,0.528309
C002352,4,C001362,118,3.052362
C002377,4,C001362,118,1.642602
C002402,7,C008032,630,2.017476
C002421,1,C045643,3630,0.144516
C002439,3,C038542,3084,1.183358
C002441,5,C023800,1861,1.185691
C002472,4,C001362,118,3.038676
C002488,1,C045643,3630,2.972676
C002496,7,C008032,630,0.860642
C002509,4,C001362,118,3.473194
C002528,1,C045643,3630,2.548590
C002532,0,C041816,3311,2.130243
C002552,6,C016665,1320,1.299870
C002619,4,C001362,118,2.197411
C002643,0,C041816,3311,2.698422
C002660,4,C001362,118,1.656031
C002671,1,C045643,3630,1.886162
C002673,5,C023800,1861,1.310533
C002674,0,C041816,3311,1.142504
C002697,7,C008032,630,2.241426
C002711,1,C045643,3630,0.789526
C002716,5,C023800,1861,1.163793
C002741,0,C041816,3311,1.880932
C002746,3,C038542,3084,1.254182
C002748,6,C016665,1320,0.676890
C002751,5,C023800,1861,1.426346
C002758,2,C006463,501,2.734320
C002761,3,C038542,3084,1.680563
C002771,4,C001362,118,2.585365
C002772,3,C038542,3084,1.383832
C002785,0,C041816,3311,2.019925
C002821,6,C016665,1320,1.290465
C002838,2,C006463,501,2.234170
C002861,5,C023800,1861,2.665059
C002867,6,C016665,1320,1.547308
C002885,1,C045643,3630,1.370550
C002905,7,C008032,630,1.916832
C002947,7,C008032,630,1.308028
C002962,5,C023800,1861,2.294240
C002968,3,C038542,3084,0.622352
C002969,4,C001362,118,1.212052
C002972,2,C006463,501,1.301366
C003001,0,C041816,3311,3.058052
C003017,3,C038542,3084,1.888424
C003024,3,C038542,3084,0.723088
C003028,2,C006463,501,1.586737
C003034,2,C006463,501,0.868197
C003035,7,C008032,630,1.959961
C003050,3,C038542,3084,2.502581
C003056,7,C008032,630,1.031100
C003068,0,C041816,3311,2.791191
C003072,6,C016665,1320,1.022813
C003074,0,C041816,3311,2.408831
C003087,5,C023800,1861,2.246426
C003093,5,C023800,1861,2.029774
C003096,5,C023800,1861,1.939163
C003099,2,C006463,501,2.294359
C003159,0,C041816,3311,2.641803
C003166,1,C045643,3630,2.370401
C003168,7,C008032,630,0.885392
C003197,5,C023800,1861,2.717871
C003232,5,C023800,1861,0.570498
C003241,3,C038542,3084,1.719771
C003249,7,C008032,630,2.080922
C003257,4,C001362,118,2.405703
C003258,7,C008032,630,1.875979
C003292,5,C023800,1861,1.085251
C003299,7,C008032,630,1.135795
C003307,6,C016665,1320,1.696174
C003317,0,C041816,3311,0.274707
C003323,3,C038542,3084,2.873036
C003325,0,C041816,3311,1.649303
C003339,3,C038542,3084,1.794252
C003396,3,C038542,3084,2.796309
C003398,7,C008032,630,0.981139
C003402,1,C045643,3630,1.587154
C003412,6,C016665,1320,0.407076
C003428,1,C045643,3630,1.578836
C003443,4,C001362,118,2.163141
C003466,3,C038542,3084,1.785585
C003467,4,C001362,118,1.875435
C003470,2,C006463,501,1.802486
C003525,1,C045643,3630,1.615133
C003555,1,C045643,3630,2.569607
C003583,3,C038542,3084,1.901656
C003598,5,C023800,1861,1.487742
C003605,4,C001362,118,3.403189
C003610,3,C038542,3084,3.085217
C003612,6,C016665,1320,2.703532
C003639,6,C016665,1320,2.524230
C003642,1,C045643,3630,0.266087
C003649,0,C041816,3311,1.827067
C003653,3,C038542,3084,1.739246
C003658,1,C045643,3630,1.441598
C003665,6,C016665,1320,1.804095
C003669,6,C016665,1320,1.512322
C003690,5,C023800,1861,1.124240
C003739,6,C016665,1320,1.212545
C003770,6,C016665,1320,0.716322
C003783,0,C041816,3311,2.865981
C003822,1,C045643,3630,1.775977
C003828,3,C038542,3084,1.978413
C003839,7,C008032,630,2.248839
C003851,2,C006463,501,2.045807
C003861,4,C001362,118,1.631479
C003873,2,C006463,501,2.639172
C003878,6,C016665,1320,1.227814
C003882,2,C006463,501,2.937308
C003883,2,C006463,501,1.913996
C003893,7,C008032,630,2.276477
C003908,2,C006463,501,1.787635
C003930,2,C006463,501,2.826754
C003956,7,C008032,630,2.588819
C003957,2,C006463,501,1.643138
C003962,0,C041816,3311,0.477963
C003965,2,C006463,501,2.226153
C003985,5,C023800,1861,3.606583
C004002,2,C006463,501,2.141395
C004015,3,C038542,3084,2.106308
C004024,3,C038542,3084,2.031746
C004043,2,C006463,501,1.307290
C004044,4,C001362,118,1.185740
C004047,2,C006463,501,2.180083
C004055,7,C008032,630,2.000747
C004061,5,C023800,1861,1.238206
C004063,2,C006463,501,2.315133
C004085,1,C045643,3630,1.957041
C004109,6,C016665,1320,2.240709
C004121,4,C001362,118,2.457063
C004123,4,C001362,118,0.386934
C004126,2,C006463,501,2.120422
C004134,0,C041816,3311,3.279355
C004136,5,C023800,1861,2.057931
C004137,5,C023800,1861,3.301474
C004146,5,C023800,1861,2.793065
C004151,5,C023800,1861,2.215492
C004165,5,C023800,1861,2.279671
C004166,7,C008032,630,1.494414
C004183,1,C045643,3630,1.017392
C004188,0,C041816,3311,2.236639
C004190,5,C023800,1861,2.347028
C004231,7,C008032,630,2.125576
C004233,1,C045643,3630,2.217735
C004235,7,C008032,630,1.931423
C004240,5,C023800,1861,1.181719
C004258,2,C006463,501,1.824525
C004265,4,C001362,118,2.186910
C004266,1,C045643,3630,1.856711
C004268,2,C006463,501,1.248471
C004319,7,C008032,630,1.955737
C004334,2,C006463,501,1.599936
C004352,2,C006463,501,2.272658
C004368,1,C045643,3630,1.856691
C004400,4,C001362,118,1.824664
C004405,2,C006463,501,2.660191
C004406,4,C001362,118,1.810703
C004424,0,C041816,3311,0.303375
C004426,5,C023800,1861,2.924018
C004428,5,C023800,1861,2.273538
C004454,6,C016665,1320,1.283212
C004455,1,C045643,3630,2.053979
C004469,2,C006463,501,2.195173
C004476,0,C041816,3311,2.479546
C004504,6,C016665,1320,1.987873
C004516,3,C038542,3084,1.740627
C004530,2,C006463,501,1.407322
C004531,5,C023800,1861,2.468184
C004536,4,C001362,118,1.284052
C004541,7,C008032,630,1.402057
C004551,5,C023800,1861,2.623544
C004554,0,C041816,3311,0.148689
C004572,7,C008032,630,0.657770
C004591,0,C041816,3311,2.842994
C004595,3,C038542,3084,1.047820
C004610,3,C038542,3084,1.289174
C004611,3,C038542,3084,3.402285
C004616,7,C008032,630,2.151627
C004633,7,C008032,630,1.467076
C004635,7,C008032,630,2.150627
C004656,3,C038542,3084,1.288901
C004689,6,C016665,1320,0.538749
C004701,4,C001362,118,2.151459
C004704,1,C045643,3630,2.277628
C004705,3,C038542,3084,0.203636
C004712,4,C001362,118,1.490423
C004723,6,C016665,1320,0.465695
C004758,5,C023800,1861,2.637671
C004763,4,C001362,118,2.181670
C004772,7,C008032,630,1.283964
C004786,4,C001362,118,2.277278
C004792,2,C006463,501,2.469269
C004793,7,C008032,630,1.377683
C004808,3,C038542,3084,2.525091
C004826,4,C001362,118,2.420876
C004840,5,C023800,1861,2.688305
C004843,3,C038542,3084,0.822823
C004865,5,C023800,1861,2.008478
C004874,5,C023800,1861,1.026463
C004888,7,C008032,630,1.365512
C004897,3,C038542,3084,2.101788
C004960,3,C038542,3084,1.333725
C004986,2,C006463,501,2.102131
C004987,7,C008032,630,2.288462
C004992,7,C008032,630,2.922239
C004999,1,C045643,3630,2.031034
C005021,2,C006463,501,1.842592
C005022,3,C038542,3084,1.356547
C005025,2,C006463,501,1.767535
C005041,1,C045643,3630,1.643675
C005063,2,C006463,501,1.099870
C005099,7,C008032,630,2.513787
C005108,1,C045643,3630,2.224539
C005109,6,C016665,1320,2.547064
C005119,3,C038542,3084,1.843939
C005140,1,C045643,3630,1.836999
C005158,3,C038542,3084,1.970582
C005229,2,C006463,501,2.197759
C005230,0,C041816,3311,3.033243
C005239,4,C001362,118,0.611066
C005241,3,C038542,3084,2.248216
C005244,1,C045643,3630,1.906831
C005248,2,C006463,501,0.633882
C005288,5,C023800,1861,2.410702
C005297,1,C045643,3630,1.014913
C005307,4,C001362,118,0.940445
C005343,1,C045643,3630,2.049401
C005351,7,C008032,630,2.343682
C005362,4,C001362,118,1.720111
C005366,0,C041816,3311,2.734021
C005384,6,C016665,1320,1.233728
C005386,6,C016665,1320,2.264078
C005394,7,C008032,630,2.261053
C005402,6,C016665,1320,1.077151
C005456,7,C008032,630,2.253501
C005491,0,C041816,3311,2.285708
C005508,0,C041816,3311,1.669287
C005517,1,C045643,3630,3.062681
C005540,4,C001362,118,0.967924
C005545,2,C006463,501,2.095379
C005546,6,C016665,1320,2.355335
C005547,6,C016665,1320,2.242083
C005561,2,C006463,501,1.870747
C005624,3,C038542,3084,2.281048
C005635,5,C023800,1861,2.490057
C005653,5,C023800,1861,0.665469
C005671,6,C016665,1320,1.422444
C005683,6,C016665,1320,1.250318
C005701,2,C006463,501,1.173781
C005707,0,C041816,3311,2.729870
C005717,3,C038542,3084,1.472238
C005723,0,C041816,3311,1.930864
C005731,3,C038542,3084,1.720605
C005733,4,C001362,118,1.781282
C005734,3,C038542,3084,1.992796
C005740,6,C016665,1320,1.870447
C005759,6,C016665,1320,2.073536
C005785,3,C038542,3084,2.399840
C005788,3,C038542,3084,1.994522
C005790,6,C016665,1320,2.718364
C005820,0,C041816,3311,2.390116
C005829,0,C041816,3311,0.645446
C005863,5,C023800,1861,1.363462
C005929,4,C001362,118,2.446054
C005933,5,C023800,1861,0.946897
C005935,3,C038542,3084,0.470195
C005945,2,C006463,501,1.257598
C005957,3,C038542,3084,1.704736
C005975,2,C006463,501,2.138829
C005976,4,C001362,118,1.670321
C005996,7,C008032,630,1.163688
C006048,2,C006463,501,1.778434
C006071,1,C045643,3630,0.699350
C006083,5,C023800,1861,1.028499
C006092,0,C041816,3311,1.852591
C006102,5,C023800,1861,2.202376
C006107,5,C023800,1861,1.973711
C006126,3,C038542,3084,1.860952
C006142,7,C008032,630,1.259324
C006147,5,C023800,1861,0.565419
C006148,7,C008032,630,2.930554
C006154,6,C016665,1320,2.615775
C006161,7,C008032,630,2.348062
C006184,0,C041816,3311,2.543095
C006188,2,C006463,501,2.812271
C006192,5,C023800,1861,1.284634
C006198,1,C045643,3630,0.599155
C006202,0,C041816,3311,1.774645
C006203,2,C006463,501,1.887600
C006217,6,C016665,1320,1.238817
C006218,7,C008032,630,0.636020
C006251,4,C001362,118,1.532268
C006255,1,C045643,3630,1.913741
C006307,1,C045643,3630,1.894740
C006308,3,C038542,3084,1.566321
C006325,1,C045643,3630,2.009902
C006326,7,C008032,630,1.576021
C006348,7,C008032,630,1.976142
C006354,5,C023800,1861,2.426336
C006365,5,C023800,1861,1.449063
C006379,6,C016665,1320,2.262168
C006388,3,C038542,3084,1.468925
C006396,7,C008032,630,2.352194
C006412,3,C038542,3084,1.990989
C006432,4,C001362,118,2.557317
C006453,7,C008032,630,1.654926
C006460,5,C023800,1861,2.538746
C006463,2,C006463,501,0.000000
C006485,0,C041816,3311,2.096369
C006528,7,C008032,630,0.894109
C006537,7,C008032,630,2.291245
C006539,2,C006463,501,0.671504
C006548,3,C038542,3084,0.758438
C006564,4,C001362,118,2.082085
C006576,3,C038542,3084,1.960700
C006588,1,C045643,3630,1.958074
C006589,4,C001362,118,0.984735
C006597,2,C006463,501,2.540880
C006607,2,C006463,501,1.489939
C006608,2,C006463,501,0.494261
C006635,5,C023800,1861,3.131942
C006640,1,C045643,3630,1.985467
C006682,3,C038542,3084,2.757391
C006688,2,C006463,501,2.227587
C006726,7,C008032,630,1.377507
C006727,6,C016665,1320,1.742169
C006732,4,C001362,118,2.241350
C006735,1,C045643,3630,2.790996
C006745,5,C023800,1861,3.289536
C006751,6,C016665,1320,1.594866
C006752,6,C016665,1320,2.074965
C006755,1,C045643,3630,2.836106
C006758,5,C023800,1861,1.916540
C006774,6,C016665,1320,2.346125
C006783,1,C045643,3630,1.079514
C006793,5,C023800,1861,1.579873
C006802,0,C041816,3311,2.422238
C006805,7,C008032,630,2.718021
C006808,3,C038542,3084,2.284018
C006819,5,C023800,1861,2.227128
C006880,2,C006463,501,0.725420
C006884,2,C006463,501,1.846542
C006896,5,C023800,1861,3.220757
C006898,5,C023800,1861,1.137231
C006903,4,C001362,118,1.789481
C006912,0,C041816,3311,1.450385
C006942,2,C006463,501,0.918486
C006944,2,C006463,501,1.596931
C006945,6,C016665,1320,1.103100
C006951,5,C023800,1861,2.071870
C006954,6,C016665,1320,1.803023
C006962,0,C041816,3311,1.652800
C006971,7,C008032,630,1.628107
C006980,4,C001362,118,2.276018
C006986,3,C038542,3084,1.878975
C006997,0,C041816,3311,1.961309
C007009,6,C016665,1320,2.112847
C007034,5,C023800,1861,1.967590
C007052,2,C006463,501,1.619702
C007058,0,C041816,3311,2.111193
C007060,7,C008032,630,2.139755
C007087,0,C041816,3311,1.714437
C007130,5,C023800,1861,1.236011
C007151,0,C041816,3311,2.597872
C007158,0,C041816,3311,0.972695
C007179,2,C006463,501,2.652526
C007182,6,C016665,1320,2.192295
C007225,3,C038542,3084,0.867051
C007243,7,C008032,630,2.110721
C007250,2,C006463,501,0.869097
C007279,6,C016665,1320,2.854666
C007343,1,C045643,3630,2.890806
C007347,1,C045643,3630,2.025431
C007349,5,C023800,1861,0.937028
C007361,0,C041816,3311,1.651360
C007364,1,C045643,3630,0.882313
C007376,5,C023800,1861,1.822729
C007384,5,C023800,1861,1.421430
C007401,0,C041816,3311,2.200831
C007447,2,C006463,501,1.926520
C007451,5,C023800,1861,1.396207
C007475,3,C038542,3084,1.286610
C007476,1,C045643,3630,1.153978
C007480,4,C001362,118,2.187776
C007483,3,C038542,3084,0.888801
C007491,7,C008032,630,1.956957
C007522,2,C006463,501,2.209096
C007531,7,C008032,630,0.543591
C007534,3,C038542,3084,1.969144
C007547,3,C038542,3084,1.618608
C007548,7,C008032,630,0.059727
C007562,2,C006463,501,0.866933
C007591,3,C038542,3084,2.096941
C007631,5,C023800,1861,1.099083
C007638,0,C041816,3311,2.368375
C007641,2,C006463,501,1.282600
C007658,5,C023800,1861,1.443172
C007671,2,C006463,501,1.549301
C007673,5,C023800,1861,1.541646
C007681,7,C008032,630,1.078440
C007689,4,C001362,118,1.576311
C007691,1,C045643,3630,0.806017
C007713,6,C016665,1320,0.656287
C007714,3,C038542,3084,2.082323
C007737,7,C008032,630,2.541667
C007748,3,C038542,3084,0.399377
C007754,5,C023800,1861,2.414971
C007767,6,C016665,1320,1.625703
C007783,5,C023800,1861,1.838876
C007808,0,C041816,3311,2.021475
C007810,2,C006463,501,2.316298
C007818,1,C045643,3630,2.603897
C007828,7,C008032,630,0.856844
C007840,7,C008032,630,2.319618
C007852,0,C041816,3311,1.294689
C007864,3,C038542,3084,1.794924
C007865,6,C016665,1320,2.046559
C007868,2,C006463,501,1.197027
C007870,1,C045643,3630,1.297339
C007872,1,C045643,3630,2.420790
C007875,0,C041816,3311,1.346447
C007876,6,C016665,1320,2.137857
C007887,6,C016665,1320,1.381750
C007913,1,C045643,3630,2.260958
C007940,6,C016665,1320,0.900974
C007947,4,C001362,118,3.438416
C007951,2,C006463,501,1.010965
C007954,7,C008032,630,1.833810
C007967,6,C016665,1320,1.264517
C007970,7,C008032,630,2.092690
C007973,6,C016665,1320,0.612174
C007985,4,C001362,118,2.389872
C007992,1,C045643,3630,0.988339
C007995,5,C023800,1861,2.263430
C008010,0,C041816,3311,1.670287
C008019,4,C001362,118,2.199489
C008032,7,C008032,630,0.000000
C008033,3,C038542,3084,2.367437
C008052,5,C023800,1861,1.562925
C008058,3,C038542,3084,1.838272
C008063,0,C041816,3311,2.823325
C008080,1,C045643,3630,1.984432
C008086,6,C016665,1320,2.702773
C008117,7,C008032,630,0.639023
C008129,7,C008032,630,2.222650
C008130,0,C041816,3311,1.598280
C008137,6,C016665,1320,2.247910
C008141,3,C038542,3084,0.532955
C008163,0,C041816,3311,1.573671
C008164,2,C006463,501,3.086127
C008165,0,C041816,3311,0.465448
C008184,6,C016665,1320,2.426827
C008185,2,C006463,501,2.558969
C008197,6,C016665,1320,1.691908
C008230,7,C008032,630,1.366915
C008242,2,C006463,501,0.821054
C008250,3,C038542,3084,1.833351
C008254,2,C006463,501,2.332868
C008256,5,C023800,1861,2.265905
C008266,4,C001362,118,1.434946
C008285,6,C016665,1320,2.371343
C008292,2,C006463,501,2.366642
C008310,1,C045643,3630,1.345533
C008357,3,C038542,3084,1.147127
C008362,6,C016665,1320,1.805541
C008366,5,C023800,1861,0.343507
C008373,0,C041816,3311,2.589279
C008387,4,C001362,118,1.651884
C008460,1,C045643,3630,2.266979
C008461,6,C016665,1320,0.707623
C008485,7,C008032,630,2.517114
C008494,0,C041816,3311,1.920122
C008497,5,C023800,1861,1.294207
C008504,5,C023800,1861,1.279361
C008513,6,C016665,1320,2.593392
C008536,2,C006463,501,1.484698
C008562,7,C008032,630,1.928702
C008570,4,C001362,118,2.879343
C008626,2,C006463,501,1.761436
C008652,7,C008032,630,2.266588
C008653,7,C008032,630,1.374350
C008656,0,C041816,3311,2.760747
C008685,5,C023800,1861,1.203447
C008696,6,C016665,1320,1.718445
C008697,1,C045643,3630,2.410984
C008731,6,C016665,1320,1.897988
C008733,2,C006463,501,2.511737
C008765,1,C045643,3630,0.733469
C008778,0,C041816,3311,2.164327
C008790,4,C001362,118,1.590222
C008809,0,C041816,3311,2.790608
C008812,5,C023800,1861,0.059859
C008817,1,C045643,3630,0.959140
C008820,7,C008032,630,1.886487
C008822,0,C041816,3311,2.363694
C008849,4,C001362,118,2.134700
C008867,0,C041816,3311,1.918719
C008869,7,C008032,630,1.074765
C008871,0,C041816,3311,2.063658
C008872,5,C023800,1861,0.915035
C008909,2,C006463,501,1.209972
C008924,0,C041816,3311,1.374766
C008936,1,C045643,3630,1.668344
C008937,3,C038542,3084,2.291987
C008947,4,C001362,118,1.107208
C008955,7,C008032,630,2.159134
C008974,3,C038542,3084,1.283698
C008975,3,C038542,3084,1.955703
C008988,4,C001362,118,2.169934
C008994,7,C008032,630,1.670104
C009001,7,C008032,630,0.433680
C009043,5,C023800,1861,2.172129
C009052,0,C041816,3311,2.314904
C009059,2,C006463,501,2.163813
C009068,4,C001362,118,1.894678
C009116,4,C001362,118,1.126734
C009118,0,C041816,3311,2.171063
C009122,2,C006463,501,2.800609
C009134,3,C038542,3084,3.140649
C009140,1,C045643,3630,1.836018
C009155,0,C041816,3311,2.895559
C009162,3,C038542,3084,0.289608
C009170,2,C006463,501,2.248598
C009173,3,C038542,3084,0.801287
C009192,4,C001362,118,1.674292
C009199,3,C038542,3084,1.985073
C009204,6,C016665,1320,1.607978
C009208,2,C006463,501,2.132914
C009210,7,C008032,630,0.615797
C009236,7,C008032,630,0.891385
C009238,5,C023800,1861,2.024886
C009243,7,C008032,630,0.655222
C009277,4,C001362,118,1.902931
C009284,5,C023800,1861,1.606443
C009295,5,C023800,1861,0.556785
C009312,2,C006463,501,1.480902
C009328,0,C041816,3311,2.096169
C009331,2,C006463,501,2.082349
C009333,5,C023800,1861,1.935981
C009334,5,C023800,1861,2.571638
C009348,3,C038542,3084,2.644137
C009355,4,C001362,118,2.198546
C009358,1,C045643,3630,1.901879
C009428,3,C038542,3084,2.020536
C009442,6,C016665,1320,0.746561
C009499,7,C008032,630,1.835707
C009504,5,C023800,1861,1.247462
C009505,4,C001362,118,1.888327
C009517,2,C006463,501,2.609375
C009529,5,C023800,1861,1.410131
C009549,0,C041816,3311,0.920969
C009550,6,C016665,1320,1.770738
C009562,4,C001362,118,2.874736
C009570,4,C001362,118,1.591047
C009571,7,C008032,630,2.784527
C009579,5,C023800,1861,3.735177
C009581,7,C008032,630,1.522265
C009589,0,C041816,3311,2.004212
C009593,7,C008032,630,0.346924
C009594,2,C006463,501,0.412671
C009605,3,C038542,3084,1.551626
C009628,3,C038542,3084,2.298272
C009630,0,C041816,3311,2.710730
C009634,0,C041816,3311,0.918320
C009638,0,C041816,3311,1.796705
C009642,3,C038542,3084,1.236327
C009663,5,C023800,1861,1.974758
C009673,2,C006463,501,2.055930
C009677,7,C008032,630,0.649244
C009693,5,C023800,1861,3.117378
C009745,5,C023800,1861,2.236471
C009766,4,C001362,118,2.070495
C009812,2,C006463,501,1.650284
C009834,1,C045643,3630,1.731815
C009843,2,C006463,501,2.681744
C009879,1,C045643,3630,2.182184
C009883,7,C008032,630,1.731100
C009885,7,C008032,630,2.698989
C009900,0,C041816,3311,2.250727
C009921,5,C023800,1861,2.895500
C009935,3,C038542,3084,2.057324
C009946,0,C041816,3311,1.978914
C009955,2,C006463,501,2.356480
C009958,1,C045643,3630,1.283632
C009977,3,C038542,3084,1.552043
C009984,5,C023800,1861,0.467444
C009998,1,C045643,3630,2.520995
C010008,6,C016665,1320,2.610301
C010009,0,C041816,3311,1.817865
C010045,5,C023800,1861,2.623239
C010056,4,C001362,118,2.633118
C010057,7,C008032,630,1.644655
C010065,5,C023800,1861,2.451516
C010075,6,C016665,1320,1.435637
C010076,5,C023800,1861,3.192795
C010089,6,C016665,1320,1.998403
C010091,2,C006463,501,0.921480
C010095,1,C045643,3630,1.966553
C010104,7,C008032,630,2.057878
C010106,5,C023800,1861,2.321709
C010153,7,C008032,630,1.170550
C010160,4,C001362,118,1.733867
C010175,7,C008032,630,2.155266
C010176,5,C023800,1861,1.791482
C010188,5,C023800,1861,1.807152
C010191,3,C038542,3084,1.144262
C010195,5,C023800,1861,3.239118
C010203,6,C016665,1320,2.527507
C010214,2,C006463,501,1.731259
C010256,7,C008032,630,2.478713
C010257,2,C006463,501,1.715885
C010274,0,C041816,3311,2.333469
C010307,5,C023800,1861,2.350695
C010360,7,C008032,630,2.532717
C010368,6,C016665,1320,2.089746
C010377,7,C008032,630,2.707234
C010393,0,C041816,3311,2.720498
C010398,4,C001362,118,1.909195
C010400,5,C023800,1861,3.728465
C010439,7,C008032,630,2.739151
C010453,7,C008032,630,2.232054
C010523,7,C008032,630,1.642414
C010529,1,C045643,3630,2.216037
C010533,3,C038542,3084,2.870039
C010538,0,C041816,3311,0.973945
C010549,0,C041816,3311,2.484632
C010563,2,C006463,501,1.181223
C010565,1,C045643,3630,1.642379
C010566,2,C006463,501,1.682140
C010572,6,C016665,1320,2.531614
C010588,2,C006463,501,1.821993
C010591,6,C016665,1320,2.346925
C010592,4,C001362,118,3.010507
C010602,7,C008032,630,0.320720
C010611,7,C008032,630,1.621263
C010653,5,C023800,1861,1.380821
C010661,1,C045643,3630,1.574545
C010668,2,C006463,501,1.109984
C010675,1,C045643,3630,1.280720
C010714,5,C023800,1861,2.068889
C010723,1,C045643,3630,1.624960
C010728,5,C023800,1861,1.997950
C010797,5,C023800,1861,2.578789
C010823,7,C008032,630,0.505311
C010825,4,C001362,118,1.810033
C010826,1,C045643,3630,2.513550
C010831,3,C038542,3084,0.401917
C010882,4,C001362,118,2.382238
C010902,4,C001362,118,0.513673
C010923,0,C041816,3311,1.772981
C010930,3,C038542,3084,2.298961
C010942,5,C023800,1861,0.334496
C010966,6,C016665,1320,2.420146
C010971,0,C041816,3311,1.055652
C010986,0,C041816,3311,1.989092
C011000,1,C045643,3630,1.059798
C011008,1,C045643,3630,0.440587
C011025,5,C023800,1861,1.555490
C011036,5,C023800,1861,2.908652
C011040,2,C006463,501,1.481092
C011079,1,C045643,3630,0.901599
C011105,2,C006463,501,1.854363
C011113,2,C006463,501,1.473840
C011127,0,C041816,3311,2.545432
C011138,1,C045643,3630,1.752169
C011149,3,C038542,3084,0.479175
C011162,2,C006463,501,1.866825
C011164,2,C006463,501,2.063496
C011166,7,C008032,630,3.038825
C011172,1,C045643,3630,1.371076
C011175,0,C041816,3311,1.254613
C011176,4,C001362,118,2.244926
C011187,7,C008032,630,0.921615
C011233,7,C008032,630,0.348325
C011237,3,C038542,3084,2.511009
C011257,2,C006463,501,1.440044
C011258,6,C016665,1320,1.003773
C011264,3,C038542,3084,1.012199
C011270,7,C008032,630,1.278152
C011285,4,C001362,118,2.385048
C011286,5,C023800,1861,1.881011
C011304,1,C045643,3630,2.584982
C011318,4,C001362,118,2.728498
C011336,7,C008032,630,1.472930
C011339,5,C023800,1861,1.848263
C011366,4,C001362,118,0.113805
C011379,0,C041816,3311,2.439916
C011385,2,C006463,501,2.020789
C011387,3,C038542,3084,2.209297
C011407,6,C016665,1320,1.696495
C011413,2,C006463,501,1.573841
C011417,5,C023800,1861,2.233824
C011429,6,C016665,1320,0.774283
C011434,1,C045643,3630,0.641808
C011435,2,C006463,501,3.153406
C011474,6,C016665,1320,1.715301
C011476,5,C023800,1861,1.489083
C011486,2,C006463,501,1.721198
C011543,2,C006463,501,1.745236
C011550,6,C016665,1320,1.712714
C011566,5,C023800,1861,2.677836
C011567,0,C041816,3311,1.388115
C011579,2,C006463,501,2.457451
C011584,5,C023800,1861,0.327189
C011585,7,C008032,630,1.807517
C011591,5,C023800,1861,1.961318
C011596,4,C001362,118,1.515533
C011597,0,C041816,3311,1.706184
C011598,0,C041816,3311,1.369938
C011603,5,C023800,1861,1.352460
C011604,7,C008032,630,2.579307
C011605,1,C045643,3630,2.115602
C011608,1,C045643,3630,1.666405
C011611,0,C041816,3311,2.026313
C011622,7,C008032,630,2.073611
C011634,4,C001362,118,2.383102
C011635,4,C001362,118,0.951641
C011636,1,C045643,3630,2.313778
C011638,6,C016665,1320,1.706702
C011682,5,C023800,1861,0.113987
C011691,4,C001362,118,1.923061
C011697,1,C045643,3630,2.149101
C011715,6,C016665,1320,1.211811
C011733,2,C006463,501,1.954034
C011755,5,C023800,1861,2.242003
C011767,3,C038542,3084,1.794865
C011789,0,C041816,3311,2.464254
C011812,7,C008032,630,1.000447
C011846,2,C006463,501,3.213330
C011862,6,C016665,1320,0.884684
C011864,2,C006463,501,0.358870
C011890,1,C045643,3630,2.455077
C011897,5,C023800,1861,2.474452
C011907,7,C008032,630,2.077231
C011922,3,C038542,3084,1.744901
C011932,4,C001362,118,2.413265
C011939,6,C016665,1320,2.151022
C011952,6,C016665,1320,1.438194
C011963,3,C038542,3084,1.784751
C011970,3,C038542,3084,2.198268
C012011,1,C045643,3630,2.356843
C012017,2,C006463,501,0.765568
C012026,5,C023800,1861,1.270875
C012035,3,C038542,3084,1.984301
C012040,7,C008032,630,1.393535
C012043,6,C016665,1320,3.009234
C012067,7,C008032,630,1.171451
C012074,7,C008032,630,2.077350
C012106,5,C023800,1861,1.028301
C012139,7,C008032,630,0.508512
C012176,2,C006463,501,1.804251
C012177,2,C006463,501,2.488734
C012219,6,C016665,1320,1.118389
C012233,5,C023800,1861,2.720750
C012238,5,C023800,1861,0.880411
C012243,0,C041816,3311,1.148032
C012250,1,C045643,3630,1.763111
C012256,6,C016665,1320,1.435165
C012270,3,C038542,3084,2.757882
C012314,4,C001362,118,1.948738
C012328,5,C023800,1861,2.218803
C012332,2,C006463,501,0.322893
C012339,7,C008032,630,2.019080
C012344,4,C001362,118,2.048852
C012368,2,C006463,501,1.167263
C012371,4,C001362,118,1.886120
C012374,2,C006463,501,2.306790
C012388,0,C041816,3311,1.941894
C012407,4,C001362,118,1.884726
C012410,4,C001362,118,1.823322
C012419,2,C006463,501,1.648553
C012480,0,C041816,3311,2.426975
C012488,3,C038542,3084,0.427763
C012527,4,C001362,118,1.794351
C012534,2,C006463,501,1.423263
C012535,3,C038542,3084,2.189757
C012555,2,C006463,501,2.752527
C012581,1,C045643,3630,2.015774
C012599,5,C023800,1861,1.774876
C012604,4,C001362,118,2.153283
C012606,1,C045643,3630,0.606450
C012616,6,C016665,1320,2.776636
C012637,0,C041816,3311,2.659866
C012646,2,C006463,501,2.486706
C012655,6,C016665,1320,1.988425
C012667,5,C023800,1861,3.584119
C012669,7,C008032,630,2.048913
C012706,3,C038542,3084,1.128069
C012712,1,C045643,3630,2.078250
C012719,1,C045643,3630,2.502271
C012741,1,C045643,3630,2.516099
C012746,4,C001362,118,1.887337
C012758,4,C001362,118,1.559431
C012781,6,C016665,1320,1.263018
C012796,7,C008032,630,1.700349
C012805,0,C041816,3311,0.610387
C012812,7,C008032,630,0.969217
C012822,7,C008032,630,2.634954
C012825,5,C023800,1861,1.997786
C012832,0,C041816,3311,0.918721
C012843,6,C016665,1320,1.754330
C012844,2,C006463,501,2.421487
C012847,3,C038542,3084,1.935973
C012891,4,C001362,118,2.475951
C012902,5,C023800,1861,2.388869
C012909,2,C006463,501,1.432736
C012913,6,C016665,1320,3.028272
C012925,1,C045643,3630,1.855248
C012930,4,C001362,118,1.761490
C012940,4,C001362,118,3.214563
C012980,0,C041816,3311,0.874464
C012981,0,C041816,3311,1.972013
C012990,2,C006463,501,1.839259
C012993,7,C008032,630,1.383106
C013001,2,C006463,501,2.785590
C013003,3,C038542,3084,1.995410
C013014,0,C041816,3311,2.426730
C013023,2,C006463,501,1.648039
C013043,2,C006463,501,2.214942
C013046,7,C008032,630,2.472436
C013050,0,C041816,3311,2.816800
C013069,4,C001362,118,1.278927
C013085,4,C001362,118,2.126760
C013087,7,C008032,630,2.535206
C013094,5,C023800,1861,1.824932
C013119,5,C023800,1861,1.087868
C013122,2,C006463,501,2.633818
C013146,4,C001362,118,2.117510
C013154,4,C001362,118,2.710734
C013167,3,C038542,3084,2.388548
C013173,0,C041816,3311,3.138845
C013183,3,C038542,3084,3.461759
C013190,4,C001362,118,1.905750
C013218,0,C041816,3311,2.375156
C013225,0,C041816,3311,2.096555
C013236,4,C001362,118,1.682313
C013248,3,C038542,3084,0.588551
C013253,7,C008032,630,1.522658
C013263,1,C045643,3630,1.730809
C013274,4,C001362,118,1.884429
C013299,6,C016665,1320,2.779333
C013304,7,C008032,630,1.508060
C013336,7,C008032,630,1.983822
C013363,3,C038542,3084,1.960985
C013372,1,C045643,3630,1.049195
C013390,7,C008032,630,1.017853
C013400,3,C038542,3084,2.508683
C013402,5,C023800,1861,0.731090
C013426,4,C001362,118,2.202818
C013435,2,C006463,501,1.559450
C013441,4,C001362,118,1.920703
C013445,5,C023800,1861,2.027302
C013450,5,C023800,1861,1.830273
C013463,0,C041816,3311,2.502647
C013495,4,C001362,118,2.436891
C013501,5,C023800,1861,0.708306
C013527,1,C045643,3630,1.847415
C013535,3,C038542,3084,1.892775
C013547,2,C006463,501,1.310737
C013554,6,C016665,1320,2.069739
C013573,3,C038542,3084,2.850886
C013594,6,C016665,1320,3.197627
C013605,5,C023800,1861,1.584630
C013625,4,C001362,118,1.577007
C013691,3,C038542,3084,1.529086
C013700,2,C006463,501,2.544782
C013710,7,C008032,630,1.246666
C013712,0,C041816,3311,1.364507
C013727,1,C045643,3630,1.849212
C013731,1,C045643,3630,1.827480
C013734,3,C038542,3084,0.480437
C013742,7,C008032,630,2.538695
C013747,7,C008032,630,2.594443
C013748,2,C006463,501,2.784373
C013749,2,C006463,501,1.415436
C013761,2,C006463,501,1.212781
C013763,4,C001362,118,1.473790
C013774,1,C045643,3630,2.094868
C013779,1,C045643,3630,1.133596
C013782,0,C041816,3311,1.763274
C013783,2,C006463,501,2.039746
C013809,7,C008032,630,2.200638
C013817,0,C041816,3311,1.153113
C013841,7,C008032,630,0.569763
C013842,5,C023800,1861,1.794009
C013846,1,C045643,3630,0.937842
C013857,5,C023800,1861,2.673315
C013872,5,C023800,1861,1.453413
C013882,7,C008032,630,2.426288
C013887,4,C001362,118,0.794589
C013903,3,C038542,3084,0.580419
C013908,0,C041816,3311,0.969793
C013934,6,C016665,1320,0.988077
C013935,2,C006463,501,1.366312
C013936,7,C008032,630,0.677735
C013948,6,C016665,1320,1.366180
C013962,5,C023800,1861,2.897284
C013964,2,C006463,501,1.315227
C013972,3,C038542,3084,1.387093
C013975,0,C041816,3311,2.783269
C013989,2,C006463,501,1.431756
C014035,6,C016665,1320,2.318591
C014042,2,C006463,501,2.575816
C014057,3,C038542,3084,1.908538
C014070,2,C006463,501,1.442875
C014072,2,C006463,501,1.098420
C014078,3,C038542,3084,2.353640
C014081,4,C001362,118,2.613016
C014082,2,C006463,501,2.843829
C014145,7,C008032,630,1.459004
C014161,5,C023800,1861,2.864787
C014169,4,C001362,118,2.105802
C014186,5,C023800,1861,2.960697
C014191,6,C016665,1320,1.935538
C014196,4,C001362,118,1.260571
C014206,0,C041816,3311,1.730728
C014218,7,C008032,630,2.337671
C014256,1,C045643,3630,2.809041
C014262,7,C008032,630,1.610337
C014267,2,C006463,501,1.886813
C014288,6,C016665,1320,0.795468
C014292,6,C016665,1320,2.201692
C014305,7,C008032,630,2.136120
C014307,7,C008032,630,1.556758
C014311,0,C041816,3311,1.674022
C014326,7,C008032,630,1.943330
C014332,3,C038542,3084,2.455955
C014335,4,C001362,118,1.746719
C014338,5,C023800,1861,1.173325
C014352,1,C045643,3630,1.907955
C014367,5,C023800,1861,1.922164
C014382,6,C016665,1320,1.059964
C014384,6,C016665,1320,2.547932
C014397,0,C041816,3311,2.059084
C014402,3,C038542,3084,2.296878
C014409,4,C001362,118,2.185311
C014411,1,C045643,3630,1.717584
C014422,0,C041816,3311,2.812044
C014446,7,C008032,630,1.719013
C014469,6,C016665,1320,1.454614
C014485,7,C008032,630,2.743693
C014514,2,C006463,501,1.582229
C014515,4,C001362,118,2.450104
C014518,2,C006463,501,2.239845
C014522,3,C038542,3084,1.506314
C014525,7,C008032,630,2.242144
C014529,5,C023800,1861,2.691231
C014535,7,C008032,630,2.224051
C014537,1,C045643,3630,2.084362
C014541,2,C006463,501,1.935883
C014542,4,C001362,118,1.655660
C014545,7,C008032,630,1.207893
C014585,3,C038542,3084,2.026466
C014597,1,C045643,3630,1.770866
C014602,1,C045643,3630,2.487835
C014621,5,C023800,1861,1.078681
C014623,5,C023800,1861,2.593953
C014634,7,C008032,630,2.456352
C014636,7,C008032,630,3.005275
C014637,0,C041816,3311,2.199273
C014639,7,C008032,630,2.123878
C014648,5,C023800,1861,3.429232
C014654,1,C045643,3630,1.905710
C014663,7,C008032,630,1.347919
C014664,0,C041816,3311,2.369135
C014669,4,C001362,118,2.290571
C014681,0,C041816,3311,2.073658
C014688,6,C016665,1320,1.772578
C014693,6,C016665,1320,0.796933
C014710,6,C016665,1320,2.734369
C014716,4,C001362,118,2.586342
C014724,5,C023800,1861,1.255926
C014730,7,C008032,630,2.678593
C014733,3,C038542,3084,1.816852
C014751,1,C045643,3630,2.097328
C014753,4,C001362,118,2.182704
C014754,5,C023800,1861,1.758254
C014763,0,C041816,3311,1.375383
C014801,5,C023800,1861,2.553523
C014843,1,C045643,3630,2.023163
C014864,6,C016665,1320,0.784372
C014886,6,C016665,1320,1.365200
C014910,0,C041816,3311,2.439999
C014935,6,C016665,1320,3.008630
C014942,7,C008032,630,1.815853
C014948,5,C023800,1861,1.244353
C014950,2,C006463,501,1.946313
C014965,3,C038542,3084,2.397842
C014970,5,C023800,1861,0.861539
C014994,0,C041816,3311,2.205918
C014997,2,C006463,501,2.983363
C015001,0,C041816,3311,1.960187
C015009,5,C023800,1861,0.885003
C015012,1,C045643,3630,2.236378
C015025,7,C008032,630,1.498917
C015054,1,C045643,3630,2.472007
C015056,1,C045643,3630,3.068570
C015058,3,C038542,3084,0.570345
C015071,7,C008032,630,2.956196
C015105,0,C041816,3311,2.369169
C015113,6,C016665,1320,2.232048
C015122,1,C045643,3630,2.381856
C015136,2,C006463,501,1.021011
C015139,5,C023800,1861,2.368203
C015152,1,C045643,3630,2.150539
C015172,5,C023800,1861,0.929242
C015210,1,C045643,3630,1.778902
C015212,2,C006463,501,2.419236
C015213,7,C008032,630,2.338520
C015222,1,C045643,3630,1.776865
C015240,0,C041816,3311,0.757167
C015249,0,C041816,3311,0.385855
C015251,4,C001362,118,2.889594
C015262,5,C023800,1861,0.449955
C015267,1,C045643,3630,1.441135
C015276,0,C041816,3311,1.550388
C015321,5,C023800,1861,1.648018
C015347,0,C041816,3311,1.968783
C015356,5,C023800,1861,2.705037
C015357,3,C038542,3084,2.279625
C015359,0,C041816,3311,1.566522
C015367,0,C041816,3311,1.729308
C015373,4,C001362,118,2.871563
C015384,0,C041816,3311,1.850290
C015412,5,C023800,1861,1.638952
C015423,1,C045643,3630,1.522129
C015431,5,C023800,1861,2.137477
C015443,3,C038542,3084,1.096988
C015477,1,C045643,3630,2.573429
C015491,3,C038542,3084,1.274422
C015493,3,C038542,3084,1.300650
C015496,4,C001362,118,0.915493
C015508,6,C016665,1320,2.091219
C015527,6,C016665,1320,1.035970
C015530,6,C016665,1320,2.152313
C015542,2,C006463,501,2.825885
C015545,0,C041816,3311,1.244665
C015561,4,C001362,118,1.677798
C015573,2,C006463,501,2.677230
C015586,5,C023800,1861,1.511061
C015592,5,C023800,1861,2.130507
C015607,7,C008032,630,1.430665
C015618,0,C041816,3311,2.997055
C015665,4,C001362,118,0.715419
C015667,4,C001362,118,0.958129
C015668,5,C023800,1861,2.532640
C015673,4,C001362,118,1.825935
C015695,5,C023800,1861,1.716568
C015711,1,C045643,3630,0.950571
C015729,0,C041816,3311,1.927819
C015735,3,C038542,3084,1.263436
C015746,6,C016665,1320,1.770063
C015768,0,C041816,3311,1.187893
C015773,2,C006463,501,1.225587
C015780,6,C016665,1320,2.420749
C015790,2,C006463,501,2.389924
C015795,7,C008032,630,1.595084
C015797,5,C023800,1861,1.170465
C015841,3,C038542,3084,1.650541
C015844,4,C001362,118,1.649371
C015858,1,C045643,3630,1.457612
C015878,0,C041816,3311,1.099680
C015913,2,C006463,501,2.786478
C015925,7,C008032,630,3.099909
C015928,2,C006463,501,2.449045
C015934,6,C016665,1320,1.461331
C015944,5,C023800,1861,2.306752
C015950,7,C008032,630,0.463265
C015961,5,C023800,1861,1.275206
C015968,2,C006463,501,1.029373
C015992,4,C001362,118,1.082341
C016001,1,C045643,3630,2.261567
C016005,3,C038542,3084,1.448952
C016007,1,C045643,3630,1.612343
C016014,1,C045643,3630,1.529315
C016017,7,C008032,630,1.315132
C016044,1,C045643,3630,1.028285
C016053,5,C023800,1861,0.915777
C016097,7,C008032,630,2.038794
C016098,5,C023800,1861,1.866568
C016105,3,C038542,3084,1.715719
C016134,3,C038542,3084,1.292660
C016154,0,C041816,3311,1.719185
C016157,0,C041816,3311,1.066274
C016162,2,C006463,501,1.800887
C016167,2,C006463,501,1.624970
C016177,3,C038542,3084,1.645126
C016185,6,C016665,1320,0.705422
C016191,0,C041816,3311,2.395217
C016197,4,C001362,118,2.164163
C016198,5,C023800,1861,0.560758
C016236,7,C008032,630,2.611989
C016237,7,C008032,630,2.640976
C016240,0,C041816,3311,0.861748
C016280,5,C023800,1861,2.449721
C016292,2,C006463,501,2.241222
C016297,3,C038542,3084,1.985058
C016306,7,C008032,630,1.950939
C016311,6,C016665,1320,2.466685
C016325,5,C023800,1861,1.997817
C016344,2,C006463,501,1.845147
C016363,2,C006463,501,2.084064
C016396,0,C041816,3311,0.779007
C016404,5,C023800,1861,2.179452
C016423,4,C001362,118,1.793322
C016424,2,C006463,501,1.799421
C016427,2,C006463,501,0.690779
C016455,0,C041816,3311,2.127634
C016471,6,C016665,1320,2.066485
C016486,4,C001362,118,1.868377
C016498,1,C045643,3630,1.019890
C016499,7,C008032,630,2.426711
C016515,1,C045643,3630,2.617166
C016517,7,C008032,630,2.463771
C016538,0,C041816,3311,2.622608
C016560,6,C016665,1320,2.629012
C016585,0,C041816,3311,1.983448
C016586,4,C001362,118,2.495940
C016606,6,C016665,1320,2.290068
C016608,1,C045643,3630,0.363534
C016635,7,C008032,630,2.270873
C016636,7,C008032,630,0.533482
C016642,4,C001362,118,1.624023
C016644,3,C038542,3084,1.644415
C016659,5,C023800,1861,2.322452
C016661,2,C006463,501,2.163509
C016665,6,C016665,1320,0.000000
C016675,3,C038542,3084,1.217775
C016676,3,C038542,3084,2.025467
C016714,7,C008032,630,2.936144
C016721,6,C016665,1320,2.068662
C016724,1,C045643,3630,1.703945
C016726,2,C006463,501,2.047703
C016729,0,C041816,3311,2.407453
C016744,2,C006463,501,1.952928
C016757,0,C041816,3311,1.669691
C016762,7,C008032,630,2.979030
C016764,4,C001362,118,1.889981
C016765,1,C045643,3630,2.951496
C016766,0,C041816,3311,1.293015
C016778,0,C041816,3311,2.240158
C016793,2,C006463,501,1.703049
C016795,5,C023800,1861,3.286308
C016809,0,C041816,3311,2.694291
C016810,2,C006463,501,1.246720
C016842,2,C006463,501,2.674682
C016857,6,C016665,1320,2.386101
C016861,0,C041816,3311,1.226891
C016875,6,C016665,1320,0.671018
C016880,4,C001362,118,1.425238
C016894,6,C016665,1320,2.317954
C016896,7,C008032,630,1.265069
C016903,6,C016665,1320,1.334734
C016906,3,C038542,3084,2.332523
C016931,1,C045643,3630,0.512680
C016940,6,C016665,1320,2.180061
C016960,2,C006463,501,0.799277
C016968,0,C041816,3311,2.526547
C016975,5,C023800,1861,1.934700
C016976,5,C023800,1861,1.121410
C016991,6,C016665,1320,2.735058
C016999,3,C038542,3084,1.752040
C017007,4,C001362,118,1.637688
C017014,7,C008032,630,1.737929
C017018,0,C041816,3311,2.670380
C017040,6,C016665,1320,1.604392
C017046,3,C038542,3084,2.529048
C017048,4,C001362,118,2.775423
C017057,0,C041816,3311,3.233058
C017058,7,C008032,630,2.134245
C017066,0,C041816,3311,1.060339
C017071,5,C023800,1861,1.261608
C017088,0,C041816,3311,3.094833
C017111,5,C023800,1861,1.968498
C017119,2,C006463,501,2.288976
C017121,4,C001362,118,2.240302
C017134,0,C041816,3311,2.718523
C017153,6,C016665,1320,1.795218
C017162,4,C001362,118,1.921604
C017178,2,C006463,501,1.984000
C017192,7,C008032,630,1.850321
C017219,3,C038542,3084,0.371881
C017228,0,C041816,3311,1.717863
C017229,4,C001362,118,2.809761
C017232,5,C023800,1861,0.423920
C017233,4,C001362,118,1.657525
C017271,6,C016665,1320,1.368741
C017277,3,C038542,3084,1.345913
C017316,2,C006463,501,1.383091
C017337,1,C045643,3630,1.002150
C017339,4,C001362,118,1.379034
C017350,2,C006463,501,1.876577
C017375,6,C016665,1320,2.840931
C017399,2,C006463,501,1.346502
C017405,5,C023800,1861,1.930754
C017419,5,C023800,1861,0.903460
C017429,3,C038542,3084,0.830675
C017437,1,C045643,3630,1.993712
C017467,4,C001362,118,1.975601
C017477,4,C001362,118,2.426169
C017485,1,C045643,3630,1.570686
C017492,6,C016665,1320,2.343526
C017493,7,C008032,630,3.123904
C017501,7,C008032,630,2.064277
C017550,1,C045643,3630,0.708965
C017562,0,C041816,3311,0.937797
C017566,5,C023800,1861,1.916643
C017571,0,C041816,3311,3.178976
C017595,4,C001362,118,2.892151
C017654,4,C001362,118,1.958673
C017655,2,C006463,501,1.894771
C017660,5,C023800,1861,0.696142
C017673,5,C023800,1861,1.035732
C017705,0,C041816,3311,2.890773
C017775,6,C016665,1320,2.914582
C017780,5,C023800,1861,2.312151
C017803,0,C041816,3311,2.374150
C017805,0,C041816,3311,1.619905
C017814,1,C045643,3630,1.143382
C017820,7,C008032,630,1.700617
C017825,6,C016665,1320,0.927747
C017843,1,C045643,3630,1.386830
C017845,2,C006463,501,0.790901
C017850,3,C038542,3084,0.912217
C017851,6,C016665,1320,2.059133
C017856,0,C041816,3311,1.239705
C017884,3,C038542,3084,0.826644
C017890,3,C038542,3084,2.884774
C017909,7,C008032,630,2.491922
C017917,4,C001362,118,0.633932
C017922,1,C045643,3630,1.688580
C017944,6,C016665,1320,1.624564
C017946,5,C023800,1861,1.098181
C017952,3,C038542,3084,0.932327
C017971,6,C016665,1320,2.324282
C017983,6,C016665,1320,1.429839
C017985,2,C006463,501,1.313567
C018023,0,C041816,3311,1.658236
C018033,4,C001362,118,2.112073
C018048,6,C016665,1320,2.599390
C018051,6,C016665,1320,1.188414
C018054,4,C001362,118,2.973027
C018067,7,C008032,630,2.564003
C018098,7,C008032,630,2.050539
C018100,5,C023800,1861,2.088199
C018102,0,C041816,3311,1.276756
C018124,7,C008032,630,1.795023
C018136,4,C001362,118,1.060726
C018138,4,C001362,118,2.105589
C018156,5,C023800,1861,2.468022
C018172,7,C008032,630,1.569095
C018178,1,C045643,3630,1.223271
C018207,3,C038542,3084,2.307523
C018214,3,C038542,3084,2.502207
C018246,6,C016665,1320,2.279246
C018250,4,C001362,118,1.802208
C018260,7,C008032,630,2.305857
C018272,7,C008032,630,2.556107
C018304,1,C045643,3630,1.917592
C018307,4,C001362,118,3.213728
C018318,2,C006463,501,2.457224
C018324,6,C016665,1320,2.758843
C018364,4,C001362,118,1.102367
C018366,0,C041816,3311,1.571970
C018380,7,C008032,630,1.715703
C018384,6,C016665,1320,2.322553
C018385,5,C023800,1861,2.020147
C018394,5,C023800,1861,2.341141
C018398,7,C008032,630,1.947463
C018402,6,C016665,1320,1.376883
C018403,3,C038542,3084,2.223779
C018407,1,C045643,3630,2.236256
C018408,7,C008032,630,1.643918
C018410,0,C041816,3311,3.238334
C018411,5,C023800,1861,2.604647
C018425,6,C016665,1320,1.332445
C018428,4,C001362,118,1.545582
C018444,3,C038542,3084,1.854323
C018495,5,C023800,1861,2.087070
C018504,3,C038542,3084,2.077381
C018508,6,C016665,1320,0.978054
C018532,1,C045643,3630,2.059444
C018568,7,C008032,630,1.082703
C018642,6,C016665,1320,0.713358
C018654,2,C006463,501,2.321173
C018657,4,C001362,118,2.390754
C018664,4,C001362,118,1.946265
C018668,7,C008032,630,1.228746
C018712,3,C038542,3084,1.694541
C018721,2,C006463,501,1.665185
C018729,1,C045643,3630,1.179269
C018733,7,C008032,630,1.800533
C018747,0,C041816,3311,1.894935
C018753,0,C041816,3311,1.955451
C018756,2,C006463,501,2.406165
C018758,0,C041816,3311,1.553477
C018761,0,C041816,3311,3.341260
C018780,2,C006463,501,2.926722
C018791,5,C023800,1861,3.214238
C018808,4,C001362,118,2.154388
C018829,4,C001362,118,1.858676
C018844,5,C023800,1861,1.796118
C018846,5,C023800,1861,0.809789
C018869,5,C023800,1861,1.191856
C018901,0,C041816,3311,1.069376
C018905,4,C001362,118,0.305130
C018910,1,C045643,3630,2.036032
C018913,3,C038542,3084,3.074761
C018921,2,C006463,501,2.126381
C018922,5,C023800,1861,1.657646
C018934,6,C016665,1320,2.489682
C018953,0,C041816,3311,0.603483
C018962,2,C006463,501,1.669461
C018976,4,C001362,118,3.199363
C018980,4,C001362,118,0.327125
C018990,3,C038542,3084,1.713017
C018992,5,C023800,1861,1.143445
C018994,7,C008032,630,1.665039
C019038,6,C016665,1320,1.396941
C019076,7,C008032,630,2.501159
C019078,4,C001362,118,0.305738
C019083,5,C023800,1861,1.731879
C019102,1,C045643,3630,1.893820
C019123,6,C016665,1320,2.235300
C019147,1,C045643,3630,1.117926
C019155,6,C016665,1320,3.164243
C019156,6,C016665,1320,1.096267
C019172,5,C023800,1861,1.388454
C019204,0,C041816,3311,2.493113
C019206,5,C023800,1861,0.794869
C019211,0,C041816,3311,2.624713
C019214,4,C001362,118,2.000745
C019225,2,C006463,501,2.554446
C019241,4,C001362,118,2.184629
C019243,4,C001362,118,1.455317
C019247,2,C006463,501,2.365790
C019260,7,C008032,630,1.574214
C019261,3,C038542,3084,0.873975
C019284,0,C041816,3311,2.154800
C019288,0,C041816,3311,1.202746
C019290,0,C041816,3311,2.634865
C019309,2,C006463,501,2.101817
C019318,5,C023800,1861,0.778796
C019321,3,C038542,3084,2.043369
C019343,7,C008032,630,2.000295
C019357,0,C041816,3311,0.669150
C019390,4,C001362,118,1.646849
C019397,0,C041816,3311,0.728206
C019408,4,C001362,118,0.980848
C019409,7,C008032,630,1.942957
C019425,5,C023800,1861,1.367014
C019434,6,C016665,1320,1.457461
C019436,5,C023800,1861,1.941490
C019460,6,C016665,1320,1.244781
C019462,6,C016665,1320,2.071826
C019465,1,C045643,3630,2.072419
C019467,7,C008032,630,2.794374
C019482,2,C006463,501,0.969028
C019499,6,C016665,1320,0.496012
C019504,7,C008032,630,1.251349
C019506,0,C041816,3311,1.189017
C019513,0,C041816,3311,1.045006
C019524,2,C006463,501,0.988833
C019538,2,C006463,501,0.603733
C019551,0,C041816,3311,1.586899
C019563,4,C001362,118,1.911495
C019567,5,C023800,1861,0.539340
C019568,7,C008032,630,1.995211
C019578,6,C016665,1320,1.654250
C019582,2,C006463,501,2.436579
C019585,5,C023800,1861,1.112207
C019588,7,C008032,630,2.743961
C019610,3,C038542,3084,1.180453
C019620,0,C041816,3311,1.087540
C019643,5,C023800,1861,0.945309
C019690,5,C023800,1861,2.144260
C019720,0,C041816,3311,3.218551
C019727,5,C023800,1861,2.659915
C019741,0,C041816,3311,0.524580
C019749,6,C016665,1320,1.246276
C019770,4,C001362,118,1.299467
C019772,1,C045643,3630,1.538058
C019779,4,C001362,118,1.689272
C019785,5,C023800,1861,2.118952
C019801,1,C045643,3630,1.541761
C019806,5,C023800,1861,2.579377
C019819,2,C006463,501,2.241638
C019844,5,C023800,1861,2.062625
C019849,3,C038542,3084,1.743374
C019853,4,C001362,118,2.679589
C019859,2,C006463,501,3.101261
C019868,7,C008032,630,0.956410
C019900,0,C041816,3311,2.819722
C019916,6,C016665,1320,0.733271
C019919,0,C041816,3311,2.753802
C019929,0,C041816,3311,1.772299
C019932,5,C023800,1861,0.986683
C019935,2,C006463,501,1.946136
C019989,7,C008032,630,2.163149
C020014,4,C001362,118,1.565374
C020037,2,C006463,501,0.810497
C020039,2,C006463,501,2.739171
C020044,0,C041816,3311,1.609829
C020048,7,C008032,630,1.735714
C020068,2,C006463,501,2.684152
C020069,6,C016665,1320,1.407073
C020077,3,C038542,3084,2.604622
C020080,5,C023800,1861,1.810261
C020093,0,C041816,3311,2.800266
C020095,5,C023800,1861,1.995524
C020105,1,C045643,3630,2.167243
C020111,1,C045643,3630,1.208286
C020115,5,C023800,1861,2.025878
C020145,3,C038542,3084,1.857666
C020149,1,C045643,3630,2.371050
C020159,2,C006463,501,1.779695
C020177,1,C045643,3630,1.963753
C020205,7,C008032,630,1.966129
C020217,7,C008032,630,1.178651
C020231,7,C008032,630,1.872444
C020233,3,C038542,3084,0.934343
C020243,5,C023800,1861,1.359962
C020245,1,C045643,3630,2.119999
C020246,4,C001362,118,2.364505
C020250,5,C023800,1861,2.471256
C020253,6,C016665,1320,2.218336
C020275,5,C023800,1861,1.336874
C020289,5,C023800,1861,1.400269
C020335,2,C006463,501,2.783747
C020345,1,C045643,3630,3.228015
C020361,5,C023800,1861,1.451288
C020364,0,C041816,3311,2.343032
C020370,4,C001362,118,3.417629
C020438,6,C016665,1320,1.144373
C020463,6,C016665,1320,0.738732
C020512,6,C016665,1320,1.918731
C020532,4,C001362,118,1.973477
C020543,5,C023800,1861,2.057847
C020548,6,C016665,1320,2.054829
C020563,5,C023800,1861,2.217869
C020565,4,C001362,118,1.792850
C020610,7,C008032,630,2.203440
C020613,4,C001362,118,3.027042
C020618,3,C038542,3084,2.219757
C020632,4,C001362,118,2.111277
C020659,5,C023800,1861,1.073705
C020676,0,C041816,3311,1.785451
C020706,4,C001362,118,1.923970
C020726,4,C001362,118,1.717525
C020777,6,C016665,1320,1.287096
C020833,4,C001362,118,2.083551
C020845,5,C023800,1861,3.065851
C020852,2,C006463,501,0.846702
C020853,7,C008032,630,2.318771
C020866,4,C001362,118,1.275965
C020877,1,C045643,3630,0.750628
C020878,7,C008032,630,2.274151
C020906,5,C023800,1861,1.617571
C020908,1,C045643,3630,2.816088
C020911,7,C008032,630,2.407841
C020912,2,C006463,501,1.818359
C020919,2,C006463,501,0.716924
C020933,6,C016665,1320,2.522346
C020961,1,C045643,3630,1.945218
C020976,7,C008032,630,2.348569
C020981,5,C023800,1861,0.785292
C020994,2,C006463,501,1.770942
C021004,3,C038542,3084,2.326551
C021005,4,C001362,118,2.296452
C021027,7,C008032,630,2.369416
C021040,2,C006463,501,0.200781
C021051,5,C023800,1861,1.651201
C021070,1,C045643,3630,2.166120
C021082,6,C016665,1320,2.401263
C021085,6,C016665,1320,2.050528
C021112,7,C008032,630,1.339029
C021113,3,C038542,3084,2.350091
C021164,7,C008032,630,1.800980
C021169,0,C041816,3311,2.690475
C021173,5,C023800,1861,2.235144
C021232,2,C006463,501,0.311581
C021236,7,C008032,630,2.166330
C021246,7,C008032,630,0.353731
C021259,3,C038542,3084,1.012133
C021264,0,C041816,3311,1.890816
C021299,5,C023800,1861,1.735362
C021301,5,C023800,1861,0.770847
C021307,5,C023800,1861,2.068918
C021312,2,C006463,501,2.779410
C021345,4,C001362,118,1.627312
C021352,0,C041816,3311,2.195497
C021355,7,C008032,630,2.598755
C021356,2,C006463,501,2.316370
C021359,7,C008032,630,1.325848
C021390,0,C041816,3311,2.018374
C021396,1,C045643,3630,1.044469
C021404,5,C023800,1861,1.986718
C021405,0,C041816,3311,1.025066
C021417,4,C001362,118,2.564797
C021437,0,C041816,3311,2.510278
C021442,7,C008032,630,1.067439
C021456,0,C041816,3311,0.915352
C021481,5,C023800,1861,1.223697
C021488,3,C038542,3084,1.222519
C021493,1,C045643,3630,2.134021
C021500,0,C041816,3311,2.967778
C021501,6,C016665,1320,1.059305
C021510,1,C045643,3630,0.819925
C021522,4,C001362,118,2.556794
C021523,6,C016665,1320,1.359409
C021528,2,C006463,501,1.356507
C021573,1,C045643,3630,1.762010
C021578,2,C006463,501,2.371185
C021591,6,C016665,1320,2.630814
C021606,6,C016665,1320,1.833848
C021617,5,C023800,1861,1.653106
C021621,0,C041816,3311,1.434710
C021642,2,C006463,501,1.044126
C021654,5,C023800,1861,2.147834
C021666,5,C023800,1861,2.326766
C021680,2,C006463,501,1.027285
C021696,1,C045643,3630,2.496381
C021777,3,C038542,3084,1.350089
C021828,6,C016665,1320,2.607930
C021835,5,C023800,1861,2.538572
C021851,4,C001362,118,1.896816
C021867,3,C038542,3084,1.813906
C021873,4,C001362,118,3.002725
C021874,6,C016665,1320,1.731921
C021882,5,C023800,1861,2.726254
C021951,3,C038542,3084,2.226795
C021970,4,C001362,118,3.185252
C021975,5,C023800,1861,2.349845
C022023,7,C008032,630,2.208145
C022049,1,C045643,3630,1.726174
C022056,6,C016665,1320,3.091967
C022067,4,C001362,118,1.541674
C022077,1,C045643,3630,2.187503
C022090,2,C006463,501,1.216445
C022111,3,C038542,3084,1.477049
C022128,2,C006463,501,0.037402
C022136,0,C041816,3311,2.230141
C022189,6,C016665,1320,1.111960
C022253,2,C006463,501,2.128156
C022257,0,C041816,3311,1.764245
C022278,5,C023800,1861,2.515649
C022314,0,C041816,3311,1.413598
C022320,0,C041816,3311,2.225244
C022333,4,C001362,118,1.165607
C022350,6,C016665,1320,2.443016
C022355,2,C006463,501,1.594719
C022358,1,C045643,3630,2.499294
C022365,6,C016665,1320,2.573045
C022376,7,C008032,630,1.876570
C022377,1,C045643,3630,1.994655
C022382,3,C038542,3084,0.924892
C022399,6,C016665,1320,2.714454
C022415,0,C041816,3311,1.468525
C022449,6,C016665,1320,1.440426
C022474,7,C008032,630,2.711993
C022488,5,C023800,1861,0.460431
C022511,1,C045643,3630,1.777637
C022525,0,C041816,3311,2.381033
C022528,5,C023800,1861,2.155036
C022544,0,C041816,3311,1.980454
C022552,1,C045643,3630,2.073691
C022556,0,C041816,3311,1.535711
C022561,2,C006463,501,1.675640
C022574,5,C023800,1861,3.138575
C022607,6,C016665,1320,1.675365
C022620,1,C045643,3630,2.394634
C022626,4,C001362,118,2.449316
C022636,4,C001362,118,1.199155
C022644,3,C038542,3084,1.308450
C022647,2,C006463,501,2.391473
C022648,7,C008032,630,0.858425
C022668,2,C006463,501,1.787697
C022671,4,C001362,118,2.247865
C022678,7,C008032,630,0.441091
C022717,7,C008032,630,2.248129
C022718,4,C001362,118,1.976353
C022738,6,C016665,1320,2.163870
C022749,2,C006463,501,1.409291
C022771,0,C041816,3311,2.216094
C022780,4,C001362,118,0.754500
C022805,1,C045643,3630,1.586417
C022809,5,C023800,1861,2.973780
C022814,3,C038542,3084,2.348199
C022816,3,C038542,3084,1.644678
C022823,5,C023800,1861,2.657097
C022824,1,C045643,3630,1.681740
C022852,2,C006463,501,1.265473
C022874,5,C023800,1861,1.928104
C022880,2,C006463,501,2.021233
C022910,2,C006463,501,2.634056
C022933,0,C041816,3311,1.880257
C022934,2,C006463,501,2.306099
C022935,5,C023800,1861,1.812346
C022945,2,C006463,501,1.236539
C022948,1,C045643,3630,1.334253
C022970,1,C045643,3630,1.257684
C022975,1,C045643,3630,2.134085
C022979,7,C008032,630,1.139622
C022989,3,C038542,3084,1.715396
C023003,6,C016665,1320,1.684030
C023014,3,C038542,3084,0.941396
C023016,4,C001362,118,2.009168
C023032,1,C045643,3630,0.784221
C023035,4,C001362,118,1.798577
C023064,1,C045643,3630,1.061625
C023069,1,C045643,3630,2.046186
C023070,5,C023800,1861,0.978752
C023074,0,C041816,3311,3.179139
C023102,5,C023800,1861,2.873183
C023106,5,C023800,1861,1.222996
C023123,1,C045643,3630,1.601326
C023129,7,C008032,630,1.727383
C023133,2,C006463,501,2.288115
C023140,6,C016665,1320,1.355958
C023153,7,C008032,630,2.007895
C023175,5,C023800,1861,2.261693
C023212,6,C016665,1320,1.115043
C023227,1,C045643,3630,1.849233
C023281,5,C023800,1861,1.847286
C023289,4,C001362,118,2.354030
C023291,4,C001362,118,1.900212
C023292,1,C045643,3630,2.250430
C023323,7,C008032,630,1.070705
C023331,3,C038542,3084,2.305840
C023339,4,C001362,118,1.631204
C023351,0,C041816,3311,1.551870
C023365,0,C041816,3311,1.604356
C023398,4,C001362,118,2.870226
C023404,6,C016665,1320,2.439655
C023406,4,C001362,118,1.063675
C023428,0,C041816,3311,1.503933
C023433,5,C023800,1861,2.670036
C023437,2,C006463,501,1.568644
C023442,3,C038542,3084,1.739295
C023444,1,C045643,3630,2.190509
C023452,6,C016665,1320,2.373032
C023463,3,C038542,3084,1.797902
C023494,0,C041816,3311,0.342255
C023500,7,C008032,630,2.326958
C023516,4,C001362,118,2.083092
C023523,4,C001362,118,1.693361
C023532,1,C045643,3630,2.581685
C023533,5,C023800,1861,1.055912
C023568,3,C038542,3084,1.370698
C023580,1,C045643,3630,0.691637
C023581,5,C023800,1861,2.795771
C023593,6,C016665,1320,0.961322
C023603,2,C006463,501,2.004665
C023606,5,C023800,1861,1.954214
C023616,4,C001362,118,1.400026
C023626,6,C016665,1320,2.040149
C023632,4,C001362,118,1.842962
C023654,2,C006463,501,2.417791
C023660,4,C001362,118,1.934546
C023705,5,C023800,1861,2.835417
C023708,3,C038542,3084,2.065396
C023712,3,C038542,3084,1.096132
C023740,0,C041816,3311,3.248775
C023755,7,C008032,630,2.389979
C023771,6,C016665,1320,1.994310
C023791,7,C008032,630,1.423382
C023795,0,C041816,3311,0.485942
C023800,5,C023800,1861,0.000000
C023830,1,C045643,3630,1.867048
C023833,3,C038542,3084,1.369625
C023855,1,C045643,3630,1.963807
C023859,7,C008032,630,0.649924
C023864,3,C038542,3084,2.522232
C023877,0,C041816,3311,2.482998
C023921,7,C008032,630,2.198993
C023935,5,C023800,1861,3.250681
C023938,0,C041816,3311,2.060910
C023955,7,C008032,630,2.056893
C023971,1,C045643,3630,2.182425
C023972,5,C023800,1861,0.838699
C023998,2,C006463,501,1.524550
C024009,2,C006463,501,2.684058
C024041,5,C023800,1861,0.905115
C024044,1,C045643,3630,1.553278
C024046,7,C008032,630,1.448390
C024072,3,C038542,3084,1.697120
C024078,6,C016665,1320,1.802302
C024105,0,C041816,3311,2.892054
C024113,3,C038542,3084,1.777266
C024117,0,C041816,3311,2.483734
C024123,4,C001362,118,1.947383
C024128,5,C023800,1861,1.404892
C024131,2,C006463,501,1.320203
C024135,5,C023800,1861,0.948933
C024179,1,C045643,3630,1.034175
C024183,6,C016665,1320,0.490863
C024203,0,C041816,3311,2.121674
C024204,0,C041816,3311,2.732901
C024216,2,C006463,501,1.428796
C024245,4,C001362,118,0.745026
C024283,7,C008032,630,1.949543
C024303,0,C041816,3311,2.666157
C024309,3,C038542,3084,2.062127
C024327,1,C045643,3630,0.684318
C024344,0,C041816,3311,0.860772
C024349,7,C008032,630,2.337370
C024359,4,C001362,118,1.223999
C024367,7,C008032,630,1.444126
C024384,6,C016665,1320,1.971727
C024386,1,C045643,3630,0.265384
C024389,6,C016665,1320,2.121534
C024399,2,C006463,501,2.551411
C024402,2,C006463,501,2.725482
C024406,0,C041816,3311,1.473493
C024407,2,C006463,501,1.368190
C024438,2,C006463,501,1.470691
C024450,0,C041816,3311,2.517198
C024455,6,C016665,1320,1.955824
C024461,5,C023800,1861,0.387135
C024463,3,C038542,3084,1.491066
C024465,2,C006463,501,1.048835
C024470,5,C023800,1861,1.694668
C024486,5,C023800,1861,1.079820
C024493,0,C041816,3311,2.161939
C024496,0,C041816,3311,1.589591
C024504,2,C006463,501,1.821946
C024513,3,C038542,3084,2.148004
C024516,0,C041816,3311,0.855422
C024526,4,C001362,118,0.760216
C024548,3,C038542,3084,2.240432
C024573,5,C023800,1861,0.701422
C024585,5,C023800,1861,0.819422
C024602,5,C023800,1861,1.620240
C024609,4,C001362,118,1.772200
C024612,1,C045643,3630,1.693769
C024630,4,C001362,118,0.883087
C024632,3,C038542,3084,3.166769
C024643,1,C045643,3630,1.684842
C024645,3,C038542,3084,1.256014
C024652,4,C001362,118,2.349941
C024662,0,C041816,3311,0.642659
C024683,2,C006463,501,2.817178
C024714,6,C016665,1320,2.415622
C024732,7,C008032,630,2.604051
C024770,2,C006463,501,1.665053
C024772,4,C001362,118,2.262548
C024793,6,C016665,1320,2.225725
C024833,4,C001362,118,1.172663
C024846,3,C038542,3084,2.335416
C024879,5,C023800,1861,2.097821
C024881,0,C041816,3311,1.604886
C024883,4,C001362,118,1.901351
C024888,7,C008032,630,2.353867
C024889,7,C008032,630,2.320125
C024911,6,C016665,1320,2.065983
C024933,3,C038542,3084,3.134243
C024966,4,C001362,118,2.201652
C024983,6,C016665,1320,2.359772
C024992,5,C023800,1861,2.042773
C024994,5,C023800,1861,2.551037
C025003,4,C001362,118,0.821867
C025004,7,C008032,630,2.014621
C025024,1,C045643,3630,1.942682
C025037,6,C016665,1320,0.518886
C025048,1,C045643,3630,1.769652
C025050,1,C045643,3630,1.251123
C025062,1,C045643,3630,0.539271
C025081,6,C016665,1320,1.356541
C025105,3,C038542,3084,1.045665
C025119,2,C006463,501,1.136246
C025128,7,C008032,630,1.562781
C025151,2,C006463,501,2.584166
C025171,4,C001362,118,1.422008
C025186,3,C038542,3084,2.017376
C025187,0,C041816,3311,2.042743
C025193,1,C045643,3630,2.017075
C025196,7,C008032,630,1.461994
C025214,4,C001362,118,2.359033
C025237,7,C008032,630,2.855563
C025242,5,C023800,1861,1.800534
C025248,3,C038542,3084,2.156311
C025257,6,C016665,1320,1.246756
C025258,0,C041816,3311,0.925793
C025282,6,C016665,1320,1.384421
C025308,3,C038542,3084,1.174989
C025311,7,C008032,630,2.275210
C025312,1,C045643,3630,2.460891
C025313,7,C008032,630,2.789832
C025323,0,C041816,3311,1.555054
C025371,2,C006463,501,1.290080
C025380,2,C006463,501,0.499596
C025402,5,C023800,1861,2.065289
C025404,0,C041816,3311,1.116671
C025445,3,C038542,3084,1.892333
C025457,2,C006463,501,0.964971
C025459,4,C001362,118,0.416009
C025466,3,C038542,3084,0.915651
C025496,7,C008032,630,2.003334
C025499,7,C008032,630,0.581201
C025527,5,C023800,1861,2.303739
C025532,7,C008032,630,2.106088
C025573,7,C008032,630,1.830894
C025589,7,C008032,630,2.648957
C025607,3,C038542,3084,1.401435
C025626,2,C006463,501,1.057155
C025635,1,C045643,3630,1.941495
C025676,6,C016665,1320,1.432236
C025679,1,C045643,3630,2.728520
C025717,4,C001362,118,1.507362
C025718,2,C006463,501,1.821567
C025741,6,C016665,1320,2.300631
C025747,1,C045643,3630,2.321552
C025780,1,C045643,3630,1.727507
C025793,0,C041816,3311,1.030119
C025797,3,C038542,3084,2.120487
C025798,5,C023800,1861,1.776301
C025803,0,C041816,3311,1.368570
C025810,6,C016665,1320,1.770238
C025822,6,C016665,1320,0.709754
C025830,5,C023800,1861,2.279827
C025831,7,C008032,630,2.443860
C025836,7,C008032,630,1.072143
C025853,4,C001362,118,2.162823
C025884,1,C045643,3630,1.001250
C025902,7,C008032,630,2.319377
C025942,0,C041816,3311,2.564778
C025985,5,C023800,1861,2.663950
C025998,3,C038542,3084,2.373436
C025999,6,C016665,1320,0.937356
C026008,4,C001362,118,0.256202
C026009,7,C008032,630,1.093190
C026010,0,C041816,3311,1.061875
C026013,7,C008032,630,1.446895
C026022,5,C023800,1861,0.188502
C026033,4,C001362,118,2.639159
C026037,0,C041816,3311,1.921738
C026048,6,C016665,1320,3.111406
C026049,2,C006463,501,1.646154
C026052,1,C045643,3630,2.512442
C026053,0,C041816,3311,1.677632
C026058,0,C041816,3311,3.065362
C026061,3,C038542,3084,0.975236
C026085,5,C023800,1861,1.523591
C026103,0,C041816,3311,2.790097
C026118,7,C008032,630,1.357327
C026130,0,C041816,3311,1.998179
C026145,5,C023800,1861,1.005024
C026149,1,C045643,3630,1.509758
C026155,5,C023800,1861,1.731282
C026164,2,C006463,501,1.433055
C026192,7,C008032,630,3.025095
C026202,2,C006463,501,1.591280
C026235,5,C023800,1861,2.548594
C026257,2,C006463,501,1.792736
C026270,4,C001362,118,2.798434
C026273,2,C006463,501,1.167526
C026278,2,C006463,501,0.347580
C026283,2,C006463,501,1.196261
C026286,4,C001362,118,2.085106
C026301,4,C001362,118,1.578987
C026335,3,C038542,3084,1.429614
C026342,3,C038542,3084,1.567693
C026355,1,C045643,3630,0.724696
C026358,0,C041816,3311,3.093614
C026373,2,C006463,501,2.704368
C026394,5,C023800,1861,1.776585
C026441,4,C001362,118,1.470815
C026444,5,C023800,1861,2.343180
C026448,2,C006463,501,2.430250
C026454,4,C001362,118,1.051848
C026462,2,C006463,501,1.555295
C026468,5,C023800,1861,1.693047
C026470,2,C006463,501,2.048714
C026502,2,C006463,501,1.620806
C026526,3,C038542,3084,2.120377
C026528,6,C016665,1320,0.670532
C026529,6,C016665,1320,2.130130
C026533,2,C006463,501,1.424198
C026559,6,C016665,1320,1.292451
C026562,1,C045643,3630,2.736156
C026569,5,C023800,1861,1.432212
C026592,6,C016665,1320,2.056715
C026602,6,C016665,1320,0.999205
C026609,0,C041816,3311,1.061215
C026613,0,C041816,3311,2.433112
C026621,2,C006463,501,1.991703
C026634,2,C006463,501,2.079733
C026671,1,C045643,3630,0.785081
C026691,0,C041816,3311,0.657795
C026698,6,C016665,1320,1.699779
C026703,1,C045643,3630,1.122230
C026706,7,C008032,630,1.965123
C026713,4,C001362,118,1.621252
C026723,7,C008032,630,0.928988
C026748,5,C023800,1861,2.437180
C026773,2,C006463,501,1.630194
C026777,5,C023800,1861,2.208070
C026788,3,C038542,3084,0.790278
C026798,0,C041816,3311,3.005326
C026815,6,C016665,1320,2.543134
C026830,4,C001362,118,0.948425
C026839,7,C008032,630,1.381795
C026852,2,C006463,501,1.908310
C026855,6,C016665,1320,1.758055
C026866,7,C008032,630,1.370615
C026884,7,C008032,630,3.118130
C026885,0,C041816,3311,2.919826
C026892,1,C045643,3630,1.613354
C026900,6,C016665,1320,2.388794
C026917,6,C016665,1320,1.726523
C026930,1,C045643,3630,0.770634
C026940,0,C041816,3311,2.797304
C026957,2,C006463,501,3.105271
C026959,0,C041816,3311,1.084285
C026962,5,C023800,1861,0.856413
C026974,0,C041816,3311,2.623670
C026996,0,C041816,3311,0.628730
C027023,7,C008032,630,1.599672
C027048,3,C038542,3084,0.240754
C027057,1,C045643,3630,2.063962
C027062,7,C008032,630,1.163885
C027070,4,C001362,118,2.402351
C027085,1,C045643,3630,0.924029
C027108,1,C045643,3630,2.044123
C027146,6,C016665,1320,1.405061
C027190,1,C045643,3630,1.346106
C027196,3,C038542,3084,2.850897
C027198,1,C045643,3630,2.637097
C027204,5,C023800,1861,1.177274
C027206,2,C006463,501,1.004878
C027221,4,C001362,118,2.615455
C027264,6,C016665,1320,0.533367
C027269,0,C041816,3311,2.213746
C027280,1,C045643,3630,1.533039
C027286,2,C006463,501,2.590360
C027293,4,C001362,118,2.847635
C027314,1,C045643,3630,1.075906
C027324,0,C041816,3311,1.806162
C027334,3,C038542,3084,0.698467
C027338,3,C038542,3084,1.933295
C027344,3,C038542,3084,1.451307
C027359,2,C006463,501,1.807303
C027367,4,C001362,118,1.186031
C027376,1,C045643,3630,1.096275
C027378,5,C023800,1861,2.805184
C027420,5,C023800,1861,0.432645
C027449,3,C038542,3084,0.817036
C027467,3,C038542,3084,2.494513
C027474,2,C006463,501,1.324246
C027501,1,C045643,3630,1.372865
C027523,1,C045643,3630,2.102939
C027530,6,C016665,1320,1.879778
C027533,1,C045643,3630,0.436778
C027536,4,C001362,118,1.549827
C027578,6,C016665,1320,0.624486
C027582,7,C008032,630,2.825640
C027591,7,C008032,630,2.381072
C027605,5,C023800,1861,3.014768
C027635,3,C038542,3084,0.389652
C027639,1,C045643,3630,2.249207
C027641,1,C045643,3630,1.722560
C027644,2,C006463,501,1.345846
C027656,4,C001362,118,1.077070
C027668,2,C006463,501,1.293238
C027674,7,C008032,630,0.788359
C027681,4,C001362,118,2.188945
C027692,0,C041816,3311,0.926275
C027694,5,C023800,1861,2.933397
C027731,6,C016665,1320,1.925129
C027745,0,C041816,3311,0.202114
C027762,6,C016665,1320,2.429551
C027763,5,C023800,1861,2.429659
C027766,4,C001362,118,1.366851
C027795,5,C023800,1861,0.798162
C027820,5,C023800,1861,0.457484
C027847,4,C001362,118,1.734706
C027848,4,C001362,118,3.085110
C027851,3,C038542,3084,2.838307
C027856,5,C023800,1861,2.466368
C027875,5,C023800,1861,0.982844
C027876,1,C045643,3630,3.112879
C027882,0,C041816,3311,1.946703
C027886,6,C016665,1320,2.074133
C027897,0,C041816,3311,2.403008
C027931,4,C001362,118,1.786392
C027936,1,C045643,3630,1.865710
C027962,5,C023800,1861,2.517577
C027971,5,C023800,1861,2.715514
C028030,0,C041816,3311,1.478537
C028033,6,C016665,1320,3.021481
C028056,7,C008032,630,2.131006
C028112,5,C023800,1861,0.888554
C028155,0,C041816,3311,1.549905
C028156,5,C023800,1861,0.933267
C028171,5,C023800,1861,3.239450
C028172,4,C001362,118,2.452360
C028187,0,C041816,3311,1.459497
C028191,1,C045643,3630,2.297627
C028220,3,C038542,3084,1.826283
C028223,0,C041816,3311,2.842466
C028233,1,C045643,3630,0.198061
C028236,5,C023800,1861,2.455048
C028239,5,C023800,1861,2.082079
C028266,7,C008032,630,2.905713
C028280,2,C006463,501,1.637681
C028281,5,C023800,1861,3.328814
C028306,1,C045643,3630,1.320049
C028329,5,C023800,1861,3.015157
C028341,4,C001362,118,0.932390
C028345,4,C001362,118,2.255460
C028369,1,C045643,3630,2.419992
C028380,3,C038542,3084,2.083765
C028393,2,C006463,501,0.718607
C028403,2,C006463,501,1.144006
C028413,5,C023800,1861,3.579063
C028416,1,C045643,3630,2.175249
C028431,7,C008032,630,0.857972
C028433,4,C001362,118,2.299048
C028436,6,C016665,1320,1.696591
C028440,4,C001362,118,0.917953
C028447,6,C016665,1320,1.166686
C028469,2,C006463,501,0.863301
C028470,1,C045643,3630,2.096595
C028483,3,C038542,3084,1.053713
C028488,3,C038542,3084,0.717790
C028490,2,C006463,501,2.269226
C028492,7,C008032,630,2.522361
C028530,0,C041816,3311,1.345346
C028536,7,C008032,630,2.180529
C028540,3,C038542,3084,0.396421
C028556,1,C045643,3630,1.400298
C028563,0,C041816,3311,1.655914
C028578,4,C001362,118,1.191651
C028581,1,C045643,3630,1.518968
C028587,2,C006463,501,1.539489
C028590,1,C045643,3630,1.909392
C028596,2,C006463,501,2.370123
C028604,0,C041816,3311,2.686906
C028614,7,C008032,630,0.982388
C028617,4,C001362,118,1.576599
C028626,4,C001362,118,1.181499
C028630,0,C041816,3311,1.669912
C028632,1,C045643,3630,1.383271
C028642,3,C038542,3084,2.596410
C028649,5,C023800,1861,1.245032
C028657,4,C001362,118,2.160828
C028687,6,C016665,1320,1.372367
C028728,1,C045643,3630,0.965832
C028740,1,C045643,3630,1.936331
C028747,1,C045643,3630,1.005760
C028779,7,C008032,630,2.460541
C028781,0,C041816,3311,2.830997
C028792,4,C001362,118,2.400594
C028799,6,C016665,1320,2.519115
C028807,4,C001362,118,2.020376
C028840,0,C041816,3311,0.162074
C028846,1,C045643,3630,2.550268
C028855,1,C045643,3630,1.653896
C028858,0,C041816,3311,2.319973
C028862,2,C006463,501,1.702654
C028865,0,C041816,3311,1.697337
C028884,0,C041816,3311,2.536365
C028897,2,C006463,501,2.403013
C028919,0,C041816,3311,0.817601
C028936,6,C016665,1320,1.024864
C028939,0,C041816,3311,1.582901
C028951,1,C045643,3630,2.051478
C028956,7,C008032,630,2.088545
C028959,7,C008032,630,3.195056
C028961,7,C008032,630,1.388236
C028964,5,C023800,1861,1.319866
C029011,7,C008032,630,1.966260
C029035,1,C045643,3630,2.446455
C029078,3,C038542,3084,2.150676
C029123,3,C038542,3084,2.633317
C029128,4,C001362,118,2.388053
C029135,5,C023800,1861,1.534755
C029176,1,C045643,3630,1.128543
C029218,1,C045643,3630,0.433686
C029235,0,C041816,3311,2.097088
C029241,6,C016665,1320,1.848245
C029254,7,C008032,630,1.199230
C029262,0,C041816,3311,2.047987
C029269,6,C016665,1320,1.717938
C029280,0,C041816,3311,0.986995
C029307,4,C001362,118,0.963827
C029314,0,C041816,3311,1.881589
C029320,6,C016665,1320,2.239633
C029347,7,C008032,630,0.840466
C029351,7,C008032,630,2.170410
C029356,3,C038542,3084,1.953649
C029362,4,C001362,118,1.692761
C029375,3,C038542,3084,0.636980
C029381,2,C006463,501,1.519811
C029393,5,C023800,1861,2.549802
C029394,4,C001362,118,2.504435
C029405,7,C008032,630,1.755470
C029406,6,C016665,1320,2.245679
C029414,6,C016665,1320,0.824869
C029426,1,C045643,3630,2.025931
C029429,7,C008032,630,1.153686
C029435,6,C016665,1320,2.718036
C029436,4,C001362,118,2.453694
C029452,0,C041816,3311,2.096865
C029464,5,C023800,1861,3.403915
C029466,3,C038542,3084,2.277853
C029472,0,C041816,3311,0.517451
C029474,4,C001362,118,2.802999
C029478,1,C045643,3630,0.558583
C029490,7,C008032,630,2.141273
C029495,3,C038542,3084,1.053492
C029508,1,C045643,3630,1.682755
C029548,0,C041816,3311,0.924160
C029576,6,C016665,1320,1.869520
C029580,5,C023800,1861,1.268948
C029596,7,C008032,630,1.653993
C029603,7,C008032,630,2.492363
C029621,6,C016665,1320,2.250733
C029632,7,C008032,630,2.619884
C029655,7,C008032,630,2.396412
C029671,6,C016665,1320,1.987997
C029674,2,C006463,501,1.392073
C029685,3,C038542,3084,1.472957
C029689,3,C038542,3084,1.164963
C029696,2,C006463,501,2.556328
C029712,5,C023800,1861,2.263203
C029719,0,C041816,3311,2.193487
C029729,7,C008032,630,1.454565
C029741,2,C006463,501,1.965873
C029746,7,C008032,630,2.381890
C029770,4,C001362,118,2.168886
C029791,7,C008032,630,0.239621
C029797,5,C023800,1861,3.180219
C029798,2,C006463,501,2.401834
C029802,1,C045643,3630,1.678771
C029811,3,C038542,3084,1.491326
C029827,6,C016665,1320,1.704085
C029828,3,C038542,3084,1.413247
C029837,4,C001362,118,1.118638
C029846,3,C038542,3084,1.997438
C029849,3,C038542,3084,1.388164
C029862,4,C001362,118,1.642684
C029876,5,C023800,1861,1.963264
C029909,1,C045643,3630,1.934516
C029918,4,C001362,118,0.923512
C029932,5,C023800,1861,1.828101
C029951,7,C008032,630,1.297877
C029980,3,C038542,3084,1.056592
C029986,2,C006463,501,1.640763
C029997,6,C016665,1320,3.040542
C030013,1,C045643,3630,2.485020
C030015,3,C038542,3084,2.300820
C030020,3,C038542,3084,2.296784
C030031,6,C016665,1320,0.907728
C030032,7,C008032,630,1.826473
C030034,6,C016665,1320,2.812242
C030043,5,C023800,1861,1.288386
C030054,7,C008032,630,0.828339
C030068,1,C045643,3630,0.838792
C030074,4,C001362,118,1.252771
C030091,0,C041816,3311,3.127480
C030100,0,C041816,3311,1.174294
C030111,7,C008032,630,0.875491
C030115,3,C038542,3084,0.608619
C030137,6,C016665,1320,0.950327
C030140,6,C016665,1320,0.966392
C030149,2,C006463,501,1.618181
C030197,1,C045643,3630,2.526139
C030208,7,C008032,630,1.552773
C030216,0,C041816,3311,1.898662
C030253,6,C016665,1320,1.574482
C030260,1,C045643,3630,1.921027
C030262,4,C001362,118,2.756619
C030274,7,C008032,630,1.735465
C030276,3,C038542,3084,1.460394
C030298,6,C016665,1320,2.443052
C030314,2,C006463,501,2.263596
C030326,3,C038542,3084,1.094722
C030345,6,C016665,1320,2.805535
C030394,6,C016665,1320,1.654397
C030421,5,C023800,1861,2.439438
C030438,7,C008032,630,2.447949
C030442,5,C023800,1861,2.643643
C030448,1,C045643,3630,0.921405
C030451,1,C045643,3630,2.280876
C030452,7,C008032,630,0.808756
C030458,1,C045643,3630,2.118157
C030469,0,C041816,3311,2.385445
C030488,1,C045643,3630,1.673270
C030492,6,C016665,1320,2.616190
C030499,1,C045643,3630,2.239461
C030526,7,C008032,630,2.537338
C030538,5,C023800,1861,2.077394
C030544,3,C038542,3084,1.774542
C030551,0,C041816,3311,3.177939
C030565,3,C038542,3084,2.119324
C030571,0,C041816,3311,2.445306
C030573,1,C045643,3630,0.459238
C030581,6,C016665,1320,2.353447
C030587,3,C038542,3084,1.444773
C030588,2,C006463,501,0.640558
C030589,5,C023800,1861,0.169348
C030601,0,C041816,3311,2.498306
C030638,1,C045643,3630,2.336242
C030642,1,C045643,3630,1.434139
C030655,3,C038542,3084,1.417010
C030661,7,C008032,630,1.179995
C030689,3,C038542,3084,1.848018
C030724,7,C008032,630,0.819738
C030725,0,C041816,3311,2.971639
C030730,1,C045643,3630,1.952453
C030746,6,C016665,1320,1.664049
C030758,7,C008032,630,2.161792
C030787,7,C008032,630,2.027652
C030789,4,C001362,118,0.968137
C030792,4,C001362,118,2.237612
C030809,6,C016665,1320,2.404346
C030813,0,C041816,3311,1.112383
C030829,3,C038542,3084,1.508289
C030844,5,C023800,1861,2.856725
C030854,0,C041816,3311,1.098571
C030883,4,C001362,118,2.122271
C030887,0,C041816,3311,1.318446
C030912,0,C041816,3311,1.834170
C030914,5,C023800,1861,2.540071
C030917,6,C016665,1320,0.612808
C030923,1,C045643,3630,2.156978
C030926,6,C016665,1320,1.956931
C030932,7,C008032,630,2.000392
C030939,7,C008032,630,1.621166
C030953,4,C001362,118,2.258194
C030961,4,C001362,118,2.232108
C030974,6,C016665,1320,1.921856
C030978,0,C041816,3311,0.862572
C031002,5,C023800,1861,3.362910
C031005,3,C038542,3084,2.142517
C031008,5,C023800,1861,2.445564
C031012,4,C001362,118,2.358099
C031015,1,C045643,3630,1.274823
C031055,0,C041816,3311,0.394655
C031105,5,C023800,1861,2.421619
C031112,7,C008032,630,1.628598
C031128,1,C045643,3630,2.821446
C031145,2,C006463,501,1.967436
C031147,1,C045643,3630,2.284907
C031149,5,C023800,1861,1.669907
C031150,2,C006463,501,1.552057
C031151,3,C038542,3084,0.695569
C031173,7,C008032,630,2.423410
C031179,4,C001362,118,2.467063
C031184,7,C008032,630,0.651548
C031191,5,C023800,1861,0.899900
C031193,7,C008032,630,0.361872
C031197,6,C016665,1320,2.023334
C031237,0,C041816,3311,2.509105
C031241,0,C041816,3311,1.377893
C031246,7,C008032,630,2.239484
C031255,6,C016665,1320,2.179329
C031302,0,C041816,3311,1.746232
C031312,6,C016665,1320,1.939563
C031328,3,C038542,3084,2.751312
C031340,3,C038542,3084,1.816251
C031354,1,C045643,3630,2.652564
C031356,0,C041816,3311,1.990254
C031368,2,C006463,501,2.428391
C031372,3,C038542,3084,1.773740
C031378,1,C045643,3630,2.010952
C031382,2,C006463,501,1.983376
C031385,6,C016665,1320,1.372344
C031407,5,C023800,1861,0.869380
C031421,7,C008032,630,1.972993
C031448,7,C008032,630,0.152587
C031449,2,C006463,501,2.778931
C031452,4,C001362,118,0.662557
C031453,4,C001362,118,1.127212
C031457,3,C038542,3084,1.303909
C031477,2,C006463,501,1.564814
C031496,0,C041816,3311,1.907771
C031497,6,C016665,1320,1.713850
C031506,3,C038542,3084,0.648813
C031533,2,C006463,501,2.219298
C031563,0,C041816,3311,2.486808
C031567,4,C001362,118,1.871356
C031572,3,C038542,3084,1.746433
C031582,1,C045643,3630,2.029266
C031586,7,C008032,630,1.463106
C031590,0,C041816,3311,1.271035
C031601,7,C008032,630,1.553486
C031629,4,C001362,118,0.916508
C031637,4,C001362,118,1.202118
C031660,0,C041816,3311,3.063193
C031670,2,C006463,501,2.185012
C031678,1,C045643,3630,1.945114
C031690,5,C023800,1861,1.716242
C031697,1,C045643,3630,2.372884
C031720,4,C001362,118,2.372493
C031723,1,C045643,3630,0.559012
C031725,3,C038542,3084,1.731320
C031735,7,C008032,630,1.666934
C031754,6,C016665,1320,1.483054
C031760,5,C023800,1861,2.138717
C031780,0,C041816,3311,1.386782
C031784,7,C008032,630,0.747956
C031785,3,C038542,3084,0.512961
C031820,1,C045643,3630,2.471973
C031857,6,C016665,1320,1.603913
C031860,6,C016665,1320,2.029231
C031861,1,C045643,3630,3.102476
C031872,7,C008032,630,1.890026
C031880,1,C045643,3630,2.334522
C031909,2,C006463,501,0.719235
C031920,2,C006463,501,1.360894
C031960,6,C016665,1320,1.981705
C031975,0,C041816,3311,1.774776
C032005,2,C006463,501,0.849860
C032021,5,C023800,1861,1.180378
C032025,6,C016665,1320,1.645971
C032029,5,C023800,1861,0.595043
C032043,3,C038542,3084,2.396250
C032077,5,C023800,1861,2.264654
C032110,0,C041816,3311,1.417914
C032114,2,C006463,501,2.183617
C032115,4,C001362,118,1.808623
C032117,1,C045643,3630,1.369871
C032144,4,C001362,118,2.284930
C032147,2,C006463,501,1.951346
C032159,0,C041816,3311,1.978581
C032160,3,C038542,3084,1.995265
C032163,7,C008032,630,1.228680
C032188,2,C006463,501,0.148234
C032190,7,C008032,630,1.072544
C032199,5,C023800,1861,2.490603
C032214,5,C023800,1861,2.743826
C032220,6,C016665,1320,2.176259
C032238,3,C038542,3084,0.862368
C032270,7,C008032,630,1.413174
C032279,7,C008032,630,1.704179
C032326,6,C016665,1320,2.183882
C032330,6,C016665,1320,2.242506
C032339,5,C023800,1861,1.098649
C032340,7,C008032,630,2.315857
C032341,3,C038542,3084,2.762807
C032348,7,C008032,630,2.001036
C032350,7,C008032,630,1.835733
C032360,2,C006463,501,2.375281
C032398,3,C038542,3084,2.038554
C032404,3,C038542,3084,1.774004
C032417,0,C041816,3311,2.057477
C032418,6,C016665,1320,1.965065
C032423,1,C045643,3630,0.489570
C032439,5,C023800,1861,3.113940
C032451,6,C016665,1320,2.112390
C032463,5,C023800,1861,2.062795
C032473,2,C006463,501,3.089666
C032485,3,C038542,3084,0.884106
C032511,6,C016665,1320,1.776399
C032512,2,C006463,501,1.971059
C032546,5,C023800,1861,3.377326
C032550,6,C016665,1320,1.444831
C032566,3,C038542,3084,1.471454
C032631,3,C038542,3084,1.827205
C032641,7,C008032,630,2.157938
C032669,6,C016665,1320,1.348845
C032670,4,C001362,118,0.427638
C032674,0,C041816,3311,2.586427
C032685,7,C008032,630,1.766858
C032688,5,C023800,1861,1.490295
C032695,1,C045643,3630,1.685299
C032809,6,C016665,1320,2.302092
C032825,2,C006463,501,1.131670
C032842,2,C006463,501,0.550357
C032859,5,C023800,1861,0.422393
C032867,2,C006463,501,2.139723
C032869,0,C041816,3311,2.806040
C032881,1,C045643,3630,1.953200
C032904,6,C016665,1320,0.998667
C032927,1,C045643,3630,2.180444
C032937,2,C006463,501,1.632180
C032938,5,C023800,1861,1.495569
C032958,0,C041816,3311,0.349631
C032960,7,C008032,630,1.152220
C032992,1,C045643,3630,1.247299
C033012,7,C008032,630,0.766258
C033014,1,C045643,3630,2.061998
C033026,7,C008032,630,1.904302
C033034,0,C041816,3311,1.482486
C033035,5,C023800,1861,2.496594
C033036,4,C001362,118,2.275099
C033051,0,C041816,3311,1.095559
C033062,6,C016665,1320,1.428540
C033067,5,C023800,1861,1.860005
C033077,0,C041816,3311,2.829337
C033083,7,C008032,630,1.162363
C033093,0,C041816,3311,1.182748
C033100,0,C041816,3311,0.845262
C033112,6,C016665,1320,2.156862
C033115,0,C041816,3311,1.492335
C033130,7,C008032,630,1.715084
C033132,7,C008032,630,2.004961
C033133,3,C038542,3084,2.340943
C033146,3,C038542,3084,0.874794
C033149,0,C041816,3311,2.359201
C033157,0,C041816,3311,2.950129
C033165,6,C016665,1320,1.645319
C033170,6,C016665,1320,1.510288
C033183,2,C006463,501,1.287889
C033188,1,C045643,3630,2.397879
C033193,1,C045643,3630,0.588988
C033194,6,C016665,1320,1.740343
C033211,7,C008032,630,1.980569
C033216,2,C006463,501,0.166012
C033236,4,C001362,118,2.069472
C033248,4,C001362,118,1.510453
C033254,1,C045643,3630,2.248318
C033265,0,C041816,3311,1.495584
C033272,7,C008032,630,1.003817
C033298,5,C023800,1861,1.132659
C033335,5,C023800,1861,2.093891
C033339,5,C023800,1861,2.291041
C033345,6,C016665,1320,1.491380
C033354,7,C008032,630,1.720141
C033362,6,C016665,1320,1.130295
C033365,4,C001362,118,2.323284
C033367,5,C023800,1861,2.575408
C033368,4,C001362,118,2.168513
C033378,7,C008032,630,1.060061
C033392,0,C041816,3311,2.086084
C033394,7,C008032,630,2.473037
C033429,4,C001362,118,0.626805
C033448,5,C023800,1861,1.145591
C033450,3,C038542,3084,2.431129
C033464,0,C041816,3311,0.770647
C033485,0,C041816,3311,2.850848
C033487,7,C008032,630,1.968799
C033493,6,C016665,1320,2.378591
C033504,1,C045643,3630,2.252025
C033505,6,C016665,1320,2.248092
C033508,5,C023800,1861,0.942311
C033521,1,C045643,3630,0.860331
C033530,2,C006463,501,1.555514
C033541,5,C023800,1861,1.590832
C033554,5,C023800,1861,2.237643
C033578,1,C045643,3630,1.556463
C033588,0,C041816,3311,1.136846
C033589,4,C001362,118,2.811088
C033591,2,C006463,501,1.746149
C033595,5,C023800,1861,1.107428
C033615,5,C023800,1861,1.805530
C033619,3,C038542,3084,2.550663
C033652,2,C006463,501,0.814321
C033654,2,C006463,501,0.631285
C033658,7,C008032,630,0.426907
C033681,6,C016665,1320,1.584444
C033685,0,C041816,3311,1.319926
C033694,6,C016665,1320,2.008114
C033705,6,C016665,1320,2.043068
C033714,6,C016665,1320,0.858490
C033716,5,C023800,1861,2.194451
C033729,5,C023800,1861,2.852223
C033733,0,C041816,3311,2.568419
C033747,2,C006463,501,1.957095
C033752,0,C041816,3311,0.347805
C033757,4,C001362,118,2.663001
C033766,2,C006463,501,1.236249
C033799,3,C038542,3084,1.302458
C033803,3,C038542,3084,1.627847
C033813,0,C041816,3311,0.966372
C033819,2,C006463,501,2.335410
C033828,4,C001362,118,2.408246
C033832,7,C008032,630,2.149439
C033835,7,C008032,630,2.819753
C033838,5,C023800,1861,2.017458
C033846,5,C023800,1861,3.237095
C033862,5,C023800,1861,2.275729
C033879,0,C041816,3311,0.945014
C033880,5,C023800,1861,0.270257
C033923,3,C038542,3084,0.585499
C033935,1,C045643,3630,2.039079
C033981,4,C001362,118,1.653478
C033990,6,C016665,1320,1.686345
C033992,3,C038542,3084,1.565234
C033996,0,C041816,3311,2.257261
C033999,5,C023800,1861,2.051361
C034006,4,C001362,118,0.254575
C034024,3,C038542,3084,2.436329
C034027,4,C001362,118,1.027556
C034034,5,C023800,1861,3.510410
C034042,1,C045643,3630,1.059717
C034044,4,C001362,118,2.723330
C034069,6,C016665,1320,2.115890
C034070,6,C016665,1320,1.476002
C034091,1,C045643,3630,0.886850
C034125,1,C045643,3630,2.443950
C034127,1,C045643,3630,2.024491
C034151,4,C001362,118,2.677193
C034162,4,C001362,118,1.556827
C034178,3,C038542,3084,1.754610
C034180,5,C023800,1861,2.105160
C034228,7,C008032,630,1.809942
C034233,5,C023800,1861,2.032246
C034239,7,C008032,630,0.709363
C034241,0,C041816,3311,2.462639
C034247,7,C008032,630,2.323794
C034252,4,C001362,118,1.166054
C034267,2,C006463,501,0.970585
C034269,0,C041816,3311,1.987955
C034271,6,C016665,1320,0.835841
C034278,7,C008032,630,2.530621
C034280,7,C008032,630,0.375776
C034288,6,C016665,1320,1.411245
C034294,0,C041816,3311,1.418700
C034310,7,C008032,630,1.809930
C034319,6,C016665,1320,2.094160
C034344,7,C008032,630,0.558660
C034353,0,C041816,3311,2.457248
C034362,0,C041816,3311,2.211033
C034368,2,C006463,501,1.021434
C034394,3,C038542,3084,1.351417
C034412,3,C038542,3084,2.218931
C034416,1,C045643,3630,0.987746
C034417,5,C023800,1861,2.964329
C034424,1,C045643,3630,2.807701
C034432,6,C016665,1320,2.678182
C034444,6,C016665,1320,2.118723
C034446,2,C006463,501,1.401496
C034460,3,C038542,3084,1.385952
C034463,2,C006463,501,1.984583
C034468,6,C016665,1320,2.797551
C034482,5,C023800,1861,1.264843
C034487,6,C016665,1320,1.731796
C034491,1,C045643,3630,1.142944
C034499,1,C045643,3630,1.151396
C034500,3,C038542,3084,2.303925
C034519,5,C023800,1861,2.528238
C034520,2,C006463,501,1.217145
C034527,5,C023800,1861,2.012036
C034558,2,C006463,501,2.053629
C034560,0,C041816,3311,2.369678
C034561,2,C006463,501,0.818389
C034594,7,C008032,630,2.306755
C034611,4,C001362,118,2.044533
C034613,5,C023800,1861,1.331385
C034614,0,C041816,3311,3.034011
C034653,0,C041816,3311,2.362178
C034703,3,C038542,3084,3.151259
C034707,2,C006463,501,2.519774
C034713,7,C008032,630,2.472724
C034719,2,C006463,501,2.130590
C034722,7,C008032,630,1.499660
C034727,2,C006463,501,1.848183
C034742,7,C008032,630,1.684790
C034750,6,C016665,1320,2.544971
C034768,4,C001362,118,2.546152
C034774,4,C001362,118,1.465071
C034781,7,C008032,630,2.165289
C034784,0,C041816,3311,1.992113
C034793,6,C016665,1320,2.102887
C034795,1,C045643,3630,2.037626
C034816,5,C023800,1861,2.632728
C034830,1,C045643,3630,2.183118
C034847,7,C008032,630,2.381239
C034856,3,C038542,3084,1.189667
C034868,5,C023800,1861,2.487348
C034874,0,C041816,3311,2.606866
C034890,5,C023800,1861,1.303859
C034904,5,C023800,1861,2.909106
C034908,7,C008032,630,0.916585
C034911,6,C016665,1320,1.700849
C034917,5,C023800,1861,1.510459
C034928,2,C006463,501,1.711337
C034941,5,C023800,1861,2.188779
C034943,5,C023800,1861,1.868315
C034948,5,C023800,1861,1.764522
C034974,2,C006463,501,2.474615
C034982,6,C016665,1320,2.974293
C034985,6,C016665,1320,2.624072
C035002,4,C001362,118,1.105530
C035032,0,C041816,3311,1.898884
C035039,7,C008032,630,0.809469
C035088,4,C001362,118,0.503288
C035105,5,C023800,1861,0.226196
C035113,0,C041816,3311,1.703215
C035165,5,C023800,1861,2.122233
C035169,0,C041816,3311,1.067247
C035182,6,C016665,1320,1.163864
C035187,5,C023800,1861,0.325983
C035189,5,C023800,1861,0.984126
C035190,5,C023800,1861,2.838356
C035213,0,C041816,3311,1.980003
C035248,0,C041816,3311,2.676059
C035257,7,C008032,630,0.699569
C035272,3,C038542,3084,1.593885
C035273,7,C008032,630,2.420940
C035279,3,C038542,3084,2.539144
C035284,7,C008032,630,1.354364
C035290,2,C006463,501,2.002469
C035313,7,C008032,630,2.224742
C035325,1,C045643,3630,1.478376
C035335,5,C023800,1861,2.147575
C035337,0,C041816,3311,2.251257
C035345,3,C038542,3084,2.227588
C035347,3,C038542,3084,2.141495
C035350,7,C008032,630,1.577737
C035352,2,C006463,501,1.323392
C035357,3,C038542,3084,2.424335
C035381,0,C041816,3311,2.750277
C035398,6,C016665,1320,1.759659
C035409,4,C001362,118,1.711503
C035426,6,C016665,1320,1.442507
C035429,4,C001362,118,2.103072
C035435,2,C006463,501,2.480652
C035448,6,C016665,1320,0.394193
C035451,4,C001362,118,0.671131
C035453,3,C038542,3084,1.731319
C035470,2,C006463,501,1.915263
C035480,4,C001362,118,2.544886
C035483,7,C008032,630,1.391264
C035492,4,C001362,118,2.678307
C035494,1,C045643,3630,2.069187
C035495,6,C016665,1320,2.619357
C035515,0,C041816,3311,1.865104
C035526,7,C008032,630,0.837446
C035527,7,C008032,630,1.408734
C035530,5,C023800,1861,2.607395
C035560,1,C045643,3630,2.065043
C035575,1,C045643,3630,1.499337
C035599,5,C023800,1861,0.864606
C035606,2,C006463,501,2.318687
C035610,5,C023800,1861,1.483661
C035619,5,C023800,1861,0.844303
C035624,0,C041816,3311,2.981054
C035652,7,C008032,630,0.572503
C035668,6,C016665,1320,1.479861
C035675,2,C006463,501,2.130709
C035687,1,C045643,3630,2.695034
C035693,6,C016665,1320,1.475593
C035694,3,C038542,3084,2.106169
C035696,6,C016665,1320,0.789491
C035697,0,C041816,3311,2.286984
C035702,3,C038542,3084,2.714880
C035714,0,C041816,3311,2.261148
C035715,0,C041816,3311,2.007257
C035718,0,C041816,3311,2.370853
C035722,4,C001362,118,1.579026
C035724,6,C016665,1320,3.377046
C035727,6,C016665,1320,1.443432
C035735,7,C008032,630,2.349724
C035736,0,C041816,3311,3.041852
C035753,0,C041816,3311,0.840162
C035760,6,C016665,1320,1.331161
C035800,6,C016665,1320,1.510015
C035830,4,C001362,118,1.570897
C035837,4,C001362,118,2.016707
C035838,2,C006463,501,2.086197
C035859,4,C001362,118,0.523056
C035863,5,C023800,1861,3.217933
C035914,7,C008032,630,1.892274
C035917,5,C023800,1861,0.831158
C035944,5,C023800,1861,2.475902
C035946,0,C041816,3311,1.660455
C035952,6,C016665,1320,0.769142
C035967,1,C045643,3630,1.288623
C035976,4,C001362,118,2.365402
C035996,4,C001362,118,2.184861
C036022,2,C006463,501,1.522923
C036025,1,C045643,3630,2.988636
C036027,3,C038542,3084,1.869362
C036039,5,C023800,1861,0.365121
C036060,3,C038542,3084,0.779549
C036063,0,C041816,3311,2.349971
C036071,2,C006463,501,2.096549
C036091,0,C041816,3311,0.635239
C036093,4,C001362,118,1.385233
C036095,0,C041816,3311,0.875175
C036102,2,C006463,501,2.293088
C036106,2,C006463,501,1.065089
C036114,6,C016665,1320,2.022847
C036118,4,C001362,118,1.881219
C036138,3,C038542,3084,1.722134
C036140,6,C016665,1320,1.433523
C036145,4,C001362,118,0.942294
C036146,6,C016665,1320,2.431822
C036149,1,C045643,3630,2.262737
C036151,0,C041816,3311,1.660939
C036158,0,C041816,3311,2.559540
C036161,7,C008032,630,2.381088
C036172,5,C023800,1861,2.002309
C036177,3,C038542,3084,1.690180
C036190,5,C023800,1861,2.218190
C036192,5,C023800,1861,3.034233
C036215,5,C023800,1861,1.537435
C036221,7,C008032,630,1.775269
C036228,2,C006463,501,2.853607
C036240,5,C023800,1861,1.767049
C036263,0,C041816,3311,2.861060
C036274,1,C045643,3630,1.363937
C036278,4,C001362,118,2.417453
C036315,0,C041816,3311,3.019235
C036322,6,C016665,1320,0.844990
C036332,7,C008032,630,1.585555
C036353,1,C045643,3630,0.963974
C036359,1,C045643,3630,2.142255
C036383,3,C038542,3084,1.686368
C036420,6,C016665,1320,2.525939
C036449,3,C038542,3084,1.173718
C036453,1,C045643,3630,0.839118
C036472,7,C008032,630,2.177459
C036485,3,C038542,3084,1.370172
C036486,4,C001362,118,0.467707
C036493,6,C016665,1320,1.278548
C036525,4,C001362,118,2.575514
C036530,7,C008032,630,1.896463
C036533,5,C023800,1861,0.805092
C036537,1,C045643,3630,2.240920
C036539,0,C041816,3311,2.180042
C036547,6,C016665,1320,1.901759
C036549,1,C045643,3630,0.505294
C036550,7,C008032,630,1.982903
C036570,4,C001362,118,2.341304
C036577,1,C045643,3630,0.552642
C036588,0,C041816,3311,2.363305
C036606,1,C045643,3630,2.170582
C036635,6,C016665,1320,0.697030
C036639,5,C023800,1861,2.842342
C036656,4,C001362,118,2.190037
C036682,0,C041816,3311,2.374019
C036688,1,C045643,3630,2.526240
C036697,0,C041816,3311,1.864177
C036703,7,C008032,630,2.306871
C036728,7,C008032,630,0.786088
C036734,1,C045643,3630,1.751792
C036737,4,C001362,118,2.292189
C036741,4,C001362,118,2.118034
C036807,2,C006463,501,2.346822
C036811,3,C038542,3084,2.271624
C036825,7,C008032,630,2.686759
C036826,5,C023800,1861,1.683973
C036831,7,C008032,630,1.538223
C036838,6,C016665,1320,2.121963
C036843,2,C006463,501,2.264619
C036846,0,C041816,3311,1.820886
C036848,6,C016665,1320,2.599651
C036858,0,C041816,3311,2.712539
C036873,4,C001362,118,1.394367
C036879,3,C038542,3084,0.201751
C036880,3,C038542,3084,1.595140
C036915,7,C008032,630,2.034645
C036919,2,C006463,501,1.679649
C036923,7,C008032,630,2.296111
C036933,6,C016665,1320,1.566566
C036934,7,C008032,630,1.476857
C036940,4,C001362,118,1.551603
C036942,5,C023800,1861,1.750991
C036948,0,C041816,3311,2.588468
C036949,6,C016665,1320,1.047532
C036953,1,C045643,3630,2.189351
C036957,0,C041816,3311,1.995654
C036982,2,C006463,501,2.658791
C037001,5,C023800,1861,2.753655
C037013,3,C038542,3084,2.845911
C037016,0,C041816,3311,2.545945
C037025,7,C008032,630,1.870781
C037029,7,C008032,630,0.927639
C037032,2,C006463,501,1.170538
C037048,3,C038542,3084,0.821859
C037049,2,C006463,501,1.380156
C037050,2,C006463,501,3.132803
C037059,4,C001362,118,1.345644
C037072,6,C016665,1320,2.389124
C037076,3,C038542,3084,1.272830
C037082,7,C008032,630,2.338703
C037089,7,C008032,630,2.406020
C037107,0,C041816,3311,1.716636
C037120,4,C001362,118,1.336948
C037121,3,C038542,3084,1.233584
C037155,7,C008032,630,1.182107
C037158,4,C001362,118,1.521575
C037164,6,C016665,1320,1.925548
C037172,2,C006463,501,2.233060
C037176,4,C001362,118,1.258057
C037197,4,C001362,118,2.264856
C037225,0,C041816,3311,1.635072
C037230,5,C023800,1861,1.899456
C037235,1,C045643,3630,1.315330
C037245,5,C023800,1861,2.282497
C037246,0,C041816,3311,1.895003
C037270,3,C038542,3084,2.953132
C037284,0,C041816,3311,2.136813
C037289,1,C045643,3630,1.270683
C037293,1,C045643,3630,2.416664
C037313,0,C041816,3311,3.128435
C037327,6,C016665,1320,2.906096
C037328,1,C045643,3630,2.254478
C037333,0,C041816,3311,2.062538
C037337,6,C016665,1320,1.134586
C037341,6,C016665,1320,1.895497
C037342,2,C006463,501,2.937238
C037361,6,C016665,1320,0.534091
C037363,4,C001362,118,2.037211
C037366,7,C008032,630,2.622564
C037389,5,C023800,1861,2.603801
C037392,3,C038542,3084,0.559676
C037404,7,C008032,630,0.665542
C037425,4,C001362,118,0.967468
C037426,6,C016665,1320,1.790210
C037446,6,C016665,1320,1.388578
C037449,5,C023800,1861,3.152988
C037460,4,C001362,118,0.599487
C037479,0,C041816,3311,0.757349
C037484,5,C023800,1861,1.503271
C037491,2,C006463,501,1.488655
C037518,6,C016665,1320,1.626507
C037523,2,C006463,501,1.663387
C037551,3,C038542,3084,2.543618
C037579,4,C001362,118,1.914255
C037609,3,C038542,3084,1.063126
C037626,0,C041816,3311,0.907401
C037646,2,C006463,501,2.130811
C037661,4,C001362,118,1.045920
C037674,5,C023800,1861,2.430338
C037678,0,C041816,3311,1.440137
C037688,5,C023800,1861,1.162309
C037698,4,C001362,118,2.208940
C037719,0,C041816,3311,3.085530
C037727,3,C038542,3084,1.969950
C037735,7,C008032,630,2.455868
C037737,5,C023800,1861,1.484107
C037765,6,C016665,1320,1.994506
C037781,3,C038542,3084,1.789644
C037792,0,C041816,3311,1.157249
C037798,1,C045643,3630,1.645025
C037800,1,C045643,3630,1.152456
C037810,3,C038542,3084,1.886881
C037845,6,C016665,1320,0.618825
C037860,0,C041816,3311,2.157260
C037866,3,C038542,3084,2.007510
C037869,5,C023800,1861,2.556954
C037873,0,C041816,3311,2.632201
C037886,1,C045643,3630,2.194257
C037895,0,C041816,3311,1.430370
C037904,3,C038542,3084,0.179049
C037924,6,C016665,1320,1.624140
C037966,2,C006463,501,2.026145
C037973,4,C001362,118,1.845297
C037978,0,C041816,3311,1.547987
C037991,4,C001362,118,2.045504
C037992,0,C041816,3311,2.175933
C037995,4,C001362,118,0.218909
C038017,3,C038542,3084,1.047589
C038022,0,C041816,3311,2.881443
C038055,5,C023800,1861,2.362725
C038059,5,C023800,1861,0.909475
C038060,5,C023800,1861,3.234853
C038109,0,C041816,3311,3.195402
C038112,4,C001362,118,1.227215
C038113,7,C008032,630,0.994394
C038127,7,C008032,630,1.874430
C038132,0,C041816,3311,2.955441
C038140,2,C006463,501,1.859425
C038143,4,C001362,118,1.216268
C038145,2,C006463,501,1.810812
C038162,7,C008032,630,1.318173
C038179,5,C023800,1861,1.106310
C038221,2,C006463,501,2.508153
C038225,6,C016665,1320,2.363025
C038245,2,C006463,501,1.839161
C038247,1,C045643,3630,2.163479
C038254,2,C006463,501,2.121827
C038269,1,C045643,3630,2.396316
C038300,0,C041816,3311,2.257982
C038305,6,C016665,1320,2.594494
C038330,4,C001362,118,2.106445
C038339,2,C006463,501,1.170641
C038341,5,C023800,1861,3.655934
C038360,6,C016665,1320,1.975468
C038361,0,C041816,3311,1.744607
C038368,4,C001362,118,2.613544
C038372,5,C023800,1861,1.480533
C038392,2,C006463,501,0.967598
C038396,1,C045643,3630,2.231700
C038413,4,C001362,118,2.019997
C038417,2,C006463,501,1.264481
C038426,4,C001362,118,2.159961
C038440,1,C045643,3630,2.508065
C038443,4,C001362,118,2.844464
C038449,0,C041816,3311,0.802570
C038454,3,C038542,3084,1.832013
C038460,1,C045643,3630,0.946614
C038506,5,C023800,1861,1.698932
C038517,0,C041816,3311,1.012497
C038542,3,C038542,3084,0.000000
C038552,6,C016665,1320,0.452334
C038554,3,C038542,3084,2.250367
C038577,2,C006463,501,0.429528
C038582,3,C038542,3084,0.839513
C038616,7,C008032,630,2.331585
C038625,3,C038542,3084,1.323039
C038626,5,C023800,1861,1.878492
C038658,3,C038542,3084,1.502567
C038659,0,C041816,3311,2.338482
C038691,6,C016665,1320,2.375418
C038702,0,C041816,3311,2.260766
C038726,5,C023800,1861,3.081462
C038797,5,C023800,1861,2.263344
C038811,6,C016665,1320,3.218638
C038818,3,C038542,3084,0.417832
C038828,7,C008032,630,2.013274
C038838,6,C016665,1320,2.758205
C038857,0,C041816,3311,2.499704
C038869,6,C016665,1320,2.292671
C038882,4,C001362,118,1.835777
C038903,2,C006463,501,2.879846
C038911,5,C023800,1861,1.704546
C038915,3,C038542,3084,1.991229
C038927,7,C008032,630,1.364119
C038930,4,C001362,118,0.969687
C038984,4,C001362,118,1.897762
C039013,4,C001362,118,1.221566
C039044,7,C008032,630,1.422150
C039045,5,C023800,1861,2.337690
C039067,0,C041816,3311,1.801595
C039068,0,C041816,3311,1.762524
C039078,2,C006463,501,1.515277
C039086,0,C041816,3311,1.706763
C039095,1,C045643,3630,1.708958
C039134,2,C006463,501,1.488658
C039137,0,C041816,3311,2.691708
C039150,0,C041816,3311,2.190220
C039171,7,C008032,630,2.303923
C039184,1,C045643,3630,2.352109
C039187,3,C038542,3084,1.850440
C039209,6,C016665,1320,1.661816
C039214,0,C041816,3311,1.974642
C039216,4,C001362,118,1.421961
C039220,7,C008032,630,1.998958
C039237,0,C041816,3311,0.939357
C039269,0,C041816,3311,2.198388
C039298,4,C001362,118,0.985343
C039301,5,C023800,1861,1.995807
C039327,2,C006463,501,0.661081
C039352,2,C006463,501,2.708305
C039381,1,C045643,3630,2.328023
C039384,7,C008032,630,2.179389
C039393,2,C006463,501,1.057775
C039397,3,C038542,3084,1.302501
C039400,0,C041816,3311,1.134152
C039433,1,C045643,3630,2.634303
C039435,6,C016665,1320,0.836038
C039449,0,C041816,3311,1.833557
C039450,2,C006463,501,1.334883
C039470,1,C045643,3630,0.446785
C039489,5,C023800,1861,1.009117
C039499,6,C016665,1320,2.185538
C039501,0,C041816,3311,2.292377
C039504,7,C008032,630,1.388280
C039514,2,C006463,501,1.553688
C039520,4,C001362,118,1.483082
C039549,2,C006463,501,1.860696
C039550,6,C016665,1320,2.227498
C039562,5,C023800,1861,2.162492
C039566,4,C001362,118,2.425990
C039603,6,C016665,1320,2.045006
C039635,0,C041816,3311,1.204198
C039637,3,C038542,3084,1.708654
C039654,2,C006463,501,0.298137
C039660,7,C008032,630,1.799364
C039672,2,C006463,501,2.220010
C039679,4,C001362,118,1.717606
C039695,4,C001362,118,2.462576
C039724,1,C045643,3630,1.945686
C039739,6,C016665,1320,1.431632
C039762,7,C008032,630,2.432496
C039774,6,C016665,1320,2.043147
C039779,3,C038542,3084,0.988743
C039782,6,C016665,1320,3.110677
C039814,4,C001362,118,2.865577
C039819,2,C006463,501,1.571789
C039821,4,C001362,118,2.548553
C039840,5,C023800,1861,2.012265
C039848,0,C041816,3311,0.603063
C039849,4,C001362,118,2.061304
C039850,1,C045643,3630,2.045292
C039873,6,C016665,1320,1.549957
C039874,3,C038542,3084,2.709702
C039876,7,C008032,630,2.493312
C039902,7,C008032,630,2.283050
C039921,6,C016665,1320,3.116727
C039924,4,C001362,118,1.658782
C039945,5,C023800,1861,2.104435
C039955,2,C006463,501,1.335860
C039967,6,C016665,1320,3.210331
C039996,0,C041816,3311,2.282599
C039997,5,C023800,1861,1.043843
C040003,0,C041816,3311,3.028028
C040018,3,C038542,3084,1.741954
C040021,6,C016665,1320,0.550535
C040032,1,C045643,3630,1.479889
C040033,1,C045643,3630,1.192879
C040052,7,C008032,630,2.066679
C040058,6,C016665,1320,1.667733
C040085,5,C023800,1861,2.745901
C040112,6,C016665,1320,1.040234
C040118,0,C041816,3311,0.914867
C040120,7,C008032,630,1.578739
C040134,6,C016665,1320,1.195221
C040142,7,C008032,630,2.518711
C040148,0,C041816,3311,2.203263
C040195,6,C016665,1320,1.685012
C040198,5,C023800,1861,2.119898
C040212,4,C001362,118,2.759972
C040265,7,C008032,630,1.120444
C040275,5,C023800,1861,1.925075
C040279,3,C038542,3084,2.380305
C040286,5,C023800,1861,1.939535
C040292,0,C041816,3311,1.545005
C040318,6,C016665,1320,1.683422
C040324,6,C016665,1320,2.601633
C040346,6,C016665,1320,1.350912
C040349,7,C008032,630,1.675101
C040410,4,C001362,118,2.318497
C040415,5,C023800,1861,1.640588
C040419,5,C023800,1861,2.097480
C040441,2,C006463,501,1.322212
C040490,7,C008032,630,2.441463
C040502,1,C045643,3630,2.161130
C040508,5,C023800,1861,2.712860
C040512,1,C045643,3630,1.258762
C040514,3,C038542,3084,1.340739
C040542,0,C041816,3311,1.371465
C040546,4,C001362,118,0.813157
C040548,6,C016665,1320,2.063486
C040570,6,C016665,1320,3.294562
C040574,2,C006463,501,1.554740
C040594,6,C016665,1320,0.314823
C040606,3,C038542,3084,2.250356
C040640,1,C045643,3630,1.519672
C040664,2,C006463,501,1.819131
C040670,4,C001362,118,0.957294
C040672,2,C006463,501,0.950544
C040686,0,C041816,3311,2.969670
C040688,1,C045643,3630,2.151016
C040690,1,C045643,3630,0.066289
C040707,4,C001362,118,1.131041
C040730,7,C008032,630,2.558961
C040752,7,C008032,630,0.814175
C040787,1,C045643,3630,1.561038
C040824,4,C001362,118,1.733276
C040832,1,C045643,3630,1.320957
C040835,5,C023800,1861,1.436663
C040860,0,C041816,3311,2.255460
C040874,3,C038542,3084,1.495907
C040913,1,C045643,3630,1.463313
C040914,0,C041816,3311,1.281305
C040942,3,C038542,3084,1.385691
C040962,3,C038542,3084,2.372198
C040985,7,C008032,630,2.900673
C040989,4,C001362,118,1.268610
C040993,7,C008032,630,1.312384
C040997,2,C006463,501,1.933825
C041026,2,C006463,501,1.659949
C041069,4,C001362,118,2.787375
C041070,1,C045643,3630,0.209982
C041074,5,C023800,1861,1.751245
C041091,1,C045643,3630,1.307050
C041093,0,C041816,3311,0.963447
C041114,3,C038542,3084,1.043546
C041120,2,C006463,501,0.638607
C041125,7,C008032,630,2.272601
C041139,5,C023800,1861,1.567657
C041140,0,C041816,3311,0.800420
C041160,6,C016665,1320,2.216589
C041170,7,C008032,630,2.773182
C041171,4,C001362,118,2.325634
C041174,0,C041816,3311,2.298052
C041199,3,C038542,3084,1.504146
C041215,3,C038542,3084,1.491264
C041219,3,C038542,3084,1.191584
C041223,1,C045643,3630,2.545869
C041231,0,C041816,3311,0.856537
C041233,4,C001362,118,3.451215
C041261,2,C006463,501,0.568808
C041289,0,C041816,3311,2.217583
C041323,0,C041816,3311,1.711494
C041364,0,C041816,3311,1.557780
C041367,6,C016665,1320,1.016389
C041381,0,C041816,3311,2.544051
C041382,0,C041816,3311,2.965400
C041386,4,C001362,118,2.404584
C041389,5,C023800,1861,2.169476
C041396,2,C006463,501,2.904177
C041400,3,C038542,3084,2.950685
C041420,1,C045643,3630,2.038318
C041444,5,C023800,1861,2.710057
C041445,0,C041816,3311,2.676714
C041468,2,C006463,501,3.268925
C041516,1,C045643,3630,0.893992
C041536,7,C008032,630,1.300033
C041540,6,C016665,1320,2.363554
C041571,0,C041816,3311,2.155234
C041584,0,C041816,3311,2.097736
C041615,6,C016665,1320,1.552078
C041619,6,C016665,1320,0.933702
C041629,1,C045643,3630,1.569301
C041652,4,C001362,118,2.445648
C041653,0,C041816,3311,3.262663
C041674,7,C008032,630,0.806765
C041678,3,C038542,3084,1.270216
C041712,6,C016665,1320,0.560811
C041716,4,C001362,118,1.052119
C041722,5,C023800,1861,1.159265
C041732,4,C001362,118,2.075287
C041733,1,C045643,3630,1.326651
C041748,0,C041816,3311,2.778049
C041758,0,C041816,3311,2.930793
C041779,3,C038542,3084,2.122326
C041781,2,C006463,501,1.363961
C041796,7,C008032,630,1.325242
C041816,0,C041816,3311,0.000000
C041842,7,C008032,630,1.451058
C041859,3,C038542,3084,2.160150
C041867,0,C041816,3311,0.425293
C041868,0,C041816,3311,2.384904
C041871,4,C001362,118,1.992740
C041887,0,C041816,3311,2.735771
C041891,5,C023800,1861,1.179925
C041894,0,C041816,3311,2.856952
C041901,3,C038542,3084,1.804973
C041904,3,C038542,3084,1.298855
C041912,3,C038542,3084,2.263975
C041982,0,C041816,3311,2.039002
C041984,6,C016665,1320,1.838982
C042014,4,C001362,118,1.226362
C042045,5,C023800,1861,1.511826
C042095,3,C038542,3084,1.612853
C042101,3,C038542,3084,1.000275
C042102,5,C023800,1861,2.926680
C042106,6,C016665,1320,2.134706
C042111,0,C041816,3311,2.311266
C042134,3,C038542,3084,1.228362
C042151,2,C006463,501,2.558817
C042164,3,C038542,3084,1.722277
C042176,5,C023800,1861,2.394938
C042228,2,C006463,501,1.763559
C042241,2,C006463,501,2.058614
C042262,6,C016665,1320,2.294301
C042268,2,C006463,501,1.908087
C042269,2,C006463,501,1.627478
C042272,4,C001362,118,1.186481
C042281,1,C045643,3630,0.284879
C042283,0,C041816,3311,2.840872
C042292,1,C045643,3630,2.486004
C042297,2,C006463,501,1.687540
C042312,5,C023800,1861,1.752076
C042316,4,C001362,118,2.425526
C042318,7,C008032,630,2.726122
C042329,4,C001362,118,1.504414
C042333,7,C008032,630,1.618919
C042334,0,C041816,3311,1.590455
C042348,0,C041816,3311,1.563354
C042352,6,C016665,1320,1.416272
C042353,3,C038542,3084,1.083049
C042364,7,C008032,630,3.118142
C042372,2,C006463,501,1.951770
C042390,7,C008032,630,2.260194
C042400,6,C016665,1320,1.944782
C042423,7,C008032,630,2.163849
C042424,0,C041816,3311,0.589215
C042439,0,C041816,3311,3.072522
C042466,1,C045643,3630,1.683190
C042468,1,C045643,3630,2.757662
C042487,4,C001362,118,2.289034
C042501,5,C023800,1861,1.280964
C042516,6,C016665,1320,1.834701
C042526,5,C023800,1861,2.165263
C042543,0,C041816,3311,2.062440
C042546,6,C016665,1320,2.247628
C042582,6,C016665,1320,1.935521
C042596,5,C023800,1861,2.352791
C042625,6,C016665,1320,0.595287
C042642,2,C006463,501,3.086990
C042650,2,C006463,501,2.615076
C042658,6,C016665,1320,2.593106
C042674,1,C045643,3630,0.512586
C042679,4,C001362,118,2.148852
C042697,3,C038542,3084,2.093977
C042712,0,C041816,3311,2.647148
C042732,5,C023800,1861,0.025027
C042756,1,C045643,3630,1.864921
C042767,6,C016665,1320,2.095418
C042770,1,C045643,3630,0.784671
C042776,7,C008032,630,1.029978
C042799,4,C001362,118,2.857909
C042813,3,C038542,3084,3.115932
C042825,6,C016665,1320,2.675542
C042864,1,C045643,3630,1.504134
C042879,6,C016665,1320,1.791561
C042883,5,C023800,1861,1.385337
C042899,5,C023800,1861,0.953486
C042915,7,C008032,630,2.094539
C042916,1,C045643,3630,2.420710
C042917,7,C008032,630,2.448109
C042945,3,C038542,3084,1.378572
C042956,0,C041816,3311,3.164359
C042957,0,C041816,3311,2.503073
C042961,5,C023800,1861,1.962155
C042966,0,C041816,3311,1.411925
C042967,5,C023800,1861,2.621862
C042973,4,C001362,118,3.067769
C042983,4,C001362,118,1.938463
C042988,7,C008032,630,1.732677
C042989,7,C008032,630,2.672239
C042992,4,C001362,118,2.343398
C042993,3,C038542,3084,2.354026
C043014,6,C016665,1320,2.313245
C043037,5,C023800,1861,2.383511
C043054,2,C006463,501,2.043499
C043061,6,C016665,1320,2.790957
C043063,2,C006463,501,1.783453
C043080,2,C006463,501,0.904466
C043085,3,C038542,3084,1.033198
C043091,0,C041816,3311,2.992685
C043092,7,C008032,630,3.196928
C043119,5,C023800,1861,2.293177
C043129,4,C001362,118,2.108588
C043144,1,C045643,3630,0.888593
C043155,4,C001362,118,1.579329
C043163,7,C008032,630,1.826314
C043181,4,C001362,118,2.083891
C043188,7,C008032,630,1.428733
C043189,6,C016665,1320,1.656305
C043193,0,C041816,3311,2.104218
C043208,0,C041816,3311,2.121756
C043235,7,C008032,630,0.683205
C043245,4,C001362,118,2.629108
C043267,0,C041816,3311,2.003401
C043273,4,C001362,118,1.855775
C043310,2,C006463,501,1.812868
C043325,1,C045643,3630,2.508510
C043329,3,C038542,3084,1.798432
C043330,2,C006463,501,1.788685
C043339,4,C001362,118,0.570338
C043347,1,C045643,3630,0.952831
C043350,3,C038542,3084,1.770241
C043352,3,C038542,3084,0.325473
C043355,5,C023800,1861,3.670215
C043366,2,C006463,501,3.016364
C043395,4,C001362,118,0.548095
C043415,5,C023800,1861,1.012936
C043434,3,C038542,3084,2.953584
C043462,5,C023800,1861,1.242006
C043488,1,C045643,3630,1.250962
C043505,2,C006463,501,2.095995
C043542,7,C008032,630,2.232552
C043544,2,C006463,501,1.550810
C043547,5,C023800,1861,3.335474
C043550,0,C041816,3311,2.626862
C043567,5,C023800,1861,1.540031
C043579,4,C001362,118,2.754814
C043584,5,C023800,1861,1.287151
C043589,4,C001362,118,1.904224
C043620,5,C023800,1861,2.304657
C043626,2,C006463,501,0.747414
C043631,2,C006463,501,2.622380
C043658,0,C041816,3311,2.614843
C043668,2,C006463,501,2.368087
C043669,3,C038542,3084,2.103137
C043673,0,C041816,3311,3.124799
C043677,2,C006463,501,1.998692
C043680,1,C045643,3630,1.239934
C043685,5,C023800,1861,1.454842
C043693,0,C041816,3311,1.901107
C043702,1,C045643,3630,1.647933
C043706,5,C023800,1861,2.988666
C043717,2,C006463,501,0.724466
C043738,1,C045643,3630,2.455468
C043743,4,C001362,118,1.065531
C043750,0,C041816,3311,2.430822
C043774,7,C008032,630,1.292258
C043806,3,C038542,3084,1.905150
C043814,0,C041816,3311,2.306295
C043823,6,C016665,1320,2.452992
C043832,4,C001362,118,3.100215
C043842,1,C045643,3630,1.177845
C043854,3,C038542,3084,1.460207
C043856,5,C023800,1861,2.340179
C043879,6,C016665,1320,2.051046
C043893,6,C016665,1320,1.561109
C043894,4,C001362,118,1.807655
C043912,1,C045643,3630,0.495462
C043914,5,C023800,1861,2.456450
C043924,2,C006463,501,1.998498
C043941,5,C023800,1861,2.009476
C043987,6,C016665,1320,1.712534
C043989,7,C008032,630,2.246147
C043990,4,C001362,118,2.680554
C043996,3,C038542,3084,0.500277
C044011,7,C008032,630,1.693022
C044019,4,C001362,118,2.732756
C044034,5,C023800,1861,2.262541
C044040,0,C041816,3311,0.343642
C044068,4,C001362,118,2.475777
C044078,6,C016665,1320,2.321596
C044085,5,C023800,1861,1.868914
C044089,3,C038542,3084,2.581683
C044098,5,C023800,1861,2.082088
C044099,5,C023800,1861,2.213221
C044125,0,C041816,3311,2.235000
C044130,3,C038542,3084,2.124648
C044159,6,C016665,1320,1.636084
C044164,7,C008032,630,0.914149
C044197,0,C041816,3311,2.916525
C044203,5,C023800,1861,2.190777
C044208,1,C045643,3630,2.750329
C044225,5,C023800,1861,2.346389
C044235,4,C001362,118,1.338558
C044240,3,C038542,3084,0.689577
C044258,4,C001362,118,2.959915
C044260,6,C016665,1320,0.813611
C044276,6,C016665,1320,1.182090
C044291,2,C006463,501,1.282263
C044297,6,C016665,1320,1.838746
C044299,3,C038542,3084,2.133878
C044354,7,C008032,630,2.398272
C044359,3,C038542,3084,2.276618
C044365,0,C041816,3311,2.323147
C044372,3,C038542,3084,2.376317
C044379,2,C006463,501,2.586533
C044408,0,C041816,3311,2.701026
C044414,1,C045643,3630,1.446214
C044418,1,C045643,3630,1.698030
C044430,0,C041816,3311,0.788866
C044437,1,C045643,3630,1.899837
C044438,0,C041816,3311,1.570705
C044450,0,C041816,3311,0.925592
C044452,1,C045643,3630,1.800204
C044460,3,C038542,3084,1.693366
C044470,3,C038542,3084,1.222322
C044473,4,C001362,118,1.944307
C044492,5,C023800,1861,1.981082
C044494,0,C041816,3311,2.204845
C044539,5,C023800,1861,2.228247
C044559,7,C008032,630,2.295776
C044580,0,C041816,3311,2.464835
C044589,1,C045643,3630,1.708919
C044593,6,C016665,1320,1.807309
C044596,1,C045643,3630,1.745315
C044605,2,C006463,501,0.677659
C044614,6,C016665,1320,1.945626
C044616,4,C001362,118,1.554324
C044619,5,C023800,1861,2.590861
C044621,3,C038542,3084,2.187675
C044623,7,C008032,630,1.853564
C044643,5,C023800,1861,0.626502
C044658,3,C038542,3084,1.439356
C044668,0,C041816,3311,1.622576
C044674,7,C008032,630,2.128207
C044684,4,C001362,118,3.175547
C044688,7,C008032,630,1.855161
C044699,0,C041816,3311,2.555570
C044709,6,C016665,1320,1.651055
C044711,1,C045643,3630,1.880041
C044743,6,C016665,1320,2.813170
C044745,1,C045643,3630,2.204671
C044833,4,C001362,118,1.976059
C044845,4,C001362,118,0.644953
C044872,3,C038542,3084,2.685843
C044882,0,C041816,3311,2.019802
C044902,4,C001362,118,1.620549
C044912,3,C038542,3084,0.567889
C044919,1,C045643,3630,1.297866
C044929,1,C045643,3630,1.820209
C044960,6,C016665,1320,2.107365
C044964,2,C006463,501,1.080670
C044975,1,C045643,3630,1.056470
C045019,6,C016665,1320,2.151763
C045032,5,C023800,1861,2.412911
C045036,0,C041816,3311,3.164727
C045055,6,C016665,1320,1.900391
C045074,5,C023800,1861,1.127638
C045079,0,C041816,3311,2.496722
C045091,2,C006463,501,2.426631
C045094,4,C001362,118,1.437110
C045095,4,C001362,118,1.177254
C045101,5,C023800,1861,0.878740
C045102,6,C016665,1320,2.157950
C045105,1,C045643,3630,1.282120
C045108,0,C041816,3311,2.115769
C045124,5,C023800,1861,2.569657
C045133,3,C038542,3084,1.488262
C045146,0,C041816,3311,2.214771
C045150,1,C045643,3630,2.413921
C045176,3,C038542,3084,2.039964
C045177,3,C038542,3084,0.881893
C045182,4,C001362,118,1.857121
C045251,1,C045643,3630,1.001678
C045274,6,C016665,1320,0.893104
C045287,6,C016665,1320,1.702643
C045300,0,C041816,3311,2.773517
C045301,0,C041816,3311,2.135675
C045319,2,C006463,501,2.313711
C045350,4,C001362,118,1.398716
C045356,5,C023800,1861,2.094358
C045375,0,C041816,3311,1.569966
C045377,1,C045643,3630,1.180587
C045397,5,C023800,1861,3.117790
C045398,0,C041816,3311,2.184940
C045399,5,C023800,1861,1.761129
C045410,7,C008032,630,0.872630
C045411,3,C038542,3084,1.430873
C045422,4,C001362,118,0.524438
C045437,0,C041816,3311,1.848408
C045441,4,C001362,118,0.193976
C045445,4,C001362,118,0.634461
C045453,4,C001362,118,2.288147
C045459,1,C045643,3630,1.913128
C045487,5,C023800,1861,1.810664
C045493,0,C041816,3311,1.424042
C045498,4,C001362,118,1.945732
C045513,2,C006463,501,1.970596
C045516,6,C016665,1320,1.519508
C045519,0,C041816,3311,1.420656
C045525,7,C008032,630,1.381312
C045526,3,C038542,3084,1.975549
C045528,2,C006463,501,1.833747
C045530,7,C008032,630,1.771267
C045539,3,C038542,3084,1.581921
C045554,1,C045643,3630,1.939970
C045563,7,C008032,630,1.593265
C045574,2,C006463,501,1.794144
C045577,2,C006463,501,1.410488
C045594,1,C045643,3630,1.617744
C045595,2,C006463,501,1.947529
C045618,0,C041816,3311,1.559642
C045621,2,C006463,501,0.928107
C045635,4,C001362,118,0.611598
C045639,5,C023800,1861,1.203767
C045643,1,C045643,3630,0.000000
C045648,0,C041816,3311,1.725803
C045650,7,C008032,630,2.085551
C045665,5,C023800,1861,1.824353
C045666,1,C045643,3630,0.642431
C045699,0,C041816,3311,2.325962
C045709,0,C041816,3311,1.325148
C045718,7,C008032,630,1.447404
C045729,3,C038542,3084,1.241484
C045735,0,C041816,3311,1.920376
C045737,7,C008032,630,2.170901
C045755,4,C001362,118,2.137782
C045789,6,C016665,1320,2.192043
C045802,5,C023800,1861,3.123956
C045811,7,C008032,630,2.599377
C045833,6,C016665,1320,0.747109
C045840,7,C008032,630,2.691172
C045859,7,C008032,630,1.115017
C045866,7,C008032,630,0.421581
C045869,6,C016665,1320,1.557833
C045870,6,C016665,1320,0.293219
C045883,1,C045643,3630,1.162618
C045884,5,C023800,1861,2.038601
C045892,5,C023800,1861,2.172273
C045894,6,C016665,1320,1.919223
C045906,7,C008032,630,1.253658
C045924,4,C001362,118,1.842432
C046004,0,C041816,3311,0.334520
C046020,0,C041816,3311,2.271279
C046031,5,C023800,1861,3.684810
C046033,0,C041816,3311,2.831573
C046038,3,C038542,3084,0.921245
C046058,6,C016665,1320,1.941199
C046063,0,C041816,3311,1.241386
C046080,3,C038542,3084,2.032312
C046087,2,C006463,501,1.053877
C046091,7,C008032,630,1.556730
C046093,3,C038542,3084,1.711307
C046110,6,C016665,1320,2.481975
C046117,2,C006463,501,2.958930
C046121,3,C038542,3084,3.412732
C046123,2,C006463,501,2.214392
C046132,0,C041816,3311,3.065923
C046181,2,C006463,501,1.954339
C046186,5,C023800,1861,1.173403
C046196,7,C008032,630,1.542673
C046224,7,C008032,630,2.448530
C046225,1,C045643,3630,2.269851
C046228,7,C008032,630,1.783044
C046244,7,C008032,630,0.785602
C046250,2,C006463,501,2.142145
C046265,1,C045643,3630,2.636902
C046297,5,C023800,1861,2.839699
C046343,2,C006463,501,2.013198
C046346,7,C008032,630,2.498831
C046356,4,C001362,118,3.492076
C046360,1,C045643,3630,1.664315
C046432,5,C023800,1861,2.672139
C046436,0,C041816,3311,1.894567
C046485,5,C023800,1861,1.479373
C046492,6,C016665,1320,1.954392
C046510,0,C041816,3311,2.785009
C046534,2,C006463,501,2.327531
C046555,2,C006463,501,1.217045
C046567,0,C041816,3311,2.126815
C046582,0,C041816,3311,2.775178
C046603,0,C041816,3311,2.535563
C046611,6,C016665,1320,0.985651
C046612,6,C016665,1320,1.194789
C046618,3,C038542,3084,1.459805
C046656,0,C041816,3311,0.758792
C046700,3,C038542,3084,2.057812
C046703,0,C041816,3311,1.047880
C046723,1,C045643,3630,1.575828
C046736,0,C041816,3311,0.961703
C046740,2,C006463,501,1.838482
C046745,3,C038542,3084,0.741027
C046757,5,C023800,1861,2.662361
C046766,7,C008032,630,2.771952
C046767,2,C006463,501,2.568710
C046768,1,C045643,3630,2.902222
C046772,6,C016665,1320,1.291018
C046776,0,C041816,3311,3.090490
C046780,4,C001362,118,2.084967
C046781,1,C045643,3630,2.123210
C046792,3,C038542,3084,2.555857
C046802,3,C038542,3084,2.006550
C046810,3,C038542,3084,1.797176
C046837,4,C001362,118,1.871020
C046857,5,C023800,1861,2.184531
C046860,0,C041816,3311,0.930544
C046874,7,C008032,630,0.543626
C046879,7,C008032,630,1.608348
C046900,7,C008032,630,1.541456
C046901,2,C006463,501,1.490503
C046919,4,C001362,118,1.393063
C046944,3,C038542,3084,1.518000
C046953,2,C006463,501,1.719982
C046963,0,C041816,3311,1.316310
C046973,4,C001362,118,1.940809
C046974,1,C045643,3630,1.736074
C047011,6,C016665,1320,2.302899
C047022,7,C008032,630,2.221304
C047035,3,C038542,3084,2.908985
C047041,7,C008032,630,2.135675
C047050,7,C008032,630,2.620007
C047053,7,C008032,630,1.910341
C047061,6,C016665,1320,1.976773
C047073,5,C023800,1861,2.249575
C047089,2,C006463,501,2.491831
C047110,0,C041816,3311,2.248371
C047129,0,C041816,3311,2.823331
C047140,5,C023800,1861,2.506844
C047142,5,C023800,1861,2.141172
C047143,1,C045643,3630,2.646924
C047150,6,C016665,1320,2.268997
C047171,6,C016665,1320,2.239474
C047172,2,C006463,501,1.770362
C047183,5,C023800,1861,0.805550
C047187,4,C001362,118,1.796004
C047193,3,C038542,3084,2.450201
C047200,0,C041816,3311,0.923381
C047212,2,C006463,501,2.598591
C047246,3,C038542,3084,1.959589
C047250,6,C016665,1320,2.483337
C047255,0,C041816,3311,2.256391
C047262,1,C045643,3630,2.453116
C047274,5,C023800,1861,0.836876
C047279,6,C016665,1320,2.562737
C047285,7,C008032,630,0.156469
C047287,5,C023800,1861,1.919339
C047325,0,C041816,3311,1.821752
C047337,0,C041816,3311,3.304600
C047342,5,C023800,1861,1.174043
C047346,6,C016665,1320,1.258038
C047351,4,C001362,118,1.291284
C047359,4,C001362,118,0.909759
C047380,7,C008032,630,2.683542
C047381,6,C016665,1320,2.022474
C047382,1,C045643,3630,2.106797
C047406,7,C008032,630,0.693769
C047425,6,C016665,1320,2.165275
C047431,5,C023800,1861,1.895274
C047461,0,C041816,3311,1.200417
C047462,0,C041816,3311,2.830456
C047464,0,C041816,3311,0.246191
C047483,7,C008032,630,0.823080
C047496,6,C016665,1320,0.845114
C047497,4,C001362,118,2.026365
C047499,4,C001362,118,2.062282
C047503,0,C041816,3311,2.744209
C047517,7,C008032,630,2.253675
C047522,3,C038542,3084,2.219131
C047549,7,C008032,630,2.099556
C047555,6,C016665,1320,2.082882
C047557,1,C045643,3630,2.318661
C047582,2,C006463,501,0.260211
C047586,2,C006463,501,2.015609
C047593,7,C008032,630,0.327486
C047650,5,C023800,1861,1.826679
C047657,0,C041816,3311,2.502885
C047673,2,C006463,501,1.989476
C047676,1,C045643,3630,1.454964
C047708,3,C038542,3084,2.174715
C047729,7,C008032,630,2.551213
C047739,7,C008032,630,0.536656
C047747,4,C001362,118,2.264098
C047748,7,C008032,630,1.349257
C047752,3,C038542,3084,1.505449
C047754,3,C038542,3084,2.062128
C047764,3,C038542,3084,0.427345
C047774,4,C001362,118,0.274224
C047786,2,C006463,501,2.248906
C047808,6,C016665,1320,2.558845
C047817,7,C008032,630,1.284196
C047822,1,C045643,3630,2.794910
C047830,1,C045643,3630,2.493233
C047862,4,C001362,118,0.569901
C047865,0,C041816,3311,2.612527
C047868,4,C001362,118,1.953978
C047888,2,C006463,501,1.137490
C047898,4,C001362,118,2.245570
C047934,6,C016665,1320,2.085583
C047937,5,C023800,1861,2.379644
C047942,7,C008032,630,1.046612
C047986,0,C041816,3311,1.553307
C047993,6,C016665,1320,2.031762
C047995,0,C041816,3311,1.581625
C047999,2,C006463,501,2.533862
C048009,4,C001362,118,1.809771
C048043,0,C041816,3311,2.615659
C048050,6,C016665,1320,1.141863
C048061,0,C041816,3311,0.292449
C048092,6,C016665,1320,1.920513
C048104,0,C041816,3311,0.456844
C048106,0,C041816,3311,2.277384
C048129,0,C041816,3311,0.604582
C048147,0,C041816,3311,1.171694
C048153,5,C023800,1861,1.272205
C048163,0,C041816,3311,1.740406
C048166,1,C045643,3630,1.554944
C048171,7,C008032,630,2.085733
C048185,7,C008032,630,1.876089
C048193,2,C006463,501,1.232410
C048199,1,C045643,3630,0.824205
C048214,4,C001362,118,2.473623
C048221,4,C001362,118,1.980810
C048237,5,C023800,1861,1.986659
C048245,0,C041816,3311,1.802515
C048252,5,C023800,1861,2.332731
C048260,1,C045643,3630,1.451812
C048262,6,C016665,1320,0.873130
C048274,6,C016665,1320,1.982912
C048291,1,C045643,3630,2.122788
C048317,4,C001362,118,1.045792
C048323,4,C001362,118,1.819268
C048341,0,C041816,3311,1.965378
C048353,0,C041816,3311,2.463401
C048379,5,C023800,1861,1.102251
C048389,3,C038542,3084,1.522924
C048425,0,C041816,3311,2.511143
C048429,1,C045643,3630,2.984450
C048430,0,C041816,3311,2.758892
C048445,5,C023800,1861,2.176256
C048474,6,C016665,1320,2.290623
C048490,3,C038542,3084,1.708821
C048494,1,C045643,3630,1.140921
C048499,0,C041816,3311,2.008047
C048500,5,C023800,1861,1.246673
C048515,1,C045643,3630,2.367455
C048519,2,C006463,501,2.285403
C048520,4,C001362,118,1.754916
C048527,4,C001362,118,1.417108
C048531,2,C006463,501,2.203309
C048568,5,C023800,1861,2.446327
C048575,2,C006463,501,2.445467
C048577,0,C041816,3311,2.902350
C048597,2,C006463,501,1.698222
C048598,1,C045643,3630,1.269985
C048601,1,C045643,3630,2.353916
C048604,1,C045643,3630,1.641141
C048616,1,C045643,3630,1.147694
C048618,5,C023800,1861,2.468129
C048625,1,C045643,3630,1.159020
C048638,5,C023800,1861,1.976006
C048650,4,C001362,118,2.369717
C048651,6,C016665,1320,2.248580
C048672,6,C016665,1320,2.584883
C048680,5,C023800,1861,1.812936
C048685,1,C045643,3630,1.303065
C048692,5,C023800,1861,1.968229
C048693,0,C041816,3311,0.652759
C048696,6,C016665,1320,2.423914
C048699,0,C041816,3311,2.034497
C048708,1,C045643,3630,2.441004
C048738,4,C001362,118,1.352114
C048743,5,C023800,1861,1.434075
C048754,4,C001362,118,1.139076
C048757,1,C045643,3630,1.656202
C048764,5,C023800,1861,2.620785
C048769,0,C041816,3311,2.394347
C048777,1,C045643,3630,0.918620
C048795,2,C006463,501,1.415921
C048801,5,C023800,1861,2.488145
C048826,6,C016665,1320,2.393296
C048858,3,C038542,3084,2.191535
C048905,2,C006463,501,1.185772
C048917,5,C023800,1861,3.123916
C048937,1,C045643,3630,1.551056
C048961,6,C016665,1320,2.399783
C048986,5,C023800,1861,2.390919
C048989,2,C006463,501,1.281749
C049001,5,C023800,1861,1.948344
C049012,4,C001362,118,1.876180
C049023,5,C023800,1861,1.553812
C049024,6,C016665,1320,0.368996
C049043,0,C041816,3311,2.662241
C049061,3,C038542,3084,1.343515
C049098,6,C016665,1320,1.267678
C049100,4,C001362,118,2.292976
C049102,0,C041816,3311,1.819937
C049118,7,C008032,630,0.712778
C049142,3,C038542,3084,2.873655
C049163,4,C001362,118,2.772222
C049174,3,C038542,3084,1.740547
C049222,4,C001362,118,2.434932
C049230,0,C041816,3311,2.539308
C049234,4,C001362,118,0.576957
C049236,5,C023800,1861,1.707080
C049256,0,C041816,3311,0.398383
C049278,4,C001362,118,2.586971
C049285,0,C041816,3311,0.451358
C049321,4,C001362,118,2.284377
C049329,1,C045643,3630,2.253696
C049336,7,C008032,630,1.543951
C049347,6,C016665,1320,2.096302
C049348,5,C023800,1861,2.311938
C049352,5,C023800,1861,1.092218
C049355,5,C023800,1861,1.837266
C049363,7,C008032,630,1.746512
C049364,7,C008032,630,1.986981
C049370,7,C008032,630,0.833568
C049378,7,C008032,630,2.762953
C049387,1,C045643,3630,1.408436
C049388,2,C006463,501,1.046981
C049395,3,C038542,3084,0.540015
C049405,3,C038542,3084,2.957116
C049412,7,C008032,630,0.641485
C049422,4,C001362,118,1.981221
C049434,2,C006463,501,1.960080
C049437,2,C006463,501,1.923972
C049443,4,C001362,118,0.642632
C049449,2,C006463,501,2.302006
C049450,6,C016665,1320,2.078465
C049464,5,C023800,1861,1.451940
C049479,6,C016665,1320,1.766623
C049486,5,C023800,1861,1.519321
C049491,3,C038542,3084,2.094488
C049499,0,C041816,3311,2.387023
C049510,2,C006463,501,2.603127
C049514,6,C016665,1320,1.367997
C049526,3,C038542,3084,1.913017
C049531,4,C001362,118,0.858238
C049538,0,C041816,3311,1.308923
C049541,5,C023800,1861,0.664897
C049546,5,C023800,1861,0.745999
C049547,6,C016665,1320,0.304721
C049553,7,C008032,630,2.521652
C049559,6,C016665,1320,2.024649
C049585,7,C008032,630,0.400081
C049598,2,C006463,501,2.032820
C049609,7,C008032,630,1.063395
C049610,0,C041816,3311,2.604788
C049618,4,C001362,118,1.495911
C049633,1,C045643,3630,1.177118
C049640,3,C038542,3084,1.398681
C049655,0,C041816,3311,2.406579
C049657,4,C001362,118,1.335050
C049703,6,C016665,1320,1.461240
C049708,1,C045643,3630,2.158101
C049714,0,C041816,3311,2.745632
C049739,5,C023800,1861,1.712850
C049748,3,C038542,3084,2.010794
C049769,5,C023800,1861,1.739382
C049815,6,C016665,1320,2.138058
C049816,4,C001362,118,2.832594
C049822,4,C001362,118,1.517231
C049825,5,C023800,1861,0.964995
C049841,0,C041816,3311,2.981069
C049842,5,C023800,1861,1.947213
C049874,1,C045643,3630,1.884618
C049879,7,C008032,630,1.716976
C049882,3,C038542,3084,1.450351
C049898,6,C016665,1320,1.416492
C049907,4,C001362,118,1.359675
C049909,2,C006463,501,2.133817
C049913,2,C006463,501,1.332369
C049916,3,C038542,3084,0.441062
C049926,6,C016665,1320,1.694936
C049928,7,C008032,630,2.567249
C049944,1,C045643,3630,1.067695
C049959,1,C045643,3630,0.774028
C049961,5,C023800,1861,1.524564
C049966,3,C038542,3084,0.570057
C049979,4,C001362,118,1.090960
C049987,2,C006463,501,2.841519
