Origin_Node_ID,Destination_Node_ID,Distance_km,Travel_Time_min,Traffic_Level,Road_Restrictions
D004_2,C000007,7.066,16.3,Low,No Heavy Trucks
D004_2,C000039,7.482,27.6,High,No Heavy Trucks
D004_2,C000048,2.231,6.4,Medium,
D004_2,C000085,1.559,3.6,Low,
D004_2,C000092,6.568,18.9,Medium,
D004_2,C000120,4.438,12.8,Medium,
D004_2,C000126,1.073,3.1,Medium,
D004_2,C000135,4.698,10.8,Low,
D004_2,C000143,5.002,11.5,Low,
D004_2,C000168,5.764,16.6,Medium,
D004_2,C000189,6.565,18.9,Medium,
D004_2,C000204,2.864,8.3,Medium,
D004_2,C000222,2.798,8.1,Medium,
D004_2,C000238,2.391,8.8,High,
D004_2,C000243,2.101,6.1,Medium,
D004_2,C000247,7.45,21.5,Medium,
D004_2,C000256,7.591,21.9,Medium,
D004_2,C000263,6.392,14.8,Low,
D004_2,C000287,1.977,5.7,Medium,
D004_2,C000290,4.868,14.0,Medium,
D004_2,C000294,4.644,13.4,Medium,
D004_2,C000296,4.326,12.5,Medium,
D004_2,C000316,4.178,9.6,Low,
D004_2,C000318,3.296,9.5,Medium,
D004_2,C000323,5.988,17.3,Medium,
D004_2,C000330,2.059,4.8,Low,
D004_2,C000341,6.542,18.9,Medium,
D004_2,C000352,5.657,20.9,High,
D004_2,C000382,5.968,13.8,Low,
D004_2,C000393,4.854,14.0,Medium,
D004_2,C000403,4.074,11.8,Medium,
D004_2,C000413,2.177,5.0,Low,One-Way
D004_2,C000423,3.825,8.8,Low,
D004_2,C000426,6.266,18.1,Medium,One-Way
D004_2,C000427,5.88,17.0,Medium,
D004_2,C000437,8.902,25.7,Medium,
D004_2,C000455,1.524,4.4,Medium,No Heavy Trucks
D004_2,C000460,7.573,17.5,Low,No Heavy Trucks
D004_2,C000475,3.833,11.1,Medium,
D004_2,C000492,5.343,12.3,Low,
D004_2,C000496,7.912,22.8,Medium,
D004_2,C000513,2.854,8.2,Medium,
D004_2,C000518,5.339,15.4,Medium,
D004_2,C000523,7.443,27.5,High,One-Way
D004_2,C000532,3.753,8.7,Low,
D004_2,C000574,3.417,7.9,Low,
D004_2,C000580,4.808,11.1,Low,One-Way
D004_2,C000603,9.457,21.8,Low,
D004_2,C000614,5.593,12.9,Low,One-Way
D004_2,C000618,8.45,19.5,Low,
D004_2,C000621,3.309,9.5,Medium,
D004_2,C000624,7.08,16.3,Low,No Heavy Trucks
D004_2,C000634,3.744,10.8,Medium,
D004_2,C000638,6.575,15.2,Low,
D004_2,C000642,7.192,20.7,Medium,
D004_2,C000643,6.344,14.6,Low,
D004_2,C000654,4.895,11.3,Low,
D004_2,C000662,7.694,22.2,Medium,
D004_2,C000666,7.938,22.9,Medium,
D004_2,C000673,6.597,19.0,Medium,One-Way
D004_2,C000686,8.787,20.3,Low,
D004_2,C000697,3.34,9.6,Medium,
D004_2,C000701,4.928,14.2,Medium,No Heavy Trucks
D004_2,C000708,9.263,26.7,Medium,
D004_2,C000728,6.7,24.7,High,
D004_2,C000748,5.131,11.8,Low,
D004_2,C000764,5.501,15.9,Medium,
D004_2,C000771,7.459,21.5,Medium,
D004_2,C000779,6.174,14.2,Low,
D004_2,C000786,6.906,15.9,Low,No Heavy Trucks
D004_2,C000787,6.707,19.3,Medium,One-Way
D004_2,C000805,7.359,17.0,Low,
D004_2,C000808,8.416,19.4,Low,
D004_2,C000814,5.682,13.1,Low,No Heavy Trucks
D004_2,C000824,6.392,14.8,Low,One-Way
D004_2,C000832,2.757,6.4,Low,
D004_2,C000839,4.83,13.9,Medium,
D004_2,C000845,5.826,16.8,Medium,
D004_2,C000855,4.246,9.8,Low,
D004_2,C000862,3.56,13.1,High,
D004_2,C000905,4.386,12.7,Medium,
D004_2,C000908,4.42,16.3,High,
D004_2,C000929,7.3,21.1,Medium,One-Way
D004_2,C000955,6.684,24.7,High,
D004_2,C000989,4.522,13.0,Medium,
D004_2,C001016,1.024,2.4,Low,
D004_2,C001030,4.804,13.9,Medium,
D004_2,C001039,6.34,18.3,Medium,
D004_2,C001067,3.597,10.4,Medium,
D004_2,C001074,3.37,7.8,Low,
D004_2,C001076,6.499,18.7,Medium,
D004_2,C001079,1.363,3.9,Medium,No Heavy Trucks
D004_2,C001088,7.901,18.2,Low,
D004_2,C001112,4.171,12.0,Medium,
D004_2,C001137,0.363,1.0,Medium,
D004_2,C001139,5.349,19.8,High,
D004_2,C001143,3.872,14.3,High,
D004_2,C001156,3.566,10.3,Medium,
D004_2,C001178,3.383,9.8,Medium,One-Way
D004_2,C001194,7.181,20.7,Medium,
D004_2,C001199,7.027,20.3,Medium,
D004_2,C001203,3.478,10.0,Medium,
D004_2,C001210,5.998,22.1,High,
D004_2,C001212,3.632,8.4,Low,
D004_2,C001215,5.187,15.0,Medium,
D004_2,C001234,4.743,13.7,Medium,
D004_2,C001236,2.946,8.5,Medium,
D004_2,C001259,5.602,12.9,Low,No Heavy Trucks
D004_2,C001267,6.049,22.3,High,
D004_2,C001270,9.241,26.7,Medium,One-Way
D004_2,C001276,6.5,18.8,Medium,
D004_2,C001280,5.685,13.1,Low,No Heavy Trucks
D004_2,C001293,6.058,17.5,Medium,
D004_2,C001308,8.059,29.8,High,
D004_2,C001320,1.793,5.2,Medium,
D004_2,C001329,7.332,21.2,Medium,
D004_2,C001351,7.994,18.4,Low,
D004_2,C001355,3.607,8.3,Low,
D004_2,C001362,8.05,18.6,Low,
D004_2,C001363,6.482,18.7,Medium,One-Way
D004_2,C001371,0.272,0.8,Medium,
D004_2,C001374,2.633,6.1,Low,
D004_2,C001381,9.376,34.6,High,One-Way
D004_2,C001392,1.557,4.5,Medium,
D004_2,C001398,3.822,11.0,Medium,
D004_2,C001402,7.288,21.0,Medium,
D004_2,C001404,9.235,34.1,High,
D004_2,C001458,7.509,21.7,Medium,
D004_2,C001470,3.983,14.7,High,
D004_2,C001478,6.151,17.7,Medium,
D004_2,C001489,5.39,15.5,Medium,
D004_2,C001499,5.958,17.2,Medium,
D004_2,C001523,2.01,4.6,Low,
D004_2,C001528,4.947,14.3,Medium,No Heavy Trucks
D004_2,C001542,2.261,6.5,Medium,
D004_2,C001558,1.74,5.0,Medium,
D004_2,C001585,5.338,12.3,Low,
D004_2,C001591,4.96,11.4,Low,One-Way
D004_2,C001606,3.688,10.6,Medium,
D004_2,C001608,7.539,21.7,Medium,No Heavy Trucks
D004_2,C001632,4.942,14.3,Medium,
D004_2,C001657,7.079,20.4,Medium,
D004_2,C001665,10.009,23.1,Low,
D004_2,C001670,5.726,13.2,Low,
D004_2,C001671,7.121,16.4,Low,
D004_2,C001692,5.905,13.6,Low,
D004_2,C001696,5.748,13.3,Low,
D004_2,C001701,1.599,4.6,Medium,
D004_2,C001712,3.279,7.6,Low,
D004_2,C001757,3.373,7.8,Low,
D004_2,C001773,4.777,17.6,High,
D004_2,C001782,2.774,8.0,Medium,
D004_2,C001795,7.302,21.1,Medium,
D004_2,C001800,3.543,10.2,Medium,
D004_2,C001805,1.78,5.1,Medium,
D004_2,C001810,7.726,22.3,Medium,
D004_2,C001828,4.143,9.6,Low,
D004_2,C001830,8.714,25.1,Medium,
D004_2,C001833,3.707,10.7,Medium,
D004_2,C001836,7.639,17.6,Low,One-Way
D004_2,C001842,8.203,23.7,Medium,One-Way
D004_2,C001850,4.152,12.0,Medium,One-Way
D004_2,C001871,6.825,15.7,Low,
D004_2,C001895,8.291,19.1,Low,
D004_2,C001908,4.684,13.5,Medium,
D004_2,C001909,6.046,22.3,High,
D004_2,C001911,8.411,31.1,High,
D004_2,C001924,7.332,16.9,Low,
D004_2,C001927,7.18,20.7,Medium,
D004_2,C001932,9.389,21.7,Low,One-Way
D004_2,C001935,8.903,25.7,Medium,
D004_2,C001940,6.209,14.3,Low,
D004_2,C002019,2.918,6.7,Low,
D004_2,C002021,7.442,27.5,High,
D004_2,C002039,7.057,16.3,Low,
D004_2,C002053,6.005,17.3,Medium,
D004_2,C002079,5.716,16.5,Medium,
D004_2,C002091,4.657,10.7,Low,No Heavy Trucks
D004_2,C002120,6.347,18.3,Medium,
D004_2,C002127,3.511,10.1,Medium,
D004_2,C002146,5.397,12.5,Low,
D004_2,C002162,7.404,27.3,High,One-Way
D004_2,C002176,7.439,21.5,Medium,
D004_2,C002180,3.035,8.8,Medium,
D004_2,C002186,7.607,21.9,Medium,
D004_2,C002231,5.489,15.8,Medium,
D004_2,C002232,2.343,6.8,Medium,One-Way
D004_2,C002242,4.943,11.4,Low,
D004_2,C002249,3.541,10.2,Medium,
D004_2,C002253,9.311,21.5,Low,
D004_2,C002266,6.677,15.4,Low,
D004_2,C002269,5.473,12.6,Low,
D004_2,C002280,6.554,15.1,Low,One-Way
D004_2,C002313,6.005,13.9,Low,One-Way
D004_2,C002323,5.333,15.4,Medium,
D004_2,C002352,9.033,33.4,High,
D004_2,C002377,7.054,16.3,Low,One-Way
D004_2,C002402,6.448,18.6,Medium,
D004_2,C002421,4.684,10.8,Low,
D004_2,C002439,9.28,26.8,Medium,
D004_2,C002441,6.384,14.7,Low,
D004_2,C002472,8.241,23.8,Medium,No Heavy Trucks
D004_2,C002488,4.775,11.0,Low,
D004_2,C002496,4.508,10.4,Low,
D004_2,C002509,9.098,26.2,Medium,
D004_2,C002528,7.246,20.9,Medium,
D004_2,C002532,2.379,5.5,Low,No Heavy Trucks
D004_2,C002552,5.673,13.1,Low,
D004_2,C002619,9.659,27.9,Medium,
D004_2,C002643,3.936,11.4,Medium,
D004_2,C002660,9.57,22.1,Low,One-Way
D004_2,C002671,6.363,18.4,Medium,
D004_2,C002673,3.97,14.7,High,
D004_2,C002674,0.438,1.6,High,
D004_2,C002697,6.855,15.8,Low,
D004_2,C002711,4.148,9.6,Low,
D004_2,C002716,5.68,16.4,Medium,
D004_2,C002741,1.316,3.0,Low,One-Way
D004_2,C002746,6.845,15.8,Low,
D004_2,C002748,4.747,13.7,Medium,
D004_2,C002751,3.818,8.8,Low,
D004_2,C002758,2.338,6.7,Medium,One-Way
D004_2,C002761,9.023,26.0,Medium,
D004_2,C002771,10.632,24.5,Low,
D004_2,C002772,9.283,21.4,Low,One-Way
D004_2,C002785,1.718,4.0,Low,
D004_2,C002821,3.734,8.6,Low,
D004_2,C002838,5.737,13.2,Low,
D004_2,C002861,3.289,9.5,Medium,
D004_2,C002867,6.451,18.6,Medium,
D004_2,C002885,4.704,17.4,High,One-Way
D004_2,C002905,3.534,10.2,Medium,
D004_2,C002947,5.866,13.5,Low,
D004_2,C002962,3.915,11.3,Medium,
D004_2,C002968,8.144,30.1,High,
D004_2,C002969,9.107,33.6,High,
D004_2,C002972,4.275,12.3,Medium,
D004_2,C003001,4.203,9.7,Low,
D004_2,C003017,6.215,14.3,Low,
D004_2,C003024,7.914,22.8,Medium,
D004_2,C003028,4.409,10.2,Low,
D004_2,C003034,5.704,13.2,Low,
D004_2,C003035,4.69,10.8,Low,
D004_2,C003050,10.008,28.9,Medium,
D004_2,C003056,4.7,17.4,High,
D004_2,C003068,1.797,6.6,High,
D004_2,C003072,5.855,16.9,Medium,One-Way
D004_2,C003074,2.081,4.8,Low,One-Way
D004_2,C003087,3.731,8.6,Low,One-Way
D004_2,C003093,5.36,15.5,Medium,No Heavy Trucks
D004_2,C003096,6.158,17.8,Medium,
D004_2,C003099,7.132,20.6,Medium,
D004_2,C003159,1.632,4.7,Medium,
D004_2,C003166,2.999,6.9,Low,
D004_2,C003168,5.211,15.0,Medium,
D004_2,C003197,2.611,7.5,Medium,
D004_2,C003232,5.772,16.6,Medium,
D004_2,C003241,9.488,21.9,Low,
D004_2,C003249,3.143,7.3,Low,
D004_2,C003257,7.6,17.5,Low,
D004_2,C003258,4.913,18.1,High,
D004_2,C003292,4.31,9.9,Low,
D004_2,C003299,5.839,21.6,High,
D004_2,C003307,6.333,14.6,Low,
D004_2,C003317,1.081,2.5,Low,
D004_2,C003323,8.035,23.2,Medium,One-Way
D004_2,C003325,1.737,4.0,Low,
D004_2,C003339,6.418,23.7,High,
D004_2,C003396,10.633,30.7,Medium,One-Way
D004_2,C003398,3.984,9.2,Low,
D004_2,C003402,3.658,13.5,High,
D004_2,C003412,5.128,14.8,Medium,
D004_2,C003428,6.046,22.3,High,
D004_2,C003443,9.721,35.9,High,
D004_2,C003466,9.679,27.9,Medium,
D004_2,C003467,9.586,22.1,Low,
D004_2,C003470,3.46,10.0,Medium,
D004_2,C003525,6.359,18.3,Medium,
D004_2,C003555,3.001,6.9,Low,
D004_2,C003583,6.897,15.9,Low,No Heavy Trucks
D004_2,C003598,4.714,10.9,Low,
D004_2,C003605,8.93,25.8,Medium,
D004_2,C003610,8.011,18.5,Low,
D004_2,C003612,7.555,17.4,Low,
D004_2,C003639,6.702,19.3,Medium,No Heavy Trucks
D004_2,C003642,4.963,11.5,Low,
D004_2,C003649,2.575,5.9,Low,
D004_2,C003653,9.807,28.3,Medium,
D004_2,C003658,5.23,15.1,Medium,
D004_2,C003665,5.364,15.5,Medium,No Heavy Trucks
D004_2,C003669,4.209,9.7,Low,
D004_2,C003690,4.739,17.5,High,
D004_2,C003739,4.779,11.0,Low,
D004_2,C003770,4.456,10.3,Low,
D004_2,C003783,1.69,3.9,Low,One-Way
D004_2,C003822,6.454,18.6,Medium,
D004_2,C003828,8.329,24.0,Medium,
D004_2,C003839,5.917,17.1,Medium,
D004_2,C003851,3.938,11.4,Medium,
D004_2,C003861,6.418,18.5,Medium,
D004_2,C003873,2.262,5.2,Low,
D004_2,C003878,3.715,8.6,Low,
D004_2,C003882,2.815,8.1,Medium,No Heavy Trucks
D004_2,C003883,3.075,8.9,Medium,
D004_2,C003893,3.236,7.5,Low,
D004_2,C003908,6.391,18.4,Medium,
D004_2,C003930,6.054,14.0,Low,
D004_2,C003956,3.605,10.4,Medium,
D004_2,C003957,6.042,17.4,Medium,
D004_2,C003962,1.225,2.8,Low,
D004_2,C003965,6.134,17.7,Medium,No Heavy Trucks
D004_2,C003985,8.802,20.3,Low,
D004_2,C004002,3.115,9.0,Medium,No Heavy Trucks
D004_2,C004015,6.638,19.1,Medium,No Heavy Trucks
D004_2,C004024,6.167,17.8,Medium,One-Way
D004_2,C004043,4.44,10.2,Low,
D004_2,C004044,7.903,18.2,Low,
D004_2,C004047,5.23,12.1,Low,One-Way
D004_2,C004055,6.671,15.4,Low,
D004_2,C004061,6.437,23.8,High,
D004_2,C004063,4.986,14.4,Medium,
D004_2,C004085,2.908,8.4,Medium,
D004_2,C004109,2.739,7.9,Medium,
D004_2,C004121,10.296,29.7,Medium,
D004_2,C004123,7.671,17.7,Low,
D004_2,C004126,4.192,12.1,Medium,
D004_2,C004134,4.445,12.8,Medium,
D004_2,C004136,5.639,13.0,Low,No Heavy Trucks
D004_2,C004137,8.543,24.6,Medium,No Heavy Trucks
D004_2,C004146,2.744,6.3,Low,
D004_2,C004151,7.095,26.2,High,
D004_2,C004165,3.821,11.0,Medium,
D004_2,C004166,5.854,13.5,Low,
D004_2,C004183,3.776,8.7,Low,
D004_2,C004188,1.447,4.2,Medium,
D004_2,C004190,7.567,17.5,Low,
D004_2,C004231,6.56,18.9,Medium,One-Way
D004_2,C004233,3.116,9.0,Medium,
D004_2,C004235,4.185,12.1,Medium,No Heavy Trucks
D004_2,C004240,5.539,20.5,High,
D004_2,C004258,5.478,15.8,Medium,
D004_2,C004265,10.217,29.5,Medium,
D004_2,C004266,6.625,19.1,Medium,
D004_2,C004268,6.089,17.6,Medium,
D004_2,C004319,5.77,16.6,Medium,
D004_2,C004334,6.067,17.5,Medium,One-Way
D004_2,C004352,6.878,19.8,Medium,
D004_2,C004368,5.95,22.0,High,
D004_2,C004400,9.859,22.8,Low,
D004_2,C004405,5.953,17.2,Medium,
D004_2,C004406,8.023,18.5,Low,
D004_2,C004424,1.46,5.4,High,
D004_2,C004426,2.872,10.6,High,
D004_2,C004428,3.036,8.8,Medium,No Heavy Trucks
D004_2,C004454,4.536,10.5,Low,
D004_2,C004455,4.236,9.8,Low,
D004_2,C004469,6.738,19.4,Medium,
D004_2,C004476,1.244,2.9,Low,
D004_2,C004504,6.85,19.8,Medium,
D004_2,C004516,6.379,23.6,High,One-Way
D004_2,C004530,4.08,9.4,Low,
D004_2,C004531,7.7,17.8,Low,
D004_2,C004536,6.967,16.1,Low,
D004_2,C004541,6.24,18.0,Medium,
D004_2,C004551,5.349,15.4,Medium,
D004_2,C004554,1.397,4.0,Medium,
D004_2,C004572,5.485,15.8,Medium,One-Way
D004_2,C004591,4.013,9.3,Low,
D004_2,C004595,7.478,21.6,Medium,No Heavy Trucks
D004_2,C004610,8.41,24.3,Medium,No Heavy Trucks
D004_2,C004611,8.818,20.3,Low,
D004_2,C004616,2.891,10.7,High,
D004_2,C004633,5.4,15.6,Medium,No Heavy Trucks
D004_2,C004635,4.0,9.2,Low,One-Way
D004_2,C004656,7.391,17.1,Low,
D004_2,C004689,5.262,15.2,Medium,
D004_2,C004701,6.311,18.2,Medium,
D004_2,C004704,7.03,20.3,Medium,
D004_2,C004705,8.094,18.7,Low,
D004_2,C004712,8.105,18.7,Low,
D004_2,C004723,5.275,15.2,Medium,
D004_2,C004758,3.291,9.5,Medium,
D004_2,C004763,7.12,26.3,High,
D004_2,C004772,5.659,16.3,Medium,
D004_2,C004786,9.559,22.1,Low,
D004_2,C004792,7.311,16.9,Low,
D004_2,C004793,3.504,8.1,Low,
D004_2,C004808,7.91,22.8,Medium,
D004_2,C004826,5.635,16.3,Medium,One-Way
D004_2,C004840,7.923,18.3,Low,
D004_2,C004843,8.805,25.4,Medium,
D004_2,C004865,4.214,12.2,Medium,
D004_2,C004874,4.228,12.2,Medium,One-Way
D004_2,C004888,3.515,13.0,High,
D004_2,C004897,8.808,25.4,Medium,No Heavy Trucks
D004_2,C004960,6.8,25.1,High,
D004_2,C004986,3.348,9.7,Medium,
D004_2,C004987,5.648,13.0,Low,
D004_2,C004992,6.717,15.5,Low,
D004_2,C004999,3.67,10.6,Medium,
D004_2,C005021,3.103,9.0,Medium,
D004_2,C005022,8.457,24.4,Medium,
D004_2,C005025,6.596,19.0,Medium,
D004_2,C005041,4.828,17.8,High,
D004_2,C005063,5.778,16.7,Medium,
D004_2,C005099,3.442,12.7,High,
D004_2,C005108,7.003,20.2,Medium,
D004_2,C005109,5.343,15.4,Medium,
D004_2,C005119,9.914,22.9,Low,
D004_2,C005140,6.553,18.9,Medium,No Heavy Trucks
D004_2,C005158,7.8,18.0,Low,No Heavy Trucks
D004_2,C005229,2.711,6.3,Low,
D004_2,C005230,4.254,9.8,Low,
D004_2,C005239,8.078,23.3,Medium,
D004_2,C005241,5.911,17.1,Medium,
D004_2,C005244,6.2,14.3,Low,One-Way
D004_2,C005248,5.345,19.7,High,
D004_2,C005288,4.608,13.3,Medium,No Heavy Trucks
D004_2,C005297,5.791,16.7,Medium,
D004_2,C005307,7.878,18.2,Low,
D004_2,C005343,6.83,19.7,Medium,
D004_2,C005351,7.151,16.5,Low,
D004_2,C005362,9.583,27.6,Medium,
D004_2,C005366,1.675,4.8,Medium,No Heavy Trucks
D004_2,C005384,6.122,17.7,Medium,No Heavy Trucks
D004_2,C005386,6.449,14.9,Low,
D004_2,C005394,6.2,17.9,Medium,
D004_2,C005402,5.362,12.4,Low,
D004_2,C005456,3.387,12.5,High,
D004_2,C005491,2.517,7.3,Medium,
D004_2,C005508,2.125,6.1,Medium,
D004_2,C005517,4.766,13.7,Medium,
D004_2,C005540,7.969,18.4,Low,
D004_2,C005545,6.333,18.3,Medium,
D004_2,C005546,7.284,16.8,Low,
D004_2,C005547,3.623,8.4,Low,
D004_2,C005561,4.387,12.7,Medium,
D004_2,C005624,9.439,27.2,Medium,
D004_2,C005635,2.772,8.0,Medium,
D004_2,C005653,5.818,13.4,Low,
D004_2,C005671,5.489,12.7,Low,
D004_2,C005683,5.472,15.8,Medium,
D004_2,C005701,4.605,13.3,Medium,No Heavy Trucks
D004_2,C005707,1.505,5.6,High,One-Way
D004_2,C005717,9.038,26.1,Medium,
D004_2,C005723,2.711,7.8,Medium,
D004_2,C005731,8.521,31.5,High,
D004_2,C005733,6.762,19.5,Medium,
D004_2,C005734,8.512,31.4,High,
D004_2,C005740,5.274,15.2,Medium,One-Way
D004_2,C005759,3.01,8.7,Medium,
D004_2,C005785,8.849,25.5,Medium,
D004_2,C005788,8.933,25.8,Medium,
D004_2,C005790,3.969,9.2,Low,
D004_2,C005820,1.292,3.0,Low,
D004_2,C005829,0.603,2.2,High,
D004_2,C005863,5.733,13.2,Low,
D004_2,C005929,9.082,26.2,Medium,
D004_2,C005933,4.88,14.1,Medium,
D004_2,C005935,8.262,23.8,Medium,
D004_2,C005945,5.882,21.7,High,No Heavy Trucks
D004_2,C005957,9.801,28.3,Medium,No Heavy Trucks
D004_2,C005975,4.354,10.0,Low,
D004_2,C005976,8.23,19.0,Low,
D004_2,C005996,5.845,16.9,Medium,No Heavy Trucks
D004_2,C006048,3.293,12.2,High,
D004_2,C006071,4.935,14.2,Medium,
D004_2,C006083,6.043,17.4,Medium,
D004_2,C006092,1.274,3.7,Medium,
D004_2,C006102,4.436,12.8,Medium,
D004_2,C006107,6.854,19.8,Medium,
D004_2,C006126,9.535,22.0,Low,
D004_2,C006142,4.741,13.7,Medium,
D004_2,C006147,4.681,17.3,High,
D004_2,C006148,7.723,28.5,High,
D004_2,C006154,4.863,14.0,Medium,
D004_2,C006161,5.649,13.0,Low,
D004_2,C006184,3.74,10.8,Medium,
D004_2,C006188,7.604,17.5,Low,
D004_2,C006192,6.172,22.8,High,No Heavy Trucks
D004_2,C006198,4.196,15.5,High,
D004_2,C006202,2.02,5.8,Medium,
D004_2,C006203,2.977,6.9,Low,
D004_2,C006217,3.787,8.7,Low,
D004_2,C006218,4.518,13.0,Medium,
D004_2,C006251,6.583,15.2,Low,No Heavy Trucks
D004_2,C006255,4.279,12.3,Medium,
D004_2,C006307,5.674,20.9,High,
D004_2,C006308,8.159,23.5,Medium,One-Way
D004_2,C006325,5.487,15.8,Medium,
D004_2,C006326,3.282,9.5,Medium,
D004_2,C006348,3.388,9.8,Medium,
D004_2,C006354,3.1,8.9,Medium,
D004_2,C006365,6.206,14.3,Low,
D004_2,C006379,2.79,6.4,Low,
D004_2,C006388,9.358,21.6,Low,
D004_2,C006396,5.912,13.6,Low,
D004_2,C006412,8.908,25.7,Medium,
D004_2,C006432,8.74,25.2,Medium,
D004_2,C006453,4.836,14.0,Medium,
D004_2,C006460,7.621,28.1,High,
D004_2,C006463,4.842,14.0,Medium,No Heavy Trucks
D004_2,C006485,2.576,5.9,Low,
D004_2,C006528,4.205,9.7,Low,
D004_2,C006537,7.102,16.4,Low,
D004_2,C006539,4.841,14.0,Medium,
D004_2,C006548,8.413,19.4,Low,
D004_2,C006564,6.643,19.2,Medium,No Heavy Trucks
D004_2,C006576,7.934,22.9,Medium,
D004_2,C006588,5.203,12.0,Low,
D004_2,C006589,8.875,25.6,Medium,
D004_2,C006597,7.257,20.9,Medium,
D004_2,C006607,3.928,11.3,Medium,
D004_2,C006608,5.257,12.1,Low,
D004_2,C006635,2.333,5.4,Low,
D004_2,C006640,2.838,8.2,Medium,
D004_2,C006682,10.56,39.0,High,
D004_2,C006688,3.54,10.2,Medium,
D004_2,C006726,4.968,11.5,Low,
D004_2,C006727,6.476,14.9,Low,
D004_2,C006732,9.998,28.8,Medium,One-Way
D004_2,C006735,5.576,12.9,Low,
D004_2,C006745,2.273,8.4,High,
D004_2,C006751,5.845,13.5,Low,No Heavy Trucks
D004_2,C006752,2.871,6.6,Low,
D004_2,C006755,2.738,7.9,Medium,
D004_2,C006758,6.496,15.0,Low,
D004_2,C006774,7.277,16.8,Low,One-Way
D004_2,C006783,4.65,10.7,Low,
D004_2,C006793,5.8,13.4,Low,
D004_2,C006802,1.233,3.6,Medium,
D004_2,C006805,7.476,27.6,High,
D004_2,C006808,6.594,15.2,Low,
D004_2,C006819,3.361,9.7,Medium,
D004_2,C006880,5.391,19.9,High,
D004_2,C006884,3.896,11.2,Medium,
D004_2,C006896,8.438,24.3,Medium,
D004_2,C006898,4.83,13.9,Medium,
D004_2,C006903,9.798,28.3,Medium,
D004_2,C006912,1.559,4.5,Medium,
D004_2,C006942,4.73,10.9,Low,
D004_2,C006944,5.361,15.5,Medium,
D004_2,C006945,4.528,13.1,Medium,
D004_2,C006951,7.249,16.7,Low,
D004_2,C006954,3.247,7.5,Low,
D004_2,C006962,2.74,7.9,Medium,
D004_2,C006971,3.295,7.6,Low,
D004_2,C006980,6.726,24.8,High,
D004_2,C006986,6.89,15.9,Low,No Heavy Trucks
D004_2,C006997,1.404,5.2,High,
D004_2,C007009,6.895,15.9,Low,
D004_2,C007034,3.342,7.7,Low,
D004_2,C007052,5.447,12.6,Low,
D004_2,C007058,3.002,6.9,Low,
D004_2,C007060,6.163,14.2,Low,
D004_2,C007087,2.528,7.3,Medium,
D004_2,C007130,5.494,15.8,Medium,One-Way
D004_2,C007151,1.351,3.9,Medium,
D004_2,C007158,0.52,1.2,Low,
D004_2,C007179,2.388,5.5,Low,
D004_2,C007182,3.384,9.8,Medium,
D004_2,C007225,8.513,19.6,Low,One-Way
D004_2,C007243,6.362,18.4,Medium,
D004_2,C007250,4.182,12.1,Medium,
D004_2,C007279,6.65,15.3,Low,
D004_2,C007343,4.737,13.7,Medium,
D004_2,C007347,4.164,12.0,Medium,
D004_2,C007349,4.508,13.0,Medium,
D004_2,C007361,2.296,6.6,Medium,
D004_2,C007364,5.569,16.1,Medium,
D004_2,C007376,5.104,18.8,High,
D004_2,C007384,6.41,14.8,Low,
D004_2,C007401,3.274,7.6,Low,
D004_2,C007447,3.0,8.7,Medium,
D004_2,C007451,4.25,15.7,High,
D004_2,C007475,8.362,24.1,Medium,One-Way
D004_2,C007476,3.656,10.5,Medium,
D004_2,C007480,8.687,25.1,Medium,
D004_2,C007483,8.894,32.8,High,
D004_2,C007491,5.646,16.3,Medium,One-Way
D004_2,C007522,7.042,26.0,High,No Heavy Trucks
D004_2,C007531,4.415,16.3,High,One-Way
D004_2,C007534,9.901,28.6,Medium,
D004_2,C007547,9.52,22.0,Low,
D004_2,C007548,4.882,14.1,Medium,
D004_2,C007562,5.189,12.0,Low,
D004_2,C007591,6.056,17.5,Medium,One-Way
D004_2,C007631,4.492,13.0,Medium,
D004_2,C007638,3.534,10.2,Medium,One-Way
D004_2,C007641,3.743,10.8,Medium,
D004_2,C007658,6.506,18.8,Medium,
D004_2,C007671,6.046,17.4,Medium,
D004_2,C007673,6.098,17.6,Medium,
D004_2,C007681,5.445,15.7,Medium,
D004_2,C007689,7.559,17.4,Low,
D004_2,C007691,5.517,15.9,Medium,
D004_2,C007713,5.451,15.7,Medium,
D004_2,C007714,6.402,14.8,Low,No Heavy Trucks
D004_2,C007737,7.145,20.6,Medium,No Heavy Trucks
D004_2,C007748,8.485,31.3,High,
D004_2,C007754,7.546,17.4,Low,
D004_2,C007767,4.274,12.3,Medium,
D004_2,C007783,4.838,11.2,Low,
D004_2,C007808,1.032,3.0,Medium,
D004_2,C007810,5.013,14.5,Medium,
D004_2,C007818,4.061,11.7,Medium,
D004_2,C007828,4.008,11.6,Medium,
D004_2,C007840,2.547,7.3,Medium,
D004_2,C007852,1.386,5.1,High,
D004_2,C007864,9.681,27.9,Medium,One-Way
D004_2,C007865,5.946,22.0,High,One-Way
D004_2,C007868,5.728,13.2,Low,
D004_2,C007870,3.953,9.1,Low,
D004_2,C007872,2.797,8.1,Medium,One-Way
D004_2,C007875,1.394,5.1,High,No Heavy Trucks
D004_2,C007876,2.817,8.1,Medium,
D004_2,C007887,6.286,18.1,Medium,
D004_2,C007913,7.03,20.3,Medium,
D004_2,C007940,5.319,15.3,Medium,
D004_2,C007947,8.652,25.0,Medium,
D004_2,C007951,5.167,14.9,Medium,
D004_2,C007954,6.473,23.9,High,No Heavy Trucks
D004_2,C007967,4.18,12.1,Medium,No Heavy Trucks
D004_2,C007970,5.741,16.6,Medium,
D004_2,C007973,5.118,11.8,Low,
D004_2,C007985,8.064,18.6,Low,
D004_2,C007992,3.809,11.0,Medium,
D004_2,C007995,7.233,20.9,Medium,
D004_2,C008010,2.897,6.7,Low,
D004_2,C008019,7.447,17.2,Low,
D004_2,C008032,4.841,11.2,Low,
D004_2,C008033,10.149,23.4,Low,
D004_2,C008052,6.801,15.7,Low,No Heavy Trucks
D004_2,C008058,6.261,18.1,Medium,
D004_2,C008063,1.59,4.6,Medium,
D004_2,C008080,6.633,19.1,Medium,
D004_2,C008086,6.615,15.3,Low,
D004_2,C008117,5.061,11.7,Low,
D004_2,C008129,2.717,6.3,Low,
D004_2,C008130,2.122,6.1,Medium,
D004_2,C008137,7.053,16.3,Low,
D004_2,C008141,7.753,22.4,Medium,No Heavy Trucks
D004_2,C008163,0.653,2.4,High,
D004_2,C008164,6.033,17.4,Medium,
D004_2,C008165,0.912,2.6,Medium,
D004_2,C008184,2.893,6.7,Low,
D004_2,C008185,6.156,17.8,Medium,One-Way
D004_2,C008197,6.542,18.9,Medium,
D004_2,C008230,6.043,17.4,Medium,
D004_2,C008242,4.268,9.9,Low,
D004_2,C008250,6.331,14.6,Low,
D004_2,C008254,3.39,7.8,Low,
D004_2,C008256,7.481,21.6,Medium,
D004_2,C008266,7.488,17.3,Low,
D004_2,C008285,7.263,26.8,High,One-Way
D004_2,C008292,6.073,14.0,Low,One-Way
D004_2,C008310,4.724,17.4,High,
D004_2,C008357,8.637,24.9,Medium,One-Way
D004_2,C008362,6.734,19.4,Medium,
D004_2,C008366,5.071,14.6,Medium,
D004_2,C008373,1.993,5.8,Medium,No Heavy Trucks
D004_2,C008387,6.815,19.7,Medium,No Heavy Trucks
D004_2,C008460,4.884,11.3,Low,
D004_2,C008461,4.393,12.7,Medium,
D004_2,C008485,2.605,6.0,Low,No Heavy Trucks
D004_2,C008494,3.149,9.1,Medium,
D004_2,C008497,6.387,14.7,Low,
D004_2,C008504,4.95,14.3,Medium,
D004_2,C008513,2.567,7.4,Medium,No Heavy Trucks
D004_2,C008536,5.207,15.0,Medium,
D004_2,C008562,6.767,19.5,Medium,
D004_2,C008570,8.458,24.4,Medium,
D004_2,C008626,4.76,13.7,Medium,One-Way
D004_2,C008652,3.262,7.5,Low,
D004_2,C008653,3.479,8.0,Low,
D004_2,C008656,4.007,9.2,Low,No Heavy Trucks
D004_2,C008685,4.335,10.0,Low,
D004_2,C008696,5.503,12.7,Low,
D004_2,C008697,4.818,17.8,High,
D004_2,C008731,4.325,16.0,High,No Heavy Trucks
D004_2,C008733,2.573,7.4,Medium,
D004_2,C008765,5.181,12.0,Low,
D004_2,C008778,0.993,2.9,Medium,One-Way
D004_2,C008790,6.684,19.3,Medium,
D004_2,C008809,2.529,7.3,Medium,
D004_2,C008812,5.2,19.2,High,
D004_2,C008817,5.414,15.6,Medium,
D004_2,C008820,6.727,19.4,Medium,
D004_2,C008822,1.12,2.6,Low,No Heavy Trucks
D004_2,C008849,7.291,21.0,Medium,
D004_2,C008867,2.426,7.0,Medium,
D004_2,C008869,5.842,13.5,Low,
D004_2,C008871,0.938,2.2,Low,
D004_2,C008872,4.446,12.8,Medium,
D004_2,C008909,5.28,19.5,High,
D004_2,C008924,0.727,1.7,Low,
D004_2,C008936,3.468,10.0,Medium,
D004_2,C008937,9.051,26.1,Medium,
D004_2,C008947,7.011,20.2,Medium,
D004_2,C008955,6.342,18.3,Medium,
D004_2,C008974,6.912,19.9,Medium,
D004_2,C008975,7.316,16.9,Low,
D004_2,C008988,10.211,29.5,Medium,
D004_2,C008994,4.92,18.2,High,
D004_2,C009001,4.514,10.4,Low,
D004_2,C009043,7.184,20.7,Medium,One-Way
D004_2,C009052,1.539,4.4,Medium,One-Way
D004_2,C009059,6.815,19.7,Medium,
D004_2,C009068,9.179,26.5,Medium,
D004_2,C009116,9.121,26.3,Medium,
D004_2,C009118,1.251,3.6,Medium,No Heavy Trucks
D004_2,C009122,5.875,21.7,High,One-Way
D004_2,C009134,8.458,19.5,Low,
D004_2,C009140,3.465,10.0,Medium,
D004_2,C009155,1.894,5.5,Medium,
D004_2,C009162,7.826,18.1,Low,
D004_2,C009170,7.067,16.3,Low,
D004_2,C009173,7.3,16.8,Low,
D004_2,C009192,7.148,20.6,Medium,
D004_2,C009199,9.838,22.7,Low,One-Way
D004_2,C009204,5.406,15.6,Medium,
D004_2,C009208,5.88,17.0,Medium,
D004_2,C009210,4.546,10.5,Low,
D004_2,C009236,5.209,15.0,Medium,
D004_2,C009238,3.349,9.7,Medium,
D004_2,C009243,5.319,12.3,Low,
D004_2,C009277,6.951,16.0,Low,One-Way
D004_2,C009284,4.432,12.8,Medium,
D004_2,C009295,4.728,10.9,Low,
D004_2,C009312,3.54,8.2,Low,
D004_2,C009328,3.044,7.0,Low,One-Way
D004_2,C009331,6.921,20.0,Medium,One-Way
D004_2,C009333,6.315,23.3,High,
D004_2,C009334,7.717,22.3,Medium,
D004_2,C009348,7.849,22.6,Medium,
D004_2,C009355,9.053,20.9,Low,
D004_2,C009358,3.058,8.8,Medium,
D004_2,C009428,6.268,18.1,Medium,One-Way
D004_2,C009442,5.586,16.1,Medium,
D004_2,C009499,6.569,15.2,Low,
D004_2,C009504,5.074,11.7,Low,
D004_2,C009505,6.282,18.1,Medium,
D004_2,C009517,2.818,6.5,Low,
D004_2,C009529,5.985,17.3,Medium,
D004_2,C009549,2.008,5.8,Medium,
D004_2,C009550,4.683,10.8,Low,
D004_2,C009562,10.804,24.9,Low,
D004_2,C009570,9.36,27.0,Medium,
D004_2,C009571,7.625,17.6,Low,No Heavy Trucks
D004_2,C009579,8.933,25.8,Medium,
D004_2,C009581,3.939,11.4,Medium,No Heavy Trucks
D004_2,C009589,1.127,3.3,Medium,
D004_2,C009593,4.656,10.7,Low,One-Way
D004_2,C009594,4.638,17.1,High,
D004_2,C009605,7.23,16.7,Low,
D004_2,C009628,7.822,22.6,Medium,
D004_2,C009630,1.568,4.5,Medium,
D004_2,C009634,0.561,1.6,Medium,
D004_2,C009638,0.577,2.1,High,
D004_2,C009642,9.171,21.2,Low,
D004_2,C009663,6.763,19.5,Medium,
D004_2,C009673,5.352,15.4,Medium,
D004_2,C009677,4.195,9.7,Low,
D004_2,C009693,2.46,7.1,Medium,One-Way
D004_2,C009745,7.269,21.0,Medium,
D004_2,C009766,9.597,27.7,Medium,
D004_2,C009812,6.484,18.7,Medium,
D004_2,C009834,6.173,17.8,Medium,
D004_2,C009843,5.496,20.3,High,
D004_2,C009879,5.041,11.6,Low,
D004_2,C009883,6.539,18.9,Medium,No Heavy Trucks
D004_2,C009885,7.434,27.4,High,
D004_2,C009900,3.428,9.9,Medium,
D004_2,C009921,8.011,18.5,Low,
D004_2,C009935,6.212,17.9,Medium,
D004_2,C009946,3.05,7.0,Low,
D004_2,C009955,4.862,18.0,High,No Heavy Trucks
D004_2,C009958,3.563,10.3,Medium,
D004_2,C009977,6.643,15.3,Low,
D004_2,C009984,4.95,14.3,Medium,
D004_2,C009998,7.296,16.8,Low,
D004_2,C010008,6.943,20.0,Medium,
D004_2,C010009,2.858,6.6,Low,
D004_2,C010045,5.451,15.7,Medium,
D004_2,C010056,8.149,18.8,Low,
D004_2,C010057,3.275,9.4,Medium,
D004_2,C010065,7.692,22.2,Medium,
D004_2,C010075,3.651,10.5,Medium,
D004_2,C010076,8.433,31.1,High,One-Way
D004_2,C010089,2.936,10.8,High,No Heavy Trucks
D004_2,C010091,5.707,21.1,High,One-Way
D004_2,C010095,6.725,19.4,Medium,
D004_2,C010104,5.149,14.9,Medium,No Heavy Trucks
D004_2,C010106,2.944,6.8,Low,One-Way
D004_2,C010153,3.834,11.1,Medium,No Heavy Trucks
D004_2,C010160,9.618,22.2,Low,No Heavy Trucks
D004_2,C010175,3.859,8.9,Low,No Heavy Trucks
D004_2,C010176,4.163,12.0,Medium,
D004_2,C010188,6.454,14.9,Low,
D004_2,C010191,9.048,26.1,Medium,One-Way
D004_2,C010195,8.417,24.3,Medium,
D004_2,C010203,6.334,14.6,Low,
D004_2,C010214,3.404,7.9,Low,
D004_2,C010256,6.981,20.1,Medium,
D004_2,C010257,5.462,12.6,Low,
D004_2,C010274,3.553,13.1,High,One-Way
D004_2,C010307,3.973,14.7,High,
D004_2,C010360,2.377,6.9,Medium,
D004_2,C010368,6.778,15.6,Low,
D004_2,C010377,2.215,5.1,Low,No Heavy Trucks
D004_2,C010393,2.124,6.1,Medium,No Heavy Trucks
D004_2,C010398,9.059,33.4,High,
D004_2,C010400,8.934,25.8,Medium,
D004_2,C010439,3.124,11.5,High,
D004_2,C010453,6.858,19.8,Medium,
D004_2,C010523,6.396,18.4,Medium,
D004_2,C010529,6.795,25.1,High,
D004_2,C010533,7.625,22.0,Medium,
D004_2,C010538,1.983,5.7,Medium,
D004_2,C010549,3.589,10.4,Medium,
D004_2,C010563,4.057,15.0,High,One-Way
D004_2,C010565,6.107,14.1,Low,One-Way
D004_2,C010566,5.771,13.3,Low,
D004_2,C010572,5.234,15.1,Medium,
D004_2,C010588,6.337,18.3,Medium,
D004_2,C010591,7.224,20.8,Medium,No Heavy Trucks
D004_2,C010592,8.369,19.3,Low,
D004_2,C010602,5.161,14.9,Medium,
D004_2,C010611,6.458,14.9,Low,No Heavy Trucks
D004_2,C010653,4.802,11.1,Low,
D004_2,C010661,6.075,14.0,Low,
D004_2,C010668,4.06,11.7,Medium,
D004_2,C010675,4.357,10.1,Low,
D004_2,C010714,4.578,16.9,High,
D004_2,C010723,3.907,11.3,Medium,
D004_2,C010728,3.525,10.2,Medium,No Heavy Trucks
D004_2,C010797,3.451,12.7,High,
D004_2,C010823,5.344,15.4,Medium,
D004_2,C010825,7.081,16.3,Low,
D004_2,C010826,5.462,15.8,Medium,
D004_2,C010831,8.293,23.9,Medium,
D004_2,C010882,10.358,29.9,Medium,
D004_2,C010902,8.412,19.4,Low,One-Way
D004_2,C010923,2.951,8.5,Medium,
D004_2,C010930,5.894,17.0,Medium,
D004_2,C010942,4.909,11.3,Low,
D004_2,C010966,6.257,18.0,Medium,
D004_2,C010971,2.22,5.1,Low,
D004_2,C010986,2.012,4.6,Low,
D004_2,C011000,5.239,12.1,Low,No Heavy Trucks
D004_2,C011008,5.031,14.5,Medium,
D004_2,C011025,6.166,17.8,Medium,
D004_2,C011036,8.138,18.8,Low,
D004_2,C011040,3.368,9.7,Medium,
D004_2,C011079,4.167,12.0,Medium,
D004_2,C011105,6.111,14.1,Low,
D004_2,C011113,3.502,10.1,Medium,
D004_2,C011127,2.214,5.1,Low,
D004_2,C011138,3.766,13.9,High,
D004_2,C011149,8.264,23.8,Medium,No Heavy Trucks
D004_2,C011162,2.997,8.6,Medium,
D004_2,C011164,3.673,10.6,Medium,No Heavy Trucks
D004_2,C011166,2.123,6.1,Medium,
D004_2,C011172,6.161,17.8,Medium,
D004_2,C011175,2.129,6.1,Medium,
D004_2,C011176,8.409,31.0,High,
D004_2,C011187,5.64,16.3,Medium,
D004_2,C011233,5.161,11.9,Low,
D004_2,C011237,9.16,21.1,Low,
D004_2,C011257,6.172,22.8,High,
D004_2,C011258,3.97,11.5,Medium,
D004_2,C011264,7.528,17.4,Low,
D004_2,C011270,3.701,8.5,Low,
D004_2,C011285,7.184,26.5,High,
D004_2,C011286,3.427,9.9,Medium,
D004_2,C011304,4.502,10.4,Low,One-Way
D004_2,C011318,10.76,39.7,High,No Heavy Trucks
D004_2,C011336,6.118,14.1,Low,One-Way
D004_2,C011339,7.084,16.3,Low,
D004_2,C011366,8.144,18.8,Low,
D004_2,C011379,1.562,4.5,Medium,
D004_2,C011385,3.464,12.8,High,
D004_2,C011387,8.373,24.2,Medium,No Heavy Trucks
D004_2,C011407,4.929,14.2,Medium,
D004_2,C011413,6.047,17.4,Medium,
D004_2,C011417,4.136,11.9,Medium,
D004_2,C011429,4.689,10.8,Low,No Heavy Trucks
D004_2,C011434,5.246,15.1,Medium,No Heavy Trucks
D004_2,C011435,7.94,29.3,High,One-Way
D004_2,C011474,3.441,12.7,High,
D004_2,C011476,4.166,9.6,Low,
D004_2,C011486,3.121,9.0,Medium,One-Way
D004_2,C011543,5.324,15.4,Medium,
D004_2,C011550,5.972,17.2,Medium,
D004_2,C011566,7.603,28.1,High,
D004_2,C011567,1.995,4.6,Low,
D004_2,C011579,2.387,6.9,Medium,
D004_2,C011584,5.553,16.0,Medium,No Heavy Trucks
D004_2,C011585,5.593,12.9,Low,
D004_2,C011591,7.181,20.7,Medium,
D004_2,C011596,7.719,17.8,Low,
D004_2,C011597,1.719,5.0,Medium,
D004_2,C011598,0.878,2.5,Medium,
D004_2,C011603,5.376,15.5,Medium,
D004_2,C011604,6.936,20.0,Medium,One-Way
D004_2,C011605,6.839,15.8,Low,
D004_2,C011608,6.414,14.8,Low,
D004_2,C011611,3.206,9.2,Medium,
D004_2,C011622,5.871,16.9,Medium,
D004_2,C011634,10.183,29.4,Medium,
D004_2,C011635,8.977,20.7,Low,
D004_2,C011636,5.077,11.7,Low,No Heavy Trucks
D004_2,C011638,4.304,9.9,Low,
D004_2,C011682,5.162,11.9,Low,
D004_2,C011691,8.704,25.1,Medium,
D004_2,C011697,6.814,25.2,High,No Heavy Trucks
D004_2,C011715,5.485,15.8,Medium,
D004_2,C011733,5.581,12.9,Low,
D004_2,C011755,3.007,6.9,Low,
D004_2,C011767,9.13,26.3,Medium,
D004_2,C011789,1.9,4.4,Low,No Heavy Trucks
D004_2,C011812,4.265,12.3,Medium,
D004_2,C011846,2.345,6.8,Medium,
D004_2,C011862,5.242,15.1,Medium,
D004_2,C011864,5.087,14.7,Medium,One-Way
D004_2,C011890,4.256,9.8,Low,
D004_2,C011897,7.486,27.6,High,
D004_2,C011907,2.837,10.5,High,
D004_2,C011922,9.045,33.4,High,
D004_2,C011932,5.639,16.3,Medium,
D004_2,C011939,3.62,8.4,Low,
D004_2,C011952,5.034,18.6,High,No Heavy Trucks
D004_2,C011963,9.877,22.8,Low,
D004_2,C011970,6.059,14.0,Low,
D004_2,C012011,6.988,16.1,Low,
D004_2,C012017,4.943,14.3,Medium,No Heavy Trucks
D004_2,C012026,6.146,22.7,High,
D004_2,C012035,9.824,28.3,Medium,One-Way
D004_2,C012040,6.005,17.3,Medium,
D004_2,C012043,7.851,29.0,High,
D004_2,C012067,5.887,13.6,Low,
D004_2,C012074,5.21,12.0,Low,
D004_2,C012106,6.265,23.1,High,
D004_2,C012139,4.553,13.1,Medium,
D004_2,C012176,3.855,11.1,Medium,
D004_2,C012177,3.446,9.9,Medium,No Heavy Trucks
D004_2,C012219,6.029,22.3,High,
D004_2,C012233,7.758,17.9,Low,No Heavy Trucks
D004_2,C012238,4.444,12.8,Medium,
D004_2,C012243,2.259,5.2,Low,
D004_2,C012250,5.445,12.6,Low,
D004_2,C012256,3.84,14.2,High,
D004_2,C012270,8.216,19.0,Low,One-Way
D004_2,C012314,9.669,27.9,Medium,
D004_2,C012328,4.556,10.5,Low,
D004_2,C012332,4.755,17.6,High,
D004_2,C012339,3.536,8.2,Low,
D004_2,C012344,6.063,14.0,Low,
D004_2,C012368,6.002,17.3,Medium,
D004_2,C012371,8.856,32.7,High,One-Way
D004_2,C012374,3.154,7.3,Low,
D004_2,C012388,2.527,5.8,Low,
D004_2,C012407,9.244,26.7,Medium,
D004_2,C012410,6.734,24.9,High,
D004_2,C012419,3.519,8.1,Low,
D004_2,C012480,1.382,4.0,Medium,
D004_2,C012488,8.519,31.5,High,One-Way
D004_2,C012527,8.84,20.4,Low,
D004_2,C012534,5.814,16.8,Medium,
D004_2,C012535,7.072,16.3,Low,
D004_2,C012555,6.313,18.2,Medium,
D004_2,C012581,2.933,6.8,Low,
D004_2,C012599,6.952,20.1,Medium,
D004_2,C012604,10.181,29.4,Medium,No Heavy Trucks
D004_2,C012606,5.394,15.6,Medium,
D004_2,C012616,4.547,16.8,High,One-Way
D004_2,C012637,1.412,4.1,Medium,One-Way
D004_2,C012646,3.793,10.9,Medium,
D004_2,C012655,6.638,15.3,Low,
D004_2,C012667,8.794,25.4,Medium,
D004_2,C012669,6.796,19.6,Medium,
D004_2,C012706,8.103,23.4,Medium,
D004_2,C012712,4.208,12.1,Medium,
D004_2,C012719,7.283,21.0,Medium,
D004_2,C012741,3.884,9.0,Low,
D004_2,C012746,9.054,26.1,Medium,
D004_2,C012758,9.608,22.2,Low,
D004_2,C012781,5.979,17.2,Medium,
D004_2,C012796,3.495,12.9,High,
D004_2,C012805,0.641,2.4,High,
D004_2,C012812,5.4,19.9,High,
D004_2,C012822,3.537,13.1,High,One-Way
D004_2,C012825,4.652,10.7,Low,
D004_2,C012832,1.65,3.8,Low,No Heavy Trucks
D004_2,C012843,4.89,14.1,Medium,
D004_2,C012844,2.696,7.8,Medium,
D004_2,C012847,8.811,20.3,Low,No Heavy Trucks
D004_2,C012891,5.624,20.8,High,
D004_2,C012902,5.504,12.7,Low,
D004_2,C012909,5.546,16.0,Medium,
D004_2,C012913,7.907,22.8,Medium,
D004_2,C012925,2.941,8.5,Medium,
D004_2,C012930,8.556,24.7,Medium,No Heavy Trucks
D004_2,C012940,8.778,20.3,Low,
D004_2,C012980,2.048,4.7,Low,
D004_2,C012981,2.262,5.2,Low,
D004_2,C012990,6.674,19.3,Medium,
D004_2,C012993,6.184,14.3,Low,
D004_2,C013001,2.063,7.6,High,
D004_2,C013003,8.01,18.5,Low,
D004_2,C013014,2.29,6.6,Medium,One-Way
D004_2,C013023,5.732,16.5,Medium,
D004_2,C013043,6.861,19.8,Medium,
D004_2,C013046,2.633,7.6,Medium,One-Way
D004_2,C013050,2.565,7.4,Medium,
D004_2,C013069,7.723,17.8,Low,
D004_2,C013085,7.386,27.3,High,One-Way
D004_2,C013087,7.328,21.1,Medium,
D004_2,C013094,5.789,13.4,Low,
D004_2,C013119,6.299,18.2,Medium,No Heavy Trucks
D004_2,C013122,2.409,5.6,Low,One-Way
D004_2,C013146,9.592,35.4,High,No Heavy Trucks
D004_2,C013154,8.496,31.4,High,
D004_2,C013167,8.494,24.5,Medium,
D004_2,C013173,4.331,12.5,Medium,
D004_2,C013183,8.796,32.5,High,No Heavy Trucks
D004_2,C013190,7.418,21.4,Medium,
D004_2,C013218,1.22,4.5,High,
D004_2,C013225,1.356,3.9,Medium,One-Way
D004_2,C013236,6.753,19.5,Medium,
D004_2,C013248,8.661,20.0,Low,
D004_2,C013253,3.611,13.3,High,
D004_2,C013263,6.352,23.5,High,
D004_2,C013274,7.586,17.5,Low,No Heavy Trucks
D004_2,C013299,5.106,14.7,Medium,One-Way
D004_2,C013304,5.577,16.1,Medium,
D004_2,C013336,3.695,8.5,Low,
D004_2,C013363,10.016,28.9,Medium,
D004_2,C013372,5.841,13.5,Low,
D004_2,C013390,3.934,9.1,Low,
D004_2,C013400,8.147,18.8,Low,
D004_2,C013402,4.558,10.5,Low,
D004_2,C013426,7.145,20.6,Medium,
D004_2,C013435,5.931,13.7,Low,
D004_2,C013441,6.134,17.7,Medium,One-Way
D004_2,C013445,3.742,10.8,Medium,
D004_2,C013450,6.956,16.1,Low,
D004_2,C013463,1.866,5.4,Medium,One-Way
D004_2,C013495,5.615,16.2,Medium,
D004_2,C013501,5.072,11.7,Low,
D004_2,C013527,6.081,14.0,Low,
D004_2,C013535,6.219,17.9,Medium,
D004_2,C013547,5.578,12.9,Low,
D004_2,C013554,5.267,19.4,High,
D004_2,C013573,7.903,29.2,High,
D004_2,C013594,8.07,23.3,Medium,
D004_2,C013605,6.807,19.6,Medium,
D004_2,C013625,9.554,27.6,Medium,
D004_2,C013691,9.538,35.2,High,
D004_2,C013700,5.423,20.0,High,
D004_2,C013710,4.123,9.5,Low,No Heavy Trucks
D004_2,C013712,1.931,5.6,Medium,
D004_2,C013727,3.121,9.0,Medium,
D004_2,C013731,6.341,14.6,Low,
D004_2,C013734,8.521,24.6,Medium,
D004_2,C013742,2.399,6.9,Medium,
D004_2,C013747,7.408,17.1,Low,
D004_2,C013748,2.077,6.0,Medium,No Heavy Trucks
D004_2,C013749,5.801,13.4,Low,
D004_2,C013761,4.705,13.6,Medium,
D004_2,C013763,6.677,15.4,Low,
D004_2,C013774,5.347,19.7,High,
D004_2,C013779,5.836,13.5,Low,
D004_2,C013782,2.964,10.9,High,
D004_2,C013783,4.34,12.5,Medium,
D004_2,C013809,6.297,23.3,High,
D004_2,C013817,1.222,3.5,Medium,
D004_2,C013841,4.376,10.1,Low,
D004_2,C013842,4.742,17.5,High,
D004_2,C013846,3.909,14.4,High,
D004_2,C013857,2.874,8.3,Medium,
D004_2,C013872,6.449,14.9,Low,
D004_2,C013882,2.419,8.9,High,One-Way
D004_2,C013887,7.457,17.2,Low,
D004_2,C013903,7.945,29.3,High,
D004_2,C013908,2.215,5.1,Low,
D004_2,C013934,4.501,10.4,Low,
D004_2,C013935,3.476,8.0,Low,One-Way
D004_2,C013936,4.758,17.6,High,
D004_2,C013948,3.598,10.4,Medium,
D004_2,C013962,8.087,23.3,Medium,
D004_2,C013964,6.157,17.8,Medium,
D004_2,C013972,7.375,17.0,Low,
D004_2,C013975,1.703,4.9,Medium,
D004_2,C013989,6.205,22.9,High,
D004_2,C014035,2.622,6.1,Low,No Heavy Trucks
D004_2,C014042,2.367,6.8,Medium,No Heavy Trucks
D004_2,C014057,8.486,24.5,Medium,
D004_2,C014070,4.853,17.9,High,
D004_2,C014072,5.373,12.4,Low,
D004_2,C014078,7.214,26.6,High,
D004_2,C014081,8.957,20.7,Low,
D004_2,C014082,2.145,6.2,Medium,
D004_2,C014145,3.495,10.1,Medium,
D004_2,C014161,2.38,6.9,Medium,
D004_2,C014169,9.534,22.0,Low,
D004_2,C014186,8.168,23.6,Medium,
D004_2,C014191,4.974,14.3,Medium,
D004_2,C014196,8.027,18.5,Low,
D004_2,C014206,2.815,6.5,Low,No Heavy Trucks
D004_2,C014218,4.758,13.7,Medium,No Heavy Trucks
D004_2,C014256,6.291,23.2,High,
D004_2,C014262,3.708,10.7,Medium,
D004_2,C014267,5.0,14.4,Medium,
D004_2,C014288,5.266,15.2,Medium,
D004_2,C014292,4.857,11.2,Low,
D004_2,C014305,3.127,9.0,Medium,
D004_2,C014307,5.186,15.0,Medium,
D004_2,C014311,2.909,6.7,Low,
D004_2,C014326,6.486,23.9,High,One-Way
D004_2,C014332,9.013,20.8,Low,
D004_2,C014335,8.586,24.8,Medium,
D004_2,C014338,4.128,9.5,Low,
D004_2,C014352,5.497,15.9,Medium,No Heavy Trucks
D004_2,C014367,5.167,14.9,Medium,One-Way
D004_2,C014382,4.163,12.0,Medium,
D004_2,C014384,5.165,14.9,Medium,
D004_2,C014397,1.12,3.2,Medium,
D004_2,C014402,7.594,21.9,Medium,
D004_2,C014409,9.047,26.1,Medium,
D004_2,C014411,4.234,9.8,Low,
D004_2,C014422,1.773,4.1,Low,
D004_2,C014446,4.472,12.9,Medium,
D004_2,C014469,5.181,12.0,Low,No Heavy Trucks
D004_2,C014485,5.288,12.2,Low,One-Way
D004_2,C014514,3.396,7.8,Low,
D004_2,C014515,7.887,22.8,Medium,
D004_2,C014518,2.727,10.1,High,
D004_2,C014522,9.605,27.7,Medium,
D004_2,C014525,3.801,8.8,Low,
D004_2,C014529,3.115,11.5,High,
D004_2,C014535,3.451,8.0,Low,
D004_2,C014537,3.397,9.8,Medium,
D004_2,C014541,6.756,15.6,Low,
D004_2,C014542,9.7,22.4,Low,One-Way
D004_2,C014545,5.963,13.8,Low,One-Way
D004_2,C014585,9.257,26.7,Medium,
D004_2,C014597,5.195,19.2,High,One-Way
D004_2,C014602,7.252,26.8,High,
D004_2,C014621,5.439,12.6,Low,
D004_2,C014623,7.707,17.8,Low,No Heavy Trucks
D004_2,C014634,6.965,20.1,Medium,
D004_2,C014636,7.821,22.6,Medium,
D004_2,C014637,3.279,7.6,Low,
D004_2,C014639,2.771,8.0,Medium,
D004_2,C014648,8.671,32.0,High,
D004_2,C014654,5.497,12.7,Low,
D004_2,C014663,6.131,17.7,Medium,
D004_2,C014664,1.451,4.2,Medium,
D004_2,C014669,9.757,36.0,High,No Heavy Trucks
D004_2,C014681,1.31,4.8,High,
D004_2,C014688,5.914,17.1,Medium,
D004_2,C014693,5.37,19.8,High,
D004_2,C014710,7.621,17.6,Low,
D004_2,C014716,8.209,23.7,Medium,
D004_2,C014724,6.192,17.9,Medium,
D004_2,C014730,2.788,8.0,Medium,
D004_2,C014733,6.377,23.5,High,
D004_2,C014751,6.744,19.5,Medium,
D004_2,C014753,8.275,23.9,Medium,
D004_2,C014754,6.84,19.7,Medium,
D004_2,C014763,1.462,3.4,Low,No Heavy Trucks
D004_2,C014801,5.53,16.0,Medium,No Heavy Trucks
D004_2,C014843,2.997,6.9,Low,One-Way
D004_2,C014864,4.278,15.8,High,
D004_2,C014886,4.17,12.0,Medium,
D004_2,C014910,3.385,9.8,Medium,
D004_2,C014935,4.527,10.4,Low,
D004_2,C014942,6.52,24.1,High,
D004_2,C014948,4.084,9.4,Low,
D004_2,C014950,2.94,8.5,Medium,
D004_2,C014965,10.403,30.0,Medium,
D004_2,C014970,4.67,17.2,High,
D004_2,C014994,3.43,9.9,Medium,
D004_2,C014997,2.306,5.3,Low,
D004_2,C015001,1.926,5.6,Medium,One-Way
D004_2,C015009,4.423,16.3,High,
D004_2,C015012,5.409,12.5,Low,No Heavy Trucks
D004_2,C015025,6.261,23.1,High,
D004_2,C015054,3.549,10.2,Medium,
D004_2,C015056,4.636,17.1,High,
D004_2,C015058,8.104,23.4,Medium,One-Way
D004_2,C015071,6.541,18.9,Medium,
D004_2,C015105,2.129,6.1,Medium,
D004_2,C015113,2.829,8.2,Medium,
D004_2,C015122,4.539,10.5,Low,No Heavy Trucks
D004_2,C015136,5.818,16.8,Medium,
D004_2,C015139,4.909,18.1,High,
D004_2,C015152,4.319,10.0,Low,
D004_2,C015172,4.454,16.4,High,
D004_2,C015210,5.096,18.8,High,
D004_2,C015212,4.693,13.5,Medium,
D004_2,C015213,3.522,10.2,Medium,
D004_2,C015222,6.538,18.9,Medium,
D004_2,C015240,1.532,4.4,Medium,No Heavy Trucks
D004_2,C015249,0.884,2.5,Medium,
D004_2,C015251,8.174,23.6,Medium,
D004_2,C015262,5.196,12.0,Low,No Heavy Trucks
D004_2,C015267,5.455,12.6,Low,No Heavy Trucks
D004_2,C015276,2.662,7.7,Medium,
D004_2,C015321,6.756,15.6,Low,
D004_2,C015347,3.142,9.1,Medium,One-Way
D004_2,C015356,7.781,18.0,Low,
D004_2,C015357,7.855,22.7,Medium,
D004_2,C015359,0.321,0.9,Medium,
D004_2,C015367,0.501,1.2,Low,
D004_2,C015373,10.911,31.5,Medium,
D004_2,C015384,2.894,6.7,Low,
D004_2,C015412,5.502,20.3,High,
D004_2,C015423,6.072,17.5,Medium,
D004_2,C015431,7.06,20.4,Medium,
D004_2,C015443,9.187,33.9,High,No Heavy Trucks
D004_2,C015477,6.117,14.1,Low,No Heavy Trucks
D004_2,C015491,9.231,21.3,Low,
D004_2,C015493,9.394,27.1,Medium,
D004_2,C015496,7.291,21.0,Medium,
D004_2,C015508,6.001,13.8,Low,
D004_2,C015527,3.914,11.3,Medium,
D004_2,C015530,5.154,11.9,Low,No Heavy Trucks
D004_2,C015542,2.406,6.9,Medium,
D004_2,C015545,2.492,9.2,High,
D004_2,C015561,9.669,27.9,Medium,
D004_2,C015573,2.17,6.3,Medium,One-Way
D004_2,C015586,5.42,15.6,Medium,No Heavy Trucks
D004_2,C015592,4.921,11.4,Low,No Heavy Trucks
D004_2,C015607,6.266,18.1,Medium,
D004_2,C015618,4.24,9.8,Low,
D004_2,C015665,7.907,18.2,Low,
D004_2,C015667,8.062,23.3,Medium,One-Way
D004_2,C015668,2.87,8.3,Medium,No Heavy Trucks
D004_2,C015673,7.004,16.2,Low,
D004_2,C015695,6.855,19.8,Medium,One-Way
D004_2,C015711,3.978,9.2,Low,
D004_2,C015729,0.991,2.9,Medium,
D004_2,C015735,9.042,33.4,High,One-Way
D004_2,C015746,5.745,16.6,Medium,
D004_2,C015768,1.705,4.9,Medium,
D004_2,C015773,3.651,13.5,High,One-Way
D004_2,C015780,7.098,26.2,High,One-Way
D004_2,C015790,6.08,17.5,Medium,
D004_2,C015795,5.678,16.4,Medium,
D004_2,C015797,6.147,17.7,Medium,
D004_2,C015841,8.391,24.2,Medium,
D004_2,C015844,6.413,23.7,High,
D004_2,C015858,4.515,10.4,Low,
D004_2,C015878,1.192,3.4,Medium,
D004_2,C015913,2.127,7.9,High,
D004_2,C015925,7.901,18.2,Low,No Heavy Trucks
D004_2,C015928,2.807,8.1,Medium,One-Way
D004_2,C015934,4.477,12.9,Medium,
D004_2,C015944,4.539,16.8,High,
D004_2,C015950,5.128,11.8,Low,
D004_2,C015961,6.184,22.8,High,No Heavy Trucks
D004_2,C015968,5.831,16.8,Medium,No Heavy Trucks
D004_2,C015992,8.923,20.6,Low,
D004_2,C016001,5.744,16.6,Medium,
D004_2,C016005,9.512,27.4,Medium,No Heavy Trucks
D004_2,C016007,6.27,18.1,Medium,
D004_2,C016014,6.254,18.0,Medium,
D004_2,C016017,4.806,13.9,Medium,
D004_2,C016044,5.535,16.0,Medium,One-Way
D004_2,C016053,5.483,15.8,Medium,
D004_2,C016097,4.889,14.1,Medium,
D004_2,C016098,5.479,12.6,Low,
D004_2,C016105,8.309,24.0,Medium,
D004_2,C016134,7.776,22.4,Medium,No Heavy Trucks
D004_2,C016154,0.652,1.9,Medium,No Heavy Trucks
D004_2,C016157,2.291,5.3,Low,
D004_2,C016162,6.089,14.1,Low,
D004_2,C016167,6.455,18.6,Medium,
D004_2,C016177,9.652,22.3,Low,
D004_2,C016185,4.226,15.6,High,
D004_2,C016191,1.208,3.5,Medium,
D004_2,C016197,6.069,17.5,Medium,
D004_2,C016198,4.704,13.6,Medium,
D004_2,C016236,3.961,14.6,High,No Heavy Trucks
D004_2,C016237,2.349,5.4,Low,
D004_2,C016240,0.414,1.0,Low,
D004_2,C016280,7.457,17.2,Low,
D004_2,C016292,6.932,20.0,Medium,
D004_2,C016297,8.801,32.5,High,
D004_2,C016306,5.481,15.8,Medium,
D004_2,C016311,3.078,7.1,Low,
D004_2,C016325,3.255,12.0,High,
D004_2,C016344,6.413,18.5,Medium,
D004_2,C016363,6.776,19.5,Medium,
D004_2,C016396,1.524,4.4,Medium,
D004_2,C016404,4.127,11.9,Medium,
D004_2,C016423,9.563,22.1,Low,
D004_2,C016424,4.59,13.2,Medium,
D004_2,C016427,4.937,14.2,Medium,
D004_2,C016455,3.314,12.2,High,
D004_2,C016471,3.432,7.9,Low,No Heavy Trucks
D004_2,C016486,9.906,22.9,Low,
D004_2,C016498,3.772,8.7,Low,
D004_2,C016499,7.153,26.4,High,
D004_2,C016515,5.184,19.1,High,
D004_2,C016517,7.167,20.7,Medium,
D004_2,C016538,1.416,4.1,Medium,
D004_2,C016560,2.641,7.6,Medium,
D004_2,C016585,2.984,8.6,Medium,
D004_2,C016586,7.831,22.6,Medium,
D004_2,C016606,2.972,6.9,Low,
D004_2,C016608,4.709,10.9,Low,
D004_2,C016635,3.782,10.9,Medium,
D004_2,C016636,4.346,12.5,Medium,
D004_2,C016642,8.543,24.6,Medium,
D004_2,C016644,7.519,21.7,Medium,
D004_2,C016659,3.68,10.6,Medium,
D004_2,C016661,2.943,10.9,High,One-Way
D004_2,C016665,4.931,14.2,Medium,
D004_2,C016675,6.896,15.9,Low,No Heavy Trucks
D004_2,C016676,7.642,17.6,Low,
D004_2,C016714,6.467,14.9,Low,
D004_2,C016721,3.121,9.0,Medium,
D004_2,C016724,6.113,22.6,High,
D004_2,C016726,3.991,11.5,Medium,No Heavy Trucks
D004_2,C016729,1.173,2.7,Low,
D004_2,C016744,6.76,15.6,Low,
D004_2,C016757,0.454,1.3,Medium,
D004_2,C016762,7.796,22.5,Medium,
D004_2,C016764,9.939,28.7,Medium,
D004_2,C016765,5.726,13.2,Low,
D004_2,C016766,0.072,0.2,Medium,
D004_2,C016778,3.424,9.9,Medium,
D004_2,C016793,5.853,16.9,Medium,
D004_2,C016795,8.494,24.5,Medium,No Heavy Trucks
D004_2,C016809,1.562,3.6,Low,No Heavy Trucks
D004_2,C016810,4.944,11.4,Low,
D004_2,C016842,2.481,7.2,Medium,
D004_2,C016857,3.818,8.8,Low,
D004_2,C016861,0.883,2.0,Low,
D004_2,C016875,5.582,16.1,Medium,
D004_2,C016880,9.2,26.5,Medium,
D004_2,C016894,7.198,20.8,Medium,
D004_2,C016896,3.833,8.8,Low,
D004_2,C016903,6.258,14.4,Low,
D004_2,C016906,9.424,34.8,High,
D004_2,C016931,5.093,14.7,Medium,No Heavy Trucks
D004_2,C016940,4.669,10.8,Low,
D004_2,C016960,4.521,10.4,Low,
D004_2,C016968,3.768,10.9,Medium,
D004_2,C016975,5.848,21.6,High,One-Way
D004_2,C016976,5.781,16.7,Medium,
D004_2,C016991,7.604,17.5,Low,One-Way
D004_2,C016999,6.755,15.6,Low,No Heavy Trucks
D004_2,C017007,8.296,30.6,High,
D004_2,C017014,4.895,14.1,Medium,
D004_2,C017018,2.504,7.2,Medium,
D004_2,C017040,5.28,12.2,Low,
D004_2,C017046,10.451,30.1,Medium,
D004_2,C017048,8.753,32.3,High,
D004_2,C017057,4.344,12.5,Medium,
D004_2,C017058,5.598,12.9,Low,
D004_2,C017066,2.086,4.8,Low,
D004_2,C017071,4.964,11.5,Low,One-Way
D004_2,C017088,4.319,15.9,High,
D004_2,C017111,7.162,16.5,Low,
D004_2,C017119,2.652,6.1,Low,
D004_2,C017121,9.429,21.8,Low,
D004_2,C017134,3.82,11.0,Medium,
D004_2,C017153,6.721,19.4,Medium,
D004_2,C017162,7.691,22.2,Medium,
D004_2,C017178,5.171,14.9,Medium,
D004_2,C017192,3.185,7.3,Low,
D004_2,C017219,8.455,31.2,High,
D004_2,C017228,0.47,1.1,Low,
D004_2,C017229,7.804,22.5,Medium,
D004_2,C017232,5.558,16.0,Medium,One-Way
D004_2,C017233,8.789,20.3,Low,One-Way
D004_2,C017271,4.63,10.7,Low,
D004_2,C017277,8.878,20.5,Low,No Heavy Trucks
D004_2,C017316,3.781,10.9,Medium,One-Way
D004_2,C017337,4.407,10.2,Low,
D004_2,C017339,9.422,21.7,Low,One-Way
D004_2,C017350,5.967,13.8,Low,
D004_2,C017375,7.632,22.0,Medium,One-Way
D004_2,C017399,4.286,12.4,Medium,
D004_2,C017405,7.126,16.4,Low,
D004_2,C017419,6.145,17.7,Medium,
D004_2,C017429,7.293,21.0,Medium,
D004_2,C017437,2.799,6.5,Low,
D004_2,C017467,9.747,28.1,Medium,
D004_2,C017477,9.431,21.8,Low,
D004_2,C017485,3.273,9.4,Medium,
D004_2,C017492,7.181,26.5,High,
D004_2,C017493,2.217,6.4,Medium,
D004_2,C017501,6.853,19.8,Medium,
D004_2,C017550,4.297,9.9,Low,
D004_2,C017562,1.958,4.5,Low,
D004_2,C017566,4.57,16.9,High,One-Way
D004_2,C017571,2.005,4.6,Low,No Heavy Trucks
D004_2,C017595,9.121,26.3,Medium,
D004_2,C017654,9.663,27.9,Medium,
D004_2,C017655,6.699,24.7,High,
D004_2,C017660,5.902,17.0,Medium,
D004_2,C017673,6.003,17.3,Medium,
D004_2,C017705,4.088,15.1,High,
D004_2,C017775,7.706,28.5,High,
D004_2,C017780,7.071,20.4,Medium,
D004_2,C017803,2.149,6.2,Medium,
D004_2,C017805,1.408,4.1,Medium,
D004_2,C017814,3.664,8.5,Low,
D004_2,C017820,4.626,13.3,Medium,
D004_2,C017825,5.846,16.9,Medium,
D004_2,C017843,3.455,8.0,Low,
D004_2,C017845,4.955,14.3,Medium,One-Way
D004_2,C017850,8.806,32.5,High,
D004_2,C017851,6.812,19.7,Medium,
D004_2,C017856,2.391,5.5,Low,
D004_2,C017884,8.912,25.7,Medium,No Heavy Trucks
D004_2,C017890,8.231,19.0,Low,One-Way
D004_2,C017909,2.739,10.1,High,
D004_2,C017917,8.617,24.9,Medium,One-Way
D004_2,C017922,3.136,7.2,Low,One-Way
D004_2,C017944,6.5,15.0,Low,
D004_2,C017946,5.586,12.9,Low,
D004_2,C017952,8.839,32.6,High,
D004_2,C017971,3.606,10.4,Medium,
D004_2,C017983,6.254,18.0,Medium,
D004_2,C017985,5.331,12.3,Low,
D004_2,C018023,2.729,7.9,Medium,
D004_2,C018033,8.014,29.6,High,No Heavy Trucks
D004_2,C018048,7.515,17.3,Low,No Heavy Trucks
D004_2,C018051,4.759,11.0,Low,One-Way
D004_2,C018054,10.909,31.5,Medium,No Heavy Trucks
D004_2,C018067,3.091,11.4,High,
D004_2,C018098,6.442,18.6,Medium,One-Way
D004_2,C018100,7.084,16.3,Low,
D004_2,C018102,1.734,5.0,Medium,
D004_2,C018124,6.051,22.3,High,
D004_2,C018136,7.377,21.3,Medium,No Heavy Trucks
D004_2,C018138,7.389,17.1,Low,
D004_2,C018156,5.544,16.0,Medium,
D004_2,C018172,5.994,17.3,Medium,
D004_2,C018178,5.393,15.6,Medium,
D004_2,C018207,7.279,21.0,Medium,
D004_2,C018214,7.903,18.2,Low,One-Way
D004_2,C018246,3.223,7.4,Low,
D004_2,C018250,8.612,24.8,Medium,No Heavy Trucks
D004_2,C018260,2.798,6.5,Low,One-Way
D004_2,C018272,5.457,12.6,Low,No Heavy Trucks
D004_2,C018304,4.872,14.1,Medium,
D004_2,C018307,8.322,19.2,Low,No Heavy Trucks
D004_2,C018318,2.656,9.8,High,
D004_2,C018324,7.684,22.2,Medium,
D004_2,C018364,9.146,26.4,Medium,
D004_2,C018366,1.845,4.3,Low,
D004_2,C018380,5.737,13.2,Low,
D004_2,C018384,3.77,8.7,Low,
D004_2,C018385,3.631,10.5,Medium,
D004_2,C018394,7.544,27.9,High,
D004_2,C018398,3.57,10.3,Medium,
D004_2,C018402,5.987,13.8,Low,
D004_2,C018403,9.012,20.8,Low,
D004_2,C018407,2.597,7.5,Medium,
D004_2,C018408,4.312,15.9,High,No Heavy Trucks
D004_2,C018410,4.397,12.7,Medium,
D004_2,C018411,7.844,29.0,High,
D004_2,C018425,4.639,13.4,Medium,
D004_2,C018428,9.59,22.1,Low,
D004_2,C018444,9.523,35.2,High,
D004_2,C018495,3.309,12.2,High,
D004_2,C018504,6.962,16.1,Low,
D004_2,C018508,5.531,16.0,Medium,
D004_2,C018532,2.927,6.8,Low,No Heavy Trucks
D004_2,C018568,5.167,14.9,Medium,
D004_2,C018642,4.646,10.7,Low,
D004_2,C018654,7.151,20.6,Medium,
D004_2,C018657,7.453,21.5,Medium,
D004_2,C018664,8.703,20.1,Low,
D004_2,C018668,5.921,17.1,Medium,
D004_2,C018712,7.611,17.6,Low,
D004_2,C018721,3.602,10.4,Medium,
D004_2,C018729,5.693,16.4,Medium,No Heavy Trucks
D004_2,C018733,6.27,14.5,Low,
D004_2,C018747,1.404,4.0,Medium,
D004_2,C018753,3.198,9.2,Medium,
D004_2,C018756,4.605,13.3,Medium,
D004_2,C018758,0.373,0.9,Low,
D004_2,C018761,2.166,5.0,Low,
D004_2,C018780,2.53,7.3,Medium,
D004_2,C018791,2.183,8.1,High,No Heavy Trucks
D004_2,C018808,8.594,19.8,Low,No Heavy Trucks
D004_2,C018829,9.293,26.8,Medium,
D004_2,C018844,4.468,12.9,Medium,
D004_2,C018846,6.051,17.5,Medium,
D004_2,C018869,4.08,11.8,Medium,
D004_2,C018901,1.425,4.1,Medium,
D004_2,C018905,7.746,28.6,High,
D004_2,C018910,4.102,11.8,Medium,
D004_2,C018913,8.321,24.0,Medium,
D004_2,C018921,3.531,10.2,Medium,
D004_2,C018922,4.596,13.3,Medium,
D004_2,C018934,7.402,21.4,Medium,
D004_2,C018953,0.756,2.2,Medium,
D004_2,C018962,4.233,15.6,High,
D004_2,C018976,8.732,20.2,Low,
D004_2,C018980,7.949,22.9,Medium,
D004_2,C018990,8.431,19.5,Low,
D004_2,C018992,6.26,14.4,Low,
D004_2,C018994,5.491,15.8,Medium,
D004_2,C019038,3.55,10.2,Medium,
D004_2,C019076,2.364,8.7,High,
D004_2,C019078,7.745,17.9,Low,
D004_2,C019083,3.708,10.7,Medium,No Heavy Trucks
D004_2,C019102,2.925,10.8,High,
D004_2,C019123,2.696,10.0,High,
D004_2,C019147,3.705,10.7,Medium,One-Way
D004_2,C019155,8.022,23.1,Medium,One-Way
D004_2,C019156,5.665,16.3,Medium,
D004_2,C019172,4.537,13.1,Medium,No Heavy Trucks
D004_2,C019204,3.69,10.6,Medium,
D004_2,C019206,4.563,13.2,Medium,
D004_2,C019211,3.837,8.9,Low,No Heavy Trucks
D004_2,C019214,8.391,24.2,Medium,
D004_2,C019225,3.234,7.5,Low,
D004_2,C019241,7.804,22.5,Medium,
D004_2,C019243,7.346,21.2,Medium,
D004_2,C019247,7.173,20.7,Medium,
D004_2,C019260,5.914,17.1,Medium,
D004_2,C019261,8.633,19.9,Low,
D004_2,C019284,2.495,7.2,Medium,
D004_2,C019288,0.164,0.5,Medium,One-Way
D004_2,C019290,2.45,7.1,Medium,
D004_2,C019309,2.744,6.3,Low,
D004_2,C019318,5.191,12.0,Low,
D004_2,C019321,8.627,19.9,Low,
D004_2,C019343,6.218,17.9,Medium,
D004_2,C019357,1.603,4.6,Medium,
D004_2,C019390,9.165,26.4,Medium,No Heavy Trucks
D004_2,C019397,0.521,1.2,Low,
D004_2,C019408,7.785,18.0,Low,
D004_2,C019409,5.349,15.4,Medium,One-Way
D004_2,C019425,4.099,11.8,Medium,
D004_2,C019434,4.668,13.5,Medium,
D004_2,C019436,3.35,12.4,High,One-Way
D004_2,C019460,3.945,11.4,Medium,
D004_2,C019462,6.876,15.9,Low,
D004_2,C019465,5.647,13.0,Low,
D004_2,C019467,7.614,17.6,Low,
D004_2,C019482,5.643,16.3,Medium,No Heavy Trucks
D004_2,C019499,5.024,11.6,Low,
D004_2,C019504,6.043,22.3,High,
D004_2,C019506,0.993,3.7,High,No Heavy Trucks
D004_2,C019513,1.47,4.2,Medium,
D004_2,C019524,5.767,16.6,Medium,
D004_2,C019538,4.522,13.0,Medium,
D004_2,C019551,2.802,8.1,Medium,One-Way
D004_2,C019563,9.607,22.2,Low,One-Way
D004_2,C019567,4.8,17.7,High,
D004_2,C019568,6.065,17.5,Medium,
D004_2,C019578,5.727,16.5,Medium,
D004_2,C019582,5.007,11.6,Low,
D004_2,C019585,6.171,17.8,Medium,
D004_2,C019588,7.456,21.5,Medium,No Heavy Trucks
D004_2,C019610,7.742,28.6,High,
D004_2,C019620,1.497,4.3,Medium,
D004_2,C019643,6.062,14.0,Low,
D004_2,C019690,5.845,16.9,Medium,
D004_2,C019720,4.322,10.0,Low,One-Way
D004_2,C019727,3.354,7.7,Low,
D004_2,C019741,1.031,2.4,Low,
D004_2,C019749,3.931,11.3,Medium,No Heavy Trucks
D004_2,C019770,9.265,21.4,Low,
D004_2,C019772,5.362,15.5,Medium,
D004_2,C019779,6.787,15.7,Low,
D004_2,C019785,3.489,12.9,High,
D004_2,C019801,5.619,13.0,Low,
D004_2,C019806,2.756,6.4,Low,
D004_2,C019819,2.81,6.5,Low,
D004_2,C019844,4.329,12.5,Medium,
D004_2,C019849,9.629,27.8,Medium,One-Way
D004_2,C019853,9.27,26.7,Medium,
D004_2,C019859,7.895,18.2,Low,
D004_2,C019868,4.138,9.5,Low,
D004_2,C019900,1.975,4.6,Low,No Heavy Trucks
D004_2,C019916,5.149,14.9,Medium,
D004_2,C019919,3.998,14.8,High,One-Way
D004_2,C019929,1.286,4.7,High,
D004_2,C019932,4.773,13.8,Medium,
D004_2,C019935,6.78,19.6,Medium,One-Way
D004_2,C019989,6.984,20.1,Medium,
D004_2,C020014,9.587,27.7,Medium,
D004_2,C020037,5.628,16.2,Medium,One-Way
D004_2,C020039,2.219,5.1,Low,
D004_2,C020044,0.57,2.1,High,No Heavy Trucks
D004_2,C020048,6.566,24.2,High,
D004_2,C020068,7.525,17.4,Low,
D004_2,C020069,4.696,13.5,Medium,
D004_2,C020077,8.487,24.5,Medium,
D004_2,C020080,7.047,20.3,Medium,
D004_2,C020093,1.64,4.7,Medium,One-Way
D004_2,C020095,6.64,19.2,Medium,
D004_2,C020105,4.082,9.4,Low,
D004_2,C020111,4.212,12.1,Medium,
D004_2,C020115,7.202,16.6,Low,
D004_2,C020145,6.594,15.2,Low,
D004_2,C020149,4.973,14.3,Medium,
D004_2,C020159,6.234,18.0,Medium,One-Way
D004_2,C020177,6.754,19.5,Medium,No Heavy Trucks
D004_2,C020205,6.806,15.7,Low,
D004_2,C020217,5.969,13.8,Low,
D004_2,C020231,3.829,8.8,Low,
D004_2,C020233,8.607,24.8,Medium,
D004_2,C020243,4.999,18.5,High,
D004_2,C020245,6.88,25.4,High,One-Way
D004_2,C020246,6.927,20.0,Medium,
D004_2,C020250,4.479,12.9,Medium,One-Way
D004_2,C020253,7.008,20.2,Medium,
D004_2,C020275,5.307,19.6,High,
D004_2,C020289,4.299,9.9,Low,No Heavy Trucks
D004_2,C020335,2.406,5.6,Low,
D004_2,C020345,4.683,13.5,Medium,No Heavy Trucks
D004_2,C020361,6.69,15.4,Low,
D004_2,C020364,3.546,10.2,Medium,
D004_2,C020370,8.527,19.7,Low,
D004_2,C020438,4.402,12.7,Medium,
D004_2,C020463,4.252,9.8,Low,
D004_2,C020512,6.231,14.4,Low,
D004_2,C020532,6.194,14.3,Low,
D004_2,C020543,4.306,9.9,Low,
D004_2,C020548,5.358,15.5,Medium,
D004_2,C020563,3.044,7.0,Low,
D004_2,C020565,6.347,23.4,High,
D004_2,C020610,7.013,25.9,High,
D004_2,C020613,10.985,31.7,Medium,
D004_2,C020618,5.967,22.0,High,
D004_2,C020632,9.576,27.6,Medium,
D004_2,C020659,4.172,12.0,Medium,
D004_2,C020676,2.833,6.5,Low,One-Way
D004_2,C020706,9.1,21.0,Low,
D004_2,C020726,9.539,27.5,Medium,No Heavy Trucks
D004_2,C020777,4.156,15.3,High,
D004_2,C020833,6.33,23.4,High,
D004_2,C020845,8.304,24.0,Medium,
D004_2,C020852,4.596,13.3,Medium,One-Way
D004_2,C020853,5.607,20.7,High,
D004_2,C020866,6.924,16.0,Low,
D004_2,C020877,5.496,15.9,Medium,One-Way
D004_2,C020878,4.462,10.3,Low,
D004_2,C020906,4.216,12.2,Medium,
D004_2,C020908,5.734,13.2,Low,
D004_2,C020911,2.778,8.0,Medium,
D004_2,C020912,3.437,9.9,Medium,
D004_2,C020919,4.371,16.1,High,
D004_2,C020933,4.913,14.2,Medium,
D004_2,C020961,2.986,8.6,Medium,
D004_2,C020976,7.065,16.3,Low,
D004_2,C020981,5.812,16.8,Medium,
D004_2,C020994,5.188,19.2,High,No Heavy Trucks
D004_2,C021004,10.302,29.7,Medium,
D004_2,C021005,8.285,23.9,Medium,One-Way
D004_2,C021027,3.028,7.0,Low,
D004_2,C021040,4.736,13.7,Medium,No Heavy Trucks
D004_2,C021051,3.609,10.4,Medium,
D004_2,C021070,5.436,15.7,Medium,
D004_2,C021082,7.182,20.7,Medium,
D004_2,C021085,3.666,10.6,Medium,
D004_2,C021112,6.08,17.5,Medium,
D004_2,C021113,8.093,18.7,Low,
D004_2,C021164,6.31,14.6,Low,No Heavy Trucks
D004_2,C021169,1.609,4.6,Medium,
D004_2,C021173,5.936,17.1,Medium,
D004_2,C021232,4.588,13.2,Medium,
D004_2,C021236,5.045,14.6,Medium,
D004_2,C021246,4.82,11.1,Low,
D004_2,C021259,9.073,20.9,Low,
D004_2,C021264,3.1,8.9,Medium,
D004_2,C021299,5.938,13.7,Low,
D004_2,C021301,5.513,15.9,Medium,One-Way
D004_2,C021307,5.481,12.6,Low,
D004_2,C021312,5.901,13.6,Low,
D004_2,C021345,7.098,20.5,Medium,One-Way
D004_2,C021352,1.817,4.2,Low,
D004_2,C021355,5.891,17.0,Medium,
D004_2,C021356,2.643,7.6,Medium,
D004_2,C021359,4.795,11.1,Low,
D004_2,C021390,0.916,2.1,Low,
D004_2,C021396,3.897,9.0,Low,
D004_2,C021404,3.702,10.7,Medium,
D004_2,C021405,1.184,2.7,Low,
D004_2,C021417,8.229,30.4,High,No Heavy Trucks
D004_2,C021437,3.747,8.6,Low,No Heavy Trucks
D004_2,C021442,4.541,10.5,Low,
D004_2,C021456,1.643,6.1,High,
D004_2,C021481,6.449,14.9,Low,No Heavy Trucks
D004_2,C021488,9.316,26.9,Medium,No Heavy Trucks
D004_2,C021493,6.54,18.9,Medium,No Heavy Trucks
D004_2,C021500,4.146,15.3,High,
D004_2,C021501,4.996,14.4,Medium,
D004_2,C021510,5.366,15.5,Medium,
D004_2,C021522,8.101,23.4,Medium,No Heavy Trucks
D004_2,C021523,3.918,11.3,Medium,
D004_2,C021528,3.575,13.2,High,One-Way
D004_2,C021573,6.536,18.9,Medium,No Heavy Trucks
D004_2,C021578,6.466,23.9,High,
D004_2,C021591,4.634,13.4,Medium,
D004_2,C021606,3.099,7.2,Low,
D004_2,C021617,6.604,19.0,Medium,
D004_2,C021621,1.39,3.2,Low,One-Way
D004_2,C021642,4.45,16.4,High,
D004_2,C021654,3.377,7.8,Low,
D004_2,C021666,7.488,17.3,Low,
D004_2,C021680,3.885,11.2,Medium,
D004_2,C021696,3.448,9.9,Medium,One-Way
D004_2,C021777,9.073,20.9,Low,
D004_2,C021828,6.712,15.5,Low,
D004_2,C021835,3.443,7.9,Low,
D004_2,C021851,7.936,22.9,Medium,
D004_2,C021867,9.548,22.0,Low,
D004_2,C021873,8.282,19.1,Low,
D004_2,C021874,3.27,7.5,Low,No Heavy Trucks
D004_2,C021882,2.7,7.8,Medium,
D004_2,C021951,8.719,25.2,Medium,
D004_2,C021970,9.013,20.8,Low,
D004_2,C021975,4.865,18.0,High,No Heavy Trucks
D004_2,C022023,3.118,11.5,High,
D004_2,C022049,6.268,18.1,Medium,
D004_2,C022056,6.842,15.8,Low,
D004_2,C022067,8.672,32.0,High,
D004_2,C022077,3.023,7.0,Low,
D004_2,C022090,4.888,18.0,High,
D004_2,C022111,8.9,25.7,Medium,
D004_2,C022128,4.872,14.1,Medium,One-Way
D004_2,C022136,2.261,6.5,Medium,No Heavy Trucks
D004_2,C022189,5.445,20.1,High,
D004_2,C022253,6.6,24.4,High,No Heavy Trucks
D004_2,C022257,2.951,6.8,Low,No Heavy Trucks
D004_2,C022278,2.74,6.3,Low,
D004_2,C022314,2.661,6.1,Low,
D004_2,C022320,1.211,2.8,Low,
D004_2,C022333,7.106,26.2,High,
D004_2,C022350,6.551,18.9,Medium,One-Way
D004_2,C022355,3.924,14.5,High,No Heavy Trucks
D004_2,C022358,7.285,16.8,Low,
D004_2,C022365,3.946,11.4,Medium,
D004_2,C022376,3.051,7.0,Low,
D004_2,C022377,6.478,15.0,Low,
D004_2,C022382,7.329,21.1,Medium,
D004_2,C022399,4.629,13.4,Medium,
D004_2,C022415,2.558,7.4,Medium,
D004_2,C022449,5.187,15.0,Medium,
D004_2,C022474,2.269,5.2,Low,No Heavy Trucks
D004_2,C022488,4.896,11.3,Low,
D004_2,C022511,6.569,18.9,Medium,
D004_2,C022525,3.365,7.8,Low,
D004_2,C022528,6.011,13.9,Low,
D004_2,C022544,1.782,6.6,High,
D004_2,C022552,6.743,15.6,Low,
D004_2,C022556,2.749,7.9,Medium,
D004_2,C022561,5.98,22.1,High,
D004_2,C022574,2.313,6.7,Medium,
D004_2,C022607,3.562,13.2,High,
D004_2,C022620,6.001,13.8,Low,
D004_2,C022626,5.632,20.8,High,
D004_2,C022636,9.02,26.0,Medium,
D004_2,C022644,6.827,19.7,Medium,One-Way
D004_2,C022647,7.207,26.6,High,
D004_2,C022648,4.311,12.4,Medium,
D004_2,C022668,5.851,16.9,Medium,
D004_2,C022671,10.161,23.4,Low,
D004_2,C022678,5.037,11.6,Low,
D004_2,C022717,4.853,11.2,Low,No Heavy Trucks
D004_2,C022718,6.304,18.2,Medium,
D004_2,C022738,6.278,23.2,High,
D004_2,C022749,6.209,14.3,Low,
D004_2,C022771,2.314,6.7,Medium,
D004_2,C022780,7.409,21.4,Medium,
D004_2,C022805,6.364,14.7,Low,
D004_2,C022809,8.157,30.1,High,No Heavy Trucks
D004_2,C022814,7.8,22.5,Medium,
D004_2,C022816,9.46,21.8,Low,
D004_2,C022823,7.79,22.5,Medium,
D004_2,C022824,3.111,9.0,Medium,
D004_2,C022852,6.107,14.1,Low,
D004_2,C022874,5.683,21.0,High,One-Way
D004_2,C022880,6.018,13.9,Low,No Heavy Trucks
D004_2,C022910,7.334,21.2,Medium,
D004_2,C022933,2.491,5.7,Low,
D004_2,C022934,7.132,16.5,Low,
D004_2,C022935,6.48,23.9,High,No Heavy Trucks
D004_2,C022945,5.899,17.0,Medium,
D004_2,C022948,5.929,13.7,Low,
D004_2,C022970,3.766,10.9,Medium,One-Way
D004_2,C022975,6.92,16.0,Low,No Heavy Trucks
D004_2,C022979,3.703,8.5,Low,
D004_2,C022989,8.323,30.7,High,
D004_2,C023003,6.498,18.7,Medium,
D004_2,C023014,7.813,28.8,High,
D004_2,C023016,6.324,23.4,High,One-Way
D004_2,C023032,4.234,9.8,Low,
D004_2,C023035,9.09,21.0,Low,
D004_2,C023064,3.974,9.2,Low,
D004_2,C023069,3.256,9.4,Medium,
D004_2,C023070,5.94,17.1,Medium,
D004_2,C023074,2.008,4.6,Low,
D004_2,C023102,2.481,5.7,Low,
D004_2,C023106,4.582,16.9,High,
D004_2,C023123,6.318,14.6,Low,
D004_2,C023129,3.174,9.2,Medium,
D004_2,C023133,7.126,16.4,Low,
D004_2,C023140,4.991,14.4,Medium,
D004_2,C023153,6.087,17.6,Medium,
D004_2,C023175,3.213,7.4,Low,
D004_2,C023212,6.039,17.4,Medium,
D004_2,C023227,4.166,12.0,Medium,
D004_2,C023281,3.599,10.4,Medium,
D004_2,C023289,8.159,18.8,Low,
D004_2,C023291,8.053,18.6,Low,
D004_2,C023292,7.042,16.3,Low,
D004_2,C023323,5.577,16.1,Medium,
D004_2,C023331,5.925,17.1,Medium,
D004_2,C023339,6.885,19.9,Medium,
D004_2,C023351,0.854,2.5,Medium,
D004_2,C023365,2.812,6.5,Low,
D004_2,C023398,7.908,22.8,Medium,
D004_2,C023404,3.288,7.6,Low,
D004_2,C023406,9.071,26.2,Medium,
D004_2,C023428,1.171,2.7,Low,
D004_2,C023433,7.646,22.1,Medium,
D004_2,C023437,5.681,21.0,High,
D004_2,C023442,6.48,23.9,High,
D004_2,C023444,3.869,11.2,Medium,
D004_2,C023452,6.854,25.3,High,
D004_2,C023463,7.524,17.4,Low,
D004_2,C023494,1.45,5.4,High,
D004_2,C023500,3.981,9.2,Low,
D004_2,C023516,9.798,22.6,Low,
D004_2,C023523,6.862,15.8,Low,
D004_2,C023532,6.233,23.0,High,
D004_2,C023533,6.294,18.2,Medium,One-Way
D004_2,C023568,6.778,15.6,Low,
D004_2,C023580,5.087,18.8,High,
D004_2,C023581,8.027,18.5,Low,
D004_2,C023593,5.271,15.2,Medium,
D004_2,C023603,4.616,13.3,Medium,
D004_2,C023606,6.37,14.7,Low,
D004_2,C023616,6.711,19.4,Medium,
D004_2,C023626,2.906,8.4,Medium,
D004_2,C023632,9.453,21.8,Low,
D004_2,C023654,3.544,13.1,High,
D004_2,C023660,6.116,14.1,Low,One-Way
D004_2,C023705,7.97,18.4,Low,No Heavy Trucks
D004_2,C023708,9.091,21.0,Low,
D004_2,C023712,8.903,20.5,Low,
D004_2,C023740,2.062,5.9,Medium,
D004_2,C023755,5.337,15.4,Medium,
D004_2,C023771,4.245,9.8,Low,
D004_2,C023791,4.34,12.5,Medium,
D004_2,C023795,1.249,3.6,Medium,
D004_2,C023800,5.242,19.4,High,
D004_2,C023830,5.481,15.8,Medium,
D004_2,C023833,8.908,25.7,Medium,
D004_2,C023855,2.918,8.4,Medium,
D004_2,C023859,4.916,14.2,Medium,No Heavy Trucks
D004_2,C023864,7.559,21.8,Medium,
D004_2,C023877,1.663,3.8,Low,No Heavy Trucks
D004_2,C023921,5.308,12.2,Low,No Heavy Trucks
D004_2,C023935,2.189,5.1,Low,
D004_2,C023938,3.1,11.4,High,One-Way
D004_2,C023955,5.479,12.6,Low,One-Way
D004_2,C023971,3.117,9.0,Medium,
D004_2,C023972,5.334,15.4,Medium,
D004_2,C023998,5.4,15.6,Medium,
D004_2,C024009,7.522,21.7,Medium,
D004_2,C024041,5.766,21.3,High,
D004_2,C024044,4.152,12.0,Medium,No Heavy Trucks
D004_2,C024046,5.929,13.7,Low,
D004_2,C024072,9.281,26.8,Medium,
D004_2,C024078,6.56,15.1,Low,
D004_2,C024105,1.976,5.7,Medium,
D004_2,C024113,9.653,27.8,Medium,
D004_2,C024117,1.313,3.0,Low,
D004_2,C024123,8.237,23.8,Medium,
D004_2,C024128,6.239,14.4,Low,
D004_2,C024131,4.938,14.2,Medium,One-Way
D004_2,C024135,6.157,17.8,Medium,
D004_2,C024179,4.413,12.7,Medium,
D004_2,C024183,4.961,11.4,Low,
D004_2,C024203,3.225,9.3,Medium,
D004_2,C024204,1.964,5.7,Medium,
D004_2,C024216,5.868,16.9,Medium,
D004_2,C024245,7.956,22.9,Medium,
D004_2,C024283,5.755,13.3,Low,
D004_2,C024303,1.656,3.8,Low,
D004_2,C024309,6.552,15.1,Low,
D004_2,C024327,4.27,9.9,Low,
D004_2,C024344,2.049,5.9,Medium,
D004_2,C024349,5.492,12.7,Low,
D004_2,C024359,8.82,25.4,Medium,
D004_2,C024367,6.284,18.1,Medium,
D004_2,C024384,5.386,12.4,Low,One-Way
D004_2,C024386,5.037,14.5,Medium,
D004_2,C024389,6.352,14.7,Low,
D004_2,C024399,7.387,17.0,Low,
D004_2,C024402,7.526,17.4,Low,
D004_2,C024406,1.578,3.6,Low,
D004_2,C024407,5.979,17.2,Medium,
D004_2,C024438,5.251,12.1,Low,One-Way
D004_2,C024450,1.344,3.1,Low,
D004_2,C024455,5.263,12.1,Low,No Heavy Trucks
D004_2,C024461,4.929,14.2,Medium,
D004_2,C024463,8.651,25.0,Medium,
D004_2,C024465,5.492,15.8,Medium,
D004_2,C024470,4.128,11.9,Medium,
D004_2,C024486,5.329,15.4,Medium,One-Way
D004_2,C024493,0.953,2.2,Low,
D004_2,C024496,2.618,6.0,Low,
D004_2,C024504,3.734,8.6,Low,No Heavy Trucks
D004_2,C024513,7.812,18.0,Low,
D004_2,C024516,1.937,5.6,Medium,
D004_2,C024526,7.551,17.4,Low,
D004_2,C024548,10.245,23.6,Low,One-Way
D004_2,C024573,5.135,11.9,Low,
D004_2,C024585,4.781,17.7,High,
D004_2,C024602,3.627,10.5,Medium,
D004_2,C024609,9.496,27.4,Medium,
D004_2,C024612,6.172,17.8,Medium,
D004_2,C024630,8.886,25.6,Medium,
D004_2,C024632,8.501,24.5,Medium,
D004_2,C024643,6.31,18.2,Medium,
D004_2,C024645,8.794,32.5,High,
D004_2,C024652,7.285,21.0,Medium,
D004_2,C024662,1.717,4.0,Low,
D004_2,C024683,6.042,17.4,Medium,
D004_2,C024714,7.344,16.9,Low,No Heavy Trucks
D004_2,C024732,2.317,5.3,Low,
D004_2,C024770,6.423,18.5,Medium,One-Way
D004_2,C024772,10.225,23.6,Low,
D004_2,C024793,6.987,20.2,Medium,
D004_2,C024833,9.047,26.1,Medium,
D004_2,C024846,8.624,19.9,Low,
D004_2,C024879,7.2,20.8,Medium,
D004_2,C024881,0.758,2.8,High,
D004_2,C024883,9.771,22.5,Low,
D004_2,C024888,7.106,20.5,Medium,
D004_2,C024889,3.306,9.5,Medium,
D004_2,C024911,6.808,19.6,Medium,No Heavy Trucks
D004_2,C024933,8.398,19.4,Low,
D004_2,C024966,8.017,23.1,Medium,No Heavy Trucks
D004_2,C024983,3.252,7.5,Low,
D004_2,C024992,3.718,13.7,High,
D004_2,C024994,7.696,28.4,High,
D004_2,C025003,7.626,22.0,Medium,
D004_2,C025004,5.889,13.6,Low,
D004_2,C025024,5.869,16.9,Medium,
D004_2,C025037,5.084,14.7,Medium,
D004_2,C025048,3.17,9.1,Medium,
D004_2,C025050,5.962,17.2,Medium,
D004_2,C025062,4.34,16.0,High,
D004_2,C025081,5.967,17.2,Medium,
D004_2,C025105,7.166,16.5,Low,
D004_2,C025119,4.437,12.8,Medium,
D004_2,C025128,6.018,13.9,Low,
D004_2,C025151,7.422,17.1,Low,No Heavy Trucks
D004_2,C025171,8.216,19.0,Low,
D004_2,C025186,8.792,25.4,Medium,One-Way
D004_2,C025187,1.391,4.0,Medium,
D004_2,C025193,3.121,11.5,High,One-Way
D004_2,C025196,6.296,18.2,Medium,No Heavy Trucks
D004_2,C025214,5.703,16.5,Medium,
D004_2,C025237,2.748,7.9,Medium,
D004_2,C025242,4.341,10.0,Low,
D004_2,C025248,6.706,15.5,Low,
D004_2,C025257,4.185,9.7,Low,
D004_2,C025258,2.064,6.0,Medium,No Heavy Trucks
D004_2,C025282,6.288,14.5,Low,No Heavy Trucks
D004_2,C025308,7.268,26.8,High,
D004_2,C025311,4.788,13.8,Medium,
D004_2,C025312,6.375,18.4,Medium,
D004_2,C025313,6.56,18.9,Medium,
D004_2,C025323,0.544,2.0,High,
D004_2,C025371,4.588,13.2,Medium,
D004_2,C025380,5.228,15.1,Medium,One-Way
D004_2,C025402,4.436,12.8,Medium,
D004_2,C025404,2.01,5.8,Medium,
D004_2,C025445,9.003,20.8,Low,
D004_2,C025457,4.01,9.3,Low,
D004_2,C025459,8.174,30.2,High,One-Way
D004_2,C025466,8.999,26.0,Medium,
D004_2,C025496,3.078,7.1,Low,
D004_2,C025499,4.524,10.4,Low,
D004_2,C025527,7.539,17.4,Low,
D004_2,C025532,3.541,8.2,Low,
D004_2,C025573,3.338,7.7,Low,
D004_2,C025589,3.556,8.2,Low,
D004_2,C025607,8.53,24.6,Medium,
D004_2,C025626,3.907,11.3,Medium,No Heavy Trucks
D004_2,C025635,2.919,10.8,High,
D004_2,C025676,4.114,11.9,Medium,
D004_2,C025679,4.736,10.9,Low,No Heavy Trucks
D004_2,C025717,9.309,26.9,Medium,No Heavy Trucks
D004_2,C025718,5.553,16.0,Medium,
D004_2,C025741,3.441,7.9,Low,
D004_2,C025747,5.508,15.9,Medium,One-Way
D004_2,C025780,3.411,12.6,High,
D004_2,C025793,0.297,0.9,Medium,
D004_2,C025797,6.669,15.4,Low,
D004_2,C025798,3.943,9.1,Low,
D004_2,C025803,2.274,6.6,Medium,
D004_2,C025810,3.483,10.0,Medium,
D004_2,C025822,5.164,19.1,High,
D004_2,C025830,7.444,17.2,Low,No Heavy Trucks
D004_2,C025831,7.093,20.5,Medium,
D004_2,C025836,3.976,9.2,Low,
D004_2,C025853,9.993,23.1,Low,
D004_2,C025884,5.792,16.7,Medium,
D004_2,C025902,6.301,18.2,Medium,
D004_2,C025942,3.811,11.0,Medium,
D004_2,C025985,3.321,9.6,Medium,One-Way
D004_2,C025998,10.378,29.9,Medium,
D004_2,C025999,3.994,14.7,High,
D004_2,C026008,7.799,18.0,Low,No Heavy Trucks
D004_2,C026009,5.908,17.0,Medium,No Heavy Trucks
D004_2,C026010,2.306,6.7,Medium,
D004_2,C026013,3.453,10.0,Medium,
D004_2,C026022,5.137,11.9,Low,
D004_2,C026033,9.216,21.3,Low,
D004_2,C026037,0.817,2.4,Medium,
D004_2,C026048,4.331,12.5,Medium,
D004_2,C026049,3.891,9.0,Low,
D004_2,C026052,3.571,10.3,Medium,
D004_2,C026053,2.923,6.7,Low,
D004_2,C026058,4.314,10.0,Low,
D004_2,C026061,8.161,18.8,Low,
D004_2,C026085,4.047,9.3,Low,
D004_2,C026103,1.818,5.2,Medium,
D004_2,C026118,6.125,17.7,Medium,One-Way
D004_2,C026130,1.992,5.7,Medium,
D004_2,C026145,6.076,17.5,Medium,
D004_2,C026149,6.115,22.6,High,No Heavy Trucks
D004_2,C026155,3.88,11.2,Medium,
D004_2,C026164,5.675,16.4,Medium,One-Way
D004_2,C026192,2.594,7.5,Medium,
D004_2,C026202,6.226,18.0,Medium,
D004_2,C026235,4.959,18.3,High,
D004_2,C026257,6.609,15.3,Low,
D004_2,C026270,7.738,22.3,Medium,
D004_2,C026273,3.944,9.1,Low,
D004_2,C026278,5.186,12.0,Low,
D004_2,C026283,5.977,17.2,Medium,
D004_2,C026286,9.894,28.5,Medium,
D004_2,C026301,7.305,16.9,Low,
D004_2,C026335,7.581,17.5,Low,
D004_2,C026342,7.379,27.2,High,
D004_2,C026355,5.468,12.6,Low,One-Way
D004_2,C026358,4.256,12.3,Medium,
D004_2,C026373,7.537,21.7,Medium,
D004_2,C026394,6.758,19.5,Medium,
D004_2,C026441,8.453,24.4,Medium,
D004_2,C026444,3.6,8.3,Low,
D004_2,C026448,4.415,16.3,High,
D004_2,C026454,7.005,20.2,Medium,
D004_2,C026462,4.496,13.0,Medium,One-Way
D004_2,C026468,5.286,15.2,Medium,
D004_2,C026470,6.793,19.6,Medium,
D004_2,C026502,4.449,12.8,Medium,
D004_2,C026526,7.914,18.3,Low,
D004_2,C026528,4.523,13.0,Medium,
D004_2,C026529,6.418,18.5,Medium,
D004_2,C026533,5.708,16.5,Medium,One-Way
D004_2,C026559,3.658,13.5,High,One-Way
D004_2,C026562,4.375,10.1,Low,
D004_2,C026569,6.393,18.4,Medium,No Heavy Trucks
D004_2,C026592,3.662,13.5,High,No Heavy Trucks
D004_2,C026602,5.888,21.7,High,No Heavy Trucks
D004_2,C026609,0.617,2.3,High,
D004_2,C026613,1.202,3.5,Medium,
D004_2,C026621,5.177,14.9,Medium,
D004_2,C026634,5.292,12.2,Low,
D004_2,C026671,5.113,18.9,High,
D004_2,C026691,0.92,2.7,Medium,
D004_2,C026698,4.915,11.3,Low,
D004_2,C026703,5.889,21.7,High,
D004_2,C026706,4.726,13.6,Medium,No Heavy Trucks
D004_2,C026713,9.467,21.8,Low,
D004_2,C026723,4.39,10.1,Low,
D004_2,C026748,7.336,16.9,Low,
D004_2,C026773,5.448,15.7,Medium,
D004_2,C026777,5.988,17.3,Medium,No Heavy Trucks
D004_2,C026788,7.566,17.5,Low,
D004_2,C026798,4.245,12.2,Medium,One-Way
D004_2,C026815,5.094,14.7,Medium,No Heavy Trucks
D004_2,C026830,8.473,19.6,Low,No Heavy Trucks
D004_2,C026839,4.858,14.0,Medium,
D004_2,C026852,3.178,11.7,High,
D004_2,C026855,6.06,17.5,Medium,
D004_2,C026866,5.874,13.6,Low,
D004_2,C026884,7.888,22.8,Medium,
D004_2,C026885,1.68,4.8,Medium,
D004_2,C026892,3.868,8.9,Low,One-Way
D004_2,C026900,7.306,27.0,High,No Heavy Trucks
D004_2,C026917,3.318,12.2,High,
D004_2,C026930,4.089,9.4,Low,
D004_2,C026940,3.963,11.4,Medium,
D004_2,C026957,6.035,17.4,Medium,
D004_2,C026959,2.187,5.0,Low,
D004_2,C026962,6.09,17.6,Medium,
D004_2,C026974,1.406,3.2,Low,
D004_2,C026996,1.245,2.9,Low,
D004_2,C027023,5.101,11.8,Low,
D004_2,C027048,7.999,18.5,Low,No Heavy Trucks
D004_2,C027057,3.141,9.1,Medium,
D004_2,C027062,5.924,13.7,Low,
D004_2,C027070,6.885,19.9,Medium,
D004_2,C027085,4.491,13.0,Medium,
D004_2,C027108,6.793,25.1,High,
D004_2,C027146,6.336,14.6,Low,One-Way
D004_2,C027190,3.867,14.3,High,No Heavy Trucks
D004_2,C027196,7.669,22.1,Medium,
D004_2,C027198,5.04,14.5,Medium,
D004_2,C027204,4.44,12.8,Medium,No Heavy Trucks
D004_2,C027206,3.864,8.9,Low,
D004_2,C027221,10.598,24.5,Low,
D004_2,C027264,4.712,13.6,Medium,
D004_2,C027269,1.226,2.8,Low,No Heavy Trucks
D004_2,C027280,6.038,17.4,Medium,
D004_2,C027286,7.414,21.4,Medium,
D004_2,C027293,8.709,25.1,Medium,
D004_2,C027314,5.805,16.7,Medium,
D004_2,C027324,1.664,4.8,Medium,
D004_2,C027334,8.751,25.2,Medium,One-Way
D004_2,C027338,10.029,28.9,Medium,
D004_2,C027344,9.246,26.7,Medium,
D004_2,C027359,3.261,9.4,Medium,
D004_2,C027367,8.206,23.7,Medium,
D004_2,C027376,4.374,10.1,Low,
D004_2,C027378,7.765,17.9,Low,
D004_2,C027420,5.279,12.2,Low,One-Way
D004_2,C027449,8.859,20.4,Low,
D004_2,C027467,10.173,29.3,Medium,
D004_2,C027474,4.871,11.2,Low,
D004_2,C027501,5.686,13.1,Low,
D004_2,C027523,3.016,11.1,High,
D004_2,C027530,6.004,22.2,High,
D004_2,C027533,4.604,13.3,Medium,
D004_2,C027536,8.617,24.9,Medium,
D004_2,C027578,5.479,15.8,Medium,
D004_2,C027582,7.644,22.1,Medium,
D004_2,C027591,2.691,6.2,Low,
D004_2,C027605,8.12,18.7,Low,
D004_2,C027635,8.333,30.8,High,One-Way
D004_2,C027639,5.174,11.9,Low,
D004_2,C027641,5.053,18.7,High,
D004_2,C027644,3.527,13.0,High,
D004_2,C027656,7.026,20.3,Medium,No Heavy Trucks
D004_2,C027668,3.681,13.6,High,No Heavy Trucks
D004_2,C027674,4.777,13.8,Medium,One-Way
D004_2,C027681,8.212,23.7,Medium,
D004_2,C027692,2.001,5.8,Medium,
D004_2,C027694,8.17,23.6,Medium,
D004_2,C027731,6.494,18.7,Medium,
D004_2,C027745,1.149,2.7,Low,
D004_2,C027762,5.985,13.8,Low,
D004_2,C027763,4.025,14.9,High,
D004_2,C027766,9.409,27.1,Medium,
D004_2,C027795,5.555,16.0,Medium,
D004_2,C027820,5.047,18.6,High,
D004_2,C027847,8.794,20.3,Low,
D004_2,C027848,8.249,23.8,Medium,One-Way
D004_2,C027851,8.369,24.1,Medium,No Heavy Trucks
D004_2,C027856,2.82,8.1,Medium,No Heavy Trucks
D004_2,C027875,5.823,21.5,High,
D004_2,C027876,4.716,13.6,Medium,No Heavy Trucks
D004_2,C027882,2.473,5.7,Low,
D004_2,C027886,2.865,8.3,Medium,
D004_2,C027897,3.472,8.0,Low,
D004_2,C027931,6.932,16.0,Low,
D004_2,C027936,6.645,15.3,Low,
D004_2,C027962,4.452,12.8,Medium,
D004_2,C027971,2.778,6.4,Low,
D004_2,C028030,0.629,1.8,Medium,One-Way
D004_2,C028033,4.305,12.4,Medium,No Heavy Trucks
D004_2,C028056,6.919,16.0,Low,
D004_2,C028112,5.609,16.2,Medium,
D004_2,C028155,0.445,1.0,Low,
D004_2,C028156,4.416,12.7,Medium,
D004_2,C028171,8.453,24.4,Medium,
D004_2,C028172,9.09,21.0,Low,
D004_2,C028187,2.353,6.8,Medium,No Heavy Trucks
D004_2,C028191,6.191,17.9,Medium,One-Way
D004_2,C028220,6.478,18.7,Medium,
D004_2,C028223,1.78,5.1,Medium,
D004_2,C028233,4.811,11.1,Low,One-Way
D004_2,C028236,7.575,17.5,Low,
D004_2,C028239,4.653,13.4,Medium,
D004_2,C028266,2.538,7.3,Medium,
D004_2,C028280,3.206,7.4,Low,
D004_2,C028281,8.521,31.5,High,
D004_2,C028306,4.59,10.6,Low,
D004_2,C028329,8.254,23.8,Medium,
D004_2,C028341,7.531,21.7,Medium,
D004_2,C028345,7.222,20.8,Medium,
D004_2,C028369,5.038,14.5,Medium,No Heavy Trucks
D004_2,C028380,6.653,19.2,Medium,
D004_2,C028393,4.394,16.2,High,No Heavy Trucks
D004_2,C028403,5.774,21.3,High,
D004_2,C028413,8.816,20.3,Low,One-Way
D004_2,C028416,4.549,10.5,Low,No Heavy Trucks
D004_2,C028431,4.413,12.7,Medium,
D004_2,C028433,10.318,29.8,Medium,No Heavy Trucks
D004_2,C028436,6.604,19.0,Medium,
D004_2,C028440,8.892,25.7,Medium,
D004_2,C028447,6.082,14.0,Low,
D004_2,C028469,4.885,18.0,High,
D004_2,C028470,4.82,11.1,Low,One-Way
D004_2,C028483,7.356,21.2,Medium,
D004_2,C028488,8.672,20.0,Low,
D004_2,C028490,2.906,8.4,Medium,
D004_2,C028492,2.328,6.7,Medium,
D004_2,C028530,0.662,1.5,Low,
D004_2,C028536,3.396,9.8,Medium,
D004_2,C028540,7.918,22.8,Medium,
D004_2,C028556,4.15,12.0,Medium,
D004_2,C028563,2.897,8.4,Medium,
D004_2,C028578,9.165,21.1,Low,One-Way
D004_2,C028581,5.141,14.8,Medium,One-Way
D004_2,C028587,5.934,13.7,Low,One-Way
D004_2,C028590,6.64,19.2,Medium,No Heavy Trucks
D004_2,C028596,2.513,7.2,Medium,
D004_2,C028604,1.449,4.2,Medium,
D004_2,C028614,4.381,10.1,Low,
D004_2,C028617,8.598,24.8,Medium,
D004_2,C028626,7.208,20.8,Medium,
D004_2,C028630,2.914,8.4,Medium,
D004_2,C028632,5.911,17.0,Medium,
D004_2,C028642,7.876,22.7,Medium,
D004_2,C028649,5.301,12.2,Low,
D004_2,C028657,9.67,27.9,Medium,
D004_2,C028687,4.21,9.7,Low,
D004_2,C028728,4.024,14.9,High,
D004_2,C028740,5.313,15.3,Medium,
D004_2,C028747,5.648,16.3,Medium,No Heavy Trucks
D004_2,C028779,2.743,6.3,Low,One-Way
D004_2,C028781,1.715,4.9,Medium,
D004_2,C028792,7.004,20.2,Medium,No Heavy Trucks
D004_2,C028799,7.402,17.1,Low,
D004_2,C028807,8.935,20.6,Low,One-Way
D004_2,C028840,1.387,4.0,Medium,
D004_2,C028846,2.794,8.1,Medium,
D004_2,C028855,3.561,10.3,Medium,
D004_2,C028858,3.564,13.2,High,
D004_2,C028862,3.207,7.4,Low,No Heavy Trucks
D004_2,C028865,2.904,10.7,High,
D004_2,C028884,3.65,8.4,Low,
D004_2,C028897,5.459,20.2,High,
D004_2,C028919,0.772,2.2,Medium,One-Way
D004_2,C028936,3.926,9.1,Low,
D004_2,C028939,1.47,3.4,Low,
D004_2,C028951,5.307,12.2,Low,One-Way
D004_2,C028956,6.093,17.6,Medium,
D004_2,C028959,7.985,23.0,Medium,One-Way
D004_2,C028961,4.024,11.6,Medium,
D004_2,C028964,5.207,15.0,Medium,
D004_2,C029011,6.719,15.5,Low,
D004_2,C029035,3.663,10.6,Medium,
D004_2,C029078,6.29,14.5,Low,
D004_2,C029123,5.467,12.6,Low,
D004_2,C029128,7.619,17.6,Low,
D004_2,C029135,6.763,15.6,Low,
D004_2,C029176,5.004,14.4,Medium,
D004_2,C029218,5.166,11.9,Low,No Heavy Trucks
D004_2,C029235,1.784,6.6,High,
D004_2,C029241,6.665,19.2,Medium,
D004_2,C029254,5.18,12.0,Low,
D004_2,C029262,2.551,5.9,Low,
D004_2,C029269,3.689,10.6,Medium,
D004_2,C029280,1.811,5.2,Medium,
D004_2,C029307,7.151,20.6,Medium,
D004_2,C029314,1.923,4.4,Low,
D004_2,C029320,6.873,19.8,Medium,
D004_2,C029347,5.577,12.9,Low,
D004_2,C029351,4.773,13.8,Medium,
D004_2,C029356,8.628,31.9,High,
D004_2,C029362,7.013,25.9,High,
D004_2,C029375,8.475,24.4,Medium,
D004_2,C029381,5.748,16.6,Medium,No Heavy Trucks
D004_2,C029393,7.763,22.4,Medium,
D004_2,C029394,8.169,23.6,Medium,
D004_2,C029405,3.096,8.9,Medium,No Heavy Trucks
D004_2,C029406,5.965,22.0,High,
D004_2,C029414,4.453,12.8,Medium,
D004_2,C029426,3.102,7.2,Low,No Heavy Trucks
D004_2,C029429,5.193,15.0,Medium,
D004_2,C029435,6.008,22.2,High,
D004_2,C029436,5.646,16.3,Medium,
D004_2,C029452,1.962,4.5,Low,
D004_2,C029464,8.612,19.9,Low,
D004_2,C029466,10.239,29.5,Medium,
D004_2,C029472,1.12,3.2,Medium,
D004_2,C029474,8.422,19.4,Low,
D004_2,C029478,4.847,14.0,Medium,No Heavy Trucks
D004_2,C029490,3.668,10.6,Medium,
D004_2,C029495,7.976,23.0,Medium,
D004_2,C029508,6.265,23.1,High,
D004_2,C029548,2.102,6.1,Medium,One-Way
D004_2,C029576,6.143,22.7,High,
D004_2,C029580,4.169,12.0,Medium,
D004_2,C029596,5.601,16.2,Medium,
D004_2,C029603,2.502,5.8,Low,
D004_2,C029621,7.152,26.4,High,
D004_2,C029632,2.623,7.6,Medium,
D004_2,C029655,4.349,10.0,Low,No Heavy Trucks
D004_2,C029671,3.808,11.0,Medium,One-Way
D004_2,C029674,3.694,10.7,Medium,
D004_2,C029685,9.552,22.0,Low,
D004_2,C029689,8.73,25.2,Medium,
D004_2,C029696,7.398,17.1,Low,
D004_2,C029712,4.717,17.4,High,
D004_2,C029719,3.44,9.9,Medium,
D004_2,C029729,3.402,12.6,High,
D004_2,C029741,6.806,19.6,Medium,
D004_2,C029746,3.062,11.3,High,
D004_2,C029770,6.312,18.2,Medium,One-Way
D004_2,C029791,4.767,13.8,Medium,
D004_2,C029797,2.348,8.7,High,
D004_2,C029798,3.756,10.8,Medium,
D004_2,C029802,5.009,11.6,Low,
D004_2,C029811,8.984,25.9,Medium,
D004_2,C029827,6.41,14.8,Low,One-Way
D004_2,C029828,8.709,25.1,Medium,
D004_2,C029837,6.998,16.1,Low,
D004_2,C029846,7.884,29.1,High,
D004_2,C029849,6.719,19.4,Medium,
D004_2,C029862,9.649,27.8,Medium,No Heavy Trucks
D004_2,C029876,5.246,12.1,Low,
D004_2,C029909,2.891,8.3,Medium,
D004_2,C029918,8.527,24.6,Medium,
D004_2,C029932,3.464,10.0,Medium,
D004_2,C029951,4.024,9.3,Low,
D004_2,C029980,7.274,26.9,High,
D004_2,C029986,3.209,9.3,Medium,
D004_2,C029997,7.941,29.3,High,
D004_2,C030013,3.238,7.5,Low,
D004_2,C030015,8.832,20.4,Low,
D004_2,C030020,7.593,21.9,Medium,
D004_2,C030031,5.452,15.7,Medium,
D004_2,C030032,3.617,10.4,Medium,
D004_2,C030034,4.347,10.0,Low,One-Way
D004_2,C030043,6.429,23.7,High,
D004_2,C030054,4.759,17.6,High,
D004_2,C030068,4.717,10.9,Low,No Heavy Trucks
D004_2,C030074,6.865,19.8,Medium,No Heavy Trucks
D004_2,C030091,1.88,4.3,Low,
D004_2,C030100,1.276,3.7,Medium,
D004_2,C030111,4.564,13.2,Medium,
D004_2,C030115,8.65,20.0,Low,One-Way
D004_2,C030137,5.774,13.3,Low,
D004_2,C030140,5.803,13.4,Low,
D004_2,C030149,5.705,16.5,Medium,
D004_2,C030197,2.972,6.9,Low,
D004_2,C030208,6.2,17.9,Medium,One-Way
D004_2,C030216,3.141,9.1,Medium,
D004_2,C030253,4.098,11.8,Medium,
D004_2,C030260,4.267,9.8,Low,
D004_2,C030262,8.398,19.4,Low,
D004_2,C030274,3.469,10.0,Medium,One-Way
D004_2,C030276,8.867,25.6,Medium,
D004_2,C030298,7.345,21.2,Medium,
D004_2,C030314,7.009,20.2,Medium,
D004_2,C030326,8.218,23.7,Medium,
D004_2,C030345,4.223,9.7,Low,
D004_2,C030394,4.61,17.0,High,
D004_2,C030421,7.486,21.6,Medium,
D004_2,C030438,6.274,14.5,Low,
D004_2,C030442,7.876,22.7,Medium,
D004_2,C030448,4.998,14.4,Medium,One-Way
D004_2,C030451,3.473,10.0,Medium,No Heavy Trucks
D004_2,C030452,5.305,12.2,Low,No Heavy Trucks
D004_2,C030458,3.732,10.8,Medium,
D004_2,C030469,3.564,10.3,Medium,
D004_2,C030488,6.421,18.5,Medium,
D004_2,C030492,2.627,6.1,Low,
D004_2,C030499,5.318,15.3,Medium,One-Way
D004_2,C030526,2.815,10.4,High,
D004_2,C030538,7.307,21.1,Medium,One-Way
D004_2,C030544,6.325,18.2,Medium,
D004_2,C030551,4.317,12.5,Medium,
D004_2,C030565,8.272,23.9,Medium,
D004_2,C030571,3.364,9.7,Medium,One-Way
D004_2,C030573,4.334,12.5,Medium,
D004_2,C030581,7.126,16.4,Low,
D004_2,C030587,6.924,16.0,Low,
D004_2,C030588,5.199,15.0,Medium,
D004_2,C030589,5.196,15.0,Medium,
D004_2,C030601,2.052,5.9,Medium,No Heavy Trucks
D004_2,C030638,4.368,10.1,Low,
D004_2,C030642,6.044,13.9,Low,
D004_2,C030655,9.373,27.0,Medium,One-Way
D004_2,C030661,3.735,8.6,Low,No Heavy Trucks
D004_2,C030689,8.926,25.7,Medium,No Heavy Trucks
D004_2,C030724,4.057,15.0,High,One-Way
D004_2,C030725,1.731,6.4,High,
D004_2,C030730,3.724,8.6,Low,
D004_2,C030746,5.937,13.7,Low,
D004_2,C030758,6.944,16.0,Low,No Heavy Trucks
D004_2,C030787,5.535,16.0,Medium,
D004_2,C030789,9.017,26.0,Medium,
D004_2,C030792,7.112,26.3,High,
D004_2,C030809,2.561,7.4,Medium,
D004_2,C030813,2.174,6.3,Medium,One-Way
D004_2,C030829,9.419,21.7,Low,
D004_2,C030844,2.497,7.2,Medium,
D004_2,C030854,0.501,1.4,Medium,
D004_2,C030883,7.894,22.8,Medium,
D004_2,C030887,0.685,2.0,Medium,
D004_2,C030912,2.445,7.1,Medium,
D004_2,C030914,4.588,10.6,Low,
D004_2,C030917,4.441,12.8,Medium,One-Way
D004_2,C030923,3.293,12.2,High,One-Way
D004_2,C030926,4.712,13.6,Medium,
D004_2,C030932,3.13,9.0,Medium,
D004_2,C030939,5.665,13.1,Low,
D004_2,C030953,6.108,17.6,Medium,One-Way
D004_2,C030961,8.352,30.8,High,
D004_2,C030974,4.148,9.6,Low,
D004_2,C030978,0.764,2.8,High,No Heavy Trucks
D004_2,C031002,8.511,24.5,Medium,
D004_2,C031005,8.78,32.4,High,One-Way
D004_2,C031008,7.372,27.2,High,
D004_2,C031012,9.378,34.6,High,
D004_2,C031015,3.674,8.5,Low,
D004_2,C031055,0.97,2.8,Medium,
D004_2,C031105,7.144,20.6,Medium,
D004_2,C031112,6.411,14.8,Low,
D004_2,C031128,5.679,16.4,Medium,
D004_2,C031145,6.414,14.8,Low,One-Way
D004_2,C031147,6.451,18.6,Medium,One-Way
D004_2,C031149,6.857,15.8,Low,
D004_2,C031150,6.104,14.1,Low,
D004_2,C031151,8.584,24.8,Medium,One-Way
D004_2,C031173,6.122,17.7,Medium,
D004_2,C031179,8.977,20.7,Low,
D004_2,C031184,5.482,15.8,Medium,
D004_2,C031191,5.979,13.8,Low,
D004_2,C031193,4.619,13.3,Medium,No Heavy Trucks
D004_2,C031197,6.855,15.8,Low,One-Way
D004_2,C031237,3.732,10.8,Medium,
D004_2,C031241,1.601,4.6,Medium,
D004_2,C031246,3.598,13.3,High,
D004_2,C031255,6.986,20.2,Medium,
D004_2,C031302,2.668,6.2,Low,
D004_2,C031312,3.015,8.7,Medium,
D004_2,C031328,10.561,24.4,Low,No Heavy Trucks
D004_2,C031340,8.489,24.5,Medium,
D004_2,C031354,4.002,14.8,High,One-Way
D004_2,C031356,1.537,4.4,Medium,
D004_2,C031368,6.191,14.3,Low,
D004_2,C031372,9.669,27.9,Medium,
D004_2,C031378,4.656,13.4,Medium,
D004_2,C031382,2.943,6.8,Low,
D004_2,C031385,4.007,14.8,High,No Heavy Trucks
D004_2,C031407,6.084,14.0,Low,
D004_2,C031421,3.609,10.4,Medium,
D004_2,C031448,4.924,14.2,Medium,No Heavy Trucks
D004_2,C031449,2.093,7.7,High,
D004_2,C031452,7.703,17.8,Low,
D004_2,C031453,8.505,24.5,Medium,No Heavy Trucks
D004_2,C031457,9.341,34.5,High,One-Way
D004_2,C031477,5.086,14.7,Medium,
D004_2,C031496,2.966,11.0,High,
D004_2,C031497,4.008,11.6,Medium,
D004_2,C031506,7.484,21.6,Medium,One-Way
D004_2,C031533,3.701,10.7,Medium,
D004_2,C031563,1.244,3.6,Medium,
D004_2,C031567,8.969,25.9,Medium,
D004_2,C031572,9.187,26.5,Medium,
D004_2,C031582,6.723,15.5,Low,
D004_2,C031586,6.199,17.9,Medium,
D004_2,C031590,2.103,6.1,Medium,
D004_2,C031601,6.371,14.7,Low,
D004_2,C031629,7.967,23.0,Medium,
D004_2,C031637,8.303,19.2,Low,
D004_2,C031660,4.311,9.9,Low,
D004_2,C031670,3.005,8.7,Medium,
D004_2,C031678,6.381,14.7,Low,
D004_2,C031690,4.544,16.8,High,
D004_2,C031697,3.916,11.3,Medium,
D004_2,C031720,5.749,16.6,Medium,
D004_2,C031723,5.249,12.1,Low,
D004_2,C031725,9.63,35.6,High,
D004_2,C031735,6.036,17.4,Medium,
D004_2,C031754,3.767,8.7,Low,
D004_2,C031760,7.194,16.6,Low,
D004_2,C031780,2.462,7.1,Medium,One-Way
D004_2,C031784,4.143,15.3,High,
D004_2,C031785,7.69,22.2,Medium,
D004_2,C031820,6.033,13.9,Low,
D004_2,C031857,6.459,14.9,Low,One-Way
D004_2,C031860,5.399,15.6,Medium,
D004_2,C031861,4.477,10.3,Low,One-Way
D004_2,C031872,6.71,15.5,Low,
D004_2,C031880,4.279,15.8,High,
D004_2,C031909,5.268,12.2,Low,
D004_2,C031920,4.901,11.3,Low,
D004_2,C031960,3.827,8.8,Low,
D004_2,C031975,1.894,4.4,Low,
D004_2,C032005,4.911,11.3,Low,
D004_2,C032021,5.147,11.9,Low,
D004_2,C032025,6.406,18.5,Medium,
D004_2,C032029,5.073,14.6,Medium,
D004_2,C032043,8.775,25.3,Medium,
D004_2,C032077,7.288,26.9,High,
D004_2,C032110,1.565,4.5,Medium,
D004_2,C032114,6.879,25.4,High,
D004_2,C032115,8.654,20.0,Low,
D004_2,C032117,5.01,14.5,Medium,
D004_2,C032144,10.331,23.8,Low,One-Way
D004_2,C032147,5.989,13.8,Low,
D004_2,C032159,2.226,6.4,Medium,
D004_2,C032160,9.896,28.5,Medium,
D004_2,C032163,3.844,8.9,Low,
D004_2,C032188,4.916,14.2,Medium,
D004_2,C032190,5.598,16.1,Medium,
D004_2,C032199,4.958,18.3,High,
D004_2,C032214,2.574,5.9,Low,
D004_2,C032220,6.981,25.8,High,
D004_2,C032238,7.31,21.1,Medium,
D004_2,C032270,6.206,14.3,Low,
D004_2,C032279,5.083,14.7,Medium,
D004_2,C032326,7.088,20.4,Medium,
D004_2,C032330,6.002,22.2,High,
D004_2,C032339,5.913,13.6,Low,No Heavy Trucks
D004_2,C032340,4.524,13.1,Medium,
D004_2,C032341,8.378,19.3,Low,
D004_2,C032348,5.743,16.6,Medium,
D004_2,C032350,3.038,8.8,Medium,
D004_2,C032360,5.17,19.1,High,
D004_2,C032398,9.958,28.7,Medium,
D004_2,C032404,9.627,27.8,Medium,
D004_2,C032417,2.191,6.3,Medium,
D004_2,C032418,6.245,18.0,Medium,
D004_2,C032423,5.214,19.3,High,No Heavy Trucks
D004_2,C032439,2.157,5.0,Low,
D004_2,C032451,3.24,12.0,High,
D004_2,C032463,7.096,20.5,Medium,
D004_2,C032473,2.292,5.3,Low,
D004_2,C032485,8.046,29.7,High,
D004_2,C032511,6.204,17.9,Medium,
D004_2,C032512,3.861,11.1,Medium,
D004_2,C032546,8.516,19.7,Low,
D004_2,C032550,4.385,12.6,Medium,
D004_2,C032566,7.33,21.1,Medium,No Heavy Trucks
D004_2,C032631,9.521,27.5,Medium,
D004_2,C032641,3.868,11.2,Medium,
D004_2,C032669,3.608,10.4,Medium,
D004_2,C032670,7.912,22.8,Medium,
D004_2,C032674,1.85,5.3,Medium,One-Way
D004_2,C032685,5.187,19.2,High,
D004_2,C032688,6.318,18.2,Medium,
D004_2,C032695,3.152,11.6,High,
D004_2,C032809,6.866,19.8,Medium,
D004_2,C032825,5.444,15.7,Medium,
D004_2,C032842,4.293,9.9,Low,
D004_2,C032859,5.172,11.9,Low,
D004_2,C032867,6.924,20.0,Medium,
D004_2,C032869,1.857,4.3,Low,
D004_2,C032881,2.96,6.8,Low,
D004_2,C032904,5.678,21.0,High,
D004_2,C032927,6.903,15.9,Low,
D004_2,C032937,4.047,11.7,Medium,No Heavy Trucks
D004_2,C032938,6.246,14.4,Low,
D004_2,C032958,1.567,3.6,Low,
D004_2,C032960,4.132,9.5,Low,
D004_2,C032992,4.077,11.8,Medium,
D004_2,C033012,4.221,12.2,Medium,
D004_2,C033014,2.98,8.6,Medium,
D004_2,C033026,5.44,12.6,Low,
D004_2,C033034,1.939,4.5,Low,
D004_2,C033035,7.738,22.3,Medium,
D004_2,C033036,6.026,17.4,Medium,
D004_2,C033051,0.389,1.1,Medium,One-Way
D004_2,C033062,4.077,9.4,Low,
D004_2,C033067,7.068,20.4,Medium,
D004_2,C033077,4.024,9.3,Low,
D004_2,C033083,5.293,15.3,Medium,
D004_2,C033093,0.222,0.8,High,
D004_2,C033100,1.814,4.2,Low,No Heavy Trucks
D004_2,C033112,7.085,20.4,Medium,
D004_2,C033115,0.302,0.9,Medium,
D004_2,C033130,3.239,9.3,Medium,No Heavy Trucks
D004_2,C033132,5.066,11.7,Low,No Heavy Trucks
D004_2,C033133,8.299,23.9,Medium,
D004_2,C033146,7.344,16.9,Low,
D004_2,C033149,3.412,12.6,High,
D004_2,C033157,4.148,12.0,Medium,No Heavy Trucks
D004_2,C033165,6.234,14.4,Low,
D004_2,C033170,4.235,15.6,High,
D004_2,C033183,5.367,15.5,Medium,
D004_2,C033188,6.029,13.9,Low,One-Way
D004_2,C033193,4.983,11.5,Low,No Heavy Trucks
D004_2,C033194,5.736,16.5,Medium,
D004_2,C033211,3.819,11.0,Medium,One-Way
D004_2,C033216,4.937,11.4,Low,
D004_2,C033236,6.568,18.9,Medium,
D004_2,C033248,6.585,15.2,Low,No Heavy Trucks
D004_2,C033254,3.292,9.5,Medium,
D004_2,C033265,0.846,2.4,Medium,One-Way
D004_2,C033272,4.213,12.2,Medium,
D004_2,C033298,4.132,11.9,Medium,
D004_2,C033335,3.191,9.2,Medium,
D004_2,C033339,3.908,11.3,Medium,
D004_2,C033345,5.887,17.0,Medium,
D004_2,C033354,3.284,12.1,High,
D004_2,C033362,6.025,17.4,Medium,
D004_2,C033365,7.699,22.2,Medium,
D004_2,C033367,7.742,28.6,High,
D004_2,C033368,10.147,29.3,Medium,
D004_2,C033378,3.832,11.1,Medium,
D004_2,C033392,3.118,9.0,Medium,One-Way
D004_2,C033394,6.088,22.5,High,One-Way
D004_2,C033429,8.298,23.9,Medium,
D004_2,C033448,5.482,15.8,Medium,
D004_2,C033450,8.487,19.6,Low,
D004_2,C033464,0.724,2.1,Medium,
D004_2,C033485,4.086,15.1,High,No Heavy Trucks
D004_2,C033487,6.062,14.0,Low,
D004_2,C033493,3.344,9.6,Medium,
D004_2,C033504,3.341,7.7,Low,One-Way
D004_2,C033505,7.165,16.5,Low,
D004_2,C033508,4.773,13.8,Medium,No Heavy Trucks
D004_2,C033521,4.704,13.6,Medium,
D004_2,C033530,4.196,9.7,Low,
D004_2,C033541,6.17,17.8,Medium,
D004_2,C033554,7.479,21.6,Medium,
D004_2,C033578,5.909,17.0,Medium,
D004_2,C033588,0.484,1.4,Medium,
D004_2,C033589,8.354,24.1,Medium,
D004_2,C033591,4.316,12.4,Medium,
D004_2,C033595,6.337,18.3,Medium,One-Way
D004_2,C033615,6.609,19.1,Medium,
D004_2,C033619,8.074,23.3,Medium,
D004_2,C033652,5.455,12.6,Low,
D004_2,C033654,4.623,13.3,Medium,
D004_2,C033658,4.655,13.4,Medium,
D004_2,C033681,6.515,18.8,Medium,
D004_2,C033685,2.498,7.2,Medium,
D004_2,C033694,3.049,8.8,Medium,One-Way
D004_2,C033705,6.931,20.0,Medium,
D004_2,C033714,4.08,11.8,Medium,
D004_2,C033716,7.433,17.2,Low,
D004_2,C033729,8.092,23.3,Medium,
D004_2,C033733,3.814,11.0,Medium,
D004_2,C033747,4.657,13.4,Medium,
D004_2,C033752,1.288,4.8,High,
D004_2,C033757,5.387,19.9,High,One-Way
D004_2,C033766,3.606,8.3,Low,
D004_2,C033799,9.103,26.3,Medium,
D004_2,C033803,7.377,21.3,Medium,
D004_2,C033813,1.301,3.0,Low,One-Way
D004_2,C033819,5.324,19.7,High,
D004_2,C033828,10.382,29.9,Medium,
D004_2,C033832,6.67,19.2,Medium,
D004_2,C033835,6.482,15.0,Low,
D004_2,C033838,6.285,14.5,Low,
D004_2,C033846,8.47,24.4,Medium,
D004_2,C033862,3.585,10.3,Medium,
D004_2,C033879,0.471,1.7,High,
D004_2,C033880,5.512,12.7,Low,
D004_2,C033923,8.683,20.0,Low,
D004_2,C033935,2.753,7.9,Medium,
D004_2,C033981,9.239,26.7,Medium,
D004_2,C033990,6.232,18.0,Medium,
D004_2,C033992,9.653,27.8,Medium,One-Way
D004_2,C033996,3.361,12.4,High,
D004_2,C033999,3.216,9.3,Medium,One-Way
D004_2,C034006,8.256,19.1,Low,
D004_2,C034024,7.331,21.1,Medium,
D004_2,C034027,8.725,25.2,Medium,
D004_2,C034034,8.75,20.2,Low,
D004_2,C034042,5.137,19.0,High,No Heavy Trucks
D004_2,C034044,10.687,39.5,High,
D004_2,C034069,6.31,23.3,High,
D004_2,C034070,6.313,18.2,Medium,One-Way
D004_2,C034091,5.62,16.2,Medium,
D004_2,C034125,5.774,13.3,Low,
D004_2,C034127,6.097,17.6,Medium,
D004_2,C034151,10.71,24.7,Low,
D004_2,C034162,6.5,18.8,Medium,One-Way
D004_2,C034178,9.674,22.3,Low,
D004_2,C034180,4.203,12.1,Medium,
D004_2,C034228,5.966,17.2,Medium,No Heavy Trucks
D004_2,C034233,7.104,16.4,Low,
D004_2,C034239,4.563,13.2,Medium,
D004_2,C034241,2.371,8.8,High,
D004_2,C034247,7.158,16.5,Low,
D004_2,C034252,8.386,24.2,Medium,
D004_2,C034267,5.781,16.7,Medium,One-Way
D004_2,C034269,1.879,5.4,Medium,
D004_2,C034271,4.474,12.9,Medium,
D004_2,C034278,6.049,22.3,High,
D004_2,C034280,4.976,14.4,Medium,
D004_2,C034288,6.341,18.3,Medium,
D004_2,C034294,2.484,5.7,Low,
D004_2,C034310,3.641,10.5,Medium,
D004_2,C034319,5.472,12.6,Low,
D004_2,C034344,4.328,10.0,Low,
D004_2,C034353,1.859,5.4,Medium,
D004_2,C034362,3.459,10.0,Medium,
D004_2,C034368,3.822,14.1,High,
D004_2,C034394,7.269,16.8,Low,
D004_2,C034412,10.291,23.7,Low,
D004_2,C034416,4.268,12.3,Medium,
D004_2,C034417,8.206,30.3,High,
D004_2,C034424,4.517,13.0,Medium,
D004_2,C034432,4.389,10.1,Low,
D004_2,C034444,6.418,14.8,Low,
D004_2,C034446,3.652,13.5,High,
D004_2,C034460,9.463,27.3,Medium,One-Way
D004_2,C034463,4.785,11.0,Low,
D004_2,C034468,7.649,28.2,High,No Heavy Trucks
D004_2,C034482,6.088,17.6,Medium,
D004_2,C034487,4.803,13.9,Medium,
D004_2,C034491,5.05,11.7,Low,One-Way
D004_2,C034499,5.202,15.0,Medium,
D004_2,C034500,7.637,22.0,Medium,
D004_2,C034519,2.88,6.6,Low,
D004_2,C034520,5.73,16.5,Medium,
D004_2,C034527,6.99,20.2,Medium,No Heavy Trucks
D004_2,C034558,4.667,13.5,Medium,
D004_2,C034560,3.618,13.4,High,One-Way
D004_2,C034561,4.159,12.0,Medium,
D004_2,C034594,5.398,12.5,Low,
D004_2,C034611,10.031,23.1,Low,One-Way
D004_2,C034613,4.158,9.6,Low,
D004_2,C034614,4.261,9.8,Low,
D004_2,C034653,1.118,4.1,High,
D004_2,C034703,8.947,33.0,High,
D004_2,C034707,2.573,5.9,Low,
D004_2,C034713,4.56,13.2,Medium,One-Way
D004_2,C034719,6.767,25.0,High,
D004_2,C034722,3.725,10.7,Medium,
D004_2,C034727,6.641,15.3,Low,No Heavy Trucks
D004_2,C034742,5.92,13.7,Low,One-Way
D004_2,C034750,5.251,15.1,Medium,No Heavy Trucks
D004_2,C034768,7.637,22.0,Medium,
D004_2,C034774,7.156,26.4,High,
D004_2,C034781,6.666,19.2,Medium,One-Way
D004_2,C034784,1.717,6.3,High,
D004_2,C034793,2.859,8.2,Medium,
D004_2,C034795,6.627,19.1,Medium,
D004_2,C034816,2.609,6.0,Low,
D004_2,C034830,3.077,11.4,High,One-Way
D004_2,C034847,7.112,16.4,Low,
D004_2,C034856,9.204,26.5,Medium,
D004_2,C034868,7.249,20.9,Medium,
D004_2,C034874,1.487,4.3,Medium,
D004_2,C034890,5.792,16.7,Medium,
D004_2,C034904,2.74,7.9,Medium,
D004_2,C034908,5.757,16.6,Medium,
D004_2,C034911,3.302,9.5,Medium,
D004_2,C034917,5.583,16.1,Medium,
D004_2,C034928,6.37,18.4,Medium,
D004_2,C034941,7.33,27.1,High,
D004_2,C034943,7.099,16.4,Low,
D004_2,C034948,6.139,17.7,Medium,
D004_2,C034974,5.272,12.2,Low,
D004_2,C034982,4.15,9.6,Low,
D004_2,C034985,7.481,21.6,Medium,
D004_2,C035002,8.892,20.5,Low,
D004_2,C035032,3.13,9.0,Medium,
D004_2,C035039,4.968,18.3,High,
D004_2,C035088,7.705,17.8,Low,
D004_2,C035105,5.314,15.3,Medium,
D004_2,C035113,2.779,6.4,Low,
D004_2,C035165,5.773,13.3,Low,One-Way
D004_2,C035169,2.083,7.7,High,No Heavy Trucks
D004_2,C035182,6.032,13.9,Low,
D004_2,C035187,5.34,19.7,High,
D004_2,C035189,5.374,12.4,Low,
D004_2,C035190,2.404,6.9,Medium,
D004_2,C035213,2.749,7.9,Medium,
D004_2,C035248,3.776,10.9,Medium,No Heavy Trucks
D004_2,C035257,4.979,18.4,High,
D004_2,C035272,9.522,27.5,Medium,
D004_2,C035273,2.452,5.7,Low,
D004_2,C035279,10.472,24.2,Low,
D004_2,C035284,3.508,10.1,Medium,
D004_2,C035290,6.799,15.7,Low,
D004_2,C035313,5.984,22.1,High,
D004_2,C035325,6.247,18.0,Medium,
D004_2,C035335,4.604,13.3,Medium,
D004_2,C035337,3.455,8.0,Low,
D004_2,C035345,9.08,21.0,Low,
D004_2,C035347,6.103,17.6,Medium,
D004_2,C035350,5.096,11.8,Low,
D004_2,C035352,6.165,17.8,Medium,
D004_2,C035357,8.129,18.8,Low,
D004_2,C035381,1.905,5.5,Medium,
D004_2,C035398,6.116,17.6,Medium,
D004_2,C035409,8.745,32.3,High,One-Way
D004_2,C035426,4.356,10.1,Low,No Heavy Trucks
D004_2,C035429,9.062,33.5,High,
D004_2,C035435,2.96,8.5,Medium,
D004_2,C035448,5.057,14.6,Medium,
D004_2,C035451,8.699,20.1,Low,
D004_2,C035453,7.878,22.7,Medium,
D004_2,C035470,5.307,15.3,Medium,No Heavy Trucks
D004_2,C035480,8.181,18.9,Low,
D004_2,C035483,3.911,9.0,Low,
D004_2,C035492,10.723,39.6,High,
D004_2,C035494,4.099,9.5,Low,
D004_2,C035495,4.203,12.1,Medium,One-Way
D004_2,C035515,1.215,2.8,Low,
D004_2,C035526,4.734,10.9,Low,
D004_2,C035527,5.686,16.4,Medium,
D004_2,C035530,3.98,9.2,Low,
D004_2,C035560,3.74,8.6,Low,
D004_2,C035575,4.524,10.4,Low,
D004_2,C035599,6.105,14.1,Low,No Heavy Trucks
D004_2,C035606,7.08,20.4,Medium,
D004_2,C035610,5.454,15.7,Medium,
D004_2,C035619,4.484,12.9,Medium,
D004_2,C035624,4.229,9.8,Low,
D004_2,C035652,4.9,14.1,Medium,No Heavy Trucks
D004_2,C035668,6.411,18.5,Medium,No Heavy Trucks
D004_2,C035675,6.489,18.7,Medium,
D004_2,C035687,7.397,27.3,High,
D004_2,C035693,6.388,18.4,Medium,
D004_2,C035694,9.666,27.9,Medium,
D004_2,C035696,4.287,15.8,High,
D004_2,C035697,3.508,13.0,High,
D004_2,C035702,8.702,20.1,Low,
D004_2,C035714,3.373,9.7,Medium,
D004_2,C035715,3.254,9.4,Medium,No Heavy Trucks
D004_2,C035718,1.32,3.8,Medium,
D004_2,C035722,6.871,19.8,Medium,
D004_2,C035724,4.766,11.0,Low,
D004_2,C035727,5.151,14.9,Medium,
D004_2,C035735,3.948,9.1,Low,
D004_2,C035736,4.273,12.3,Medium,No Heavy Trucks
D004_2,C035753,1.943,4.5,Low,One-Way
D004_2,C035760,5.662,16.3,Medium,
D004_2,C035800,4.116,11.9,Medium,
D004_2,C035830,8.057,23.2,Medium,
D004_2,C035837,6.173,14.2,Low,
D004_2,C035838,3.079,7.1,Low,
D004_2,C035859,7.639,28.2,High,
D004_2,C035863,2.361,6.8,Medium,One-Way
D004_2,C035914,4.81,17.8,High,No Heavy Trucks
D004_2,C035917,5.973,13.8,Low,
D004_2,C035944,2.934,8.5,Medium,
D004_2,C035946,2.705,7.8,Medium,
D004_2,C035952,5.088,14.7,Medium,
D004_2,C035967,5.079,14.7,Medium,
D004_2,C035976,7.792,22.5,Medium,
D004_2,C035996,6.765,19.5,Medium,One-Way
D004_2,C036022,6.349,14.7,Low,
D004_2,C036025,4.218,12.2,Medium,
D004_2,C036027,8.187,23.6,Medium,
D004_2,C036039,5.474,12.6,Low,
D004_2,C036060,8.804,25.4,Medium,
D004_2,C036063,1.126,2.6,Low,
D004_2,C036071,6.67,15.4,Low,
D004_2,C036091,1.58,4.6,Medium,
D004_2,C036093,7.887,29.1,High,
D004_2,C036095,0.624,1.8,Medium,
D004_2,C036102,2.601,9.6,High,No Heavy Trucks
D004_2,C036106,5.907,17.0,Medium,
D004_2,C036114,3.3,7.6,Low,No Heavy Trucks
D004_2,C036118,6.806,25.1,High,
D004_2,C036138,9.032,33.3,High,No Heavy Trucks
D004_2,C036140,6.265,18.1,Medium,
D004_2,C036145,7.19,20.7,Medium,
D004_2,C036146,7.151,20.6,Medium,
D004_2,C036149,3.699,8.5,Low,
D004_2,C036151,0.841,1.9,Low,
D004_2,C036158,1.714,4.9,Medium,
D004_2,C036161,6.804,19.6,Medium,
D004_2,C036172,3.43,7.9,Low,
D004_2,C036177,9.021,26.0,Medium,
D004_2,C036190,3.051,8.8,Medium,
D004_2,C036192,8.157,18.8,Low,
D004_2,C036215,6.183,14.3,Low,One-Way
D004_2,C036221,3.814,14.1,High,
D004_2,C036228,2.475,7.1,Medium,One-Way
D004_2,C036240,3.475,8.0,Low,
D004_2,C036263,1.618,3.7,Low,
D004_2,C036274,5.06,18.7,High,
D004_2,C036278,9.191,33.9,High,No Heavy Trucks
D004_2,C036315,4.202,12.1,Medium,
D004_2,C036322,4.095,11.8,Medium,
D004_2,C036332,5.477,20.2,High,
D004_2,C036353,3.893,11.2,Medium,
D004_2,C036359,2.89,8.3,Medium,
D004_2,C036383,7.473,17.2,Low,
D004_2,C036420,7.32,27.0,High,
D004_2,C036449,7.07,16.3,Low,No Heavy Trucks
D004_2,C036453,4.002,11.5,Medium,
D004_2,C036472,5.607,20.7,High,
D004_2,C036485,9.263,26.7,Medium,One-Way
D004_2,C036486,8.203,18.9,Low,One-Way
D004_2,C036493,3.687,10.6,Medium,
D004_2,C036525,7.875,22.7,Medium,
D004_2,C036530,4.097,11.8,Medium,
D004_2,C036533,5.922,17.1,Medium,
D004_2,C036537,7.028,20.3,Medium,
D004_2,C036539,3.394,7.8,Low,
D004_2,C036547,6.777,15.6,Low,
D004_2,C036549,4.839,14.0,Medium,
D004_2,C036550,4.845,14.0,Medium,
D004_2,C036570,6.962,16.1,Low,
D004_2,C036577,5.209,12.0,Low,
D004_2,C036588,2.159,8.0,High,
D004_2,C036606,6.639,24.5,High,
D004_2,C036635,5.238,19.3,High,
D004_2,C036639,2.4,8.9,High,
D004_2,C036656,8.605,24.8,Medium,
D004_2,C036682,1.398,4.0,Medium,
D004_2,C036688,7.271,21.0,Medium,
D004_2,C036697,1.682,4.9,Medium,
D004_2,C036703,5.753,16.6,Medium,
D004_2,C036728,5.198,12.0,Low,
D004_2,C036734,6.544,15.1,Low,No Heavy Trucks
D004_2,C036737,6.816,15.7,Low,
D004_2,C036741,6.779,19.6,Medium,
D004_2,C036807,5.666,16.3,Medium,
D004_2,C036811,9.669,27.9,Medium,
D004_2,C036825,2.176,6.3,Medium,
D004_2,C036826,5.598,12.9,Low,
D004_2,C036831,4.413,16.3,High,
D004_2,C036838,2.945,10.9,High,
D004_2,C036843,3.678,10.6,Medium,
D004_2,C036846,2.083,6.0,Medium,
D004_2,C036848,7.529,27.8,High,No Heavy Trucks
D004_2,C036858,1.827,5.3,Medium,One-Way
D004_2,C036873,8.096,29.9,High,No Heavy Trucks
D004_2,C036879,8.047,23.2,Medium,
D004_2,C036880,8.479,19.6,Low,
D004_2,C036915,6.47,18.7,Medium,
D004_2,C036919,3.572,8.2,Low,
D004_2,C036923,3.09,8.9,Medium,
D004_2,C036933,5.769,16.6,Medium,
D004_2,C036934,6.266,14.5,Low,
D004_2,C036940,6.917,20.0,Medium,One-Way
D004_2,C036942,5.959,13.8,Low,
D004_2,C036948,1.35,3.1,Low,No Heavy Trucks
D004_2,C036949,5.703,21.1,High,
D004_2,C036953,4.394,16.2,High,
D004_2,C036957,1.307,3.0,Low,
D004_2,C036982,7.478,21.6,Medium,
D004_2,C037001,2.495,9.2,High,
D004_2,C037013,8.817,32.6,High,
D004_2,C037016,1.811,5.2,Medium,
D004_2,C037025,4.908,14.2,Medium,
D004_2,C037029,5.198,15.0,Medium,One-Way
D004_2,C037032,5.692,13.1,Low,No Heavy Trucks
D004_2,C037048,8.358,24.1,Medium,No Heavy Trucks
D004_2,C037049,4.025,9.3,Low,
D004_2,C037050,7.916,18.3,Low,
D004_2,C037059,8.21,18.9,Low,
D004_2,C037072,5.424,12.5,Low,
D004_2,C037076,9.33,26.9,Medium,
D004_2,C037082,2.719,7.8,Medium,
D004_2,C037089,6.455,18.6,Medium,
D004_2,C037107,2.955,6.8,Low,
D004_2,C037120,8.489,24.5,Medium,No Heavy Trucks
D004_2,C037121,7.01,20.2,Medium,
D004_2,C037155,4.244,12.2,Medium,No Heavy Trucks
D004_2,C037158,8.975,25.9,Medium,
D004_2,C037164,6.63,19.1,Medium,One-Way
D004_2,C037172,5.107,14.7,Medium,
D004_2,C037176,7.583,21.9,Medium,One-Way
D004_2,C037197,7.879,22.7,Medium,
D004_2,C037225,2.251,8.3,High,
D004_2,C037230,6.038,17.4,Medium,No Heavy Trucks
D004_2,C037235,5.739,21.2,High,No Heavy Trucks
D004_2,C037245,3.209,9.3,Medium,
D004_2,C037246,2.903,6.7,Low,One-Way
D004_2,C037270,10.836,25.0,Low,
D004_2,C037284,2.374,6.8,Medium,
D004_2,C037289,3.785,14.0,High,
D004_2,C037293,5.113,14.7,Medium,One-Way
D004_2,C037313,1.886,5.4,Medium,
D004_2,C037327,4.902,14.1,Medium,
D004_2,C037328,3.891,11.2,Medium,
D004_2,C037333,2.627,9.7,High,No Heavy Trucks
D004_2,C037337,4.805,11.1,Low,
D004_2,C037341,3.036,8.8,Medium,
D004_2,C037342,2.493,7.2,Medium,
D004_2,C037361,4.748,11.0,Low,
D004_2,C037363,9.013,26.0,Medium,No Heavy Trucks
D004_2,C037366,2.551,9.4,High,No Heavy Trucks
D004_2,C037389,2.817,10.4,High,One-Way
D004_2,C037392,8.353,19.3,Low,One-Way
D004_2,C037404,4.367,12.6,Medium,
D004_2,C037425,9.007,26.0,Medium,No Heavy Trucks
D004_2,C037426,3.29,7.6,Low,
D004_2,C037446,4.9,14.1,Medium,One-Way
D004_2,C037449,2.09,6.0,Medium,
D004_2,C037460,7.641,22.0,Medium,
D004_2,C037479,1.106,4.1,High,
D004_2,C037484,3.751,10.8,Medium,
D004_2,C037491,3.712,8.6,Low,
D004_2,C037518,3.525,10.2,Medium,
D004_2,C037523,6.432,18.6,Medium,
D004_2,C037551,8.223,19.0,Low,
D004_2,C037579,7.518,27.8,High,
D004_2,C037609,9.115,33.7,High,One-Way
D004_2,C037626,2.155,8.0,High,
D004_2,C037646,4.867,14.0,Medium,One-Way
D004_2,C037661,9.069,26.2,Medium,No Heavy Trucks
D004_2,C037674,7.327,27.1,High,
D004_2,C037678,1.43,4.1,Medium,
D004_2,C037688,5.046,11.6,Low,
D004_2,C037698,8.606,19.9,Low,No Heavy Trucks
D004_2,C037719,4.282,9.9,Low,
D004_2,C037727,9.32,26.9,Medium,
D004_2,C037735,5.207,15.0,Medium,One-Way
D004_2,C037737,5.908,17.0,Medium,
D004_2,C037765,6.738,19.4,Medium,One-Way
D004_2,C037781,8.409,24.3,Medium,
D004_2,C037792,1.8,6.6,High,
D004_2,C037798,6.097,14.1,Low,
D004_2,C037800,4.113,11.9,Medium,
D004_2,C037810,6.346,18.3,Medium,
D004_2,C037845,5.403,15.6,Medium,
D004_2,C037860,1.26,2.9,Low,No Heavy Trucks
D004_2,C037866,7.682,22.2,Medium,
D004_2,C037869,2.766,6.4,Low,
D004_2,C037873,2.438,7.0,Medium,
D004_2,C037886,5.405,15.6,Medium,
D004_2,C037895,0.399,1.2,Medium,
D004_2,C037904,8.07,23.3,Medium,
D004_2,C037924,3.722,8.6,Low,
D004_2,C037966,5.67,13.1,Low,No Heavy Trucks
D004_2,C037973,9.48,21.9,Low,One-Way
D004_2,C037978,0.557,1.3,Low,
D004_2,C037991,8.03,18.5,Low,
D004_2,C037992,2.399,6.9,Medium,
D004_2,C037995,8.169,18.9,Low,
D004_2,C038017,7.886,18.2,Low,
D004_2,C038022,4.1,11.8,Medium,
D004_2,C038055,5.072,11.7,Low,
D004_2,C038059,6.066,14.0,Low,
D004_2,C038060,8.442,19.5,Low,
D004_2,C038109,4.407,10.2,Low,
D004_2,C038112,7.954,18.4,Low,
D004_2,C038113,4.197,15.5,High,
D004_2,C038127,6.707,15.5,Low,
D004_2,C038132,4.202,12.1,Medium,No Heavy Trucks
D004_2,C038140,5.377,12.4,Low,One-Way
D004_2,C038143,6.844,19.7,Medium,No Heavy Trucks
D004_2,C038145,6.564,18.9,Medium,
D004_2,C038162,4.641,13.4,Medium,
D004_2,C038179,5.392,12.4,Low,No Heavy Trucks
D004_2,C038221,5.091,14.7,Medium,One-Way
D004_2,C038225,5.368,15.5,Medium,One-Way
D004_2,C038245,5.606,16.2,Medium,
D004_2,C038247,6.877,15.9,Low,
D004_2,C038254,6.172,17.8,Medium,
D004_2,C038269,4.618,10.7,Low,
D004_2,C038300,3.121,9.0,Medium,
D004_2,C038305,2.886,6.7,Low,
D004_2,C038330,10.156,23.4,Low,
D004_2,C038339,3.745,10.8,Medium,
D004_2,C038341,8.804,25.4,Medium,
D004_2,C038360,6.298,18.2,Medium,One-Way
D004_2,C038361,0.777,2.2,Medium,
D004_2,C038368,7.677,28.3,High,
D004_2,C038372,6.598,19.0,Medium,
D004_2,C038392,5.724,13.2,Low,
D004_2,C038396,4.583,13.2,Medium,
D004_2,C038413,8.161,23.5,Medium,
D004_2,C038417,3.695,10.7,Medium,One-Way
D004_2,C038426,9.931,22.9,Low,One-Way
D004_2,C038440,4.314,15.9,High,
D004_2,C038443,10.847,31.3,Medium,
D004_2,C038449,2.047,5.9,Medium,No Heavy Trucks
D004_2,C038454,6.267,14.5,Low,
D004_2,C038460,5.736,13.2,Low,
D004_2,C038506,5.717,16.5,Medium,
D004_2,C038517,0.419,1.2,Medium,No Heavy Trucks
D004_2,C038542,8.099,23.4,Medium,
D004_2,C038552,5.29,12.2,Low,
D004_2,C038554,9.246,21.3,Low,
D004_2,C038577,5.205,15.0,Medium,No Heavy Trucks
D004_2,C038582,8.915,32.9,High,
D004_2,C038616,3.361,9.7,Medium,
D004_2,C038625,6.849,15.8,Low,
D004_2,C038626,6.124,14.1,Low,
D004_2,C038658,9.467,27.3,Medium,
D004_2,C038659,3.573,10.3,Medium,
D004_2,C038691,7.163,16.5,Low,No Heavy Trucks
D004_2,C038702,3.184,9.2,Medium,One-Way
D004_2,C038726,8.322,24.0,Medium,
D004_2,C038797,5.236,15.1,Medium,
D004_2,C038811,6.837,15.8,Low,
D004_2,C038818,8.516,19.7,Low,
D004_2,C038828,6.071,17.5,Medium,
D004_2,C038838,3.856,8.9,Low,
D004_2,C038857,3.55,10.2,Medium,
D004_2,C038869,2.894,8.3,Medium,
D004_2,C038882,9.372,21.6,Low,
D004_2,C038903,2.534,7.3,Medium,
D004_2,C038911,6.899,15.9,Low,
D004_2,C038915,9.989,36.9,High,
D004_2,C038927,4.54,10.5,Low,
D004_2,C038930,7.083,20.4,Medium,
D004_2,C038984,7.576,28.0,High,
D004_2,C039013,6.907,19.9,Medium,
D004_2,C039044,4.258,12.3,Medium,
D004_2,C039045,7.391,21.3,Medium,
D004_2,C039067,2.894,8.3,Medium,
D004_2,C039068,2.889,6.7,Low,
D004_2,C039078,3.532,10.2,Medium,
D004_2,C039086,2.537,5.9,Low,
D004_2,C039095,4.373,12.6,Medium,No Heavy Trucks
D004_2,C039134,5.252,12.1,Low,
D004_2,C039137,1.868,5.4,Medium,One-Way
D004_2,C039150,1.325,4.9,High,
D004_2,C039171,2.537,5.9,Low,
D004_2,C039184,5.857,13.5,Low,
D004_2,C039187,8.839,20.4,Low,One-Way
D004_2,C039209,6.483,18.7,Medium,
D004_2,C039214,2.862,6.6,Low,One-Way
D004_2,C039216,6.722,15.5,Low,No Heavy Trucks
D004_2,C039220,2.846,6.6,Low,
D004_2,C039237,0.909,2.6,Medium,
D004_2,C039269,0.981,2.3,Low,
D004_2,C039298,8.151,23.5,Medium,
D004_2,C039301,6.82,15.7,Low,
D004_2,C039327,4.858,11.2,Low,
D004_2,C039352,2.159,8.0,High,
D004_2,C039381,3.358,7.7,Low,
D004_2,C039384,6.391,14.7,Low,
D004_2,C039393,5.835,13.5,Low,
D004_2,C039397,7.479,21.6,Medium,One-Way
D004_2,C039400,0.802,2.3,Medium,
D004_2,C039433,6.202,14.3,Low,One-Way
D004_2,C039435,5.595,16.1,Medium,
D004_2,C039449,1.684,3.9,Low,
D004_2,C039450,5.382,15.5,Medium,
D004_2,C039470,5.162,11.9,Low,
D004_2,C039489,5.356,12.4,Low,
D004_2,C039499,4.772,13.8,Medium,
D004_2,C039501,1.83,5.3,Medium,
D004_2,C039504,5.161,19.1,High,
D004_2,C039514,5.36,19.8,High,
D004_2,C039520,9.13,26.3,Medium,
D004_2,C039549,5.667,20.9,High,No Heavy Trucks
D004_2,C039550,2.705,10.0,High,
D004_2,C039562,3.134,7.2,Low,
D004_2,C039566,9.013,20.8,Low,
D004_2,C039603,6.54,18.9,Medium,
D004_2,C039635,1.62,3.7,Low,One-Way
D004_2,C039637,8.283,19.1,Low,
D004_2,C039654,4.732,17.5,High,
D004_2,C039660,5.889,17.0,Medium,No Heavy Trucks
D004_2,C039672,4.085,11.8,Medium,
D004_2,C039679,9.416,27.2,Medium,
D004_2,C039695,9.066,26.2,Medium,No Heavy Trucks
D004_2,C039724,3.663,8.5,Low,One-Way
D004_2,C039739,5.244,15.1,Medium,One-Way
D004_2,C039762,2.949,8.5,Medium,No Heavy Trucks
D004_2,C039774,4.069,11.7,Medium,One-Way
D004_2,C039779,7.569,17.5,Low,
D004_2,C039782,4.758,13.7,Medium,
D004_2,C039814,10.858,31.3,Medium,
D004_2,C039819,5.246,12.1,Low,
D004_2,C039821,8.276,23.9,Medium,
D004_2,C039840,6.279,18.1,Medium,One-Way
D004_2,C039848,0.648,1.5,Low,
D004_2,C039849,6.019,17.4,Medium,
D004_2,C039850,5.211,15.0,Medium,One-Way
D004_2,C039873,6.378,14.7,Low,
D004_2,C039874,8.371,19.3,Low,
D004_2,C039876,2.353,6.8,Medium,
D004_2,C039902,4.061,9.4,Low,
D004_2,C039921,6.595,24.4,High,
D004_2,C039924,6.455,18.6,Medium,
D004_2,C039945,6.246,14.4,Low,
D004_2,C039955,3.782,10.9,Medium,
D004_2,C039967,4.463,12.9,Medium,
D004_2,C039996,3.347,9.7,Medium,One-Way
D004_2,C039997,4.369,12.6,Medium,
D004_2,C040003,4.272,9.9,Low,
D004_2,C040018,7.674,28.3,High,
D004_2,C040021,4.382,12.6,Medium,
D004_2,C040032,4.73,10.9,Low,No Heavy Trucks
D004_2,C040033,5.237,15.1,Medium,
D004_2,C040052,6.907,15.9,Low,
D004_2,C040058,6.358,14.7,Low,One-Way
D004_2,C040085,7.982,18.4,Low,
D004_2,C040112,5.605,12.9,Low,One-Way
D004_2,C040118,0.334,1.0,Medium,
D004_2,C040120,6.386,14.7,Low,
D004_2,C040134,5.59,12.9,Low,
D004_2,C040142,5.268,12.2,Low,
D004_2,C040148,3.431,7.9,Low,
D004_2,C040195,5.14,11.9,Low,One-Way
D004_2,C040198,3.916,11.3,Medium,
D004_2,C040212,10.732,31.0,Medium,
D004_2,C040265,5.299,15.3,Medium,
D004_2,C040275,3.488,10.1,Medium,
D004_2,C040279,8.224,23.7,Medium,
D004_2,C040286,4.59,13.2,Medium,One-Way
D004_2,C040292,0.306,0.9,Medium,No Heavy Trucks
D004_2,C040318,5.814,16.8,Medium,One-Way
D004_2,C040324,7.506,27.7,High,One-Way
D004_2,C040346,3.586,10.3,Medium,
D004_2,C040349,4.68,13.5,Medium,
D004_2,C040410,8.384,24.2,Medium,
D004_2,C040415,4.165,9.6,Low,
D004_2,C040419,5.363,19.8,High,
D004_2,C040441,3.962,11.4,Medium,
D004_2,C040490,7.282,16.8,Low,
D004_2,C040502,6.327,18.3,Medium,
D004_2,C040508,7.936,18.3,Low,
D004_2,C040512,3.96,11.4,Medium,
D004_2,C040514,8.658,20.0,Low,
D004_2,C040542,2.597,7.5,Medium,
D004_2,C040546,8.771,20.2,Low,No Heavy Trucks
D004_2,C040548,3.115,9.0,Medium,
D004_2,C040570,6.85,19.8,Medium,
D004_2,C040574,6.164,17.8,Medium,
D004_2,C040594,4.858,17.9,High,
D004_2,C040606,7.232,16.7,Low,
D004_2,C040640,5.263,12.1,Low,
D004_2,C040664,4.725,10.9,Low,
D004_2,C040670,8.937,25.8,Medium,
D004_2,C040672,4.116,9.5,Low,
D004_2,C040686,1.885,5.4,Medium,
D004_2,C040688,5.414,15.6,Medium,
D004_2,C040690,4.736,13.7,Medium,
D004_2,C040707,8.194,18.9,Low,
D004_2,C040730,6.907,15.9,Low,No Heavy Trucks
D004_2,C040752,4.2,9.7,Low,
D004_2,C040787,3.594,10.4,Medium,
D004_2,C040824,9.091,21.0,Low,
D004_2,C040832,6.099,14.1,Low,
D004_2,C040835,5.531,16.0,Medium,
D004_2,C040860,1.947,5.6,Medium,One-Way
D004_2,C040874,8.05,23.2,Medium,
D004_2,C040913,6.253,14.4,Low,
D004_2,C040914,2.471,7.1,Medium,One-Way
D004_2,C040942,6.78,19.6,Medium,
D004_2,C040962,8.574,19.8,Low,
D004_2,C040985,2.612,6.0,Low,No Heavy Trucks
D004_2,C040989,7.691,22.2,Medium,
D004_2,C040993,3.588,10.3,Medium,
D004_2,C040997,4.76,17.6,High,
D004_2,C041026,4.659,13.4,Medium,
D004_2,C041069,8.382,24.2,Medium,
D004_2,C041070,4.992,11.5,Low,
D004_2,C041074,4.255,9.8,Low,
D004_2,C041091,6.094,17.6,Medium,
D004_2,C041093,0.686,2.0,Medium,No Heavy Trucks
D004_2,C041114,7.09,20.5,Medium,
D004_2,C041120,4.385,10.1,Low,
D004_2,C041125,3.517,10.1,Medium,No Heavy Trucks
D004_2,C041139,3.872,8.9,Low,
D004_2,C041140,1.334,3.1,Low,
D004_2,C041160,7.146,26.4,High,
D004_2,C041170,2.307,8.5,High,
D004_2,C041171,10.182,29.4,Medium,
D004_2,C041174,3.544,10.2,Medium,No Heavy Trucks
D004_2,C041199,7.771,22.4,Medium,
D004_2,C041215,6.774,15.6,Low,
D004_2,C041219,7.959,23.0,Medium,No Heavy Trucks
D004_2,C041223,3.179,7.3,Low,
D004_2,C041231,2.047,5.9,Medium,
D004_2,C041233,8.781,25.3,Medium,
D004_2,C041261,4.31,12.4,Medium,
D004_2,C041289,2.29,6.6,Medium,
D004_2,C041323,2.768,6.4,Low,
D004_2,C041364,2.561,5.9,Low,
D004_2,C041367,5.695,16.4,Medium,One-Way
D004_2,C041381,3.669,8.5,Low,
D004_2,C041382,4.201,12.1,Medium,One-Way
D004_2,C041386,9.025,20.8,Low,
D004_2,C041389,4.731,10.9,Low,No Heavy Trucks
D004_2,C041396,7.718,22.3,Medium,One-Way
D004_2,C041400,8.102,23.4,Medium,
D004_2,C041420,6.754,15.6,Low,
D004_2,C041444,7.917,22.8,Medium,
D004_2,C041445,1.553,3.6,Low,
D004_2,C041468,6.286,14.5,Low,
D004_2,C041516,5.232,15.1,Medium,
D004_2,C041536,4.627,13.3,Medium,
D004_2,C041540,7.274,26.9,High,No Heavy Trucks
D004_2,C041571,2.408,8.9,High,
D004_2,C041584,2.291,5.3,Low,One-Way
D004_2,C041615,3.855,11.1,Medium,One-Way
D004_2,C041619,5.5,15.9,Medium,
D004_2,C041629,6.012,17.3,Medium,
D004_2,C041652,9.242,26.7,Medium,
D004_2,C041653,4.449,12.8,Medium,
D004_2,C041674,5.141,14.8,Medium,
D004_2,C041678,6.997,20.2,Medium,
D004_2,C041712,4.433,12.8,Medium,
D004_2,C041716,7.252,16.7,Low,No Heavy Trucks
D004_2,C041722,5.416,15.6,Medium,
D004_2,C041732,10.063,23.2,Low,
D004_2,C041733,4.295,15.9,High,
D004_2,C041748,3.991,14.7,High,One-Way
D004_2,C041758,1.956,5.6,Medium,
D004_2,C041779,7.798,22.5,Medium,
D004_2,C041781,6.073,22.4,High,One-Way
D004_2,C041796,4.182,12.1,Medium,
D004_2,C041816,1.248,2.9,Low,
D004_2,C041842,5.919,17.1,Medium,
D004_2,C041859,6.342,18.3,Medium,
D004_2,C041867,0.892,2.6,Medium,
D004_2,C041868,1.217,3.5,Medium,
D004_2,C041871,6.681,24.7,High,No Heavy Trucks
D004_2,C041887,3.978,11.5,Medium,
D004_2,C041891,4.982,11.5,Low,
D004_2,C041894,4.039,11.7,Medium,
D004_2,C041901,9.878,28.5,Medium,One-Way
D004_2,C041904,7.159,20.7,Medium,
D004_2,C041912,8.796,20.3,Low,
D004_2,C041982,1.873,4.3,Low,
D004_2,C041984,6.118,17.6,Medium,
D004_2,C042014,7.437,21.5,Medium,
D004_2,C042045,3.773,10.9,Medium,
D004_2,C042095,6.509,18.8,Medium,
D004_2,C042101,7.103,20.5,Medium,
D004_2,C042102,8.13,23.5,Medium,No Heavy Trucks
D004_2,C042106,6.881,15.9,Low,
D004_2,C042111,3.544,10.2,Medium,
D004_2,C042134,8.203,30.3,High,
D004_2,C042151,2.288,6.6,Medium,
D004_2,C042164,7.441,21.5,Medium,
D004_2,C042176,3.112,11.5,High,
D004_2,C042228,3.259,12.0,High,
D004_2,C042241,6.536,15.1,Low,
D004_2,C042262,6.993,25.8,High,
D004_2,C042268,3.37,7.8,Low,
D004_2,C042269,3.303,12.2,High,
D004_2,C042272,7.937,18.3,Low,No Heavy Trucks
D004_2,C042281,4.57,13.2,Medium,
D004_2,C042283,1.705,4.9,Medium,
D004_2,C042292,3.054,8.8,Medium,No Heavy Trucks
D004_2,C042297,5.552,20.5,High,
D004_2,C042312,6.994,20.2,Medium,
D004_2,C042316,7.837,22.6,Medium,
D004_2,C042318,2.437,9.0,High,
D004_2,C042329,7.969,23.0,Medium,
D004_2,C042333,3.224,9.3,Medium,
D004_2,C042334,2.829,8.2,Medium,
D004_2,C042348,2.226,8.2,High,
D004_2,C042352,5.979,17.2,Medium,
D004_2,C042353,8.67,20.0,Low,
D004_2,C042364,2.146,6.2,Medium,One-Way
D004_2,C042372,4.541,16.8,High,
D004_2,C042390,2.713,10.0,High,
D004_2,C042400,4.626,13.3,Medium,
D004_2,C042423,6.672,19.2,Medium,
D004_2,C042424,0.852,3.1,High,
D004_2,C042439,4.182,15.4,High,
D004_2,C042466,6.274,14.5,Low,No Heavy Trucks
D004_2,C042468,5.848,16.9,Medium,
D004_2,C042487,10.278,29.6,Medium,
D004_2,C042501,5.815,13.4,Low,
D004_2,C042516,4.277,9.9,Low,
D004_2,C042526,3.738,13.8,High,
D004_2,C042543,2.968,8.6,Medium,
D004_2,C042546,2.976,8.6,Medium,
D004_2,C042582,5.273,15.2,Medium,
D004_2,C042596,5.02,18.5,High,
D004_2,C042625,4.731,10.9,Low,
D004_2,C042642,2.269,6.5,Medium,
D004_2,C042650,3.446,12.7,High,
D004_2,C042658,3.699,13.7,High,
D004_2,C042674,4.639,17.1,High,
D004_2,C042679,9.33,26.9,Medium,No Heavy Trucks
D004_2,C042697,9.8,28.3,Medium,
D004_2,C042712,3.842,11.1,Medium,One-Way
D004_2,C042732,5.217,12.0,Low,No Heavy Trucks
D004_2,C042756,3.915,9.0,Low,
D004_2,C042767,5.791,13.4,Low,
D004_2,C042770,5.03,14.5,Medium,
D004_2,C042776,5.42,12.5,Low,
D004_2,C042799,9.317,21.5,Low,No Heavy Trucks
D004_2,C042813,8.596,24.8,Medium,
D004_2,C042825,4.496,13.0,Medium,
D004_2,C042864,6.26,18.1,Medium,
D004_2,C042879,3.307,12.2,High,No Heavy Trucks
D004_2,C042883,6.608,19.1,Medium,One-Way
D004_2,C042899,6.06,17.5,Medium,
D004_2,C042915,2.768,6.4,Low,
D004_2,C042916,3.889,11.2,Medium,
D004_2,C042917,3.011,8.7,Medium,
D004_2,C042945,8.577,19.8,Low,
D004_2,C042956,1.917,5.5,Medium,
D004_2,C042957,2.316,8.6,High,
D004_2,C042961,3.754,10.8,Medium,
D004_2,C042966,1.851,4.3,Low,
D004_2,C042967,3.953,11.4,Medium,
D004_2,C042973,11.055,25.5,Low,No Heavy Trucks
D004_2,C042983,8.834,32.6,High,
D004_2,C042988,6.228,14.4,Low,No Heavy Trucks
D004_2,C042989,6.315,18.2,Medium,
D004_2,C042992,10.389,38.4,High,No Heavy Trucks
D004_2,C042993,8.79,20.3,Low,
D004_2,C043014,5.57,16.1,Medium,
D004_2,C043037,3.089,7.1,Low,
D004_2,C043054,6.154,14.2,Low,
D004_2,C043061,4.928,14.2,Medium,
D004_2,C043063,5.344,15.4,Medium,
D004_2,C043080,5.004,14.4,Medium,No Heavy Trucks
D004_2,C043085,9.094,21.0,Low,
D004_2,C043091,4.189,12.1,Medium,
D004_2,C043092,7.989,29.5,High,
D004_2,C043119,7.513,17.3,Low,
D004_2,C043129,9.709,35.8,High,One-Way
D004_2,C043144,3.959,9.1,Low,
D004_2,C043155,9.464,21.8,Low,
D004_2,C043163,6.583,19.0,Medium,
D004_2,C043181,6.069,14.0,Low,
D004_2,C043188,4.761,13.7,Medium,
D004_2,C043189,5.605,16.2,Medium,
D004_2,C043193,2.429,5.6,Low,
D004_2,C043208,0.923,3.4,High,
D004_2,C043235,4.522,13.0,Medium,
D004_2,C043245,5.422,15.6,Medium,
D004_2,C043267,3.152,11.6,High,
D004_2,C043273,8.513,19.6,Low,No Heavy Trucks
D004_2,C043310,6.059,17.5,Medium,One-Way
D004_2,C043325,4.62,17.1,High,No Heavy Trucks
D004_2,C043329,9.896,36.5,High,
D004_2,C043330,6.561,18.9,Medium,No Heavy Trucks
D004_2,C043339,8.612,19.9,Low,
D004_2,C043347,5.713,16.5,Medium,No Heavy Trucks
D004_2,C043350,8.362,30.9,High,No Heavy Trucks
D004_2,C043352,8.049,23.2,Medium,
D004_2,C043355,8.902,25.7,Medium,No Heavy Trucks
D004_2,C043366,1.999,5.8,Medium,
D004_2,C043395,8.129,23.4,Medium,
D004_2,C043415,5.287,12.2,Low,
D004_2,C043434,8.248,23.8,Medium,No Heavy Trucks
D004_2,C043462,4.599,10.6,Low,
D004_2,C043488,5.939,13.7,Low,
D004_2,C043505,4.814,13.9,Medium,One-Way
D004_2,C043542,6.559,18.9,Medium,One-Way
D004_2,C043544,6.311,18.2,Medium,No Heavy Trucks
D004_2,C043547,8.512,19.6,Low,
D004_2,C043550,1.871,5.4,Medium,
D004_2,C043567,5.682,21.0,High,No Heavy Trucks
D004_2,C043579,9.287,26.8,Medium,
D004_2,C043584,5.834,16.8,Medium,
D004_2,C043589,6.352,18.3,Medium,
D004_2,C043620,5.898,13.6,Low,
D004_2,C043626,5.474,15.8,Medium,
D004_2,C043631,6.35,14.7,Low,
D004_2,C043658,3.803,11.0,Medium,
D004_2,C043668,2.763,8.0,Medium,One-Way
D004_2,C043669,9.4,34.7,High,
D004_2,C043673,4.354,12.6,Medium,
D004_2,C043677,6.79,19.6,Medium,One-Way
D004_2,C043680,3.924,11.3,Medium,
D004_2,C043685,5.785,21.4,High,
D004_2,C043693,3.064,8.8,Medium,
D004_2,C043702,6.424,18.5,Medium,
D004_2,C043706,8.219,23.7,Medium,
D004_2,C043717,4.139,11.9,Medium,
D004_2,C043738,4.742,10.9,Low,
D004_2,C043743,6.987,20.2,Medium,
D004_2,C043750,3.505,10.1,Medium,
D004_2,C043774,5.786,16.7,Medium,
D004_2,C043806,8.18,23.6,Medium,
D004_2,C043814,1.101,3.2,Medium,
D004_2,C043823,2.875,6.6,Low,
D004_2,C043832,9.048,26.1,Medium,
D004_2,C043842,4.035,11.6,Medium,
D004_2,C043854,8.278,23.9,Medium,
D004_2,C043856,4.608,17.0,High,
D004_2,C043879,3.021,8.7,Medium,
D004_2,C043893,5.393,15.6,Medium,No Heavy Trucks
D004_2,C043894,8.95,25.8,Medium,
D004_2,C043912,5.279,15.2,Medium,
D004_2,C043914,4.911,14.2,Medium,
D004_2,C043924,4.65,17.2,High,
D004_2,C043941,3.291,12.2,High,
D004_2,C043987,4.664,10.8,Low,
D004_2,C043989,3.815,8.8,Low,
D004_2,C043990,8.615,19.9,Low,One-Way
D004_2,C043996,8.285,19.1,Low,
D004_2,C044011,5.13,14.8,Medium,
D004_2,C044019,7.799,22.5,Medium,
D004_2,C044034,3.48,8.0,Low,No Heavy Trucks
D004_2,C044040,1.08,2.5,Low,
D004_2,C044068,7.409,21.4,Medium,
D004_2,C044078,7.252,20.9,Medium,
D004_2,C044085,7.107,16.4,Low,
D004_2,C044089,7.853,18.1,Low,One-Way
D004_2,C044098,7.283,21.0,Medium,
D004_2,C044099,4.775,13.8,Medium,
D004_2,C044125,3.21,7.4,Low,
D004_2,C044130,9.707,35.8,High,
D004_2,C044159,6.495,24.0,High,No Heavy Trucks
D004_2,C044164,4.896,14.1,Medium,
D004_2,C044197,3.987,14.7,High,
D004_2,C044203,7.398,21.3,Medium,
D004_2,C044208,7.505,17.3,Low,
D004_2,C044225,5.596,20.7,High,
D004_2,C044235,9.065,26.1,Medium,One-Way
D004_2,C044240,8.701,25.1,Medium,
D004_2,C044258,8.111,23.4,Medium,
D004_2,C044260,4.497,13.0,Medium,No Heavy Trucks
D004_2,C044276,4.802,11.1,Low,
D004_2,C044291,4.786,13.8,Medium,
D004_2,C044297,6.708,15.5,Low,
D004_2,C044299,6.09,14.1,Low,
D004_2,C044354,2.444,7.0,Medium,One-Way
D004_2,C044359,5.834,16.8,Medium,
D004_2,C044365,2.365,5.5,Low,
D004_2,C044372,7.209,16.6,Low,One-Way
D004_2,C044379,3.244,9.4,Medium,
D004_2,C044408,3.947,11.4,Medium,
D004_2,C044414,3.415,9.8,Medium,
D004_2,C044418,3.116,7.2,Low,
D004_2,C044430,0.476,1.1,Low,
D004_2,C044437,6.094,14.1,Low,
D004_2,C044438,2.668,7.7,Medium,
D004_2,C044450,1.797,5.2,Medium,
D004_2,C044452,5.789,13.4,Low,
D004_2,C044460,7.068,16.3,Low,
D004_2,C044470,8.217,23.7,Medium,
D004_2,C044473,6.111,14.1,Low,
D004_2,C044492,6.938,16.0,Low,
D004_2,C044494,3.399,9.8,Medium,
D004_2,C044539,6.981,16.1,Low,
D004_2,C044559,7.059,16.3,Low,One-Way
D004_2,C044580,1.279,3.7,Medium,
D004_2,C044589,3.734,10.8,Medium,No Heavy Trucks
D004_2,C044593,5.009,14.5,Medium,
D004_2,C044596,3.099,11.4,High,
D004_2,C044605,4.18,12.1,Medium,
D004_2,C044614,6.865,19.8,Medium,
D004_2,C044616,8.812,25.4,Medium,
D004_2,C044619,3.306,9.5,Medium,One-Way
D004_2,C044621,6.126,17.7,Medium,
D004_2,C044623,6.112,17.6,Medium,
D004_2,C044643,4.705,13.6,Medium,
D004_2,C044658,9.482,35.0,High,
D004_2,C044668,2.869,8.3,Medium,
D004_2,C044674,2.754,10.2,High,
D004_2,C044684,9.121,21.0,Low,
D004_2,C044688,6.254,18.0,Medium,
D004_2,C044699,2.184,8.1,High,
D004_2,C044709,4.185,15.5,High,
D004_2,C044711,3.409,9.8,Medium,
D004_2,C044743,5.091,14.7,Medium,
D004_2,C044745,4.038,9.3,Low,
D004_2,C044833,9.967,23.0,Low,
D004_2,C044845,8.17,18.9,Low,No Heavy Trucks
D004_2,C044872,8.073,18.6,Low,One-Way
D004_2,C044882,2.684,7.7,Medium,
D004_2,C044902,6.542,24.2,High,One-Way
D004_2,C044912,8.34,24.1,Medium,No Heavy Trucks
D004_2,C044919,4.864,14.0,Medium,
D004_2,C044929,4.858,11.2,Low,No Heavy Trucks
D004_2,C044960,4.579,10.6,Low,
D004_2,C044964,4.928,14.2,Medium,
D004_2,C044975,5.733,13.2,Low,One-Way
D004_2,C045019,6.232,14.4,Low,
D004_2,C045032,7.366,27.2,High,No Heavy Trucks
D004_2,C045036,2.057,5.9,Medium,No Heavy Trucks
D004_2,C045055,3.816,14.1,High,
D004_2,C045074,5.449,15.7,Medium,
D004_2,C045079,3.432,9.9,Medium,
D004_2,C045091,2.471,7.1,Medium,
D004_2,C045094,9.37,27.0,Medium,
D004_2,C045095,9.197,21.2,Low,
D004_2,C045101,5.4,12.5,Low,
D004_2,C045102,6.887,15.9,Low,
D004_2,C045105,4.496,10.4,Low,No Heavy Trucks
D004_2,C045108,1.543,4.5,Medium,
D004_2,C045124,7.809,22.5,Medium,
D004_2,C045133,7.309,16.9,Low,
D004_2,C045146,2.392,6.9,Medium,
D004_2,C045150,3.683,10.6,Medium,
D004_2,C045176,6.203,22.9,High,One-Way
D004_2,C045177,8.352,30.8,High,One-Way
D004_2,C045182,9.152,21.1,Low,
D004_2,C045251,5.722,13.2,Low,
D004_2,C045274,4.409,12.7,Medium,No Heavy Trucks
D004_2,C045287,5.739,21.2,High,One-Way
D004_2,C045300,3.829,8.8,Low,
D004_2,C045301,1.255,2.9,Low,
D004_2,C045319,5.549,12.8,Low,
D004_2,C045350,9.401,21.7,Low,
D004_2,C045356,7.205,20.8,Medium,
D004_2,C045375,0.446,1.3,Medium,
D004_2,C045377,5.89,17.0,Medium,
D004_2,C045397,2.125,4.9,Low,One-Way
D004_2,C045398,2.222,6.4,Medium,
D004_2,C045399,4.245,12.2,Medium,
D004_2,C045410,5.711,16.5,Medium,
D004_2,C045411,8.563,19.8,Low,
D004_2,C045422,7.572,21.8,Medium,
D004_2,C045437,0.929,2.1,Low,
D004_2,C045441,7.967,29.4,High,
D004_2,C045445,8.485,24.5,Medium,One-Way
D004_2,C045453,8.935,25.8,Medium,
D004_2,C045459,5.852,13.5,Low,
D004_2,C045487,6.168,14.2,Low,
D004_2,C045493,1.975,5.7,Medium,One-Way
D004_2,C045498,6.534,15.1,Low,
D004_2,C045513,5.677,13.1,Low,
D004_2,C045516,4.115,9.5,Low,
D004_2,C045519,0.461,1.7,High,
D004_2,C045525,6.081,14.0,Low,
D004_2,C045526,8.92,25.7,Medium,
D004_2,C045528,5.336,12.3,Low,No Heavy Trucks
D004_2,C045530,3.141,9.1,Medium,
D004_2,C045539,9.678,27.9,Medium,
D004_2,C045554,3.312,9.6,Medium,
D004_2,C045563,4.832,11.2,Low,
D004_2,C045574,3.373,7.8,Low,One-Way
D004_2,C045577,4.051,9.3,Low,
D004_2,C045594,6.409,18.5,Medium,
D004_2,C045595,4.643,10.7,Low,
D004_2,C045618,2.141,7.9,High,
D004_2,C045621,5.536,12.8,Low,No Heavy Trucks
D004_2,C045635,7.728,17.8,Low,
D004_2,C045639,4.373,16.1,High,One-Way
D004_2,C045643,4.792,13.8,Medium,
D004_2,C045648,1.406,4.1,Medium,
D004_2,C045650,6.183,14.3,Low,
D004_2,C045665,5.005,14.4,Medium,
D004_2,C045666,4.866,18.0,High,
D004_2,C045699,1.581,4.6,Medium,
D004_2,C045709,0.132,0.4,Medium,One-Way
D004_2,C045718,6.072,17.5,Medium,
D004_2,C045729,6.971,20.1,Medium,
D004_2,C045735,2.431,7.0,Medium,
D004_2,C045737,3.112,9.0,Medium,
D004_2,C045755,8.909,25.7,Medium,
D004_2,C045789,6.956,25.7,High,
D004_2,C045802,2.195,5.1,Low,
D004_2,C045811,7.432,21.4,Medium,
D004_2,C045833,5.659,20.9,High,One-Way
D004_2,C045840,2.719,7.8,Medium,
D004_2,C045859,4.644,13.4,Medium,
D004_2,C045866,5.244,19.4,High,
D004_2,C045869,3.516,8.1,Low,
D004_2,C045870,4.893,14.1,Medium,
D004_2,C045883,4.695,13.5,Medium,
D004_2,C045884,6.392,18.4,Medium,
D004_2,C045892,7.224,16.7,Low,
D004_2,C045894,6.625,19.1,Medium,No Heavy Trucks
D004_2,C045906,3.916,14.5,High,
D004_2,C045924,6.759,15.6,Low,
D004_2,C046004,1.134,3.3,Medium,
D004_2,C046020,3.218,9.3,Medium,
D004_2,C046031,8.92,20.6,Low,
D004_2,C046033,4.052,9.4,Low,No Heavy Trucks
D004_2,C046038,7.319,27.0,High,
D004_2,C046058,3.548,13.1,High,One-Way
D004_2,C046063,0.011,0.0,Medium,
D004_2,C046080,8.017,29.6,High,
D004_2,C046087,4.422,12.8,Medium,One-Way
D004_2,C046091,5.71,13.2,Low,
D004_2,C046093,9.228,21.3,Low,
D004_2,C046110,4.58,13.2,Medium,
D004_2,C046117,2.339,6.7,Medium,
D004_2,C046121,8.92,32.9,High,
D004_2,C046123,6.662,24.6,High,
D004_2,C046132,4.304,9.9,Low,
D004_2,C046181,5.513,15.9,Medium,
D004_2,C046186,5.429,12.5,Low,
D004_2,C046196,4.35,10.0,Low,
D004_2,C046224,6.982,25.8,High,
D004_2,C046225,7.049,16.3,Low,
D004_2,C046228,6.223,18.0,Medium,
D004_2,C046244,4.687,13.5,Medium,
D004_2,C046250,6.392,18.4,Medium,No Heavy Trucks
D004_2,C046265,6.087,17.6,Medium,
D004_2,C046297,7.975,23.0,Medium,One-Way
D004_2,C046343,6.62,19.1,Medium,
D004_2,C046346,3.502,8.1,Low,
D004_2,C046356,9.052,26.1,Medium,
D004_2,C046360,3.889,11.2,Medium,
D004_2,C046432,7.913,29.2,High,
D004_2,C046436,0.758,1.7,Low,
D004_2,C046485,4.446,12.8,Medium,
D004_2,C046492,5.799,16.7,Medium,One-Way
D004_2,C046510,2.179,5.0,Low,
D004_2,C046534,3.001,6.9,Low,
D004_2,C046555,5.69,16.4,Medium,
D004_2,C046567,1.704,6.3,High,
D004_2,C046582,4.012,11.6,Medium,
D004_2,C046603,3.7,10.7,Medium,
D004_2,C046611,3.949,11.4,Medium,No Heavy Trucks
D004_2,C046612,4.678,10.8,Low,
D004_2,C046618,6.643,15.3,Low,
D004_2,C046656,0.643,1.9,Medium,No Heavy Trucks
D004_2,C046700,6.448,14.9,Low,
D004_2,C046703,1.349,3.9,Medium,No Heavy Trucks
D004_2,C046723,5.662,16.3,Medium,
D004_2,C046736,2.125,7.8,High,
D004_2,C046740,3.552,10.2,Medium,
D004_2,C046745,8.462,24.4,Medium,No Heavy Trucks
D004_2,C046757,3.237,7.5,Low,
D004_2,C046766,6.522,24.1,High,One-Way
D004_2,C046767,3.253,7.5,Low,
D004_2,C046768,6.195,17.9,Medium,
D004_2,C046772,5.16,11.9,Low,
D004_2,C046776,1.995,4.6,Low,
D004_2,C046780,9.993,28.8,Medium,One-Way
D004_2,C046781,3.263,9.4,Medium,One-Way
D004_2,C046792,8.159,18.8,Low,
D004_2,C046802,7.764,22.4,Medium,
D004_2,C046810,9.851,22.7,Low,
D004_2,C046837,8.102,29.9,High,
D004_2,C046857,4.439,10.2,Low,
D004_2,C046860,2.12,4.9,Low,
D004_2,C046874,5.366,19.8,High,One-Way
D004_2,C046879,5.657,16.3,Medium,
D004_2,C046900,4.273,12.3,Medium,
D004_2,C046901,3.589,10.4,Medium,
D004_2,C046919,8.712,25.1,Medium,
D004_2,C046944,6.601,15.2,Low,
D004_2,C046953,6.355,18.3,Medium,
D004_2,C046963,2.564,5.9,Low,
D004_2,C046973,6.913,16.0,Low,
D004_2,C046974,5.779,16.7,Medium,
D004_2,C047011,7.059,26.1,High,
D004_2,C047022,3.381,9.8,Medium,No Heavy Trucks
D004_2,C047035,8.265,30.5,High,
D004_2,C047041,6.013,13.9,Low,
D004_2,C047050,2.398,6.9,Medium,
D004_2,C047053,4.952,11.4,Low,
D004_2,C047061,3.042,11.2,High,One-Way
D004_2,C047073,6.454,14.9,Low,One-Way
D004_2,C047089,3.041,7.0,Low,
D004_2,C047110,1.684,3.9,Low,No Heavy Trucks
D004_2,C047129,1.654,4.8,Medium,
D004_2,C047140,2.779,8.0,Medium,One-Way
D004_2,C047142,7.353,17.0,Low,
D004_2,C047143,4.42,10.2,Low,No Heavy Trucks
D004_2,C047150,3.074,8.9,Medium,No Heavy Trucks
D004_2,C047171,7.093,20.5,Medium,
D004_2,C047172,3.468,10.0,Medium,
D004_2,C047183,4.969,14.3,Medium,
D004_2,C047187,6.257,18.0,Medium,One-Way
D004_2,C047193,9.004,26.0,Medium,
D004_2,C047200,1.6,5.9,High,
D004_2,C047212,5.817,13.4,Low,
D004_2,C047246,9.909,22.9,Low,
D004_2,C047250,6.991,20.2,Medium,
D004_2,C047255,2.299,6.6,Medium,No Heavy Trucks
D004_2,C047262,2.861,8.3,Medium,
D004_2,C047274,5.91,17.0,Medium,
D004_2,C047279,6.452,18.6,Medium,
D004_2,C047285,4.978,14.4,Medium,
D004_2,C047287,4.058,9.4,Low,
D004_2,C047325,2.387,6.9,Medium,
D004_2,C047337,4.418,12.7,Medium,
D004_2,C047342,4.67,13.5,Medium,
D004_2,C047346,4.975,14.4,Medium,
D004_2,C047351,9.33,26.9,Medium,
D004_2,C047359,8.459,24.4,Medium,
D004_2,C047380,7.523,21.7,Medium,
D004_2,C047381,6.172,14.2,Low,One-Way
D004_2,C047382,3.526,8.1,Low,
D004_2,C047406,4.96,14.3,Medium,
D004_2,C047425,6.178,14.3,Low,
D004_2,C047431,4.225,9.7,Low,
D004_2,C047461,1.844,6.8,High,
D004_2,C047462,4.079,11.8,Medium,
D004_2,C047464,1.006,2.9,Medium,
D004_2,C047483,4.018,11.6,Medium,No Heavy Trucks
D004_2,C047496,4.394,12.7,Medium,No Heavy Trucks
D004_2,C047497,8.917,25.7,Medium,
D004_2,C047499,9.876,22.8,Low,
D004_2,C047503,2.512,7.2,Medium,
D004_2,C047517,6.272,14.5,Low,
D004_2,C047522,8.538,19.7,Low,
D004_2,C047549,4.84,14.0,Medium,
D004_2,C047555,2.874,6.6,Low,
D004_2,C047557,3.127,9.0,Medium,
D004_2,C047582,5.077,11.7,Low,
D004_2,C047586,6.85,15.8,Low,One-Way
D004_2,C047593,4.52,13.0,Medium,
D004_2,C047650,3.457,8.0,Low,
D004_2,C047657,3.658,10.6,Medium,
D004_2,C047673,6.621,15.3,Low,
D004_2,C047676,5.969,17.2,Medium,
D004_2,C047708,8.153,30.1,High,
D004_2,C047729,7.382,21.3,Medium,
D004_2,C047739,4.337,16.0,High,No Heavy Trucks
D004_2,C047747,9.494,27.4,Medium,
D004_2,C047748,5.913,17.1,Medium,One-Way
D004_2,C047752,7.701,22.2,Medium,
D004_2,C047754,6.231,18.0,Medium,
D004_2,C047764,7.704,22.2,Medium,
D004_2,C047774,8.318,24.0,Medium,
D004_2,C047786,7.032,20.3,Medium,
D004_2,C047808,3.89,11.2,Medium,
D004_2,C047817,4.014,9.3,Low,No Heavy Trucks
D004_2,C047822,4.411,16.3,High,
D004_2,C047830,6.254,14.4,Low,One-Way
D004_2,C047862,8.202,23.7,Medium,
D004_2,C047865,3.792,8.8,Low,
D004_2,C047868,7.973,29.4,High,
D004_2,C047888,5.251,12.1,Low,
D004_2,C047898,10.295,23.8,Low,
D004_2,C047934,6.97,20.1,Medium,
D004_2,C047937,5.451,12.6,Low,
D004_2,C047942,5.643,13.0,Low,
D004_2,C047986,2.535,5.9,Low,
D004_2,C047993,6.548,18.9,Medium,
D004_2,C047995,1.147,3.3,Medium,No Heavy Trucks
D004_2,C047999,5.064,14.6,Medium,
D004_2,C048009,6.266,23.1,High,No Heavy Trucks
D004_2,C048043,1.368,3.2,Low,
D004_2,C048050,4.844,11.2,Low,
D004_2,C048061,1.512,3.5,Low,No Heavy Trucks
D004_2,C048092,3.079,7.1,Low,
D004_2,C048104,0.792,1.8,Low,
D004_2,C048106,2.145,6.2,Medium,
D004_2,C048129,0.964,2.8,Medium,
D004_2,C048147,1.405,5.2,High,
D004_2,C048153,6.421,14.8,Low,
D004_2,C048163,1.245,2.9,Low,
D004_2,C048166,6.333,14.6,Low,
D004_2,C048171,4.794,13.8,Medium,No Heavy Trucks
D004_2,C048185,6.493,24.0,High,
D004_2,C048193,4.142,9.6,Low,No Heavy Trucks
D004_2,C048199,5.108,14.7,Medium,
D004_2,C048214,8.707,32.2,High,No Heavy Trucks
D004_2,C048221,7.72,22.3,Medium,
D004_2,C048237,3.515,13.0,High,No Heavy Trucks
D004_2,C048245,2.843,8.2,Medium,No Heavy Trucks
D004_2,C048252,3.465,10.0,Medium,One-Way
D004_2,C048260,4.31,12.4,Medium,
D004_2,C048262,4.691,10.8,Low,No Heavy Trucks
D004_2,C048274,3.094,8.9,Medium,One-Way
D004_2,C048291,6.679,15.4,Low,No Heavy Trucks
D004_2,C048317,7.798,22.5,Medium,
D004_2,C048323,9.869,22.8,Low,
D004_2,C048341,2.209,5.1,Low,
D004_2,C048353,1.244,3.6,Medium,No Heavy Trucks
D004_2,C048379,6.083,17.5,Medium,
D004_2,C048389,7.574,21.8,Medium,
D004_2,C048425,3.759,10.8,Medium,One-Way
D004_2,C048429,4.417,10.2,Low,
D004_2,C048430,1.627,4.7,Medium,No Heavy Trucks
D004_2,C048445,3.368,7.8,Low,
D004_2,C048474,4.01,9.3,Low,
D004_2,C048490,9.808,28.3,Medium,
D004_2,C048494,5.493,15.8,Medium,
D004_2,C048499,1.321,3.0,Low,
D004_2,C048500,4.53,13.1,Medium,One-Way
D004_2,C048515,5.419,15.6,Medium,
D004_2,C048519,3.17,7.3,Low,
D004_2,C048520,9.703,28.0,Medium,No Heavy Trucks
D004_2,C048527,7.264,21.0,Medium,
D004_2,C048531,2.697,6.2,Low,One-Way
D004_2,C048568,7.526,27.8,High,
D004_2,C048575,2.496,7.2,Medium,No Heavy Trucks
D004_2,C048577,4.122,11.9,Medium,
D004_2,C048597,4.58,13.2,Medium,
D004_2,C048598,5.812,13.4,Low,
D004_2,C048601,4.524,10.4,Low,One-Way
D004_2,C048604,4.495,13.0,Medium,
D004_2,C048616,4.369,16.1,High,One-Way
D004_2,C048618,5.063,14.6,Medium,
D004_2,C048625,4.298,12.4,Medium,
D004_2,C048638,3.494,8.1,Low,
D004_2,C048650,5.688,13.1,Low,
D004_2,C048651,3.193,7.4,Low,
D004_2,C048672,3.583,13.2,High,
D004_2,C048680,6.606,15.2,Low,
D004_2,C048685,4.059,11.7,Medium,
D004_2,C048692,3.331,7.7,Low,
D004_2,C048693,1.843,4.3,Low,
D004_2,C048696,7.349,21.2,Medium,
D004_2,C048699,3.251,9.4,Medium,One-Way
D004_2,C048708,5.63,13.0,Low,One-Way
D004_2,C048738,7.46,21.5,Medium,
D004_2,C048743,4.623,13.3,Medium,
D004_2,C048754,9.111,33.6,High,One-Way
D004_2,C048757,6.027,17.4,Medium,
D004_2,C048764,2.761,6.4,Low,
D004_2,C048769,1.358,5.0,High,
D004_2,C048777,5.095,14.7,Medium,No Heavy Trucks
D004_2,C048795,3.488,10.1,Medium,
D004_2,C048801,7.238,16.7,Low,
D004_2,C048826,4.073,9.4,Low,
D004_2,C048858,9.115,21.0,Low,
D004_2,C048905,5.689,16.4,Medium,
D004_2,C048917,2.217,6.4,Medium,
D004_2,C048937,4.748,11.0,Low,
D004_2,C048961,7.28,26.9,High,One-Way
D004_2,C048986,4.01,11.6,Medium,
D004_2,C048989,3.944,11.4,Medium,One-Way
D004_2,C049001,4.295,9.9,Low,
D004_2,C049012,7.118,20.5,Medium,
D004_2,C049023,4.951,14.3,Medium,
D004_2,C049024,5.093,11.8,Low,One-Way
D004_2,C049043,1.678,3.9,Low,
D004_2,C049061,6.864,19.8,Medium,
D004_2,C049098,3.67,10.6,Medium,
D004_2,C049100,5.925,17.1,Medium,One-Way
D004_2,C049102,1.853,4.3,Low,
D004_2,C049118,4.906,18.1,High,One-Way
D004_2,C049142,8.024,18.5,Low,No Heavy Trucks
D004_2,C049163,8.614,24.8,Medium,
D004_2,C049174,9.122,33.7,High,
D004_2,C049222,8.435,24.3,Medium,
D004_2,C049230,2.268,8.4,High,
D004_2,C049234,7.835,28.9,High,
D004_2,C049236,6.115,14.1,Low,
D004_2,C049256,1.148,3.3,Medium,
D004_2,C049278,7.939,29.3,High,
D004_2,C049285,1.659,4.8,Medium,
D004_2,C049321,9.71,28.0,Medium,No Heavy Trucks
D004_2,C049329,6.995,25.8,High,
D004_2,C049336,6.177,22.8,High,
D004_2,C049347,6.846,15.8,Low,
D004_2,C049348,3.459,10.0,Medium,One-Way
D004_2,C049352,5.336,12.3,Low,
D004_2,C049355,4.762,13.7,Medium,
D004_2,C049363,3.719,13.7,High,
D004_2,C049364,6.488,15.0,Low,
D004_2,C049370,5.286,12.2,Low,
D004_2,C049378,2.093,6.0,Medium,
D004_2,C049387,3.425,9.9,Medium,
D004_2,C049388,4.11,9.5,Low,
D004_2,C049395,8.534,24.6,Medium,
D004_2,C049405,8.59,19.8,Low,
D004_2,C049412,4.928,11.4,Low,
D004_2,C049422,7.835,18.1,Low,
D004_2,C049434,6.336,18.3,Medium,
D004_2,C049437,6.127,17.7,Medium,
D004_2,C049443,8.244,23.8,Medium,One-Way
D004_2,C049449,4.267,12.3,Medium,One-Way
D004_2,C049450,6.226,18.0,Medium,No Heavy Trucks
D004_2,C049464,6.654,15.4,Low,
D004_2,C049479,6.144,17.7,Medium,
D004_2,C049486,5.843,13.5,Low,
D004_2,C049491,8.441,19.5,Low,
D004_2,C049499,1.987,5.7,Medium,
D004_2,C049510,6.351,14.7,Low,No Heavy Trucks
D004_2,C049514,3.78,10.9,Medium,No Heavy Trucks
D004_2,C049526,9.756,28.1,Medium,
D004_2,C049531,7.192,16.6,Low,
D004_2,C049538,1.947,5.6,Medium,
D004_2,C049541,5.81,13.4,Low,
D004_2,C049546,4.697,10.8,Low,
D004_2,C049547,5.225,15.1,Medium,
D004_2,C049553,2.812,6.5,Low,
D004_2,C049559,3.158,11.7,High,
D004_2,C049585,5.209,12.0,Low,
D004_2,C049598,6.695,15.5,Low,
D004_2,C049609,4.456,12.9,Medium,
D004_2,C049610,1.473,4.2,Medium,One-Way
D004_2,C049618,6.563,18.9,Medium,No Heavy Trucks
D004_2,C049633,5.534,16.0,Medium,
D004_2,C049640,7.969,29.4,High,No Heavy Trucks
D004_2,C049655,1.355,5.0,High,
D004_2,C049657,7.324,21.1,Medium,
D004_2,C049703,5.468,15.8,Medium,
D004_2,C049708,4.353,10.0,Low,
D004_2,C049714,3.98,14.7,High,
D004_2,C049739,4.304,12.4,Medium,
D004_2,C049748,8.479,24.5,Medium,
D004_2,C049769,6.82,25.2,High,
D004_2,C049815,6.339,18.3,Medium,
D004_2,C049816,7.997,23.1,Medium,
D004_2,C049822,9.124,21.1,Low,
D004_2,C049825,4.436,12.8,Medium,
D004_2,C049841,1.756,4.1,Low,
D004_2,C049842,3.329,7.7,Low,
D004_2,C049874,3.022,8.7,Medium,
D004_2,C049879,4.886,14.1,Medium,
D004_2,C049882,9.549,35.3,High,
D004_2,C049898,5.422,15.6,Medium,
D004_2,C049907,8.485,24.5,Medium,
D004_2,C049909,6.425,18.5,Medium,
D004_2,C049913,4.5,16.6,High,
D004_2,C049916,7.964,23.0,Medium,
D004_2,C049926,3.251,9.4,Medium,
D004_2,C049928,5.964,17.2,Medium,
D004_2,C049944,4.814,11.1,Low,
D004_2,C049959,4.593,13.2,Medium,No Heavy Trucks
D004_2,C049961,3.717,8.6,Low,
D004_2,C049966,8.389,31.0,High,
D004_2,C049979,9.09,26.2,Medium,
D004_2,C049987,7.637,28.2,High,No Heavy Trucks
D004_4,C000007,8.117,30.0,High,No Heavy Trucks
D004_4,C000039,6.965,20.1,Medium,
D004_4,C000048,2.432,5.6,Low,
D004_4,C000085,3.157,7.3,Low,No Heavy Trucks
D004_4,C000092,8.351,19.3,Low,
D004_4,C000120,2.672,6.2,Low,
D004_4,C000126,1.447,5.3,High,
D004_4,C000135,6.963,16.1,Low,
D004_4,C000143,2.87,6.6,Low,One-Way
D004_4,C000168,7.707,28.5,High,No Heavy Trucks
D004_4,C000189,8.544,24.6,Medium,
D004_4,C000204,2.774,6.4,Low,
D004_4,C000222,3.848,14.2,High,
D004_4,C000238,4.589,16.9,High,
D004_4,C000243,0.195,0.6,Medium,
D004_4,C000247,9.593,22.1,Low,
D004_4,C000256,6.228,18.0,Medium,
D004_4,C000263,4.573,10.6,Low,
D004_4,C000287,2.098,6.1,Medium,
D004_4,C000290,5.773,16.7,Medium,
D004_4,C000294,3.317,7.7,Low,One-Way
D004_4,C000296,3.854,11.1,Medium,
D004_4,C000316,6.421,18.5,Medium,One-Way
D004_4,C000318,5.558,12.8,Low,No Heavy Trucks
D004_4,C000323,4.706,17.4,High,
D004_4,C000330,4.221,12.2,Medium,
D004_4,C000341,7.009,20.2,Medium,
D004_4,C000352,3.4,9.8,Medium,No Heavy Trucks
D004_4,C000382,7.246,26.8,High,
D004_4,C000393,5.566,16.1,Medium,
D004_4,C000403,3.666,13.5,High,
D004_4,C000413,2.114,4.9,Low,
D004_4,C000423,4.604,13.3,Medium,No Heavy Trucks
D004_4,C000426,6.152,17.7,Medium,
D004_4,C000427,5.171,11.9,Low,No Heavy Trucks
D004_4,C000437,9.142,21.1,Low,
D004_4,C000455,2.294,8.5,High,
D004_4,C000460,9.767,28.2,Medium,
D004_4,C000475,5.909,17.0,Medium,
D004_4,C000492,4.985,11.5,Low,
D004_4,C000496,7.771,17.9,Low,
D004_4,C000513,2.768,6.4,Low,No Heavy Trucks
D004_4,C000518,5.859,16.9,Medium,
D004_4,C000523,9.584,22.1,Low,
D004_4,C000532,4.919,14.2,Medium,
D004_4,C000574,5.553,12.8,Low,
D004_4,C000580,7.047,26.0,High,
D004_4,C000603,8.703,25.1,Medium,One-Way
D004_4,C000614,3.825,8.8,Low,
D004_4,C000618,7.856,29.0,High,
D004_4,C000621,3.791,10.9,Medium,
D004_4,C000624,6.97,16.1,Low,No Heavy Trucks
D004_4,C000634,5.475,15.8,Medium,No Heavy Trucks
D004_4,C000638,8.059,23.2,Medium,
D004_4,C000642,9.328,21.5,Low,No Heavy Trucks
D004_4,C000643,8.459,24.4,Medium,No Heavy Trucks
D004_4,C000654,2.816,8.1,Medium,
D004_4,C000662,5.703,16.5,Medium,
D004_4,C000666,5.834,16.8,Medium,
D004_4,C000673,4.616,10.7,Low,
D004_4,C000686,6.684,19.3,Medium,One-Way
D004_4,C000697,5.556,12.8,Low,No Heavy Trucks
D004_4,C000701,3.531,8.1,Low,One-Way
D004_4,C000708,9.273,34.2,High,
D004_4,C000728,6.835,19.7,Medium,
D004_4,C000748,4.177,12.0,Medium,No Heavy Trucks
D004_4,C000764,7.436,21.4,Medium,
D004_4,C000771,5.307,12.2,Low,
D004_4,C000779,6.738,15.5,Low,
D004_4,C000786,9.088,26.2,Medium,
D004_4,C000787,7.232,20.9,Medium,
D004_4,C000805,7.015,16.2,Low,
D004_4,C000808,6.661,15.4,Low,No Heavy Trucks
D004_4,C000814,7.716,22.3,Medium,One-Way
D004_4,C000824,4.124,9.5,Low,
D004_4,C000832,1.443,5.3,High,
D004_4,C000839,4.198,12.1,Medium,No Heavy Trucks
D004_4,C000845,8.06,18.6,Low,
D004_4,C000855,2.049,5.9,Medium,One-Way
D004_4,C000862,4.84,11.2,Low,
D004_4,C000905,6.496,18.7,Medium,One-Way
D004_4,C000908,6.023,17.4,Medium,
D004_4,C000929,7.78,22.4,Medium,
D004_4,C000955,4.416,12.7,Medium,
D004_4,C000989,4.133,11.9,Medium,One-Way
D004_4,C001016,2.222,5.1,Low,
D004_4,C001030,7.072,20.4,Medium,
D004_4,C001039,8.519,24.6,Medium,
D004_4,C001067,4.277,9.9,Low,
D004_4,C001074,4.637,17.1,High,
D004_4,C001076,4.269,9.9,Low,No Heavy Trucks
D004_4,C001079,3.631,10.5,Medium,One-Way
D004_4,C001088,5.674,13.1,Low,
D004_4,C001112,3.223,11.9,High,No Heavy Trucks
D004_4,C001137,2.368,5.5,Low,
D004_4,C001139,5.163,14.9,Medium,
D004_4,C001143,6.129,17.7,Medium,
D004_4,C001156,5.789,13.4,Low,
D004_4,C001178,5.356,12.4,Low,
D004_4,C001194,8.131,23.5,Medium,
D004_4,C001199,7.188,20.7,Medium,One-Way
D004_4,C001203,1.24,4.6,High,
D004_4,C001210,6.1,17.6,Medium,
D004_4,C001212,5.494,12.7,Low,
D004_4,C001215,4.176,12.0,Medium,
D004_4,C001234,2.84,8.2,Medium,
D004_4,C001236,5.056,14.6,Medium,
D004_4,C001259,4.232,12.2,Medium,
D004_4,C001267,5.503,15.9,Medium,One-Way
D004_4,C001270,6.973,20.1,Medium,
D004_4,C001276,6.779,25.0,High,
D004_4,C001280,6.4,14.8,Low,
D004_4,C001293,3.822,8.8,Low,
D004_4,C001308,7.816,22.5,Medium,
D004_4,C001320,4.058,15.0,High,
D004_4,C001329,5.543,12.8,Low,
D004_4,C001351,5.726,13.2,Low,
D004_4,C001355,2.865,6.6,Low,No Heavy Trucks
D004_4,C001362,7.794,28.8,High,
D004_4,C001363,8.693,20.1,Low,No Heavy Trucks
D004_4,C001371,2.241,5.2,Low,
D004_4,C001374,1.616,4.7,Medium,
D004_4,C001381,7.122,20.5,Medium,
D004_4,C001392,2.404,5.5,Low,
D004_4,C001398,5.66,16.3,Medium,
D004_4,C001402,6.568,18.9,Medium,
D004_4,C001404,8.921,20.6,Low,
D004_4,C001458,7.616,17.6,Low,
D004_4,C001470,6.124,17.7,Medium,
D004_4,C001478,5.843,13.5,Low,No Heavy Trucks
D004_4,C001489,3.266,7.5,Low,
D004_4,C001499,6.896,25.5,High,
D004_4,C001523,3.459,8.0,Low,
D004_4,C001528,2.917,6.7,Low,One-Way
D004_4,C001542,2.808,6.5,Low,
D004_4,C001558,3.731,10.8,Medium,No Heavy Trucks
D004_4,C001585,3.261,7.5,Low,
D004_4,C001591,5.908,13.6,Low,
D004_4,C001606,2.383,5.5,Low,
D004_4,C001608,5.676,16.4,Medium,
D004_4,C001632,3.153,7.3,Low,
D004_4,C001657,6.07,17.5,Medium,No Heavy Trucks
D004_4,C001665,7.751,22.4,Medium,
D004_4,C001670,4.386,12.7,Medium,
D004_4,C001671,7.101,20.5,Medium,One-Way
D004_4,C001692,3.641,8.4,Low,
D004_4,C001696,4.984,11.5,Low,
D004_4,C001701,2.872,10.6,High,
D004_4,C001712,2.313,8.5,High,
D004_4,C001757,2.475,5.7,Low,
D004_4,C001773,7.014,25.9,High,
D004_4,C001782,4.585,10.6,Low,
D004_4,C001795,6.125,17.7,Medium,
D004_4,C001800,3.366,9.7,Medium,
D004_4,C001805,4.047,9.3,Low,One-Way
D004_4,C001810,8.288,19.1,Low,
D004_4,C001828,5.906,17.0,Medium,
D004_4,C001830,8.124,18.7,Low,
D004_4,C001833,1.664,3.8,Low,
D004_4,C001836,6.64,15.3,Low,
D004_4,C001842,8.227,23.7,Medium,No Heavy Trucks
D004_4,C001850,6.038,17.4,Medium,
D004_4,C001871,4.759,17.6,High,
D004_4,C001895,6.238,18.0,Medium,
D004_4,C001908,6.859,19.8,Medium,
D004_4,C001909,4.098,15.1,High,
D004_4,C001911,8.415,31.1,High,One-Way
D004_4,C001924,7.996,18.5,Low,
D004_4,C001927,7.247,20.9,Medium,
D004_4,C001932,7.275,21.0,Medium,
D004_4,C001935,6.664,19.2,Medium,
D004_4,C001940,3.943,11.4,Medium,One-Way
D004_4,C002019,3.958,14.6,High,
D004_4,C002021,6.461,18.6,Medium,
D004_4,C002039,6.851,15.8,Low,
D004_4,C002053,5.217,12.0,Low,
D004_4,C002079,3.946,14.6,High,No Heavy Trucks
D004_4,C002091,5.472,12.6,Low,
D004_4,C002120,6.302,23.3,High,
D004_4,C002127,2.533,5.8,Low,
D004_4,C002146,3.204,7.4,Low,
D004_4,C002162,5.578,16.1,Medium,
D004_4,C002176,5.717,13.2,Low,
D004_4,C002180,1.781,6.6,High,
D004_4,C002186,6.227,14.4,Low,
D004_4,C002231,3.75,8.7,Low,One-Way
D004_4,C002232,3.597,10.4,Medium,
D004_4,C002242,3.239,7.5,Low,
D004_4,C002249,5.68,16.4,Medium,One-Way
D004_4,C002253,9.53,27.5,Medium,
D004_4,C002266,8.189,23.6,Medium,
D004_4,C002269,3.3,9.5,Medium,
D004_4,C002280,4.59,10.6,Low,
D004_4,C002313,6.31,23.3,High,
D004_4,C002323,6.241,18.0,Medium,
D004_4,C002352,7.985,18.4,Low,
D004_4,C002377,7.233,20.9,Medium,One-Way
D004_4,C002402,7.761,22.4,Medium,
D004_4,C002421,4.725,10.9,Low,
D004_4,C002439,7.086,20.4,Medium,
D004_4,C002441,5.084,14.7,Medium,
D004_4,C002472,7.145,26.4,High,
D004_4,C002488,6.074,17.5,Medium,
D004_4,C002496,5.227,15.1,Medium,
D004_4,C002509,7.946,18.3,Low,
D004_4,C002528,7.399,21.3,Medium,
D004_4,C002532,4.569,13.2,Medium,
D004_4,C002552,7.915,22.8,Medium,
D004_4,C002619,9.733,28.1,Medium,One-Way
D004_4,C002643,5.922,17.1,Medium,
D004_4,C002660,9.093,26.2,Medium,No Heavy Trucks
D004_4,C002671,6.721,15.5,Low,One-Way
D004_4,C002673,2.631,6.1,Low,
D004_4,C002674,2.172,5.0,Low,
D004_4,C002697,7.413,17.1,Low,
D004_4,C002711,4.08,9.4,Low,
D004_4,C002716,3.935,9.1,Low,
D004_4,C002741,1.596,3.7,Low,
D004_4,C002746,4.666,13.5,Medium,One-Way
D004_4,C002748,6.969,20.1,Medium,
D004_4,C002751,2.617,6.0,Low,No Heavy Trucks
D004_4,C002758,0.156,0.4,Low,
D004_4,C002761,6.762,19.5,Medium,
D004_4,C002771,10.331,38.1,High,
D004_4,C002772,7.048,20.3,Medium,
D004_4,C002785,1.862,4.3,Low,
D004_4,C002821,5.951,17.2,Medium,
D004_4,C002838,3.497,8.1,Low,
D004_4,C002861,3.23,11.9,High,
D004_4,C002867,8.628,24.9,Medium,
D004_4,C002885,4.14,11.9,Medium,
D004_4,C002905,4.045,11.7,Medium,
D004_4,C002947,7.089,16.4,Low,
D004_4,C002962,1.923,4.4,Low,
D004_4,C002968,6.022,17.4,Medium,
D004_4,C002969,8.657,25.0,Medium,
D004_4,C002972,2.007,4.6,Low,No Heavy Trucks
D004_4,C003001,6.359,18.3,Medium,
D004_4,C003017,4.057,11.7,Medium,
D004_4,C003024,5.678,16.4,Medium,
D004_4,C003028,2.151,5.0,Low,
D004_4,C003034,3.587,8.3,Low,
D004_4,C003035,4.891,11.3,Low,
D004_4,C003050,7.744,22.3,Medium,
D004_4,C003056,6.083,17.5,Medium,
D004_4,C003068,2.898,6.7,Low,
D004_4,C003072,8.05,18.6,Low,
D004_4,C003074,3.992,9.2,Low,
D004_4,C003087,3.44,9.9,Medium,
D004_4,C003093,3.343,9.6,Medium,
D004_4,C003096,4.231,12.2,Medium,
D004_4,C003099,4.961,18.3,High,
D004_4,C003159,2.785,6.4,Low,
D004_4,C003166,2.503,5.8,Low,
D004_4,C003168,5.888,13.6,Low,
D004_4,C003197,2.223,5.1,Low,One-Way
D004_4,C003232,4.474,12.9,Medium,
D004_4,C003241,7.395,27.3,High,
D004_4,C003249,4.768,11.0,Low,
D004_4,C003257,6.682,19.3,Medium,
D004_4,C003258,6.537,18.9,Medium,
D004_4,C003292,3.33,12.3,High,
D004_4,C003299,6.591,15.2,Low,One-Way
D004_4,C003307,8.349,24.1,Medium,One-Way
D004_4,C003317,3.24,7.5,Low,
D004_4,C003323,5.792,16.7,Medium,
D004_4,C003325,2.424,5.6,Low,
D004_4,C003339,4.322,10.0,Low,
D004_4,C003396,8.38,24.2,Medium,
D004_4,C003398,5.25,12.1,Low,
D004_4,C003402,3.315,7.6,Low,
D004_4,C003412,7.236,20.9,Medium,
D004_4,C003428,6.4,14.8,Low,
D004_4,C003443,9.059,26.1,Medium,
D004_4,C003466,7.438,17.2,Low,
D004_4,C003467,9.001,20.8,Low,One-Way
D004_4,C003470,1.935,5.6,Medium,
D004_4,C003525,6.141,17.7,Medium,
D004_4,C003555,2.328,6.7,Medium,
D004_4,C003583,4.631,17.1,High,
D004_4,C003598,4.049,9.3,Low,
D004_4,C003605,7.78,28.7,High,
D004_4,C003610,5.78,13.3,Low,
D004_4,C003612,9.758,28.1,Medium,
D004_4,C003639,8.568,19.8,Low,No Heavy Trucks
D004_4,C003642,5.11,11.8,Low,One-Way
D004_4,C003649,3.628,10.5,Medium,
D004_4,C003653,7.644,17.6,Low,No Heavy Trucks
D004_4,C003658,4.64,10.7,Low,
D004_4,C003665,7.631,28.2,High,
D004_4,C003669,6.471,23.9,High,
D004_4,C003690,3.043,7.0,Low,
D004_4,C003739,6.746,19.5,Medium,
D004_4,C003770,6.671,19.2,Medium,
D004_4,C003783,2.266,6.5,Medium,
D004_4,C003822,6.134,14.2,Low,
D004_4,C003828,6.391,23.6,High,
D004_4,C003839,6.1,22.5,High,One-Way
D004_4,C003851,2.624,6.1,Low,
D004_4,C003861,6.241,18.0,Medium,
D004_4,C003873,0.225,0.7,Medium,
D004_4,C003878,5.859,16.9,Medium,
D004_4,C003882,0.966,2.2,Low,
D004_4,C003883,1.446,3.3,Low,No Heavy Trucks
D004_4,C003893,3.665,13.5,High,
D004_4,C003908,4.429,12.8,Medium,No Heavy Trucks
D004_4,C003930,4.645,13.4,Medium,
D004_4,C003956,3.668,13.5,High,No Heavy Trucks
D004_4,C003957,3.781,10.9,Medium,
D004_4,C003962,3.007,8.7,Medium,One-Way
D004_4,C003965,4.453,10.3,Low,
D004_4,C003985,7.474,17.2,Low,
D004_4,C004002,0.862,2.5,Medium,
D004_4,C004015,4.371,10.1,Low,
D004_4,C004024,4.077,15.1,High,One-Way
D004_4,C004043,2.747,10.1,High,
D004_4,C004044,7.319,21.1,Medium,
D004_4,C004047,3.782,14.0,High,
D004_4,C004055,7.297,16.8,Low,
D004_4,C004061,4.916,14.2,Medium,No Heavy Trucks
D004_4,C004063,3.651,13.5,High,No Heavy Trucks
D004_4,C004085,3.018,7.0,Low,
D004_4,C004109,4.967,11.5,Low,
D004_4,C004121,10.217,29.5,Medium,
D004_4,C004123,7.454,21.5,Medium,
D004_4,C004126,2.006,7.4,High,One-Way
D004_4,C004134,6.579,15.2,Low,
D004_4,C004136,5.089,14.7,Medium,
D004_4,C004137,7.051,16.3,Low,
D004_4,C004146,2.613,7.5,Medium,No Heavy Trucks
D004_4,C004151,6.064,14.0,Low,
D004_4,C004165,3.563,10.3,Medium,
D004_4,C004166,6.392,23.6,High,
D004_4,C004183,4.011,9.3,Low,
D004_4,C004188,1.154,3.3,Medium,
D004_4,C004190,6.013,17.3,Medium,
D004_4,C004231,7.875,18.2,Low,
D004_4,C004233,2.658,6.1,Low,
D004_4,C004235,5.866,16.9,Medium,
D004_4,C004240,4.636,10.7,Low,
D004_4,C004258,3.218,9.3,Medium,No Heavy Trucks
D004_4,C004265,9.965,36.8,High,
D004_4,C004266,6.432,14.8,Low,
D004_4,C004268,3.937,11.4,Medium,One-Way
D004_4,C004319,6.059,17.5,Medium,
D004_4,C004334,3.81,11.0,Medium,No Heavy Trucks
D004_4,C004352,4.624,13.3,Medium,
D004_4,C004368,6.508,18.8,Medium,
D004_4,C004400,9.604,27.7,Medium,One-Way
D004_4,C004405,4.506,13.0,Medium,
D004_4,C004406,7.259,16.8,Low,
D004_4,C004424,3.377,7.8,Low,No Heavy Trucks
D004_4,C004426,2.937,8.5,Medium,One-Way
D004_4,C004428,2.384,5.5,Low,
D004_4,C004454,6.498,24.0,High,
D004_4,C004455,5.254,19.4,High,One-Way
D004_4,C004469,4.479,12.9,Medium,One-Way
D004_4,C004476,1.351,3.1,Low,
D004_4,C004504,9.046,26.1,Medium,One-Way
D004_4,C004516,4.235,12.2,Medium,
D004_4,C004530,2.421,5.6,Low,
D004_4,C004531,6.305,18.2,Medium,
D004_4,C004536,6.969,25.7,High,
D004_4,C004541,7.137,20.6,Medium,
D004_4,C004551,3.201,7.4,Low,
D004_4,C004554,3.436,7.9,Low,
D004_4,C004572,6.502,24.0,High,No Heavy Trucks
D004_4,C004591,6.142,22.7,High,
D004_4,C004595,5.393,15.6,Medium,
D004_4,C004610,6.152,22.7,High,No Heavy Trucks
D004_4,C004611,7.107,26.2,High,
D004_4,C004616,4.456,12.9,Medium,No Heavy Trucks
D004_4,C004633,6.829,15.8,Low,
D004_4,C004635,5.748,13.3,Low,
D004_4,C004656,5.136,11.9,Low,
D004_4,C004689,7.46,21.5,Medium,
D004_4,C004701,6.54,18.9,Medium,
D004_4,C004704,7.096,20.5,Medium,
D004_4,C004705,5.892,21.8,High,One-Way
D004_4,C004712,8.261,19.1,Low,
D004_4,C004723,7.462,21.5,Medium,
D004_4,C004758,3.211,9.3,Medium,
D004_4,C004763,6.317,14.6,Low,
D004_4,C004772,6.246,18.0,Medium,
D004_4,C004786,9.691,28.0,Medium,
D004_4,C004792,5.149,11.9,Low,One-Way
D004_4,C004793,4.502,13.0,Medium,
D004_4,C004808,6.088,14.0,Low,
D004_4,C004826,5.574,12.9,Low,
D004_4,C004840,6.395,18.4,Medium,
D004_4,C004843,6.586,19.0,Medium,
D004_4,C004865,3.818,14.1,High,
D004_4,C004874,3.074,8.9,Medium,
D004_4,C004888,4.778,13.8,Medium,
D004_4,C004897,6.54,24.1,High,
D004_4,C004960,4.655,13.4,Medium,
D004_4,C004986,2.035,4.7,Low,One-Way
D004_4,C004987,7.282,21.0,Medium,
D004_4,C004992,8.298,23.9,Medium,No Heavy Trucks
D004_4,C004999,4.683,10.8,Low,
D004_4,C005021,0.884,2.6,Medium,
D004_4,C005022,6.197,14.3,Low,
D004_4,C005025,4.417,12.7,Medium,One-Way
D004_4,C005041,4.126,11.9,Medium,
D004_4,C005063,3.763,8.7,Low,
D004_4,C005099,3.611,10.4,Medium,One-Way
D004_4,C005108,7.002,16.2,Low,
D004_4,C005109,7.601,21.9,Medium,
D004_4,C005119,7.701,17.8,Low,One-Way
D004_4,C005140,6.271,14.5,Low,
D004_4,C005158,5.877,17.0,Medium,
D004_4,C005229,1.116,4.1,High,One-Way
D004_4,C005230,6.292,23.2,High,One-Way
D004_4,C005239,7.649,22.1,Medium,
D004_4,C005241,3.688,10.6,Medium,
D004_4,C005244,5.617,16.2,Medium,
D004_4,C005248,3.148,7.3,Low,
D004_4,C005288,4.401,12.7,Medium,One-Way
D004_4,C005297,5.848,21.6,High,
D004_4,C005307,7.365,21.2,Medium,
D004_4,C005343,6.657,15.4,Low,
D004_4,C005351,7.909,18.3,Low,
D004_4,C005362,9.476,27.3,Medium,
D004_4,C005366,0.593,1.7,Medium,
D004_4,C005384,8.231,19.0,Low,
D004_4,C005386,8.336,19.2,Low,
D004_4,C005394,6.451,18.6,Medium,One-Way
D004_4,C005402,7.371,21.3,Medium,
D004_4,C005456,5.137,14.8,Medium,
D004_4,C005491,2.852,8.2,Medium,
D004_4,C005508,3.001,8.7,Medium,
D004_4,C005517,6.099,14.1,Low,
D004_4,C005540,7.988,23.0,Medium,
D004_4,C005545,4.065,15.0,High,One-Way
D004_4,C005546,9.417,27.2,Medium,One-Way
D004_4,C005547,5.89,13.6,Low,
D004_4,C005561,2.952,6.8,Low,
D004_4,C005624,7.171,20.7,Medium,
D004_4,C005635,1.719,4.0,Low,
D004_4,C005653,4.563,10.5,Low,One-Way
D004_4,C005671,7.44,21.5,Medium,
D004_4,C005683,7.456,21.5,Medium,
D004_4,C005701,2.338,6.7,Medium,
D004_4,C005707,1.152,2.7,Low,
D004_4,C005717,6.785,15.7,Low,
D004_4,C005723,4.979,14.4,Medium,
D004_4,C005731,6.254,23.1,High,
D004_4,C005733,6.189,17.9,Medium,
D004_4,C005734,6.244,23.1,High,
D004_4,C005740,7.112,16.4,Low,
D004_4,C005759,5.257,15.2,Medium,
D004_4,C005785,6.946,25.6,High,No Heavy Trucks
D004_4,C005788,6.665,15.4,Low,
D004_4,C005790,6.208,22.9,High,
D004_4,C005820,2.446,9.0,High,
D004_4,C005829,2.747,6.3,Low,No Heavy Trucks
D004_4,C005863,3.927,9.1,Low,
D004_4,C005929,8.206,23.7,Medium,No Heavy Trucks
D004_4,C005933,3.228,9.3,Medium,No Heavy Trucks
D004_4,C005935,6.043,17.4,Medium,
D004_4,C005945,3.648,10.5,Medium,
D004_4,C005957,7.604,21.9,Medium,
D004_4,C005975,3.052,8.8,Medium,
D004_4,C005976,8.426,19.4,Low,
D004_4,C005996,6.996,20.2,Medium,No Heavy Trucks
D004_4,C006048,1.669,6.2,High,No Heavy Trucks
D004_4,C006071,5.296,15.3,Medium,
D004_4,C006083,4.429,10.2,Low,
D004_4,C006092,1.6,3.7,Low,
D004_4,C006102,2.396,5.5,Low,
D004_4,C006107,5.815,16.8,Medium,One-Way
D004_4,C006126,7.461,27.5,High,
D004_4,C006142,5.252,15.2,Medium,One-Way
D004_4,C006147,3.366,12.4,High,
D004_4,C006148,8.418,19.4,Low,
D004_4,C006154,7.112,20.5,Medium,
D004_4,C006161,7.3,21.1,Medium,
D004_4,C006184,5.358,15.5,Medium,
D004_4,C006188,5.387,15.5,Medium,
D004_4,C006192,4.478,10.3,Low,One-Way
D004_4,C006198,4.37,16.1,High,One-Way
D004_4,C006202,2.687,9.9,High,One-Way
D004_4,C006203,0.865,2.0,Low,No Heavy Trucks
D004_4,C006217,6.004,13.9,Low,
D004_4,C006218,5.756,13.3,Low,
D004_4,C006251,6.536,15.1,Low,
D004_4,C006255,5.234,15.1,Medium,
D004_4,C006307,6.352,14.7,Low,
D004_4,C006308,6.163,17.8,Medium,No Heavy Trucks
D004_4,C006325,4.659,13.4,Medium,
D004_4,C006326,4.537,13.1,Medium,
D004_4,C006348,5.022,11.6,Low,One-Way
D004_4,C006354,1.483,4.3,Medium,No Heavy Trucks
D004_4,C006365,5.204,12.0,Low,No Heavy Trucks
D004_4,C006379,5.037,14.5,Medium,
D004_4,C006388,7.239,16.7,Low,One-Way
D004_4,C006396,7.513,17.3,Low,
D004_4,C006412,6.931,16.0,Low,
D004_4,C006432,9.117,21.0,Low,
D004_4,C006453,6.404,23.6,High,
D004_4,C006460,6.442,18.6,Medium,No Heavy Trucks
D004_4,C006463,2.721,7.8,Medium,
D004_4,C006485,3.249,9.4,Medium,
D004_4,C006528,5.014,11.6,Low,
D004_4,C006537,8.114,18.7,Low,
D004_4,C006539,2.9,6.7,Low,
D004_4,C006548,6.296,23.2,High,
D004_4,C006564,5.98,13.8,Low,One-Way
D004_4,C006576,6.008,17.3,Medium,
D004_4,C006588,4.365,12.6,Medium,No Heavy Trucks
D004_4,C006589,8.444,24.4,Medium,
D004_4,C006597,5.019,11.6,Low,
D004_4,C006607,2.296,5.3,Low,
D004_4,C006608,3.079,7.1,Low,One-Way
D004_4,C006635,2.376,5.5,Low,
D004_4,C006640,3.433,9.9,Medium,
D004_4,C006682,8.305,24.0,Medium,One-Way
D004_4,C006688,1.362,5.0,High,
D004_4,C006726,5.421,12.5,Low,One-Way
D004_4,C006727,8.697,32.1,High,
D004_4,C006732,9.959,28.7,Medium,
D004_4,C006735,4.401,12.7,Medium,
D004_4,C006745,2.496,7.2,Medium,
D004_4,C006751,7.798,18.0,Low,No Heavy Trucks
D004_4,C006752,5.076,11.7,Low,
D004_4,C006755,2.038,4.7,Low,
D004_4,C006758,4.638,13.4,Medium,
D004_4,C006774,9.425,34.8,High,
D004_4,C006783,5.217,15.0,Medium,
D004_4,C006793,3.934,14.5,High,
D004_4,C006802,1.148,3.3,Medium,
D004_4,C006805,8.131,18.8,Low,No Heavy Trucks
D004_4,C006808,4.325,16.0,High,
D004_4,C006819,1.679,4.8,Medium,
D004_4,C006880,3.364,7.8,Low,
D004_4,C006884,1.654,3.8,Low,
D004_4,C006896,7.07,20.4,Medium,
D004_4,C006898,3.111,9.0,Medium,
D004_4,C006903,9.387,27.1,Medium,No Heavy Trucks
D004_4,C006912,3.777,8.7,Low,
D004_4,C006942,2.475,9.1,High,No Heavy Trucks
D004_4,C006944,3.653,10.5,Medium,
D004_4,C006945,6.528,18.8,Medium,One-Way
D004_4,C006951,5.967,13.8,Low,
D004_4,C006954,5.484,12.7,Low,
D004_4,C006962,4.933,14.2,Medium,
D004_4,C006971,4.241,12.2,Medium,
D004_4,C006980,7.093,16.4,Low,
D004_4,C006986,4.624,10.7,Low,
D004_4,C006997,3.31,9.5,Medium,
D004_4,C007009,9.111,33.6,High,
D004_4,C007034,2.565,5.9,Low,
D004_4,C007052,3.18,9.2,Medium,
D004_4,C007058,4.134,15.3,High,
D004_4,C007060,6.464,14.9,Low,
D004_4,C007087,3.688,8.5,Low,
D004_4,C007130,4.624,13.3,Medium,
D004_4,C007151,1.64,3.8,Low,
D004_4,C007158,2.787,8.0,Medium,
D004_4,C007179,0.139,0.3,Low,
D004_4,C007182,5.652,16.3,Medium,
D004_4,C007225,6.402,23.6,High,
D004_4,C007243,7.753,22.4,Medium,
D004_4,C007250,1.963,5.7,Medium,
D004_4,C007279,8.413,19.4,Low,
D004_4,C007343,6.014,13.9,Low,
D004_4,C007347,5.173,14.9,Medium,
D004_4,C007349,3.507,8.1,Low,No Heavy Trucks
D004_4,C007361,3.325,7.7,Low,
D004_4,C007364,5.746,13.3,Low,No Heavy Trucks
D004_4,C007376,4.559,10.5,Low,
D004_4,C007384,4.735,17.5,High,
D004_4,C007401,4.66,17.2,High,
D004_4,C007447,0.795,1.8,Low,
D004_4,C007451,2.588,7.5,Medium,
D004_4,C007475,6.317,23.3,High,
D004_4,C007476,3.788,10.9,Medium,
D004_4,C007480,8.969,25.9,Medium,
D004_4,C007483,6.741,15.6,Low,
D004_4,C007491,7.181,20.7,Medium,
D004_4,C007522,4.923,14.2,Medium,
D004_4,C007531,5.327,15.4,Medium,
D004_4,C007534,7.663,17.7,Low,
D004_4,C007547,7.401,21.3,Medium,One-Way
D004_4,C007548,5.874,21.7,High,
D004_4,C007562,3.261,12.0,High,
D004_4,C007591,3.945,9.1,Low,
D004_4,C007631,3.595,8.3,Low,
D004_4,C007638,5.669,20.9,High,
D004_4,C007641,1.916,7.1,High,
D004_4,C007658,4.864,14.0,Medium,No Heavy Trucks
D004_4,C007671,3.792,14.0,High,
D004_4,C007673,4.287,9.9,Low,
D004_4,C007681,6.078,17.5,Medium,
D004_4,C007689,7.755,17.9,Low,
D004_4,C007691,5.366,19.8,High,
D004_4,C007713,7.552,17.4,Low,
D004_4,C007714,4.402,12.7,Medium,No Heavy Trucks
D004_4,C007737,7.664,17.7,Low,
D004_4,C007748,6.29,14.5,Low,
D004_4,C007754,5.879,17.0,Medium,
D004_4,C007767,6.178,14.3,Low,
D004_4,C007783,4.333,12.5,Medium,
D004_4,C007808,2.614,7.5,Medium,
D004_4,C007810,3.673,8.5,Low,
D004_4,C007818,5.318,15.3,Medium,One-Way
D004_4,C007828,5.169,14.9,Medium,
D004_4,C007840,3.674,10.6,Medium,
D004_4,C007852,2.427,9.0,High,
D004_4,C007864,7.568,17.5,Low,
D004_4,C007865,7.807,28.8,High,
D004_4,C007868,3.484,8.0,Low,
D004_4,C007870,4.601,10.6,Low,
D004_4,C007872,2.448,9.0,High,One-Way
D004_4,C007875,2.376,5.5,Low,
D004_4,C007876,4.949,11.4,Low,
D004_4,C007887,8.401,31.0,High,
D004_4,C007913,7.057,16.3,Low,No Heavy Trucks
D004_4,C007940,7.548,21.8,Medium,
D004_4,C007947,7.472,17.2,Low,No Heavy Trucks
D004_4,C007951,3.291,9.5,Medium,
D004_4,C007954,7.094,20.5,Medium,
D004_4,C007967,6.181,22.8,High,No Heavy Trucks
D004_4,C007970,7.299,21.1,Medium,
D004_4,C007973,7.194,16.6,Low,
D004_4,C007985,8.47,24.4,Medium,
D004_4,C007992,4.063,15.0,High,
D004_4,C007995,6.144,17.7,Medium,
D004_4,C008010,4.941,18.2,High,
D004_4,C008019,6.599,19.0,Medium,
D004_4,C008032,5.852,13.5,Low,No Heavy Trucks
D004_4,C008033,7.895,29.2,High,
D004_4,C008052,5.336,12.3,Low,
D004_4,C008058,4.082,11.8,Medium,
D004_4,C008063,1.851,5.3,Medium,
D004_4,C008080,6.85,15.8,Low,
D004_4,C008086,8.415,19.4,Low,
D004_4,C008117,6.271,18.1,Medium,
D004_4,C008129,3.676,8.5,Low,
D004_4,C008130,3.086,7.1,Low,
D004_4,C008137,9.103,33.6,High,
D004_4,C008141,5.61,12.9,Low,
D004_4,C008163,2.608,7.5,Medium,
D004_4,C008164,4.742,10.9,Low,
D004_4,C008165,2.841,8.2,Medium,
D004_4,C008184,4.825,11.1,Low,
D004_4,C008185,4.604,10.6,Low,
D004_4,C008197,8.74,25.2,Medium,One-Way
D004_4,C008230,7.202,26.6,High,
D004_4,C008242,2.346,6.8,Medium,
D004_4,C008250,4.11,11.9,Medium,
D004_4,C008254,2.257,6.5,Medium,One-Way
D004_4,C008256,6.134,17.7,Medium,
D004_4,C008266,6.871,19.8,Medium,
D004_4,C008285,9.449,27.3,Medium,
D004_4,C008292,4.469,10.3,Low,One-Way
D004_4,C008310,5.397,12.5,Low,
D004_4,C008357,6.556,15.1,Low,
D004_4,C008362,8.89,25.6,Medium,
D004_4,C008366,3.629,8.4,Low,
D004_4,C008373,3.667,10.6,Medium,
D004_4,C008387,6.949,20.0,Medium,
D004_4,C008460,5.903,21.8,High,
D004_4,C008461,6.602,24.4,High,One-Way
D004_4,C008485,4.299,12.4,Medium,
D004_4,C008494,5.182,12.0,Low,
D004_4,C008497,4.776,11.0,Low,
D004_4,C008504,3.163,11.7,High,
D004_4,C008513,4.558,13.1,Medium,
D004_4,C008536,3.49,12.9,High,
D004_4,C008562,7.638,22.0,Medium,
D004_4,C008570,7.413,17.1,Low,
D004_4,C008626,3.229,9.3,Medium,
D004_4,C008652,3.682,8.5,Low,
D004_4,C008653,4.693,13.5,Medium,One-Way
D004_4,C008656,5.831,16.8,Medium,One-Way
D004_4,C008685,2.746,7.9,Medium,
D004_4,C008696,7.391,21.3,Medium,
D004_4,C008697,5.904,13.6,Low,
D004_4,C008731,6.156,14.2,Low,
D004_4,C008733,1.401,4.0,Medium,
D004_4,C008765,4.935,18.2,High,
D004_4,C008778,1.312,3.0,Low,
D004_4,C008790,6.744,24.9,High,One-Way
D004_4,C008809,4.413,12.7,Medium,One-Way
D004_4,C008812,3.883,11.2,Medium,No Heavy Trucks
D004_4,C008817,5.738,16.6,Medium,
D004_4,C008820,7.649,17.7,Low,
D004_4,C008822,1.497,5.5,High,
D004_4,C008849,7.649,22.1,Medium,
D004_4,C008867,3.21,7.4,Low,One-Way
D004_4,C008869,6.927,20.0,Medium,
D004_4,C008871,2.317,5.3,Low,
D004_4,C008872,3.395,9.8,Medium,
D004_4,C008909,3.449,8.0,Low,
D004_4,C008924,1.933,5.6,Medium,
D004_4,C008936,3.203,7.4,Low,
D004_4,C008937,7.111,20.5,Medium,
D004_4,C008947,6.688,19.3,Medium,
D004_4,C008955,7.759,22.4,Medium,
D004_4,C008974,4.69,13.5,Medium,
D004_4,C008975,5.048,18.6,High,
D004_4,C008988,9.836,28.4,Medium,
D004_4,C008994,6.484,15.0,Low,
D004_4,C009001,5.657,16.3,Medium,One-Way
D004_4,C009043,6.062,14.0,Low,
D004_4,C009052,3.152,7.3,Low,One-Way
D004_4,C009059,4.836,11.2,Low,
D004_4,C009068,9.283,26.8,Medium,
D004_4,C009116,8.733,20.2,Low,
D004_4,C009118,1.135,3.3,Medium,
D004_4,C009122,4.511,13.0,Medium,
D004_4,C009134,6.726,15.5,Low,
D004_4,C009140,3.06,8.8,Medium,One-Way
D004_4,C009155,2.927,8.4,Medium,
D004_4,C009162,5.651,13.0,Low,
D004_4,C009170,4.874,14.1,Medium,
D004_4,C009173,5.123,18.9,High,
D004_4,C009192,7.35,17.0,Low,
D004_4,C009199,7.592,21.9,Medium,
D004_4,C009204,7.669,22.1,Medium,
D004_4,C009208,3.625,8.4,Low,
D004_4,C009210,5.778,13.3,Low,
D004_4,C009236,6.479,18.7,Medium,No Heavy Trucks
D004_4,C009238,1.909,5.5,Medium,One-Way
D004_4,C009243,6.131,14.1,Low,
D004_4,C009277,6.276,18.1,Medium,
D004_4,C009284,3.822,11.0,Medium,
D004_4,C009295,3.348,7.7,Low,One-Way
D004_4,C009312,1.301,3.8,Medium,
D004_4,C009328,4.258,15.7,High,
D004_4,C009331,4.789,11.1,Low,
D004_4,C009333,4.414,12.7,Medium,
D004_4,C009334,6.053,17.5,Medium,
D004_4,C009348,6.053,22.4,High,
D004_4,C009355,9.277,26.8,Medium,One-Way
D004_4,C009358,2.994,6.9,Low,
D004_4,C009428,4.212,9.7,Low,
D004_4,C009442,7.693,22.2,Medium,One-Way
D004_4,C009499,7.266,21.0,Medium,
D004_4,C009504,3.288,12.1,High,
D004_4,C009505,6.327,14.6,Low,
D004_4,C009517,1.858,4.3,Low,
D004_4,C009529,4.199,9.7,Low,
D004_4,C009549,3.684,13.6,High,
D004_4,C009550,6.531,18.8,Medium,
D004_4,C009562,10.665,39.4,High,
D004_4,C009570,8.823,25.5,Medium,
D004_4,C009571,8.493,19.6,Low,
D004_4,C009579,7.287,21.0,Medium,
D004_4,C009581,5.467,12.6,Low,One-Way
D004_4,C009589,1.305,3.0,Low,
D004_4,C009593,5.79,21.4,High,
D004_4,C009594,2.45,5.7,Low,
D004_4,C009605,4.969,11.5,Low,
D004_4,C009628,5.96,13.8,Low,
D004_4,C009630,2.374,6.8,Medium,
D004_4,C009634,2.385,5.5,Low,No Heavy Trucks
D004_4,C009638,1.738,5.0,Medium,
D004_4,C009642,7.038,16.2,Low,
D004_4,C009663,4.955,11.4,Low,
D004_4,C009673,3.115,7.2,Low,
D004_4,C009677,5.234,15.1,Medium,
D004_4,C009693,0.86,2.5,Medium,
D004_4,C009745,6.132,14.1,Low,
D004_4,C009766,8.935,33.0,High,
D004_4,C009812,4.312,10.0,Low,
D004_4,C009834,6.548,18.9,Medium,
D004_4,C009843,4.193,9.7,Low,One-Way
D004_4,C009879,5.998,17.3,Medium,
D004_4,C009883,7.339,16.9,Low,No Heavy Trucks
D004_4,C009885,8.062,18.6,Low,
D004_4,C009900,5.018,14.5,Medium,
D004_4,C009921,6.798,19.6,Medium,
D004_4,C009935,3.967,14.6,High,
D004_4,C009946,5.254,15.2,Medium,
D004_4,C009955,3.573,10.3,Medium,
D004_4,C009958,3.997,11.5,Medium,
D004_4,C009977,4.417,12.7,Medium,No Heavy Trucks
D004_4,C009984,3.49,10.1,Medium,No Heavy Trucks
D004_4,C009998,7.296,21.0,Medium,
D004_4,C010008,8.838,25.5,Medium,No Heavy Trucks
D004_4,C010009,4.262,12.3,Medium,
D004_4,C010045,3.308,7.6,Low,
D004_4,C010056,8.614,19.9,Low,
D004_4,C010057,4.227,12.2,Medium,
D004_4,C010065,6.203,17.9,Medium,
D004_4,C010075,5.883,17.0,Medium,
D004_4,C010076,6.976,16.1,Low,
D004_4,C010089,5.125,18.9,High,
D004_4,C010091,3.634,13.4,High,
D004_4,C010095,6.787,15.7,Low,
D004_4,C010104,6.797,19.6,Medium,
D004_4,C010106,1.821,5.3,Medium,
D004_4,C010153,5.159,14.9,Medium,One-Way
D004_4,C010160,9.499,21.9,Low,
D004_4,C010175,5.607,16.2,Medium,
D004_4,C010176,3.636,10.5,Medium,
D004_4,C010188,5.526,15.9,Medium,
D004_4,C010191,6.919,16.0,Low,No Heavy Trucks
D004_4,C010195,7.122,20.5,Medium,
D004_4,C010203,8.13,30.0,High,
D004_4,C010214,1.795,5.2,Medium,
D004_4,C010256,7.438,17.2,Low,
D004_4,C010257,3.775,10.9,Medium,No Heavy Trucks
D004_4,C010274,5.261,19.4,High,One-Way
D004_4,C010307,1.946,7.2,High,
D004_4,C010360,3.917,9.0,Low,
D004_4,C010368,9.008,26.0,Medium,
D004_4,C010377,3.263,7.5,Low,
D004_4,C010393,3.759,10.8,Medium,No Heavy Trucks
D004_4,C010398,8.338,19.2,Low,
D004_4,C010400,7.303,16.9,Low,
D004_4,C010439,3.284,7.6,Low,
D004_4,C010453,7.425,17.1,Low,
D004_4,C010523,7.495,21.6,Medium,
D004_4,C010529,7.079,20.4,Medium,
D004_4,C010533,5.384,15.5,Medium,
D004_4,C010538,4.195,12.1,Medium,No Heavy Trucks
D004_4,C010549,4.992,14.4,Medium,One-Way
D004_4,C010563,1.801,4.2,Low,
D004_4,C010565,5.653,16.3,Medium,No Heavy Trucks
D004_4,C010566,3.503,8.1,Low,One-Way
D004_4,C010572,7.491,21.6,Medium,
D004_4,C010588,4.079,11.8,Medium,
D004_4,C010591,9.416,27.2,Medium,
D004_4,C010592,7.286,16.8,Low,
D004_4,C010602,6.146,17.7,Medium,
D004_4,C010611,7.416,21.4,Medium,
D004_4,C010653,2.996,11.1,High,
D004_4,C010661,6.407,18.5,Medium,
D004_4,C010668,2.237,6.5,Medium,One-Way
D004_4,C010675,3.896,11.2,Medium,
D004_4,C010714,2.565,5.9,Low,
D004_4,C010723,3.402,9.8,Medium,
D004_4,C010728,1.907,5.5,Medium,One-Way
D004_4,C010797,1.467,4.2,Medium,
D004_4,C010823,6.306,14.6,Low,
D004_4,C010825,7.322,21.1,Medium,One-Way
D004_4,C010826,4.396,16.2,High,
D004_4,C010831,6.08,17.5,Medium,
D004_4,C010882,10.176,23.5,Low,No Heavy Trucks
D004_4,C010902,8.042,23.2,Medium,
D004_4,C010923,4.598,13.3,Medium,
D004_4,C010930,3.66,8.4,Low,
D004_4,C010942,3.613,10.4,Medium,
D004_4,C010966,8.07,23.3,Medium,
D004_4,C010971,3.955,9.1,Low,
D004_4,C010986,2.371,6.8,Medium,
D004_4,C011000,4.836,11.2,Low,
D004_4,C011008,5.243,12.1,Low,
D004_4,C011025,5.234,15.1,Medium,
D004_4,C011036,6.588,19.0,Medium,
D004_4,C011040,1.272,3.7,Medium,No Heavy Trucks
D004_4,C011079,4.001,11.5,Medium,
D004_4,C011105,4.288,9.9,Low,No Heavy Trucks
D004_4,C011113,1.698,3.9,Low,
D004_4,C011127,1.81,5.2,Medium,One-Way
D004_4,C011138,4.642,10.7,Low,
D004_4,C011149,6.122,14.1,Low,
D004_4,C011162,0.884,2.6,Medium,
D004_4,C011164,1.46,3.4,Low,
D004_4,C011166,2.839,6.6,Low,
D004_4,C011172,6.148,14.2,Low,
D004_4,C011175,4.379,10.1,Low,
D004_4,C011176,8.743,25.2,Medium,
D004_4,C011187,6.76,15.6,Low,
D004_4,C011233,6.1,17.6,Medium,
D004_4,C011237,7.247,16.7,Low,
D004_4,C011257,3.953,9.1,Low,
D004_4,C011258,6.166,17.8,Medium,One-Way
D004_4,C011264,5.285,15.2,Medium,
D004_4,C011270,5.034,11.6,Low,
D004_4,C011285,7.616,17.6,Low,
D004_4,C011286,2.616,6.0,Low,
D004_4,C011304,5.701,13.2,Low,No Heavy Trucks
D004_4,C011318,10.499,30.3,Medium,
D004_4,C011336,6.788,19.6,Medium,
D004_4,C011339,5.595,12.9,Low,
D004_4,C011366,7.902,22.8,Medium,
D004_4,C011379,0.914,2.1,Low,No Heavy Trucks
D004_4,C011385,2.109,6.1,Medium,One-Way
D004_4,C011387,6.107,14.1,Low,
D004_4,C011407,6.793,15.7,Low,No Heavy Trucks
D004_4,C011413,4.132,11.9,Medium,
D004_4,C011417,2.123,6.1,Medium,
D004_4,C011429,6.741,19.4,Medium,
D004_4,C011434,5.471,15.8,Medium,No Heavy Trucks
D004_4,C011435,5.719,16.5,Medium,One-Way
D004_4,C011474,5.688,16.4,Medium,One-Way
D004_4,C011476,2.489,5.7,Low,
D004_4,C011486,1.122,3.2,Medium,
D004_4,C011543,3.681,10.6,Medium,
D004_4,C011550,8.226,23.7,Medium,No Heavy Trucks
D004_4,C011566,6.552,18.9,Medium,No Heavy Trucks
D004_4,C011567,4.262,9.8,Low,
D004_4,C011579,0.704,2.6,High,
D004_4,C011584,4.23,12.2,Medium,
D004_4,C011585,7.092,20.5,Medium,
D004_4,C011591,5.83,13.5,Low,
D004_4,C011596,7.898,29.2,High,
D004_4,C011597,2.323,5.4,Low,
D004_4,C011598,3.024,11.2,High,
D004_4,C011603,4.58,10.6,Low,
D004_4,C011604,8.302,19.2,Low,
D004_4,C011605,6.96,16.1,Low,No Heavy Trucks
D004_4,C011608,6.197,17.9,Medium,No Heavy Trucks
D004_4,C011611,5.326,19.7,High,
D004_4,C011622,7.393,21.3,Medium,
D004_4,C011634,10.125,37.4,High,
D004_4,C011635,8.744,32.3,High,No Heavy Trucks
D004_4,C011636,6.077,17.5,Medium,
D004_4,C011638,6.571,24.3,High,
D004_4,C011682,3.798,8.8,Low,
D004_4,C011691,8.91,25.7,Medium,
D004_4,C011697,7.012,20.2,Medium,
D004_4,C011715,7.729,17.8,Low,
D004_4,C011733,3.956,11.4,Medium,
D004_4,C011755,2.152,6.2,Medium,
D004_4,C011767,7.098,20.5,Medium,
D004_4,C011789,3.636,10.5,Medium,No Heavy Trucks
D004_4,C011812,4.99,18.4,High,
D004_4,C011846,0.789,1.8,Low,
D004_4,C011862,7.473,21.6,Medium,
D004_4,C011864,3.02,7.0,Low,
D004_4,C011890,3.194,9.2,Medium,
D004_4,C011897,5.733,13.2,Low,
D004_4,C011907,3.827,8.8,Low,
D004_4,C011922,7.015,20.2,Medium,No Heavy Trucks
D004_4,C011932,5.557,12.8,Low,
D004_4,C011939,5.888,17.0,Medium,
D004_4,C011952,7.296,21.0,Medium,
D004_4,C011963,7.675,28.3,High,One-Way
D004_4,C011970,4.002,9.2,Low,
D004_4,C012011,7.222,20.8,Medium,
D004_4,C012017,3.022,8.7,Medium,
D004_4,C012026,4.45,12.8,Medium,
D004_4,C012035,7.577,17.5,Low,No Heavy Trucks
D004_4,C012040,7.204,20.8,Medium,No Heavy Trucks
D004_4,C012043,10.058,23.2,Low,
D004_4,C012067,6.643,19.2,Medium,
D004_4,C012074,5.365,12.4,Low,No Heavy Trucks
D004_4,C012106,4.896,11.3,Low,One-Way
D004_4,C012139,5.742,16.6,Medium,
D004_4,C012176,1.606,5.9,High,
D004_4,C012177,1.358,3.9,Medium,
D004_4,C012219,8.201,18.9,Low,
D004_4,C012233,6.006,17.3,Medium,
D004_4,C012238,3.024,8.7,Medium,One-Way
D004_4,C012243,3.903,11.3,Medium,
D004_4,C012250,4.729,13.6,Medium,No Heavy Trucks
D004_4,C012256,5.857,16.9,Medium,
D004_4,C012270,6.425,18.5,Medium,
D004_4,C012314,9.081,26.2,Medium,No Heavy Trucks
D004_4,C012328,2.502,7.2,Medium,
D004_4,C012332,2.574,5.9,Low,
D004_4,C012339,5.212,12.0,Low,
D004_4,C012344,6.074,14.0,Low,
D004_4,C012368,3.84,11.1,Medium,
D004_4,C012371,8.114,18.7,Low,
D004_4,C012374,0.959,2.8,Medium,One-Way
D004_4,C012388,4.788,11.0,Low,
D004_4,C012407,9.328,21.5,Low,No Heavy Trucks
D004_4,C012410,6.924,16.0,Low,
D004_4,C012419,1.254,2.9,Low,One-Way
D004_4,C012480,0.892,2.6,Medium,
D004_4,C012488,6.34,23.4,High,
D004_4,C012527,8.986,25.9,Medium,
D004_4,C012534,3.919,11.3,Medium,
D004_4,C012535,5.178,14.9,Medium,
D004_4,C012555,4.789,13.8,Medium,
D004_4,C012581,3.713,10.7,Medium,No Heavy Trucks
D004_4,C012599,5.673,16.4,Medium,
D004_4,C012604,9.934,28.7,Medium,
D004_4,C012606,5.374,12.4,Low,No Heavy Trucks
D004_4,C012616,6.783,19.6,Medium,
D004_4,C012637,1.607,3.7,Low,
D004_4,C012646,1.711,6.3,High,
D004_4,C012655,8.871,25.6,Medium,
D004_4,C012667,7.437,21.5,Medium,No Heavy Trucks
D004_4,C012669,7.489,17.3,Low,
D004_4,C012706,5.848,16.9,Medium,
D004_4,C012712,5.238,12.1,Low,
D004_4,C012719,7.263,21.0,Medium,
D004_4,C012741,5.118,14.8,Medium,
D004_4,C012746,8.34,24.1,Medium,One-Way
D004_4,C012758,9.284,26.8,Medium,
D004_4,C012781,8.196,18.9,Low,
D004_4,C012796,5.017,14.5,Medium,
D004_4,C012805,2.753,6.4,Low,
D004_4,C012812,6.649,24.5,High,
D004_4,C012822,3.594,10.4,Medium,One-Way
D004_4,C012825,2.656,7.7,Medium,One-Way
D004_4,C012832,3.118,7.2,Low,
D004_4,C012843,6.741,19.4,Medium,
D004_4,C012844,1.475,4.3,Medium,
D004_4,C012847,6.833,15.8,Low,
D004_4,C012891,5.342,12.3,Low,One-Way
D004_4,C012902,3.409,12.6,High,
D004_4,C012909,3.279,7.6,Low,
D004_4,C012913,10.101,29.1,Medium,
D004_4,C012925,3.261,9.4,Medium,No Heavy Trucks
D004_4,C012930,8.738,25.2,Medium,One-Way
D004_4,C012940,7.665,22.1,Medium,
D004_4,C012980,3.83,11.0,Medium,
D004_4,C012981,2.832,6.5,Low,
D004_4,C012990,4.553,13.1,Medium,
D004_4,C012993,7.228,20.9,Medium,
D004_4,C013001,0.735,2.7,High,
D004_4,C013003,6.088,17.6,Medium,
D004_4,C013014,4.302,9.9,Low,
D004_4,C013023,3.948,14.6,High,No Heavy Trucks
D004_4,C013043,4.886,11.3,Low,
D004_4,C013046,3.385,9.8,Medium,
D004_4,C013050,2.046,7.6,High,One-Way
D004_4,C013069,7.125,16.4,Low,
D004_4,C013085,6.566,15.2,Low,
D004_4,C013087,8.369,19.3,Low,
D004_4,C013094,5.101,11.8,Low,No Heavy Trucks
D004_4,C013119,4.805,13.9,Medium,
D004_4,C013122,0.156,0.4,Low,
D004_4,C013146,8.911,25.7,Medium,
D004_4,C013154,8.945,25.8,Medium,No Heavy Trucks
D004_4,C013167,6.231,18.0,Medium,
D004_4,C013173,6.428,14.8,Low,
D004_4,C013183,7.1,20.5,Medium,No Heavy Trucks
D004_4,C013190,7.71,22.2,Medium,No Heavy Trucks
D004_4,C013218,1.092,4.0,High,
D004_4,C013225,1.3,3.0,Low,
D004_4,C013236,6.23,18.0,Medium,
D004_4,C013248,6.49,18.7,Medium,
D004_4,C013253,5.069,11.7,Low,
D004_4,C013263,6.595,19.0,Medium,
D004_4,C013274,7.873,18.2,Low,
D004_4,C013299,7.349,27.1,High,
D004_4,C013304,6.035,13.9,Low,
D004_4,C013336,4.089,11.8,Medium,
D004_4,C013363,7.798,18.0,Low,
D004_4,C013372,5.815,13.4,Low,
D004_4,C013390,5.198,15.0,Medium,
D004_4,C013400,6.312,18.2,Medium,One-Way
D004_4,C013402,3.175,9.2,Medium,
D004_4,C013426,7.52,27.8,High,One-Way
D004_4,C013435,4.051,11.7,Medium,
D004_4,C013441,5.935,13.7,Low,
D004_4,C013445,3.294,12.2,High,
D004_4,C013450,5.321,15.3,Medium,One-Way
D004_4,C013463,1.223,2.8,Low,
D004_4,C013495,5.464,15.8,Medium,
D004_4,C013501,4.036,11.6,Medium,One-Way
D004_4,C013527,6.575,19.0,Medium,
D004_4,C013535,4.022,9.3,Low,
D004_4,C013547,3.316,12.2,High,
D004_4,C013554,7.057,16.3,Low,
D004_4,C013573,6.147,17.7,Medium,
D004_4,C013594,10.267,29.6,Medium,
D004_4,C013605,5.297,15.3,Medium,
D004_4,C013625,9.369,27.0,Medium,
D004_4,C013691,7.393,21.3,Medium,
D004_4,C013700,3.248,12.0,High,
D004_4,C013710,5.563,16.0,Medium,
D004_4,C013712,3.057,7.1,Low,
D004_4,C013727,3.858,11.1,Medium,
D004_4,C013731,6.671,24.6,High,
D004_4,C013734,6.316,18.2,Medium,One-Way
D004_4,C013742,3.974,9.2,Low,
D004_4,C013747,8.409,19.4,Low,
D004_4,C013748,0.402,1.5,High,
D004_4,C013749,3.542,10.2,Medium,
D004_4,C013761,2.961,8.5,Medium,One-Way
D004_4,C013763,6.322,23.3,High,
D004_4,C013774,6.202,17.9,Medium,One-Way
D004_4,C013779,5.626,16.2,Medium,
D004_4,C013782,4.665,13.5,Medium,
D004_4,C013783,2.992,11.0,High,
D004_4,C013809,7.746,22.3,Medium,
D004_4,C013817,2.425,7.0,Medium,
D004_4,C013841,5.548,12.8,Low,
D004_4,C013842,4.224,15.6,High,
D004_4,C013846,4.251,9.8,Low,
D004_4,C013857,1.247,4.6,High,
D004_4,C013872,5.323,15.4,Medium,
D004_4,C013882,3.656,13.5,High,One-Way
D004_4,C013887,7.381,21.3,Medium,
D004_4,C013903,5.817,21.5,High,
D004_4,C013908,4.22,9.7,Low,
D004_4,C013934,6.742,24.9,High,
D004_4,C013935,1.415,4.1,Medium,
D004_4,C013936,6.018,17.4,Medium,
D004_4,C013948,5.799,16.7,Medium,
D004_4,C013962,6.777,15.6,Low,
D004_4,C013964,4.015,11.6,Medium,
D004_4,C013972,5.34,15.4,Medium,
D004_4,C013975,2.628,7.6,Medium,
D004_4,C013989,3.999,14.8,High,
D004_4,C014035,4.773,11.0,Low,
D004_4,C014042,1.103,3.2,Medium,
D004_4,C014057,6.218,17.9,Medium,
D004_4,C014070,2.587,7.5,Medium,One-Way
D004_4,C014072,3.117,7.2,Low,No Heavy Trucks
D004_4,C014078,4.951,14.3,Medium,
D004_4,C014081,8.021,29.6,High,
D004_4,C014082,0.127,0.3,Low,
D004_4,C014145,4.396,10.1,Low,No Heavy Trucks
D004_4,C014161,1.635,4.7,Medium,
D004_4,C014169,9.613,27.7,Medium,
D004_4,C014186,6.564,18.9,Medium,
D004_4,C014191,6.784,19.6,Medium,
D004_4,C014196,7.417,21.4,Medium,
D004_4,C014206,4.3,9.9,Low,
D004_4,C014218,4.78,13.8,Medium,
D004_4,C014256,5.258,15.2,Medium,
D004_4,C014262,5.238,15.1,Medium,
D004_4,C014267,2.76,8.0,Medium,
D004_4,C014288,7.489,17.3,Low,No Heavy Trucks
D004_4,C014292,7.121,16.4,Low,
D004_4,C014305,3.736,10.8,Medium,
D004_4,C014307,6.682,15.4,Low,
D004_4,C014311,4.931,14.2,Medium,
D004_4,C014326,7.033,26.0,High,
D004_4,C014332,6.747,19.5,Medium,
D004_4,C014335,7.858,22.7,Medium,
D004_4,C014338,2.744,7.9,Medium,No Heavy Trucks
D004_4,C014352,4.719,10.9,Low,
D004_4,C014367,4.656,17.2,High,One-Way
D004_4,C014382,6.217,14.3,Low,
D004_4,C014384,7.42,17.1,Low,
D004_4,C014397,2.723,6.3,Low,
D004_4,C014402,5.331,12.3,Low,
D004_4,C014409,8.242,23.8,Medium,One-Way
D004_4,C014411,3.569,10.3,Medium,
D004_4,C014422,2.774,8.0,Medium,
D004_4,C014446,6.083,17.5,Medium,
D004_4,C014469,7.442,27.5,High,
D004_4,C014485,5.145,14.8,Medium,
D004_4,C014514,1.627,4.7,Medium,
D004_4,C014515,6.947,20.0,Medium,
D004_4,C014518,1.248,3.6,Medium,
D004_4,C014522,7.417,17.1,Low,
D004_4,C014525,4.008,9.2,Low,
D004_4,C014529,1.236,3.6,Medium,
D004_4,C014535,3.802,14.0,High,
D004_4,C014537,4.41,16.3,High,One-Way
D004_4,C014541,4.656,10.7,Low,
D004_4,C014542,9.424,21.7,Low,
D004_4,C014545,6.744,19.5,Medium,
D004_4,C014585,6.991,16.1,Low,
D004_4,C014597,4.445,10.3,Low,No Heavy Trucks
D004_4,C014602,7.285,16.8,Low,
D004_4,C014621,3.704,10.7,Medium,
D004_4,C014623,6.014,22.2,High,
D004_4,C014634,8.251,19.0,Low,
D004_4,C014636,8.561,19.8,Low,
D004_4,C014637,5.48,15.8,Medium,
D004_4,C014639,3.804,11.0,Medium,
D004_4,C014648,7.179,26.5,High,
D004_4,C014654,6.235,18.0,Medium,No Heavy Trucks
D004_4,C014663,7.199,26.6,High,
D004_4,C014664,2.89,8.3,Medium,
D004_4,C014669,9.055,33.4,High,
D004_4,C014681,1.3,3.7,Medium,One-Way
D004_4,C014688,7.836,18.1,Low,
D004_4,C014693,7.432,17.2,Low,
D004_4,C014710,9.81,28.3,Medium,No Heavy Trucks
D004_4,C014716,8.656,25.0,Medium,
D004_4,C014724,5.092,14.7,Medium,
D004_4,C014730,4.625,10.7,Low,
D004_4,C014733,4.148,12.0,Medium,
D004_4,C014751,6.962,16.1,Low,
D004_4,C014753,8.607,24.8,Medium,
D004_4,C014754,5.179,14.9,Medium,
D004_4,C014763,2.416,7.0,Medium,
D004_4,C014801,5.221,15.1,Medium,
D004_4,C014843,2.861,8.3,Medium,
D004_4,C014864,6.38,23.6,High,
D004_4,C014886,6.426,18.5,Medium,
D004_4,C014910,5.637,13.0,Low,No Heavy Trucks
D004_4,C014935,6.744,15.6,Low,
D004_4,C014942,7.192,20.7,Medium,
D004_4,C014948,2.665,7.7,Medium,One-Way
D004_4,C014950,1.176,2.7,Low,
D004_4,C014965,8.171,18.9,Low,
D004_4,C014970,3.671,8.5,Low,
D004_4,C014994,5.471,15.8,Medium,
D004_4,C014997,0.475,1.4,Medium,
D004_4,C015001,2.274,8.4,High,No Heavy Trucks
D004_4,C015009,3.021,11.2,High,
D004_4,C015012,6.305,23.3,High,
D004_4,C015025,7.351,17.0,Low,One-Way
D004_4,C015054,2.647,7.6,Medium,One-Way
D004_4,C015056,5.993,13.8,Low,
D004_4,C015058,5.976,13.8,Low,
D004_4,C015071,8.18,23.6,Medium,
D004_4,C015105,4.097,9.5,Low,
D004_4,C015113,5.077,14.6,Medium,
D004_4,C015122,5.655,16.3,Medium,
D004_4,C015136,3.632,10.5,Medium,
D004_4,C015139,4.641,10.7,Low,
D004_4,C015152,3.409,7.9,Low,
D004_4,C015172,2.981,8.6,Medium,No Heavy Trucks
D004_4,C015210,5.881,13.6,Low,
D004_4,C015212,3.468,12.8,High,
D004_4,C015213,3.769,10.9,Medium,
D004_4,C015222,6.6,15.2,Low,One-Way
D004_4,C015240,3.777,10.9,Medium,
D004_4,C015249,3.032,7.0,Low,
D004_4,C015251,7.116,20.5,Medium,
D004_4,C015262,3.688,10.6,Medium,No Heavy Trucks
D004_4,C015267,4.898,14.1,Medium,
D004_4,C015276,4.223,9.7,Low,
D004_4,C015321,5.55,16.0,Medium,
D004_4,C015347,4.754,11.0,Low,
D004_4,C015356,6.608,19.1,Medium,
D004_4,C015357,5.591,16.1,Medium,
D004_4,C015359,2.079,7.7,High,
D004_4,C015367,2.075,6.0,Medium,
D004_4,C015373,10.63,24.5,Low,
D004_4,C015384,5.11,14.7,Medium,
D004_4,C015412,3.596,10.4,Medium,One-Way
D004_4,C015423,5.687,16.4,Medium,
D004_4,C015431,5.288,12.2,Low,
D004_4,C015443,7.01,16.2,Low,
D004_4,C015477,5.15,14.9,Medium,No Heavy Trucks
D004_4,C015491,7.002,20.2,Medium,
D004_4,C015493,7.195,16.6,Low,One-Way
D004_4,C015496,7.22,16.7,Low,
D004_4,C015508,7.859,29.0,High,One-Way
D004_4,C015527,6.101,17.6,Medium,
D004_4,C015530,7.42,21.4,Medium,
D004_4,C015542,0.388,0.9,Low,No Heavy Trucks
D004_4,C015545,4.463,12.9,Medium,
D004_4,C015561,9.471,27.3,Medium,
D004_4,C015573,0.716,2.1,Medium,
D004_4,C015586,3.547,8.2,Low,
D004_4,C015592,4.541,10.5,Low,One-Way
D004_4,C015607,7.238,20.9,Medium,
D004_4,C015618,6.189,22.9,High,
D004_4,C015665,7.457,21.5,Medium,
D004_4,C015667,8.074,23.3,Medium,
D004_4,C015668,1.447,3.3,Low,
D004_4,C015673,7.242,16.7,Low,
D004_4,C015695,5.62,16.2,Medium,No Heavy Trucks
D004_4,C015711,4.392,12.7,Medium,
D004_4,C015729,1.374,4.0,Medium,
D004_4,C015735,6.935,20.0,Medium,
D004_4,C015746,8.007,23.1,Medium,
D004_4,C015768,2.923,8.4,Medium,
D004_4,C015773,1.685,3.9,Low,
D004_4,C015780,9.097,26.2,Medium,One-Way
D004_4,C015790,4.483,16.6,High,
D004_4,C015795,7.085,20.4,Medium,One-Way
D004_4,C015797,5.02,14.5,Medium,
D004_4,C015841,6.124,22.6,High,
D004_4,C015844,6.304,14.5,Low,
D004_4,C015858,5.257,12.1,Low,
D004_4,C015878,2.455,7.1,Medium,
D004_4,C015913,0.211,0.6,Medium,
D004_4,C015925,8.603,24.8,Medium,
D004_4,C015928,1.674,4.8,Medium,
D004_4,C015934,6.404,18.5,Medium,One-Way
D004_4,C015944,4.289,9.9,Low,
D004_4,C015950,5.983,13.8,Low,
D004_4,C015961,4.498,13.0,Medium,
D004_4,C015968,3.748,10.8,Medium,
D004_4,C015992,8.463,24.4,Medium,
D004_4,C016001,4.841,11.2,Low,
D004_4,C016005,7.3,16.8,Low,
D004_4,C016007,6.478,18.7,Medium,
D004_4,C016014,6.017,22.2,High,
D004_4,C016017,6.273,14.5,Low,
D004_4,C016044,5.227,15.1,Medium,
D004_4,C016053,3.806,8.8,Low,
D004_4,C016097,6.561,18.9,Medium,
D004_4,C016098,4.884,18.0,High,No Heavy Trucks
D004_4,C016105,6.33,23.4,High,No Heavy Trucks
D004_4,C016134,5.742,16.6,Medium,
D004_4,C016154,2.42,5.6,Low,
D004_4,C016157,4.138,9.5,Low,
D004_4,C016162,4.252,9.8,Low,One-Way
D004_4,C016167,4.28,9.9,Low,
D004_4,C016177,7.508,21.7,Medium,
D004_4,C016185,6.385,23.6,High,
D004_4,C016191,1.162,3.4,Medium,
D004_4,C016197,5.637,20.8,High,
D004_4,C016198,3.485,10.1,Medium,
D004_4,C016236,3.923,9.1,Low,
D004_4,C016237,3.997,9.2,Low,
D004_4,C016240,2.504,9.2,High,
D004_4,C016280,6.342,14.6,Low,
D004_4,C016292,4.932,11.4,Low,
D004_4,C016297,6.533,18.8,Medium,
D004_4,C016306,5.722,16.5,Medium,No Heavy Trucks
D004_4,C016311,4.932,14.2,Medium,
D004_4,C016325,2.109,6.1,Medium,No Heavy Trucks
D004_4,C016344,4.16,12.0,Medium,
D004_4,C016363,4.537,13.1,Medium,One-Way
D004_4,C016396,3.084,11.4,High,No Heavy Trucks
D004_4,C016404,2.136,4.9,Low,
D004_4,C016423,9.504,21.9,Low,
D004_4,C016424,3.099,7.2,Low,
D004_4,C016427,2.993,8.6,Medium,
D004_4,C016455,4.94,14.3,Medium,
D004_4,C016471,5.343,12.3,Low,One-Way
D004_4,C016486,9.643,22.3,Low,No Heavy Trucks
D004_4,C016498,3.992,9.2,Low,
D004_4,C016499,7.793,22.5,Medium,
D004_4,C016515,4.04,11.7,Medium,
D004_4,C016517,8.315,24.0,Medium,
D004_4,C016538,2.047,5.9,Medium,
D004_4,C016560,4.578,13.2,Medium,
D004_4,C016585,4.296,12.4,Medium,No Heavy Trucks
D004_4,C016586,8.282,23.9,Medium,
D004_4,C016606,4.935,11.4,Low,
D004_4,C016608,4.628,10.7,Low,
D004_4,C016635,3.978,11.5,Medium,
D004_4,C016636,5.473,15.8,Medium,
D004_4,C016642,7.846,22.6,Medium,
D004_4,C016644,5.537,16.0,Medium,
D004_4,C016659,3.434,9.9,Medium,No Heavy Trucks
D004_4,C016661,1.54,5.7,High,No Heavy Trucks
D004_4,C016665,7.087,16.4,Low,
D004_4,C016675,4.699,17.3,High,
D004_4,C016676,5.73,21.2,High,
D004_4,C016714,8.118,30.0,High,One-Way
D004_4,C016721,5.125,11.8,Low,No Heavy Trucks
D004_4,C016724,5.62,13.0,Low,
D004_4,C016726,1.788,5.2,Medium,
D004_4,C016729,1.851,5.3,Medium,
D004_4,C016744,4.561,13.2,Medium,
D004_4,C016757,2.137,7.9,High,
D004_4,C016762,8.543,24.6,Medium,
D004_4,C016764,9.606,22.2,Low,No Heavy Trucks
D004_4,C016765,4.504,16.6,High,
D004_4,C016766,2.276,8.4,High,
D004_4,C016778,5.033,18.6,High,One-Way
D004_4,C016793,4.054,11.7,Medium,
D004_4,C016795,7.145,20.6,Medium,
D004_4,C016809,0.764,1.8,Low,One-Way
D004_4,C016810,2.676,9.9,High,No Heavy Trucks
D004_4,C016842,0.313,0.9,Medium,
D004_4,C016857,6.077,14.0,Low,No Heavy Trucks
D004_4,C016861,2.134,7.9,High,
D004_4,C016875,7.714,22.3,Medium,
D004_4,C016880,9.125,33.7,High,
D004_4,C016894,9.284,26.8,Medium,
D004_4,C016896,5.218,15.1,Medium,No Heavy Trucks
D004_4,C016903,8.39,24.2,Medium,
D004_4,C016906,7.156,16.5,Low,
D004_4,C016931,4.949,11.4,Low,
D004_4,C016940,6.414,18.5,Medium,
D004_4,C016960,2.625,7.6,Medium,One-Way
D004_4,C016968,5.741,16.6,Medium,
D004_4,C016975,3.885,11.2,Medium,No Heavy Trucks
D004_4,C016976,4.065,9.4,Low,
D004_4,C016991,9.801,22.6,Low,No Heavy Trucks
D004_4,C016999,4.728,10.9,Low,
D004_4,C017007,7.582,21.9,Medium,One-Way
D004_4,C017014,6.481,18.7,Medium,
D004_4,C017018,4.466,12.9,Medium,No Heavy Trucks
D004_4,C017040,7.544,27.9,High,
D004_4,C017046,8.208,18.9,Low,
D004_4,C017048,7.755,22.4,Medium,
D004_4,C017057,6.53,18.8,Medium,
D004_4,C017058,7.196,20.8,Medium,
D004_4,C017066,3.664,10.6,Medium,No Heavy Trucks
D004_4,C017071,4.181,12.1,Medium,
D004_4,C017088,6.348,18.3,Medium,
D004_4,C017111,5.585,12.9,Low,
D004_4,C017119,1.167,3.4,Medium,One-Way
D004_4,C017121,8.669,20.0,Low,
D004_4,C017134,5.19,15.0,Medium,
D004_4,C017153,8.881,20.5,Low,
D004_4,C017162,6.908,25.5,High,
D004_4,C017178,3.656,10.5,Medium,
D004_4,C017192,4.675,10.8,Low,
D004_4,C017219,6.26,18.1,Medium,No Heavy Trucks
D004_4,C017228,1.928,4.4,Low,
D004_4,C017229,8.342,24.1,Medium,
D004_4,C017232,4.09,9.4,Low,
D004_4,C017233,8.904,25.7,Medium,
D004_4,C017271,6.891,25.4,High,
D004_4,C017277,6.803,15.7,Low,
D004_4,C017316,2.047,5.9,Medium,One-Way
D004_4,C017337,4.08,9.4,Low,
D004_4,C017339,9.082,21.0,Low,
D004_4,C017350,4.2,9.7,Low,
D004_4,C017375,9.851,22.7,Low,One-Way
D004_4,C017399,2.61,7.5,Medium,
D004_4,C017405,5.552,12.8,Low,No Heavy Trucks
D004_4,C017419,4.739,10.9,Low,
D004_4,C017429,5.094,14.7,Medium,
D004_4,C017437,3.255,12.0,High,
D004_4,C017467,9.693,28.0,Medium,
D004_4,C017477,8.612,31.8,High,
D004_4,C017485,3.373,9.7,Medium,No Heavy Trucks
D004_4,C017492,9.386,27.1,Medium,
D004_4,C017493,2.73,6.3,Low,
D004_4,C017501,7.597,17.5,Low,
D004_4,C017550,4.186,12.1,Medium,
D004_4,C017562,3.571,10.3,Medium,One-Way
D004_4,C017566,4.123,9.5,Low,
D004_4,C017571,2.38,5.5,Low,
D004_4,C017595,8.126,23.4,Medium,
D004_4,C017654,9.638,27.8,Medium,
D004_4,C017655,4.616,13.3,Medium,
D004_4,C017660,4.599,13.3,Medium,
D004_4,C017673,4.371,10.1,Low,
D004_4,C017705,6.178,17.8,Medium,
D004_4,C017775,9.925,36.6,High,
D004_4,C017780,6.114,17.6,Medium,No Heavy Trucks
D004_4,C017803,1.993,4.6,Low,
D004_4,C017805,2.054,4.7,Low,
D004_4,C017814,3.986,9.2,Low,
D004_4,C017820,4.95,14.3,Medium,
D004_4,C017825,8.013,23.1,Medium,No Heavy Trucks
D004_4,C017843,3.908,9.0,Low,
D004_4,C017845,2.711,6.3,Low,No Heavy Trucks
D004_4,C017850,6.578,19.0,Medium,
D004_4,C017851,8.848,32.7,High,
D004_4,C017856,4.071,15.0,High,One-Way
D004_4,C017884,6.712,15.5,Low,
D004_4,C017890,5.987,17.3,Medium,
D004_4,C017909,4.469,12.9,Medium,
D004_4,C017917,8.262,23.8,Medium,One-Way
D004_4,C017922,3.303,7.6,Low,
D004_4,C017944,8.69,20.1,Low,
D004_4,C017946,4.636,10.7,Low,
D004_4,C017952,6.704,24.8,High,
D004_4,C017971,5.87,21.7,High,
D004_4,C017983,8.456,24.4,Medium,
D004_4,C017985,3.526,8.1,Low,
D004_4,C018023,4.93,14.2,Medium,
D004_4,C018033,7.166,20.7,Medium,
D004_4,C018048,9.686,35.8,High,
D004_4,C018051,6.731,19.4,Medium,
D004_4,C018054,10.765,31.1,Medium,
D004_4,C018067,3.395,7.8,Low,
D004_4,C018098,7.773,22.4,Medium,One-Way
D004_4,C018100,5.973,17.2,Medium,
D004_4,C018102,2.867,8.3,Medium,
D004_4,C018124,7.422,27.4,High,One-Way
D004_4,C018136,6.909,19.9,Medium,
D004_4,C018138,7.741,17.9,Low,
D004_4,C018156,3.435,7.9,Low,One-Way
D004_4,C018172,6.542,15.1,Low,
D004_4,C018178,4.935,14.2,Medium,
D004_4,C018207,5.015,14.5,Medium,
D004_4,C018214,6.077,22.4,High,
D004_4,C018246,5.11,14.7,Medium,
D004_4,C018250,8.798,20.3,Low,
D004_4,C018260,3.548,8.2,Low,One-Way
D004_4,C018272,5.419,12.5,Low,
D004_4,C018304,5.756,21.3,High,
D004_4,C018307,7.183,16.6,Low,
D004_4,C018318,1.46,3.4,Low,No Heavy Trucks
D004_4,C018324,9.844,22.7,Low,
D004_4,C018364,8.821,25.4,Medium,One-Way
D004_4,C018366,4.078,9.4,Low,
D004_4,C018380,7.171,16.5,Low,
D004_4,C018384,6.032,13.9,Low,No Heavy Trucks
D004_4,C018385,1.91,4.4,Low,
D004_4,C018394,6.219,23.0,High,No Heavy Trucks
D004_4,C018398,4.043,9.3,Low,
D004_4,C018402,8.014,23.1,Medium,
D004_4,C018403,7.064,20.4,Medium,
D004_4,C018407,2.848,6.6,Low,
D004_4,C018408,4.707,10.9,Low,
D004_4,C018410,5.85,16.9,Medium,
D004_4,C018411,6.408,14.8,Low,
D004_4,C018425,6.585,19.0,Medium,
D004_4,C018428,9.315,21.5,Low,
D004_4,C018444,7.45,17.2,Low,One-Way
D004_4,C018495,2.692,7.8,Medium,
D004_4,C018504,5.036,14.5,Medium,
D004_4,C018508,7.576,17.5,Low,
D004_4,C018532,2.84,8.2,Medium,
D004_4,C018568,5.755,21.2,High,
D004_4,C018642,6.869,19.8,Medium,
D004_4,C018654,4.966,14.3,Medium,
D004_4,C018657,7.888,29.1,High,One-Way
D004_4,C018664,7.929,29.3,High,
D004_4,C018668,6.653,24.6,High,
D004_4,C018712,5.64,16.3,Medium,
D004_4,C018721,2.014,4.6,Low,
D004_4,C018729,5.354,15.4,Medium,
D004_4,C018733,6.799,15.7,Low,
D004_4,C018747,1.66,3.8,Low,
D004_4,C018753,5.181,12.0,Low,
D004_4,C018756,2.467,7.1,Medium,
D004_4,C018758,1.896,5.5,Medium,
D004_4,C018761,2.447,7.1,Medium,
D004_4,C018780,0.654,1.9,Medium,
D004_4,C018791,2.22,8.2,High,
D004_4,C018808,7.753,28.6,High,
D004_4,C018829,8.632,19.9,Low,
D004_4,C018844,2.561,9.5,High,
D004_4,C018846,4.669,13.5,Medium,
D004_4,C018869,2.75,6.3,Low,
D004_4,C018901,2.705,7.8,Medium,
D004_4,C018905,7.512,21.7,Medium,
D004_4,C018910,3.293,7.6,Low,
D004_4,C018913,6.587,15.2,Low,No Heavy Trucks
D004_4,C018921,1.323,3.8,Medium,No Heavy Trucks
D004_4,C018922,2.719,7.8,Medium,One-Way
D004_4,C018934,9.576,27.6,Medium,No Heavy Trucks
D004_4,C018953,2.698,7.8,Medium,
D004_4,C018962,1.979,7.3,High,
D004_4,C018976,7.62,17.6,Low,One-Way
D004_4,C018980,7.785,18.0,Low,
D004_4,C018990,6.446,18.6,Medium,
D004_4,C018992,5.042,11.6,Low,
D004_4,C018994,5.862,16.9,Medium,
D004_4,C019038,5.742,13.3,Low,
D004_4,C019076,3.524,10.2,Medium,
D004_4,C019078,7.506,17.3,Low,
D004_4,C019083,2.982,6.9,Low,
D004_4,C019102,3.147,9.1,Medium,One-Way
D004_4,C019123,4.874,18.0,High,
D004_4,C019147,3.798,8.8,Low,One-Way
D004_4,C019155,10.224,29.5,Medium,No Heavy Trucks
D004_4,C019156,7.704,22.2,Medium,
D004_4,C019172,2.778,6.4,Low,
D004_4,C019204,5.309,12.3,Low,
D004_4,C019206,3.114,7.2,Low,
D004_4,C019211,5.498,12.7,Low,
D004_4,C019214,8.66,20.0,Low,No Heavy Trucks
D004_4,C019225,1.163,3.4,Medium,
D004_4,C019241,8.17,18.9,Low,
D004_4,C019243,7.494,21.6,Medium,
D004_4,C019247,4.969,18.3,High,
D004_4,C019260,6.43,18.5,Medium,
D004_4,C019261,6.399,18.5,Medium,One-Way
D004_4,C019284,3.004,11.1,High,No Heavy Trucks
D004_4,C019288,2.211,5.1,Low,
D004_4,C019290,4.405,12.7,Medium,
D004_4,C019309,0.751,1.7,Low,
D004_4,C019318,3.561,8.2,Low,
D004_4,C019321,6.359,14.7,Low,No Heavy Trucks
D004_4,C019343,6.61,19.1,Medium,
D004_4,C019357,3.819,8.8,Low,
D004_4,C019390,8.55,24.7,Medium,
D004_4,C019397,2.666,6.2,Low,No Heavy Trucks
D004_4,C019408,7.809,18.0,Low,
D004_4,C019409,5.577,20.6,High,
D004_4,C019425,3.252,12.0,High,
D004_4,C019434,6.931,16.0,Low,One-Way
D004_4,C019436,2.059,4.8,Low,
D004_4,C019460,6.182,17.8,Medium,
D004_4,C019462,8.93,20.6,Low,No Heavy Trucks
D004_4,C019465,4.816,13.9,Medium,
D004_4,C019467,8.376,19.3,Low,One-Way
D004_4,C019482,3.425,9.9,Medium,
D004_4,C019499,7.23,20.9,Medium,No Heavy Trucks
D004_4,C019504,7.101,20.5,Medium,
D004_4,C019506,3.216,9.3,Medium,One-Way
D004_4,C019513,2.777,8.0,Medium,
D004_4,C019524,3.573,8.2,Low,
D004_4,C019538,2.553,7.4,Medium,
D004_4,C019551,4.872,18.0,High,
D004_4,C019563,9.013,20.8,Low,
D004_4,C019567,3.636,8.4,Low,
D004_4,C019568,6.41,14.8,Low,
D004_4,C019578,7.986,23.0,Medium,
D004_4,C019582,3.722,8.6,Low,
D004_4,C019585,4.993,14.4,Medium,
D004_4,C019588,8.055,23.2,Medium,
D004_4,C019610,5.487,12.7,Low,
D004_4,C019620,2.766,6.4,Low,
D004_4,C019643,4.84,11.2,Low,
D004_4,C019690,5.28,15.2,Medium,
D004_4,C019720,6.513,15.0,Low,
D004_4,C019727,3.302,7.6,Low,
D004_4,C019741,3.265,9.4,Medium,
D004_4,C019749,6.166,17.8,Medium,
D004_4,C019770,9.087,26.2,Medium,
D004_4,C019772,4.741,17.5,High,
D004_4,C019779,6.931,25.6,High,
D004_4,C019785,3.028,7.0,Low,
D004_4,C019801,6.155,17.8,Medium,
D004_4,C019806,2.3,6.6,Medium,
D004_4,C019819,1.418,4.1,Medium,
D004_4,C019844,3.964,11.4,Medium,
D004_4,C019849,7.389,17.1,Low,
D004_4,C019853,8.352,24.1,Medium,
D004_4,C019859,5.677,13.1,Low,
D004_4,C019868,5.448,20.1,High,
D004_4,C019900,3.298,7.6,Low,
D004_4,C019916,7.371,21.3,Medium,
D004_4,C019919,5.803,21.4,High,
D004_4,C019929,1.725,5.0,Medium,
D004_4,C019932,3.128,9.0,Medium,One-Way
D004_4,C019935,4.66,17.2,High,
D004_4,C019989,7.976,18.4,Low,No Heavy Trucks
D004_4,C020014,9.203,26.5,Medium,No Heavy Trucks
D004_4,C020037,3.531,13.0,High,One-Way
D004_4,C020039,1.131,2.6,Low,
D004_4,C020044,2.454,5.7,Low,No Heavy Trucks
D004_4,C020048,7.544,21.8,Medium,
D004_4,C020068,5.358,15.5,Medium,
D004_4,C020069,6.958,20.1,Medium,
D004_4,C020077,6.649,15.3,Low,No Heavy Trucks
D004_4,C020080,5.65,13.0,Low,
D004_4,C020093,0.775,2.9,High,
D004_4,C020095,4.789,11.1,Low,
D004_4,C020105,3.204,9.2,Medium,
D004_4,C020111,3.836,8.9,Low,
D004_4,C020115,5.601,16.2,Medium,
D004_4,C020145,4.566,10.5,Low,
D004_4,C020149,6.015,22.2,High,
D004_4,C020159,4.335,12.5,Medium,One-Way
D004_4,C020177,6.641,19.2,Medium,
D004_4,C020205,7.686,22.2,Medium,
D004_4,C020217,7.029,26.0,High,
D004_4,C020231,5.479,15.8,Medium,
D004_4,C020233,6.498,24.0,High,No Heavy Trucks
D004_4,C020243,3.181,9.2,Medium,
D004_4,C020245,6.647,15.3,Low,
D004_4,C020246,6.093,22.5,High,
D004_4,C020250,4.316,12.4,Medium,
D004_4,C020253,9.223,21.3,Low,
D004_4,C020275,3.485,10.1,Medium,
D004_4,C020289,2.612,6.0,Low,
D004_4,C020335,0.333,0.8,Low,
D004_4,C020345,6.087,14.0,Low,
D004_4,C020361,5.232,12.1,Low,No Heavy Trucks
D004_4,C020364,5.197,12.0,Low,
D004_4,C020370,7.345,27.1,High,
D004_4,C020438,6.65,24.6,High,
D004_4,C020463,6.375,23.5,High,One-Way
D004_4,C020512,8.486,24.5,Medium,
D004_4,C020532,5.821,21.5,High,No Heavy Trucks
D004_4,C020543,2.33,5.4,Low,
D004_4,C020548,7.626,22.0,Medium,
D004_4,C020563,2.245,8.3,High,No Heavy Trucks
D004_4,C020565,6.001,17.3,Medium,
D004_4,C020610,8.029,23.2,Medium,
D004_4,C020613,10.821,31.2,Medium,
D004_4,C020618,3.88,9.0,Low,
D004_4,C020632,8.893,25.7,Medium,
D004_4,C020659,2.908,8.4,Medium,
D004_4,C020676,4.255,12.3,Medium,No Heavy Trucks
D004_4,C020706,9.232,26.6,Medium,
D004_4,C020726,9.01,20.8,Low,
D004_4,C020777,6.156,14.2,Low,
D004_4,C020833,6.529,15.1,Low,
D004_4,C020845,6.867,25.4,High,No Heavy Trucks
D004_4,C020852,2.72,7.8,Medium,
D004_4,C020853,5.699,16.4,Medium,
D004_4,C020866,6.539,18.9,Medium,
D004_4,C020877,5.613,16.2,Medium,
D004_4,C020878,4.53,13.1,Medium,
D004_4,C020906,3.589,10.4,Medium,
D004_4,C020908,4.574,16.9,High,
D004_4,C020911,4.472,12.9,Medium,One-Way
D004_4,C020912,1.917,5.5,Medium,
D004_4,C020919,2.155,6.2,Medium,
D004_4,C020933,7.166,20.7,Medium,
D004_4,C020961,3.723,8.6,Low,
D004_4,C020976,7.7,17.8,Low,
D004_4,C020981,4.637,17.1,High,
D004_4,C020994,3.584,8.3,Low,
D004_4,C021004,8.066,23.3,Medium,
D004_4,C021005,8.646,24.9,Medium,
D004_4,C021027,3.521,10.2,Medium,
D004_4,C021040,2.582,7.4,Medium,No Heavy Trucks
D004_4,C021051,2.365,6.8,Medium,
D004_4,C021070,4.527,13.1,Medium,
D004_4,C021082,9.218,26.6,Medium,
D004_4,C021085,5.934,13.7,Low,
D004_4,C021112,7.19,20.7,Medium,
D004_4,C021113,6.231,18.0,Medium,
D004_4,C021164,6.857,19.8,Medium,
D004_4,C021169,2.589,7.5,Medium,
D004_4,C021173,3.906,9.0,Low,
D004_4,C021232,2.434,7.0,Medium,
D004_4,C021236,5.15,19.0,High,
D004_4,C021246,5.962,17.2,Medium,
D004_4,C021259,6.864,19.8,Medium,One-Way
D004_4,C021264,4.81,13.9,Medium,One-Way
D004_4,C021299,4.042,14.9,High,No Heavy Trucks
D004_4,C021301,4.439,10.2,Low,
D004_4,C021307,3.458,10.0,Medium,
D004_4,C021312,4.52,16.7,High,
D004_4,C021345,6.489,15.0,Low,
D004_4,C021352,1.722,5.0,Medium,
D004_4,C021355,7.567,21.8,Medium,
D004_4,C021356,1.203,3.5,Medium,
D004_4,C021359,6.266,18.1,Medium,
D004_4,C021390,2.372,6.8,Medium,
D004_4,C021396,3.821,8.8,Low,No Heavy Trucks
D004_4,C021404,3.21,9.3,Medium,
D004_4,C021405,3.445,12.7,High,No Heavy Trucks
D004_4,C021417,8.668,25.0,Medium,
D004_4,C021437,5.743,21.2,High,
D004_4,C021442,5.94,17.1,Medium,
D004_4,C021456,3.112,11.5,High,
D004_4,C021481,5.105,14.7,Medium,
D004_4,C021488,7.118,16.4,Low,
D004_4,C021493,5.974,13.8,Low,
D004_4,C021500,6.264,14.5,Low,
D004_4,C021501,6.992,16.1,Low,One-Way
D004_4,C021510,5.124,11.8,Low,
D004_4,C021522,8.549,24.7,Medium,
D004_4,C021523,6.165,22.8,High,
D004_4,C021528,1.376,3.2,Low,
D004_4,C021573,6.363,18.4,Medium,
D004_4,C021578,4.731,10.9,Low,
D004_4,C021591,6.879,25.4,High,
D004_4,C021606,5.282,12.2,Low,No Heavy Trucks
D004_4,C021617,4.887,11.3,Low,
D004_4,C021621,2.268,5.2,Low,One-Way
D004_4,C021642,2.19,6.3,Medium,
D004_4,C021654,2.887,6.7,Low,
D004_4,C021666,6.225,18.0,Medium,One-Way
D004_4,C021680,1.704,4.9,Medium,
D004_4,C021696,2.572,7.4,Medium,
D004_4,C021777,6.827,15.8,Low,
D004_4,C021828,8.556,31.6,High,
D004_4,C021835,1.485,4.3,Medium,
D004_4,C021851,8.216,23.7,Medium,
D004_4,C021867,7.464,17.2,Low,
D004_4,C021873,7.197,20.8,Medium,
D004_4,C021874,5.494,15.8,Medium,
D004_4,C021882,2.441,5.6,Low,
D004_4,C021951,6.452,18.6,Medium,
D004_4,C021970,7.928,18.3,Low,
D004_4,C021975,4.595,10.6,Low,
D004_4,C022023,4.803,11.1,Low,
D004_4,C022049,5.845,13.5,Low,
D004_4,C022056,8.574,24.7,Medium,
D004_4,C022067,8.773,25.3,Medium,
D004_4,C022077,4.014,9.3,Low,One-Way
D004_4,C022090,3.126,9.0,Medium,
D004_4,C022111,6.643,19.2,Medium,One-Way
D004_4,C022128,2.756,10.2,High,
D004_4,C022136,2.444,7.0,Medium,
D004_4,C022189,7.454,27.5,High,One-Way
D004_4,C022253,4.337,12.5,Medium,No Heavy Trucks
D004_4,C022257,5.063,18.7,High,
D004_4,C022278,1.734,4.0,Low,
D004_4,C022314,4.572,13.2,Medium,
D004_4,C022320,2.618,6.0,Low,
D004_4,C022333,6.688,19.3,Medium,
D004_4,C022350,8.41,24.3,Medium,
D004_4,C022355,2.352,5.4,Low,No Heavy Trucks
D004_4,C022358,7.242,16.7,Low,
D004_4,C022365,6.194,14.3,Low,
D004_4,C022376,4.466,12.9,Medium,
D004_4,C022377,5.979,17.2,Medium,
D004_4,C022382,5.204,15.0,Medium,
D004_4,C022399,6.869,25.4,High,
D004_4,C022415,4.104,9.5,Low,
D004_4,C022449,7.114,20.5,Medium,
D004_4,C022474,3.927,11.3,Medium,
D004_4,C022488,3.465,10.0,Medium,
D004_4,C022511,6.521,18.8,Medium,
D004_4,C022525,4.574,10.6,Low,
D004_4,C022528,4.008,11.6,Medium,
D004_4,C022544,2.019,7.5,High,
D004_4,C022552,6.936,16.0,Low,
D004_4,C022556,4.509,13.0,Medium,
D004_4,C022561,3.715,10.7,Medium,
D004_4,C022574,0.969,2.2,Low,
D004_4,C022607,5.573,16.1,Medium,
D004_4,C022620,5.093,14.7,Medium,
D004_4,C022626,5.385,12.4,Low,
D004_4,C022636,8.542,24.6,Medium,
D004_4,C022644,4.62,17.1,High,
D004_4,C022647,5.112,14.7,Medium,
D004_4,C022648,5.093,11.8,Low,
D004_4,C022668,4.085,11.8,Medium,
D004_4,C022671,9.644,27.8,Medium,One-Way
D004_4,C022678,5.885,17.0,Medium,
D004_4,C022717,4.916,14.2,Medium,One-Way
D004_4,C022718,5.843,21.6,High,
D004_4,C022738,8.542,19.7,Low,
D004_4,C022749,4.129,11.9,Medium,
D004_4,C022771,2.564,7.4,Medium,
D004_4,C022780,7.064,16.3,Low,
D004_4,C022805,6.392,14.8,Low,
D004_4,C022809,6.518,18.8,Medium,
D004_4,C022814,5.947,13.7,Low,
D004_4,C022816,7.216,16.7,Low,
D004_4,C022823,6.559,18.9,Medium,
D004_4,C022824,3.484,12.9,High,No Heavy Trucks
D004_4,C022852,3.959,14.6,High,
D004_4,C022874,3.709,10.7,Medium,One-Way
D004_4,C022880,3.752,8.7,Low,
D004_4,C022910,5.09,14.7,Medium,
D004_4,C022933,4.755,11.0,Low,
D004_4,C022934,5.024,11.6,Low,No Heavy Trucks
D004_4,C022935,5.543,16.0,Medium,
D004_4,C022945,3.895,9.0,Low,
D004_4,C022948,6.189,14.3,Low,
D004_4,C022970,4.329,10.0,Low,
D004_4,C022975,6.766,15.6,Low,
D004_4,C022979,4.791,11.1,Low,
D004_4,C022989,6.343,18.3,Medium,
D004_4,C023003,8.566,19.8,Low,
D004_4,C023014,5.729,16.5,Medium,One-Way
D004_4,C023016,6.479,18.7,Medium,One-Way
D004_4,C023032,4.109,11.9,Medium,
D004_4,C023035,9.184,26.5,Medium,
D004_4,C023064,3.818,11.0,Medium,
D004_4,C023069,4.216,12.2,Medium,No Heavy Trucks
D004_4,C023070,4.316,12.5,Medium,
D004_4,C023074,0.663,1.9,Medium,
D004_4,C023102,2.226,5.1,Low,
D004_4,C023106,3.774,8.7,Low,
D004_4,C023123,6.459,18.6,Medium,
D004_4,C023129,4.16,15.4,High,
D004_4,C023133,4.995,11.5,Low,No Heavy Trucks
D004_4,C023140,6.929,20.0,Medium,
D004_4,C023153,7.529,21.7,Medium,
D004_4,C023175,1.651,3.8,Low,One-Way
D004_4,C023212,8.174,23.6,Medium,One-Way
D004_4,C023227,3.445,7.9,Low,
D004_4,C023281,2.057,5.9,Medium,No Heavy Trucks
D004_4,C023289,7.245,20.9,Medium,One-Way
D004_4,C023291,8.326,24.0,Medium,
D004_4,C023292,6.93,25.6,High,
D004_4,C023323,6.808,15.7,Low,One-Way
D004_4,C023331,3.683,10.6,Medium,
D004_4,C023339,7.028,20.3,Medium,
D004_4,C023351,2.883,8.3,Medium,One-Way
D004_4,C023365,4.549,16.8,High,
D004_4,C023398,8.455,24.4,Medium,
D004_4,C023404,5.098,11.8,Low,
D004_4,C023406,8.699,25.1,Medium,No Heavy Trucks
D004_4,C023428,1.985,5.7,Medium,
D004_4,C023433,6.558,15.1,Low,
D004_4,C023437,3.881,11.2,Medium,
D004_4,C023442,4.248,12.3,Medium,
D004_4,C023444,4.962,14.3,Medium,
D004_4,C023452,8.798,25.4,Medium,One-Way
D004_4,C023463,5.569,20.6,High,
D004_4,C023494,3.595,10.4,Medium,
D004_4,C023500,4.094,11.8,Medium,One-Way
D004_4,C023516,9.773,36.1,High,
D004_4,C023523,7.026,16.2,Low,No Heavy Trucks
D004_4,C023532,5.293,12.2,Low,
D004_4,C023533,4.855,17.9,High,
D004_4,C023568,4.641,10.7,Low,No Heavy Trucks
D004_4,C023580,5.404,20.0,High,
D004_4,C023581,6.626,19.1,Medium,
D004_4,C023593,7.296,21.0,Medium,
D004_4,C023603,2.402,5.5,Low,
D004_4,C023606,4.473,10.3,Low,
D004_4,C023616,6.394,14.8,Low,One-Way
D004_4,C023626,5.111,14.7,Medium,
D004_4,C023632,9.458,34.9,High,No Heavy Trucks
D004_4,C023654,1.432,5.3,High,
D004_4,C023660,5.971,17.2,Medium,
D004_4,C023705,6.283,18.1,Medium,No Heavy Trucks
D004_4,C023708,6.824,25.2,High,No Heavy Trucks
D004_4,C023712,6.666,19.2,Medium,
D004_4,C023740,2.336,6.7,Medium,
D004_4,C023755,7.049,26.0,High,
D004_4,C023771,6.512,18.8,Medium,
D004_4,C023791,4.835,11.2,Low,
D004_4,C023795,3.022,11.2,High,No Heavy Trucks
D004_4,C023800,3.904,14.4,High,
D004_4,C023830,6.207,17.9,Medium,
D004_4,C023833,6.834,15.8,Low,
D004_4,C023855,2.994,11.1,High,
D004_4,C023859,6.154,17.8,Medium,
D004_4,C023864,5.303,15.3,Medium,
D004_4,C023877,3.159,7.3,Low,
D004_4,C023921,6.972,20.1,Medium,
D004_4,C023935,2.297,5.3,Low,
D004_4,C023938,4.454,10.3,Low,
D004_4,C023955,7.076,20.4,Medium,
D004_4,C023971,2.69,7.8,Medium,No Heavy Trucks
D004_4,C023972,3.679,13.6,High,
D004_4,C023998,3.656,10.5,Medium,One-Way
D004_4,C024009,5.347,12.3,Low,
D004_4,C024041,4.13,15.2,High,No Heavy Trucks
D004_4,C024044,3.6,8.3,Low,
D004_4,C024046,6.521,18.8,Medium,
D004_4,C024072,7.215,20.8,Medium,No Heavy Trucks
D004_4,C024078,8.605,24.8,Medium,One-Way
D004_4,C024105,3.165,7.3,Low,
D004_4,C024113,7.411,17.1,Low,
D004_4,C024117,2.21,5.1,Low,
D004_4,C024123,7.436,21.5,Medium,
D004_4,C024128,5.199,15.0,Medium,
D004_4,C024131,3.207,9.3,Medium,
D004_4,C024135,4.848,14.0,Medium,
D004_4,C024179,4.067,11.7,Medium,
D004_4,C024183,7.168,16.5,Low,
D004_4,C024203,4.678,10.8,Low,
D004_4,C024204,3.417,7.9,Low,One-Way
D004_4,C024216,3.957,11.4,Medium,
D004_4,C024245,7.912,18.3,Low,
D004_4,C024283,7.264,21.0,Medium,
D004_4,C024303,0.635,1.5,Low,No Heavy Trucks
D004_4,C024309,4.287,12.4,Medium,
D004_4,C024327,4.194,12.1,Medium,
D004_4,C024344,4.162,12.0,Medium,One-Way
D004_4,C024349,5.559,12.8,Low,
D004_4,C024359,8.279,19.1,Low,
D004_4,C024367,7.232,20.9,Medium,No Heavy Trucks
D004_4,C024384,7.207,20.8,Medium,
D004_4,C024386,5.039,18.6,High,
D004_4,C024389,8.259,23.8,Medium,
D004_4,C024399,5.21,19.2,High,
D004_4,C024402,5.315,15.3,Medium,
D004_4,C024406,2.436,7.0,Medium,
D004_4,C024407,3.739,10.8,Medium,One-Way
D004_4,C024438,2.983,11.0,High,
D004_4,C024450,2.202,5.1,Low,
D004_4,C024455,7.079,20.4,Medium,
D004_4,C024461,3.715,8.6,Low,No Heavy Trucks
D004_4,C024463,6.617,19.1,Medium,One-Way
D004_4,C024465,3.246,7.5,Low,No Heavy Trucks
D004_4,C024470,2.353,6.8,Medium,
D004_4,C024486,3.592,8.3,Low,One-Way
D004_4,C024493,1.412,3.3,Low,
D004_4,C024496,4.055,11.7,Medium,
D004_4,C024504,2.28,6.6,Medium,
D004_4,C024513,5.546,16.0,Medium,
D004_4,C024516,4.118,11.9,Medium,One-Way
D004_4,C024526,7.483,21.6,Medium,
D004_4,C024548,8.015,29.6,High,
D004_4,C024573,3.538,8.2,Low,
D004_4,C024585,3.209,9.3,Medium,
D004_4,C024602,2.575,7.4,Medium,
D004_4,C024609,8.925,20.6,Low,One-Way
D004_4,C024612,6.523,18.8,Medium,One-Way
D004_4,C024630,8.523,31.5,High,
D004_4,C024632,6.771,19.5,Medium,
D004_4,C024643,6.549,15.1,Low,
D004_4,C024645,6.714,24.8,High,
D004_4,C024652,6.407,14.8,Low,
D004_4,C024662,3.893,11.2,Medium,
D004_4,C024683,4.634,10.7,Low,
D004_4,C024714,9.476,35.0,High,
D004_4,C024732,3.353,7.7,Low,
D004_4,C024770,4.375,10.1,Low,No Heavy Trucks
D004_4,C024772,10.055,23.2,Low,
D004_4,C024793,9.208,21.2,Low,
D004_4,C024833,8.591,31.7,High,
D004_4,C024846,6.359,18.3,Medium,
D004_4,C024879,5.528,12.8,Low,
D004_4,C024881,2.715,7.8,Medium,
D004_4,C024883,9.252,34.2,High,
D004_4,C024888,7.78,18.0,Low,No Heavy Trucks
D004_4,C024889,3.665,8.5,Low,
D004_4,C024911,9.031,26.0,Medium,No Heavy Trucks
D004_4,C024933,6.67,19.2,Medium,
D004_4,C024966,7.144,16.5,Low,
D004_4,C024983,5.101,14.7,Medium,
D004_4,C024992,1.929,5.6,Medium,One-Way
D004_4,C024994,6.032,17.4,Medium,
D004_4,C025003,7.591,17.5,Low,One-Way
D004_4,C025004,6.177,17.8,Medium,
D004_4,C025024,6.501,18.8,Medium,
D004_4,C025037,7.173,20.7,Medium,
D004_4,C025048,3.854,8.9,Low,
D004_4,C025050,5.743,16.6,Medium,
D004_4,C025062,4.328,10.0,Low,
D004_4,C025081,8.196,18.9,Low,
D004_4,C025105,4.945,11.4,Low,
D004_4,C025119,2.172,6.3,Medium,
D004_4,C025128,6.578,19.0,Medium,
D004_4,C025151,5.249,12.1,Low,
D004_4,C025171,8.345,24.1,Medium,
D004_4,C025186,6.524,15.1,Low,
D004_4,C025187,1.417,4.1,Medium,No Heavy Trucks
D004_4,C025193,2.849,8.2,Medium,
D004_4,C025196,7.175,20.7,Medium,
D004_4,C025214,5.501,15.9,Medium,No Heavy Trucks
D004_4,C025237,3.045,8.8,Medium,One-Way
D004_4,C025242,3.833,8.8,Low,One-Way
D004_4,C025248,4.774,11.0,Low,
D004_4,C025257,6.19,17.9,Medium,
D004_4,C025258,3.791,10.9,Medium,
D004_4,C025282,8.403,24.2,Medium,
D004_4,C025308,5.025,11.6,Low,
D004_4,C025311,4.839,17.9,High,
D004_4,C025312,5.542,16.0,Medium,
D004_4,C025313,8.141,30.1,High,
D004_4,C025323,2.488,5.7,Low,
D004_4,C025371,2.882,8.3,Medium,
D004_4,C025380,3.042,8.8,Medium,
D004_4,C025402,4.07,9.4,Low,One-Way
D004_4,C025404,3.463,10.0,Medium,
D004_4,C025445,7.001,20.2,Medium,
D004_4,C025457,1.805,5.2,Medium,One-Way
D004_4,C025459,7.802,22.5,Medium,
D004_4,C025466,6.825,19.7,Medium,
D004_4,C025496,3.849,11.1,Medium,No Heavy Trucks
D004_4,C025499,5.368,15.5,Medium,
D004_4,C025527,6.137,17.7,Medium,No Heavy Trucks
D004_4,C025532,3.926,11.3,Medium,
D004_4,C025573,4.882,14.1,Medium,
D004_4,C025589,3.599,10.4,Medium,
D004_4,C025607,6.492,15.0,Low,
D004_4,C025626,1.988,5.7,Medium,
D004_4,C025635,3.036,11.2,High,One-Way
D004_4,C025676,6.372,18.4,Medium,
D004_4,C025679,5.953,17.2,Medium,
D004_4,C025717,8.792,25.4,Medium,
D004_4,C025718,3.883,11.2,Medium,No Heavy Trucks
D004_4,C025741,5.268,12.2,Low,
D004_4,C025747,4.537,13.1,Medium,
D004_4,C025780,3.142,9.1,Medium,
D004_4,C025793,2.338,6.7,Medium,
D004_4,C025797,4.402,10.2,Low,
D004_4,C025798,2.204,6.4,Medium,
D004_4,C025803,4.521,13.0,Medium,
D004_4,C025810,5.739,13.2,Low,
D004_4,C025822,7.384,21.3,Medium,
D004_4,C025830,5.815,13.4,Low,
D004_4,C025831,8.287,23.9,Medium,
D004_4,C025836,5.299,19.6,High,
D004_4,C025853,9.913,22.9,Low,
D004_4,C025884,5.751,13.3,Low,No Heavy Trucks
D004_4,C025902,7.793,22.5,Medium,
D004_4,C025942,5.748,13.3,Low,
D004_4,C025985,1.343,3.1,Low,
D004_4,C025998,8.147,18.8,Low,
D004_4,C025999,6.158,22.7,High,
D004_4,C026008,7.539,21.7,Medium,
D004_4,C026009,6.769,15.6,Low,
D004_4,C026010,4.219,12.2,Medium,
D004_4,C026013,4.755,13.7,Medium,
D004_4,C026022,3.872,8.9,Low,No Heavy Trucks
D004_4,C026033,8.302,19.2,Low,
D004_4,C026037,1.452,4.2,Medium,
D004_4,C026048,6.536,18.9,Medium,
D004_4,C026049,1.628,4.7,Medium,
D004_4,C026052,4.814,11.1,Low,
D004_4,C026053,4.895,11.3,Low,
D004_4,C026058,6.171,17.8,Medium,
D004_4,C026061,6.082,14.0,Low,
D004_4,C026085,2.414,7.0,Medium,
D004_4,C026103,0.527,1.5,Medium,
D004_4,C026118,7.209,16.6,Low,
D004_4,C026130,4.117,11.9,Medium,
D004_4,C026145,4.887,14.1,Medium,No Heavy Trucks
D004_4,C026149,6.369,18.4,Medium,One-Way
D004_4,C026155,3.243,9.4,Medium,
D004_4,C026164,3.411,7.9,Low,
D004_4,C026192,2.862,8.3,Medium,
D004_4,C026202,4.244,9.8,Low,
D004_4,C026235,4.766,17.6,High,One-Way
D004_4,C026257,4.419,16.3,High,
D004_4,C026270,8.277,19.1,Low,
D004_4,C026273,2.121,6.1,Medium,
D004_4,C026278,3.068,8.9,Medium,
D004_4,C026283,3.91,11.3,Medium,One-Way
D004_4,C026286,9.331,21.5,Low,
D004_4,C026301,7.489,27.7,High,
D004_4,C026335,5.319,15.3,Medium,
D004_4,C026342,5.115,14.8,Medium,
D004_4,C026355,5.362,15.5,Medium,
D004_4,C026358,5.729,16.5,Medium,
D004_4,C026373,5.353,12.4,Low,
D004_4,C026394,5.043,14.5,Medium,
D004_4,C026441,8.568,24.7,Medium,
D004_4,C026444,3.355,9.7,Medium,
D004_4,C026448,3.248,7.5,Low,
D004_4,C026454,6.761,25.0,High,
D004_4,C026462,2.908,8.4,Medium,
D004_4,C026468,3.358,9.7,Medium,
D004_4,C026470,4.757,11.0,Low,
D004_4,C026502,2.193,5.1,Low,One-Way
D004_4,C026526,6.017,13.9,Low,
D004_4,C026528,6.608,15.2,Low,
D004_4,C026529,8.676,25.0,Medium,
D004_4,C026533,3.445,9.9,Medium,
D004_4,C026559,5.795,21.4,High,
D004_4,C026562,5.648,16.3,Medium,
D004_4,C026569,4.706,13.6,Medium,
D004_4,C026592,5.527,15.9,Medium,
D004_4,C026602,8.003,23.1,Medium,
D004_4,C026609,2.866,10.6,High,
D004_4,C026613,1.344,3.9,Medium,
D004_4,C026621,2.941,6.8,Low,
D004_4,C026634,3.061,7.1,Low,No Heavy Trucks
D004_4,C026671,5.466,12.6,Low,
D004_4,C026691,2.685,6.2,Low,
D004_4,C026698,7.182,20.7,Medium,
D004_4,C026703,5.764,16.6,Medium,
D004_4,C026706,6.393,14.8,Low,
D004_4,C026713,8.958,25.8,Medium,
D004_4,C026723,5.109,14.7,Medium,
D004_4,C026748,6.298,14.5,Low,
D004_4,C026773,3.181,9.2,Medium,No Heavy Trucks
D004_4,C026777,3.969,9.2,Low,
D004_4,C026788,5.446,20.1,High,No Heavy Trucks
D004_4,C026798,6.215,17.9,Medium,
D004_4,C026815,7.349,21.2,Medium,
D004_4,C026830,8.433,24.3,Medium,
D004_4,C026839,6.341,14.6,Low,
D004_4,C026852,0.913,3.4,High,
D004_4,C026855,8.314,19.2,Low,One-Way
D004_4,C026866,6.489,24.0,High,
D004_4,C026884,8.536,24.6,Medium,
D004_4,C026885,1.269,2.9,Low,
D004_4,C026892,3.388,7.8,Low,
D004_4,C026900,9.419,21.7,Low,
D004_4,C026917,5.396,15.6,Medium,
D004_4,C026930,4.098,15.1,High,
D004_4,C026940,5.469,12.6,Low,
D004_4,C026957,4.752,11.0,Low,
D004_4,C026959,4.363,10.1,Low,
D004_4,C026962,4.737,13.7,Medium,
D004_4,C026974,1.155,3.3,Medium,
D004_4,C026996,3.492,12.9,High,
D004_4,C027023,6.622,24.4,High,No Heavy Trucks
D004_4,C027048,5.835,21.5,High,No Heavy Trucks
D004_4,C027057,4.079,11.8,Medium,No Heavy Trucks
D004_4,C027062,6.716,15.5,Low,One-Way
D004_4,C027070,7.31,21.1,Medium,One-Way
D004_4,C027085,4.182,12.1,Medium,
D004_4,C027108,6.543,24.2,High,
D004_4,C027146,8.484,31.3,High,
D004_4,C027190,4.526,10.4,Low,
D004_4,C027196,5.427,15.7,Medium,
D004_4,C027198,3.876,11.2,Medium,
D004_4,C027204,3.58,10.3,Medium,
D004_4,C027206,1.855,5.4,Medium,
D004_4,C027221,10.409,30.0,Medium,
D004_4,C027264,6.92,25.6,High,No Heavy Trucks
D004_4,C027269,2.676,6.2,Low,
D004_4,C027280,5.626,13.0,Low,
D004_4,C027286,5.22,12.0,Low,
D004_4,C027293,7.687,22.2,Medium,No Heavy Trucks
D004_4,C027314,5.937,17.1,Medium,One-Way
D004_4,C027324,3.775,8.7,Low,No Heavy Trucks
D004_4,C027334,6.585,19.0,Medium,
D004_4,C027338,7.829,22.6,Medium,
D004_4,C027344,7.002,16.2,Low,One-Way
D004_4,C027359,1.0,2.9,Medium,
D004_4,C027367,7.616,22.0,Medium,
D004_4,C027376,4.96,14.3,Medium,
D004_4,C027378,6.691,24.7,High,
D004_4,C027420,4.111,15.2,High,
D004_4,C027449,6.649,19.2,Medium,
D004_4,C027467,7.914,22.8,Medium,
D004_4,C027474,2.603,6.0,Low,
D004_4,C027501,5.225,12.1,Low,
D004_4,C027523,2.765,8.0,Medium,
D004_4,C027530,7.914,22.8,Medium,
D004_4,C027533,4.879,11.3,Low,
D004_4,C027536,8.73,25.2,Medium,
D004_4,C027578,7.593,21.9,Medium,One-Way
D004_4,C027582,8.401,24.2,Medium,One-Way
D004_4,C027591,3.479,10.0,Medium,
D004_4,C027605,6.918,16.0,Low,One-Way
D004_4,C027635,6.123,14.1,Low,
D004_4,C027639,4.199,12.1,Medium,One-Way
D004_4,C027641,4.316,10.0,Low,
D004_4,C027644,1.577,4.5,Medium,
D004_4,C027656,6.917,16.0,Low,No Heavy Trucks
D004_4,C027668,1.824,5.3,Medium,
D004_4,C027674,5.485,20.3,High,
D004_4,C027681,7.344,21.2,Medium,
D004_4,C027692,3.664,10.6,Medium,
D004_4,C027694,6.646,19.2,Medium,
D004_4,C027731,8.734,20.2,Low,
D004_4,C027745,3.126,11.5,High,
D004_4,C027762,7.755,17.9,Low,
D004_4,C027763,3.867,8.9,Low,
D004_4,C027766,9.069,26.2,Medium,
D004_4,C027795,3.927,9.1,Low,
D004_4,C027820,3.898,11.2,Medium,
D004_4,C027847,8.931,20.6,Low,
D004_4,C027848,7.141,20.6,Medium,One-Way
D004_4,C027851,6.121,17.7,Medium,
D004_4,C027856,2.206,6.4,Medium,
D004_4,C027875,4.746,17.5,High,
D004_4,C027876,6.075,14.0,Low,
D004_4,C027882,3.26,7.5,Low,No Heavy Trucks
D004_4,C027886,5.017,14.5,Medium,
D004_4,C027897,5.681,21.0,High,
D004_4,C027931,7.145,16.5,Low,One-Way
D004_4,C027936,6.48,18.7,Medium,
D004_4,C027962,4.315,12.4,Medium,One-Way
D004_4,C027971,1.233,2.8,Low,
D004_4,C028030,1.825,4.2,Low,
D004_4,C028033,6.518,15.0,Low,
D004_4,C028056,7.657,17.7,Low,One-Way
D004_4,C028112,4.561,13.2,Medium,One-Way
D004_4,C028155,2.362,5.5,Low,
D004_4,C028156,3.36,7.8,Low,
D004_4,C028171,7.093,16.4,Low,
D004_4,C028172,8.214,19.0,Low,
D004_4,C028187,4.604,13.3,Medium,One-Way
D004_4,C028191,5.384,12.4,Low,
D004_4,C028220,4.413,10.2,Low,No Heavy Trucks
D004_4,C028223,2.713,6.3,Low,
D004_4,C028233,4.972,14.3,Medium,
D004_4,C028236,5.896,17.0,Medium,
D004_4,C028239,2.631,9.7,High,
D004_4,C028266,2.956,10.9,High,No Heavy Trucks
D004_4,C028280,1.154,3.3,Medium,
D004_4,C028281,6.88,15.9,Low,
D004_4,C028306,4.064,9.4,Low,No Heavy Trucks
D004_4,C028329,6.738,19.4,Medium,
D004_4,C028341,7.522,21.7,Medium,
D004_4,C028345,7.615,22.0,Medium,One-Way
D004_4,C028369,3.974,11.5,Medium,
D004_4,C028380,4.386,16.2,High,
D004_4,C028393,2.175,6.3,Medium,
D004_4,C028403,3.78,10.9,Medium,
D004_4,C028413,7.275,21.0,Medium,No Heavy Trucks
D004_4,C028416,5.583,12.9,Low,
D004_4,C028431,5.729,21.2,High,
D004_4,C028433,10.084,29.1,Medium,No Heavy Trucks
D004_4,C028436,8.78,20.3,Low,No Heavy Trucks
D004_4,C028440,8.703,25.1,Medium,
D004_4,C028447,8.251,23.8,Medium,
D004_4,C028469,2.634,7.6,Medium,
D004_4,C028470,5.783,16.7,Medium,
D004_4,C028483,5.26,15.2,Medium,
D004_4,C028488,6.525,15.1,Low,No Heavy Trucks
D004_4,C028490,1.61,3.7,Low,
D004_4,C028492,3.551,10.2,Medium,
D004_4,C028530,2.8,6.5,Low,
D004_4,C028536,3.802,11.0,Medium,
D004_4,C028540,5.705,16.5,Medium,
D004_4,C028556,4.875,14.1,Medium,
D004_4,C028563,4.744,13.7,Medium,
D004_4,C028578,8.758,20.2,Low,
D004_4,C028581,4.506,13.0,Medium,
D004_4,C028587,4.045,11.7,Medium,
D004_4,C028590,6.372,18.4,Medium,
D004_4,C028596,0.416,1.2,Medium,
D004_4,C028604,1.794,5.2,Medium,
D004_4,C028614,5.743,13.3,Low,No Heavy Trucks
D004_4,C028617,8.722,20.1,Low,
D004_4,C028626,7.235,20.9,Medium,
D004_4,C028630,4.893,11.3,Low,One-Way
D004_4,C028632,5.538,12.8,Low,One-Way
D004_4,C028642,5.622,16.2,Medium,
D004_4,C028649,3.509,8.1,Low,
D004_4,C028657,9.726,28.1,Medium,One-Way
D004_4,C028687,6.467,18.7,Medium,
D004_4,C028728,4.474,12.9,Medium,
D004_4,C028740,4.496,16.6,High,One-Way
D004_4,C028747,5.413,15.6,Medium,
D004_4,C028779,3.392,9.8,Medium,No Heavy Trucks
D004_4,C028781,2.518,5.8,Low,
D004_4,C028792,7.435,27.5,High,
D004_4,C028799,9.592,27.7,Medium,
D004_4,C028807,9.129,21.1,Low,
D004_4,C028840,3.385,7.8,Low,
D004_4,C028846,2.315,8.5,High,
D004_4,C028855,4.34,16.0,High,
D004_4,C028858,5.526,15.9,Medium,No Heavy Trucks
D004_4,C028862,1.4,5.2,High,
D004_4,C028865,4.629,13.4,Medium,
D004_4,C028884,5.832,16.8,Medium,
D004_4,C028897,3.259,9.4,Medium,
D004_4,C028919,2.499,5.8,Low,
D004_4,C028936,6.064,17.5,Medium,
D004_4,C028939,2.17,8.0,High,
D004_4,C028951,6.154,22.7,High,
D004_4,C028956,7.562,21.8,Medium,
D004_4,C028959,8.661,20.0,Low,
D004_4,C028961,5.509,15.9,Medium,
D004_4,C028964,3.392,7.8,Low,No Heavy Trucks
D004_4,C029011,7.818,22.6,Medium,
D004_4,C029035,4.875,11.2,Low,No Heavy Trucks
D004_4,C029078,4.286,12.4,Medium,
D004_4,C029123,3.313,7.6,Low,
D004_4,C029128,6.705,19.3,Medium,No Heavy Trucks
D004_4,C029135,5.402,15.6,Medium,
D004_4,C029176,5.538,16.0,Medium,
D004_4,C029218,5.102,18.8,High,One-Way
D004_4,C029235,3.77,10.9,Medium,
D004_4,C029241,8.73,25.2,Medium,
D004_4,C029254,6.562,18.9,Medium,
D004_4,C029262,4.799,11.1,Low,
D004_4,C029269,5.655,16.3,Medium,
D004_4,C029280,3.28,9.5,Medium,
D004_4,C029307,7.04,16.2,Low,One-Way
D004_4,C029314,2.383,5.5,Low,
D004_4,C029320,9.111,33.6,High,
D004_4,C029347,6.392,18.4,Medium,
D004_4,C029351,4.874,14.1,Medium,One-Way
D004_4,C029356,6.668,19.2,Medium,
D004_4,C029362,6.401,18.5,Medium,No Heavy Trucks
D004_4,C029375,6.251,14.4,Low,
D004_4,C029381,3.482,10.0,Medium,One-Way
D004_4,C029393,6.415,18.5,Medium,
D004_4,C029394,7.214,26.6,High,
D004_4,C029405,4.363,10.1,Low,
D004_4,C029406,7.779,18.0,Low,
D004_4,C029414,6.679,15.4,Low,
D004_4,C029426,2.84,8.2,Medium,
D004_4,C029429,5.752,13.3,Low,
D004_4,C029435,7.705,22.2,Medium,
D004_4,C029436,5.364,15.5,Medium,
D004_4,C029452,4.026,11.6,Medium,No Heavy Trucks
D004_4,C029464,6.994,16.1,Low,
D004_4,C029466,8.002,29.5,High,
D004_4,C029472,2.9,8.4,Medium,
D004_4,C029474,8.905,20.5,Low,
D004_4,C029478,5.163,14.9,Medium,
D004_4,C029490,5.403,12.5,Low,
D004_4,C029495,5.909,17.0,Medium,
D004_4,C029508,6.541,24.2,High,
D004_4,C029548,4.225,12.2,Medium,
D004_4,C029576,8.077,23.3,Medium,
D004_4,C029580,2.642,7.6,Medium,No Heavy Trucks
D004_4,C029596,5.997,17.3,Medium,
D004_4,C029603,3.399,7.8,Low,
D004_4,C029621,9.333,21.5,Low,
D004_4,C029632,4.391,16.2,High,One-Way
D004_4,C029655,4.367,10.1,Low,No Heavy Trucks
D004_4,C029671,5.67,13.1,Low,
D004_4,C029674,1.931,5.6,Medium,
D004_4,C029685,7.382,17.0,Low,
D004_4,C029689,6.643,15.3,Low,
D004_4,C029696,5.245,15.1,Medium,
D004_4,C029712,4.426,16.3,High,
D004_4,C029719,5.387,15.5,Medium,
D004_4,C029729,4.462,12.9,Medium,
D004_4,C029741,4.645,13.4,Medium,One-Way
D004_4,C029746,3.521,8.1,Low,
D004_4,C029770,6.55,15.1,Low,
D004_4,C029791,5.868,16.9,Medium,
D004_4,C029797,2.471,7.1,Medium,No Heavy Trucks
D004_4,C029798,2.661,7.7,Medium,
D004_4,C029802,5.772,16.7,Medium,
D004_4,C029811,6.921,25.6,High,
D004_4,C029827,8.634,24.9,Medium,
D004_4,C029828,6.451,23.8,High,
D004_4,C029837,6.905,15.9,Low,
D004_4,C029846,5.965,13.8,Low,
D004_4,C029849,4.526,13.1,Medium,
D004_4,C029862,9.436,34.8,High,
D004_4,C029876,3.243,9.4,Medium,
D004_4,C029909,3.099,8.9,Medium,One-Way
D004_4,C029918,8.469,31.3,High,
D004_4,C029932,2.605,9.6,High,
D004_4,C029951,4.682,10.8,Low,
D004_4,C029980,5.04,11.6,Low,
D004_4,C029986,1.255,4.6,High,One-Way
D004_4,C029997,10.123,29.2,Medium,
D004_4,C030013,2.477,9.1,High,
D004_4,C030015,6.565,15.1,Low,
D004_4,C030020,5.733,16.5,Medium,
D004_4,C030031,7.502,21.6,Medium,
D004_4,C030032,5.226,19.3,High,
D004_4,C030034,6.578,19.0,Medium,No Heavy Trucks
D004_4,C030043,4.85,11.2,Low,
D004_4,C030054,5.451,12.6,Low,
D004_4,C030068,5.173,14.9,Medium,
D004_4,C030074,6.541,24.2,High,
D004_4,C030091,1.468,3.4,Low,
D004_4,C030100,3.522,10.2,Medium,
D004_4,C030111,5.265,12.1,Low,No Heavy Trucks
D004_4,C030115,6.486,23.9,High,
D004_4,C030137,7.97,23.0,Medium,
D004_4,C030140,7.901,29.2,High,
D004_4,C030149,3.436,9.9,Medium,No Heavy Trucks
D004_4,C030197,2.359,5.4,Low,
D004_4,C030208,6.86,15.8,Low,
D004_4,C030216,4.98,14.4,Medium,
D004_4,C030253,6.361,23.5,High,No Heavy Trucks
D004_4,C030260,5.226,15.1,Medium,
D004_4,C030262,7.383,21.3,Medium,
D004_4,C030274,4.147,12.0,Medium,
D004_4,C030276,6.61,19.1,Medium,No Heavy Trucks
D004_4,C030298,9.444,21.8,Low,
D004_4,C030314,4.781,13.8,Medium,
D004_4,C030326,5.965,17.2,Medium,
D004_4,C030345,6.455,18.6,Medium,
D004_4,C030394,6.877,15.9,Low,
D004_4,C030421,5.755,16.6,Medium,
D004_4,C030438,7.818,22.6,Medium,
D004_4,C030442,6.343,14.6,Low,
D004_4,C030448,5.444,15.7,Medium,
D004_4,C030451,4.602,13.3,Medium,
D004_4,C030452,6.518,15.0,Low,One-Way
D004_4,C030458,4.792,11.1,Low,One-Way
D004_4,C030469,5.684,16.4,Medium,
D004_4,C030488,6.202,17.9,Medium,
D004_4,C030492,4.577,13.2,Medium,
D004_4,C030499,4.361,10.1,Low,No Heavy Trucks
D004_4,C030526,3.33,9.6,Medium,
D004_4,C030538,5.929,17.1,Medium,
D004_4,C030544,4.151,15.3,High,
D004_4,C030551,6.479,18.7,Medium,
D004_4,C030565,6.005,17.3,Medium,
D004_4,C030571,5.621,13.0,Low,
D004_4,C030573,4.479,10.3,Low,
D004_4,C030581,9.16,21.1,Low,
D004_4,C030587,4.849,14.0,Medium,
D004_4,C030588,3.196,7.4,Low,
D004_4,C030589,3.927,11.3,Medium,
D004_4,C030601,1.579,3.6,Low,
D004_4,C030638,5.488,15.8,Medium,
D004_4,C030642,5.713,13.2,Low,
D004_4,C030655,7.143,16.5,Low,
D004_4,C030661,4.676,13.5,Medium,
D004_4,C030689,6.66,19.2,Medium,
D004_4,C030724,5.038,14.5,Medium,
D004_4,C030725,1.265,2.9,Low,
D004_4,C030730,4.701,13.6,Medium,
D004_4,C030746,8.19,30.2,High,No Heavy Trucks
D004_4,C030758,7.67,22.1,Medium,
D004_4,C030787,7.114,20.5,Medium,
D004_4,C030789,8.736,20.2,Low,No Heavy Trucks
D004_4,C030792,7.496,21.6,Medium,
D004_4,C030809,4.683,10.8,Low,
D004_4,C030813,3.773,10.9,Medium,
D004_4,C030829,7.296,26.9,High,
D004_4,C030844,1.272,2.9,Low,
D004_4,C030854,2.207,5.1,Low,
D004_4,C030883,7.045,20.3,Medium,
D004_4,C030887,2.839,8.2,Medium,
D004_4,C030912,3.361,7.8,Low,
D004_4,C030914,4.446,10.3,Low,
D004_4,C030917,6.641,15.3,Low,
D004_4,C030923,4.332,12.5,Medium,
D004_4,C030926,6.98,25.8,High,
D004_4,C030932,3.854,14.2,High,
D004_4,C030939,6.089,22.5,High,
D004_4,C030953,5.583,12.9,Low,
D004_4,C030961,7.477,21.6,Medium,
D004_4,C030974,5.986,17.3,Medium,
D004_4,C030978,3.032,7.0,Low,
D004_4,C031002,7.257,26.8,High,
D004_4,C031005,6.512,15.0,Low,
D004_4,C031008,6.316,18.2,Medium,No Heavy Trucks
D004_4,C031012,9.582,27.6,Medium,
D004_4,C031015,3.592,8.3,Low,No Heavy Trucks
D004_4,C031055,2.914,8.4,Medium,
D004_4,C031105,6.211,17.9,Medium,
D004_4,C031112,7.18,16.6,Low,
D004_4,C031128,4.507,13.0,Medium,
D004_4,C031145,4.525,13.1,Medium,One-Way
D004_4,C031147,5.746,16.6,Medium,
D004_4,C031149,5.566,12.8,Low,
D004_4,C031150,3.854,11.1,Medium,
D004_4,C031151,6.444,18.6,Medium,
D004_4,C031173,7.697,22.2,Medium,
D004_4,C031179,9.292,26.8,Medium,
D004_4,C031184,6.408,14.8,Low,
D004_4,C031191,4.409,10.2,Low,
D004_4,C031193,5.753,16.6,Medium,
D004_4,C031197,8.922,25.7,Medium,One-Way
D004_4,C031237,5.772,16.6,Medium,
D004_4,C031241,3.841,11.1,Medium,
D004_4,C031246,3.876,11.2,Medium,
D004_4,C031255,9.198,26.5,Medium,
D004_4,C031302,4.918,11.3,Low,
D004_4,C031312,5.147,11.9,Low,
D004_4,C031328,8.307,30.7,High,
D004_4,C031340,6.516,18.8,Medium,
D004_4,C031354,5.283,12.2,Low,
D004_4,C031356,1.664,4.8,Medium,No Heavy Trucks
D004_4,C031368,4.574,13.2,Medium,
D004_4,C031372,7.429,21.4,Medium,
D004_4,C031378,5.611,12.9,Low,No Heavy Trucks
D004_4,C031382,1.27,4.7,High,No Heavy Trucks
D004_4,C031385,6.009,17.3,Medium,
D004_4,C031407,4.767,13.8,Medium,
D004_4,C031421,5.276,15.2,Medium,No Heavy Trucks
D004_4,C031448,5.882,17.0,Medium,
D004_4,C031449,0.351,1.0,Medium,
D004_4,C031452,7.299,21.1,Medium,
D004_4,C031453,7.949,18.3,Low,
D004_4,C031457,7.124,26.3,High,
D004_4,C031477,3.423,7.9,Low,
D004_4,C031496,4.379,10.1,Low,No Heavy Trucks
D004_4,C031497,6.274,18.1,Medium,
D004_4,C031506,5.323,15.4,Medium,
D004_4,C031533,2.496,7.2,Medium,One-Way
D004_4,C031563,1.436,4.1,Medium,
D004_4,C031567,8.246,19.0,Low,
D004_4,C031572,6.926,20.0,Medium,
D004_4,C031582,6.393,18.4,Medium,
D004_4,C031586,7.314,21.1,Medium,
D004_4,C031590,3.447,9.9,Medium,
D004_4,C031601,7.2,20.8,Medium,
D004_4,C031629,7.455,21.5,Medium,
D004_4,C031637,8.362,19.3,Low,
D004_4,C031660,6.214,14.3,Low,
D004_4,C031670,1.662,4.8,Medium,
D004_4,C031678,6.767,19.5,Medium,No Heavy Trucks
D004_4,C031690,2.654,6.1,Low,
D004_4,C031697,2.96,8.5,Medium,
D004_4,C031720,5.812,16.8,Medium,One-Way
D004_4,C031723,5.417,12.5,Low,No Heavy Trucks
D004_4,C031725,7.514,27.7,High,
D004_4,C031735,6.544,18.9,Medium,One-Way
D004_4,C031754,6.016,17.4,Medium,
D004_4,C031760,6.037,17.4,Medium,
D004_4,C031780,4.006,11.6,Medium,No Heavy Trucks
D004_4,C031784,5.105,18.8,High,
D004_4,C031785,5.48,12.6,Low,No Heavy Trucks
D004_4,C031820,5.095,11.8,Low,One-Way
D004_4,C031857,8.655,20.0,Low,
D004_4,C031860,7.207,16.6,Low,
D004_4,C031861,5.87,16.9,Medium,One-Way
D004_4,C031872,7.712,28.5,High,
D004_4,C031880,5.408,15.6,Medium,
D004_4,C031909,3.275,9.4,Medium,No Heavy Trucks
D004_4,C031920,2.633,9.7,High,
D004_4,C031960,6.095,14.1,Low,
D004_4,C031975,4.081,11.8,Medium,One-Way
D004_4,C032005,2.661,6.1,Low,
D004_4,C032021,3.38,9.7,Medium,
D004_4,C032025,8.458,19.5,Low,
D004_4,C032029,3.987,11.5,Medium,
D004_4,C032043,6.51,18.8,Medium,
D004_4,C032077,6.158,17.8,Medium,One-Way
D004_4,C032110,2.487,7.2,Medium,No Heavy Trucks
D004_4,C032114,4.875,14.1,Medium,
D004_4,C032115,7.914,22.8,Medium,
D004_4,C032117,5.645,20.8,High,
D004_4,C032144,10.038,23.2,Low,One-Way
D004_4,C032147,3.722,10.7,Medium,
D004_4,C032159,4.427,10.2,Low,
D004_4,C032160,7.654,17.7,Low,
D004_4,C032163,4.644,13.4,Medium,No Heavy Trucks
D004_4,C032188,2.822,8.1,Medium,
D004_4,C032190,6.277,14.5,Low,
D004_4,C032199,2.828,6.5,Low,
D004_4,C032214,2.179,6.3,Medium,
D004_4,C032220,9.193,21.2,Low,One-Way
D004_4,C032238,5.166,11.9,Low,No Heavy Trucks
D004_4,C032270,7.261,26.8,High,
D004_4,C032279,6.637,19.1,Medium,
D004_4,C032326,9.267,26.7,Medium,
D004_4,C032330,7.822,22.6,Medium,No Heavy Trucks
D004_4,C032339,4.23,9.8,Low,
D004_4,C032340,4.566,13.2,Medium,
D004_4,C032341,6.578,15.2,Low,
D004_4,C032348,7.271,16.8,Low,
D004_4,C032350,4.089,9.4,Low,
D004_4,C032360,2.987,6.9,Low,
D004_4,C032398,7.718,17.8,Low,
D004_4,C032404,7.383,17.0,Low,
D004_4,C032417,2.58,9.5,High,
D004_4,C032418,8.172,23.6,Medium,
D004_4,C032423,5.135,14.8,Medium,One-Way
D004_4,C032439,1.883,5.4,Medium,
D004_4,C032451,5.186,12.0,Low,No Heavy Trucks
D004_4,C032463,5.383,12.4,Low,
D004_4,C032473,0.597,1.4,Low,
D004_4,C032485,5.957,17.2,Medium,
D004_4,C032511,8.452,24.4,Medium,
D004_4,C032512,2.505,7.2,Medium,
D004_4,C032546,7.274,21.0,Medium,No Heavy Trucks
D004_4,C032550,6.647,24.5,High,
D004_4,C032566,5.07,11.7,Low,One-Way
D004_4,C032631,7.268,21.0,Medium,
D004_4,C032641,5.617,20.7,High,One-Way
D004_4,C032669,5.805,21.4,High,
D004_4,C032670,7.547,21.8,Medium,
D004_4,C032674,1.014,2.9,Medium,
D004_4,C032685,5.479,12.6,Low,
D004_4,C032688,5.286,15.2,Medium,
D004_4,C032695,3.683,13.6,High,
D004_4,C032809,9.111,21.0,Low,One-Way
D004_4,C032825,3.548,10.2,Medium,
D004_4,C032842,2.2,5.1,Low,
D004_4,C032859,4.01,11.6,Medium,
D004_4,C032867,4.859,11.2,Low,
D004_4,C032869,0.536,1.5,Medium,
D004_4,C032881,3.683,10.6,Medium,
D004_4,C032904,7.741,22.3,Medium,
D004_4,C032927,7.025,20.3,Medium,No Heavy Trucks
D004_4,C032937,1.787,5.2,Medium,
D004_4,C032938,5.25,15.1,Medium,
D004_4,C032958,3.513,10.1,Medium,One-Way
D004_4,C032960,5.533,16.0,Medium,No Heavy Trucks
D004_4,C032992,4.717,17.4,High,
D004_4,C033012,5.451,15.7,Medium,
D004_4,C033014,2.819,6.5,Low,
D004_4,C033026,6.998,25.8,High,
D004_4,C033034,2.93,6.8,Low,
D004_4,C033035,6.276,18.1,Medium,
D004_4,C033036,5.541,16.0,Medium,
D004_4,C033051,2.644,6.1,Low,
D004_4,C033062,6.333,18.3,Medium,
D004_4,C033067,5.743,13.3,Low,
D004_4,C033077,5.611,16.2,Medium,
D004_4,C033083,5.86,13.5,Low,
D004_4,C033093,2.47,5.7,Low,
D004_4,C033100,4.032,11.6,Medium,
D004_4,C033112,9.216,26.6,Medium,
D004_4,C033115,2.247,8.3,High,
D004_4,C033130,4.644,13.4,Medium,
D004_4,C033132,5.245,19.4,High,
D004_4,C033133,6.036,17.4,Medium,
D004_4,C033146,5.21,15.0,Medium,
D004_4,C033149,5.628,13.0,Low,
D004_4,C033157,5.737,13.2,Low,No Heavy Trucks
D004_4,C033165,8.469,24.4,Medium,
D004_4,C033170,6.171,17.8,Medium,
D004_4,C033183,3.102,8.9,Medium,No Heavy Trucks
D004_4,C033188,5.125,14.8,Medium,No Heavy Trucks
D004_4,C033193,4.783,11.0,Low,
D004_4,C033194,7.642,22.0,Medium,No Heavy Trucks
D004_4,C033211,4.169,12.0,Medium,
D004_4,C033216,2.845,6.6,Low,
D004_4,C033236,6.828,19.7,Medium,
D004_4,C033248,6.514,15.0,Low,
D004_4,C033254,2.68,9.9,High,
D004_4,C033265,1.826,4.2,Low,
D004_4,C033272,5.563,20.5,High,
D004_4,C033298,3.027,8.7,Medium,One-Way
D004_4,C033335,2.413,7.0,Medium,
D004_4,C033339,1.92,4.4,Low,
D004_4,C033345,7.87,22.7,Medium,
D004_4,C033354,4.726,13.6,Medium,
D004_4,C033362,8.204,30.3,High,No Heavy Trucks
D004_4,C033365,8.108,18.7,Low,
D004_4,C033367,6.1,14.1,Low,
D004_4,C033368,9.685,27.9,Medium,No Heavy Trucks
D004_4,C033378,5.057,14.6,Medium,
D004_4,C033392,4.457,10.3,Low,
D004_4,C033394,7.686,17.7,Low,
D004_4,C033429,7.872,22.7,Medium,
D004_4,C033448,3.727,10.7,Medium,
D004_4,C033450,6.224,18.0,Medium,
D004_4,C033464,2.534,7.3,Medium,
D004_4,C033485,5.826,21.5,High,
D004_4,C033487,6.42,18.5,Medium,
D004_4,C033493,5.61,16.2,Medium,No Heavy Trucks
D004_4,C033504,4.442,16.4,High,No Heavy Trucks
D004_4,C033505,9.335,26.9,Medium,
D004_4,C033508,3.836,11.1,Medium,
D004_4,C033521,4.386,16.2,High,
D004_4,C033530,2.619,9.7,High,
D004_4,C033541,5.253,12.1,Low,One-Way
D004_4,C033554,6.005,13.9,Low,
D004_4,C033578,5.421,15.6,Medium,
D004_4,C033588,2.72,6.3,Low,
D004_4,C033589,7.323,21.1,Medium,
D004_4,C033591,2.827,10.4,High,
D004_4,C033595,4.873,14.1,Medium,
D004_4,C033615,5.606,12.9,Low,
D004_4,C033619,5.817,13.4,Low,
D004_4,C033652,3.238,7.5,Low,
D004_4,C033654,2.399,6.9,Medium,
D004_4,C033658,5.822,21.5,High,
D004_4,C033681,8.663,25.0,Medium,
D004_4,C033685,4.621,17.1,High,
D004_4,C033694,5.113,18.9,High,
D004_4,C033705,9.117,21.0,Low,
D004_4,C033714,6.228,14.4,Low,No Heavy Trucks
D004_4,C033716,5.941,17.1,Medium,
D004_4,C033729,6.584,24.3,High,
D004_4,C033733,5.755,13.3,Low,
D004_4,C033747,3.227,7.4,Low,
D004_4,C033752,3.469,10.0,Medium,
D004_4,C033757,5.274,15.2,Medium,
D004_4,C033766,1.533,3.5,Low,
D004_4,C033799,6.862,19.8,Medium,
D004_4,C033803,5.111,14.7,Medium,
D004_4,C033813,3.568,10.3,Medium,
D004_4,C033819,3.124,7.2,Low,
D004_4,C033828,10.202,29.4,Medium,
D004_4,C033832,7.942,18.3,Low,
D004_4,C033835,8.093,23.3,Medium,
D004_4,C033838,5.526,15.9,Medium,
D004_4,C033846,7.055,20.3,Medium,
D004_4,C033862,3.288,9.5,Medium,
D004_4,C033879,2.37,5.5,Low,
D004_4,C033880,4.154,12.0,Medium,
D004_4,C033923,6.493,18.7,Medium,
D004_4,C033935,3.202,7.4,Low,
D004_4,C033981,8.64,19.9,Low,
D004_4,C033990,8.228,19.0,Low,
D004_4,C033992,7.478,27.6,High,No Heavy Trucks
D004_4,C033996,4.793,11.1,Low,No Heavy Trucks
D004_4,C033999,2.02,5.8,Medium,
D004_4,C034006,8.033,29.7,High,
D004_4,C034024,5.071,14.6,Medium,
D004_4,C034027,8.653,25.0,Medium,No Heavy Trucks
D004_4,C034034,7.225,16.7,Low,
D004_4,C034042,5.609,12.9,Low,
D004_4,C034044,10.517,30.3,Medium,
D004_4,C034069,8.571,24.7,Medium,
D004_4,C034070,8.396,31.0,High,
D004_4,C034091,5.478,15.8,Medium,
D004_4,C034125,4.791,11.1,Low,
D004_4,C034127,6.677,19.3,Medium,One-Way
D004_4,C034151,10.447,24.1,Low,
D004_4,C034162,6.275,18.1,Medium,
D004_4,C034178,7.436,17.2,Low,
D004_4,C034180,2.226,6.4,Medium,No Heavy Trucks
D004_4,C034228,7.371,21.3,Medium,
D004_4,C034233,5.416,12.5,Low,
D004_4,C034239,5.338,15.4,Medium,
D004_4,C034241,2.275,6.6,Medium,
D004_4,C034247,7.988,23.0,Medium,One-Way
D004_4,C034252,8.424,24.3,Medium,
D004_4,C034267,3.603,10.4,Medium,One-Way
D004_4,C034269,2.157,6.2,Medium,One-Way
D004_4,C034271,6.532,15.1,Low,
D004_4,C034278,7.674,17.7,Low,
D004_4,C034280,5.845,16.9,Medium,
D004_4,C034288,8.483,31.3,High,One-Way
D004_4,C034294,4.685,10.8,Low,No Heavy Trucks
D004_4,C034310,4.167,9.6,Low,
D004_4,C034319,7.74,17.9,Low,
D004_4,C034344,5.293,12.2,Low,One-Way
D004_4,C034353,1.302,3.0,Low,One-Way
D004_4,C034362,5.388,15.5,Medium,
D004_4,C034368,1.725,5.0,Medium,
D004_4,C034394,5.219,15.1,Medium,
D004_4,C034412,8.076,29.8,High,
D004_4,C034416,4.792,11.1,Low,No Heavy Trucks
D004_4,C034417,6.717,19.4,Medium,
D004_4,C034424,5.797,13.4,Low,One-Way
D004_4,C034432,6.63,19.1,Medium,
D004_4,C034444,8.337,24.1,Medium,
D004_4,C034446,1.409,4.1,Medium,
D004_4,C034460,7.294,21.0,Medium,No Heavy Trucks
D004_4,C034463,3.346,9.7,Medium,One-Way
D004_4,C034468,9.852,28.4,Medium,
D004_4,C034482,5.043,14.5,Medium,
D004_4,C034487,7.071,26.1,High,
D004_4,C034491,5.58,16.1,Medium,
D004_4,C034499,4.749,11.0,Low,
D004_4,C034500,5.778,13.3,Low,
D004_4,C034519,2.49,7.2,Medium,
D004_4,C034520,3.485,10.1,Medium,
D004_4,C034527,5.89,17.0,Medium,
D004_4,C034558,2.459,7.1,Medium,
D004_4,C034560,5.52,20.4,High,
D004_4,C034561,2.199,6.3,Medium,
D004_4,C034594,7.078,20.4,Medium,
D004_4,C034611,9.583,27.6,Medium,
D004_4,C034613,2.591,7.5,Medium,One-Way
D004_4,C034614,5.951,13.7,Low,
D004_4,C034653,1.757,4.1,Low,
D004_4,C034703,7.174,16.6,Low,
D004_4,C034707,0.323,0.7,Low,No Heavy Trucks
D004_4,C034713,4.524,13.0,Medium,
D004_4,C034719,4.519,10.4,Low,
D004_4,C034722,4.409,12.7,Medium,
D004_4,C034727,4.568,13.2,Medium,
D004_4,C034742,6.379,18.4,Medium,
D004_4,C034750,7.508,17.3,Low,
D004_4,C034768,8.111,18.7,Low,
D004_4,C034774,6.594,24.3,High,
D004_4,C034781,7.949,18.3,Low,
D004_4,C034784,3.742,10.8,Medium,One-Way
D004_4,C034793,4.984,11.5,Low,
D004_4,C034795,6.196,17.9,Medium,
D004_4,C034816,1.815,5.2,Medium,
D004_4,C034830,4.082,15.1,High,
D004_4,C034847,8.233,30.4,High,
D004_4,C034856,6.984,20.1,Medium,
D004_4,C034868,6.297,23.2,High,One-Way
D004_4,C034874,2.431,7.0,Medium,
D004_4,C034890,4.013,11.6,Medium,
D004_4,C034904,1.003,2.3,Low,
D004_4,C034908,6.697,15.5,Low,No Heavy Trucks
D004_4,C034911,5.525,20.4,High,
D004_4,C034917,4.811,11.1,Low,
D004_4,C034928,4.131,11.9,Medium,
D004_4,C034941,5.685,21.0,High,
D004_4,C034943,5.594,20.7,High,
D004_4,C034948,4.261,12.3,Medium,One-Way
D004_4,C034974,3.098,7.1,Low,No Heavy Trucks
D004_4,C034982,6.367,18.4,Medium,One-Way
D004_4,C034985,9.682,22.3,Low,
D004_4,C035002,8.413,31.1,High,
D004_4,C035032,4.916,11.3,Low,
D004_4,C035039,5.659,16.3,Medium,
D004_4,C035088,7.569,21.8,Medium,
D004_4,C035105,3.887,11.2,Medium,
D004_4,C035113,4.258,12.3,Medium,
D004_4,C035165,5.217,12.0,Low,One-Way
D004_4,C035169,3.651,10.5,Medium,
D004_4,C035182,8.135,23.5,Medium,
D004_4,C035187,4.118,11.9,Medium,
D004_4,C035189,3.669,10.6,Medium,
D004_4,C035190,1.759,5.1,Medium,
D004_4,C035213,5.017,14.5,Medium,One-Way
D004_4,C035248,5.147,11.9,Low,
D004_4,C035257,6.225,14.4,Low,
D004_4,C035272,7.287,16.8,Low,
D004_4,C035273,3.576,10.3,Medium,
D004_4,C035279,8.23,19.0,Low,
D004_4,C035284,4.544,13.1,Medium,
D004_4,C035290,4.594,13.3,Medium,
D004_4,C035313,6.194,14.3,Low,No Heavy Trucks
D004_4,C035325,6.302,18.2,Medium,
D004_4,C035335,2.566,7.4,Medium,
D004_4,C035337,5.538,12.8,Low,
D004_4,C035345,7.125,26.3,High,
D004_4,C035347,3.861,14.3,High,No Heavy Trucks
D004_4,C035350,5.466,12.6,Low,
D004_4,C035352,4.018,14.8,High,
D004_4,C035357,6.279,18.1,Medium,One-Way
D004_4,C035381,0.738,1.7,Low,
D004_4,C035398,8.367,30.9,High,
D004_4,C035409,8.042,18.6,Low,
D004_4,C035426,6.618,19.1,Medium,
D004_4,C035429,8.283,30.6,High,
D004_4,C035435,0.81,2.3,Medium,
D004_4,C035448,7.164,20.7,Medium,
D004_4,C035451,8.465,31.3,High,
D004_4,C035453,5.914,13.6,Low,
D004_4,C035470,3.734,10.8,Medium,
D004_4,C035480,7.216,20.8,Medium,No Heavy Trucks
D004_4,C035483,5.379,15.5,Medium,
D004_4,C035492,10.426,30.1,Medium,
D004_4,C035494,3.272,7.6,Low,One-Way
D004_4,C035495,6.447,18.6,Medium,
D004_4,C035515,3.112,7.2,Low,
D004_4,C035526,6.05,22.3,High,
D004_4,C035527,7.021,20.3,Medium,
D004_4,C035530,3.924,11.3,Medium,
D004_4,C035560,3.026,11.2,High,
D004_4,C035575,3.918,11.3,Medium,
D004_4,C035599,4.69,10.8,Low,
D004_4,C035606,4.856,17.9,High,
D004_4,C035610,3.591,10.4,Medium,
D004_4,C035619,3.389,9.8,Medium,
D004_4,C035624,6.088,17.6,Medium,
D004_4,C035652,6.113,17.6,Medium,
D004_4,C035668,8.561,31.6,High,
D004_4,C035675,4.642,10.7,Low,
D004_4,C035687,7.541,21.8,Medium,
D004_4,C035693,8.56,24.7,Medium,
D004_4,C035694,7.405,17.1,Low,
D004_4,C035696,6.496,18.7,Medium,
D004_4,C035697,5.222,12.1,Low,
D004_4,C035702,6.868,15.8,Low,
D004_4,C035714,5.555,16.0,Medium,
D004_4,C035715,5.197,15.0,Medium,One-Way
D004_4,C035718,2.572,7.4,Medium,One-Way
D004_4,C035722,6.35,18.3,Medium,
D004_4,C035724,6.951,20.1,Medium,
D004_4,C035727,7.412,27.4,High,
D004_4,C035735,4.056,9.4,Low,No Heavy Trucks
D004_4,C035736,5.986,17.3,Medium,
D004_4,C035753,3.656,10.5,Medium,
D004_4,C035760,7.906,22.8,Medium,
D004_4,C035800,6.377,14.7,Low,
D004_4,C035830,7.359,21.2,Medium,
D004_4,C035837,6.25,14.4,Low,
D004_4,C035838,1.665,3.8,Low,No Heavy Trucks
D004_4,C035859,7.307,16.9,Low,
D004_4,C035863,2.541,9.4,High,
D004_4,C035914,5.038,14.5,Medium,
D004_4,C035917,4.73,10.9,Low,
D004_4,C035944,1.489,3.4,Low,
D004_4,C035946,4.148,12.0,Medium,
D004_4,C035952,7.137,20.6,Medium,One-Way
D004_4,C035967,5.665,13.1,Low,
D004_4,C035976,6.878,15.9,Low,No Heavy Trucks
D004_4,C035996,6.028,22.3,High,
D004_4,C036022,4.17,9.6,Low,
D004_4,C036025,5.604,12.9,Low,
D004_4,C036027,6.238,18.0,Medium,
D004_4,C036039,4.228,12.2,Medium,
D004_4,C036060,6.591,15.2,Low,
D004_4,C036063,1.344,3.9,Medium,
D004_4,C036071,4.729,13.6,Medium,
D004_4,C036091,3.792,8.8,Low,
D004_4,C036093,7.246,16.7,Low,
D004_4,C036095,2.426,7.0,Medium,
D004_4,C036102,0.459,1.7,High,
D004_4,C036106,3.768,8.7,Low,
D004_4,C036114,5.564,12.8,Low,One-Way
D004_4,C036118,6.177,17.8,Medium,No Heavy Trucks
D004_4,C036138,6.999,20.2,Medium,
D004_4,C036140,8.347,24.1,Medium,
D004_4,C036145,7.088,16.4,Low,
D004_4,C036146,9.38,27.1,Medium,
D004_4,C036149,4.826,13.9,Medium,
D004_4,C036151,1.642,4.7,Medium,
D004_4,C036158,0.858,3.2,High,
D004_4,C036161,7.228,16.7,Low,
D004_4,C036172,1.908,5.5,Medium,
D004_4,C036177,6.984,20.1,Medium,
D004_4,C036190,2.278,6.6,Medium,One-Way
D004_4,C036192,6.451,14.9,Low,
D004_4,C036215,4.39,12.7,Medium,
D004_4,C036221,4.284,12.4,Medium,
D004_4,C036228,0.51,1.2,Low,
D004_4,C036240,2.388,6.9,Medium,One-Way
D004_4,C036263,1.326,3.1,Low,
D004_4,C036274,4.493,13.0,Medium,One-Way
D004_4,C036278,8.337,24.1,Medium,One-Way
D004_4,C036315,5.739,21.2,High,No Heavy Trucks
D004_4,C036322,6.242,23.0,High,One-Way
D004_4,C036332,6.928,20.0,Medium,One-Way
D004_4,C036353,3.914,11.3,Medium,
D004_4,C036359,2.747,10.1,High,
D004_4,C036383,5.497,15.9,Medium,
D004_4,C036420,9.537,27.5,Medium,One-Way
D004_4,C036449,4.843,14.0,Medium,No Heavy Trucks
D004_4,C036453,4.314,15.9,High,
D004_4,C036472,7.217,20.8,Medium,
D004_4,C036485,7.028,16.2,Low,
D004_4,C036486,8.064,23.3,Medium,
D004_4,C036493,5.813,16.8,Medium,
D004_4,C036525,8.345,19.3,Low,
D004_4,C036530,4.412,12.7,Medium,
D004_4,C036533,4.696,13.5,Medium,
D004_4,C036537,6.992,20.2,Medium,
D004_4,C036539,5.093,11.8,Low,
D004_4,C036547,8.968,25.9,Medium,
D004_4,C036549,5.132,14.8,Medium,
D004_4,C036550,5.031,14.5,Medium,
D004_4,C036570,7.372,17.0,Low,One-Way
D004_4,C036577,5.078,14.6,Medium,
D004_4,C036588,4.147,15.3,High,
D004_4,C036606,7.009,25.9,High,One-Way
D004_4,C036635,7.453,21.5,Medium,
D004_4,C036639,1.687,3.9,Low,
D004_4,C036656,8.9,20.5,Low,
D004_4,C036682,0.927,2.1,Low,
D004_4,C036688,7.346,17.0,Low,
D004_4,C036697,3.769,10.9,Medium,One-Way
D004_4,C036703,7.372,27.2,High,One-Way
D004_4,C036728,5.918,17.1,Medium,
D004_4,C036734,6.487,15.0,Low,
D004_4,C036737,7.198,20.8,Medium,
D004_4,C036741,7.094,16.4,Low,
D004_4,C036807,3.443,9.9,Medium,No Heavy Trucks
D004_4,C036811,7.404,21.4,Medium,
D004_4,C036825,3.376,9.7,Medium,
D004_4,C036826,3.684,10.6,Medium,
D004_4,C036831,4.84,17.9,High,
D004_4,C036838,5.001,11.5,Low,
D004_4,C036843,2.502,7.2,Medium,
D004_4,C036846,4.297,12.4,Medium,
D004_4,C036848,9.682,27.9,Medium,
D004_4,C036858,0.695,1.6,Low,
D004_4,C036873,7.447,21.5,Medium,One-Way
D004_4,C036879,5.88,13.6,Low,
D004_4,C036880,6.214,14.3,Low,
D004_4,C036915,7.781,22.4,Medium,
D004_4,C036919,1.986,5.7,Medium,
D004_4,C036923,4.811,13.9,Medium,
D004_4,C036933,7.719,28.5,High,No Heavy Trucks
D004_4,C036934,7.057,16.3,Low,
D004_4,C036940,6.392,18.4,Medium,
D004_4,C036942,5.188,12.0,Low,
D004_4,C036948,1.339,3.9,Medium,
D004_4,C036949,7.758,22.4,Medium,
D004_4,C036953,3.454,10.0,Medium,No Heavy Trucks
D004_4,C036957,1.415,4.1,Medium,
D004_4,C036982,5.28,19.5,High,
D004_4,C037001,1.877,5.4,Medium,
D004_4,C037013,6.997,16.1,Low,
D004_4,C037016,1.035,3.0,Medium,
D004_4,C037025,6.531,15.1,Low,
D004_4,C037029,6.484,15.0,Low,No Heavy Trucks
D004_4,C037032,3.448,9.9,Medium,No Heavy Trucks
D004_4,C037048,6.118,17.6,Medium,
D004_4,C037049,1.757,5.1,Medium,
D004_4,C037050,5.693,21.0,High,
D004_4,C037059,7.575,17.5,Low,
D004_4,C037072,7.688,22.2,Medium,
D004_4,C037076,7.168,20.7,Medium,
D004_4,C037082,4.337,12.5,Medium,
D004_4,C037089,7.931,29.3,High,
D004_4,C037107,4.963,11.5,Low,
D004_4,C037120,8.561,24.7,Medium,No Heavy Trucks
D004_4,C037121,4.781,13.8,Medium,
D004_4,C037155,4.883,11.3,Low,
D004_4,C037158,9.007,33.3,High,
D004_4,C037164,8.655,20.0,Low,
D004_4,C037172,2.906,6.7,Low,
D004_4,C037176,7.008,20.2,Medium,No Heavy Trucks
D004_4,C037197,6.99,20.2,Medium,No Heavy Trucks
D004_4,C037225,3.263,9.4,Medium,
D004_4,C037230,4.106,11.8,Medium,
D004_4,C037235,5.331,12.3,Low,No Heavy Trucks
D004_4,C037245,1.628,4.7,Medium,
D004_4,C037246,4.244,12.2,Medium,
D004_4,C037270,8.586,24.8,Medium,No Heavy Trucks
D004_4,C037284,2.799,8.1,Medium,
D004_4,C037289,3.603,8.3,Low,
D004_4,C037293,4.055,15.0,High,One-Way
D004_4,C037313,1.765,5.1,Medium,No Heavy Trucks
D004_4,C037327,7.133,20.6,Medium,
D004_4,C037328,5.013,11.6,Low,
D004_4,C037333,4.884,14.1,Medium,One-Way
D004_4,C037337,6.787,19.6,Medium,No Heavy Trucks
D004_4,C037341,5.205,12.0,Low,
D004_4,C037342,0.625,2.3,High,
D004_4,C037361,6.957,16.1,Low,
D004_4,C037363,9.197,26.5,Medium,
D004_4,C037366,3.231,7.5,Low,No Heavy Trucks
D004_4,C037389,2.482,7.2,Medium,
D004_4,C037392,6.215,14.3,Low,
D004_4,C037404,5.231,19.3,High,One-Way
D004_4,C037425,8.754,25.3,Medium,One-Way
D004_4,C037426,5.35,15.4,Medium,
D004_4,C037446,6.83,15.8,Low,No Heavy Trucks
D004_4,C037449,1.548,3.6,Low,
D004_4,C037460,7.529,17.4,Low,
D004_4,C037479,3.371,9.7,Medium,
D004_4,C037484,2.507,7.2,Medium,No Heavy Trucks
D004_4,C037491,1.448,4.2,Medium,
D004_4,C037518,5.769,16.6,Medium,One-Way
D004_4,C037523,4.377,10.1,Low,
D004_4,C037551,6.391,14.7,Low,
D004_4,C037579,7.813,18.0,Low,No Heavy Trucks
D004_4,C037609,6.954,20.1,Medium,
D004_4,C037626,4.116,11.9,Medium,
D004_4,C037646,2.663,7.7,Medium,
D004_4,C037661,8.714,25.1,Medium,
D004_4,C037674,6.291,23.2,High,
D004_4,C037678,2.304,5.3,Low,
D004_4,C037688,4.213,9.7,Low,
D004_4,C037698,8.906,20.6,Low,
D004_4,C037719,6.372,23.5,High,
D004_4,C037727,7.056,26.1,High,
D004_4,C037735,5.19,15.0,Medium,
D004_4,C037737,4.085,11.8,Medium,
D004_4,C037765,8.773,20.2,Low,
D004_4,C037781,6.141,17.7,Medium,
D004_4,C037792,4.068,9.4,Low,One-Way
D004_4,C037798,5.636,16.3,Medium,
D004_4,C037800,3.812,11.0,Medium,
D004_4,C037810,4.262,9.8,Low,
D004_4,C037845,7.505,21.6,Medium,One-Way
D004_4,C037860,1.155,3.3,Medium,
D004_4,C037866,5.767,13.3,Low,No Heavy Trucks
D004_4,C037869,1.524,4.4,Medium,
D004_4,C037873,2.112,6.1,Medium,
D004_4,C037886,4.479,10.3,Low,
D004_4,C037895,1.927,4.4,Low,
D004_4,C037904,5.901,13.6,Low,
D004_4,C037924,5.979,13.8,Low,
D004_4,C037966,4.049,9.3,Low,
D004_4,C037973,8.873,20.5,Low,
D004_4,C037978,2.513,5.8,Low,
D004_4,C037991,7.2,16.6,Low,No Heavy Trucks
D004_4,C037992,2.788,10.3,High,
D004_4,C037995,7.959,23.0,Medium,No Heavy Trucks
D004_4,C038017,5.818,13.4,Low,One-Way
D004_4,C038022,6.146,17.7,Medium,
D004_4,C038055,4.774,13.8,Medium,
D004_4,C038059,4.812,13.9,Medium,
D004_4,C038060,7.096,16.4,Low,
D004_4,C038109,6.466,14.9,Low,
D004_4,C038112,7.356,21.2,Medium,No Heavy Trucks
D004_4,C038113,4.952,11.4,Low,
D004_4,C038127,7.674,17.7,Low,
D004_4,C038132,6.03,13.9,Low,
D004_4,C038140,3.122,9.0,Medium,
D004_4,C038143,6.597,19.0,Medium,
D004_4,C038145,4.345,10.0,Low,
D004_4,C038162,5.136,11.9,Low,
D004_4,C038179,3.646,8.4,Low,
D004_4,C038221,3.818,11.0,Medium,
D004_4,C038225,7.632,22.0,Medium,
D004_4,C038245,3.344,9.6,Medium,
D004_4,C038247,6.561,15.1,Low,One-Way
D004_4,C038254,4.436,10.2,Low,
D004_4,C038269,5.729,21.2,High,
D004_4,C038300,5.384,12.4,Low,
D004_4,C038305,4.746,11.0,Low,
D004_4,C038330,9.82,22.7,Low,One-Way
D004_4,C038339,1.559,5.8,High,
D004_4,C038341,7.548,17.4,Low,
D004_4,C038360,8.553,31.6,High,
D004_4,C038361,1.566,4.5,Medium,
D004_4,C038368,6.696,15.5,Low,
D004_4,C038372,4.985,11.5,Low,
D004_4,C038392,3.524,10.2,Medium,
D004_4,C038396,5.635,13.0,Low,
D004_4,C038413,8.458,19.5,Low,
D004_4,C038417,1.82,6.7,High,
D004_4,C038426,9.882,28.5,Medium,
D004_4,C038440,3.218,9.3,Medium,
D004_4,C038443,10.632,30.7,Medium,
D004_4,C038449,3.987,11.5,Medium,
D004_4,C038454,4.09,11.8,Medium,
D004_4,C038460,5.692,13.1,Low,
D004_4,C038506,4.993,11.5,Low,
D004_4,C038517,2.31,6.7,Medium,
D004_4,C038542,5.914,13.6,Low,
D004_4,C038552,7.474,21.6,Medium,
D004_4,C038554,6.978,16.1,Low,
D004_4,C038577,3.034,7.0,Low,
D004_4,C038582,6.712,15.5,Low,
D004_4,C038616,5.138,14.8,Medium,
D004_4,C038625,4.719,10.9,Low,
D004_4,C038626,4.209,15.5,High,
D004_4,C038658,7.333,16.9,Low,No Heavy Trucks
D004_4,C038659,5.339,15.4,Medium,
D004_4,C038691,9.202,21.2,Low,
D004_4,C038702,4.326,10.0,Low,
D004_4,C038726,6.864,19.8,Medium,One-Way
D004_4,C038797,3.159,7.3,Low,No Heavy Trucks
D004_4,C038811,8.532,19.7,Low,One-Way
D004_4,C038818,6.328,14.6,Low,
D004_4,C038828,6.408,18.5,Medium,No Heavy Trucks
D004_4,C038838,6.093,14.1,Low,
D004_4,C038857,4.849,14.0,Medium,
D004_4,C038869,4.888,18.0,High,
D004_4,C038882,9.402,27.1,Medium,
D004_4,C038903,1.807,4.2,Low,
D004_4,C038911,5.339,12.3,Low,
D004_4,C038915,7.759,17.9,Low,
D004_4,C038927,6.037,13.9,Low,
D004_4,C038930,6.893,19.9,Medium,
D004_4,C038984,7.866,29.0,High,
D004_4,C039013,6.574,19.0,Medium,
D004_4,C039044,5.774,16.7,Medium,
D004_4,C039045,6.237,18.0,Medium,
D004_4,C039067,4.379,12.6,Medium,
D004_4,C039068,4.438,10.2,Low,One-Way
D004_4,C039078,1.285,3.7,Medium,
D004_4,C039086,3.715,10.7,Medium,No Heavy Trucks
D004_4,C039095,5.234,19.3,High,No Heavy Trucks
D004_4,C039134,2.985,8.6,Medium,
D004_4,C039137,0.81,3.0,High,
D004_4,C039150,2.919,8.4,Medium,
D004_4,C039171,3.824,14.1,High,No Heavy Trucks
D004_4,C039184,4.935,11.4,Low,
D004_4,C039187,6.845,15.8,Low,One-Way
D004_4,C039209,8.688,25.1,Medium,No Heavy Trucks
D004_4,C039214,4.025,11.6,Medium,One-Way
D004_4,C039216,6.374,18.4,Medium,
D004_4,C039220,4.015,11.6,Medium,No Heavy Trucks
D004_4,C039237,3.173,9.2,Medium,No Heavy Trucks
D004_4,C039269,1.996,5.8,Medium,
D004_4,C039298,7.616,22.0,Medium,
D004_4,C039301,5.814,21.5,High,
D004_4,C039327,2.911,8.4,Medium,
D004_4,C039352,0.358,1.3,High,
D004_4,C039381,2.646,7.6,Medium,
D004_4,C039384,7.8,22.5,Medium,
D004_4,C039393,3.769,13.9,High,
D004_4,C039397,5.223,15.1,Medium,
D004_4,C039400,3.032,8.7,Medium,
D004_4,C039433,5.228,19.3,High,One-Way
D004_4,C039435,7.681,22.2,Medium,
D004_4,C039449,2.096,6.0,Medium,
D004_4,C039450,3.574,10.3,Medium,
D004_4,C039470,5.086,18.8,High,No Heavy Trucks
D004_4,C039489,3.642,10.5,Medium,
D004_4,C039499,6.516,24.1,High,
D004_4,C039501,3.686,8.5,Low,
D004_4,C039504,6.608,19.1,Medium,
D004_4,C039514,3.092,8.9,Medium,
D004_4,C039520,9.104,26.3,Medium,
D004_4,C039549,3.982,11.5,Medium,
D004_4,C039550,4.894,14.1,Medium,
D004_4,C039562,2.41,8.9,High,
D004_4,C039566,8.134,23.5,Medium,
D004_4,C039603,8.787,20.3,Low,
D004_4,C039635,2.795,8.1,Medium,
D004_4,C039637,6.015,17.4,Medium,No Heavy Trucks
D004_4,C039654,2.683,7.7,Medium,
D004_4,C039660,7.312,21.1,Medium,
D004_4,C039672,2.856,6.6,Low,
D004_4,C039679,8.842,25.5,Medium,
D004_4,C039695,9.364,27.0,Medium,
D004_4,C039724,4.632,10.7,Low,
D004_4,C039739,7.504,17.3,Low,
D004_4,C039762,3.448,9.9,Medium,
D004_4,C039774,6.337,23.4,High,
D004_4,C039779,5.48,12.6,Low,
D004_4,C039782,6.97,16.1,Low,One-Way
D004_4,C039814,10.656,30.7,Medium,No Heavy Trucks
D004_4,C039819,2.98,8.6,Medium,
D004_4,C039821,8.706,25.1,Medium,
D004_4,C039840,5.52,15.9,Medium,
D004_4,C039848,2.761,6.4,Low,One-Way
D004_4,C039849,5.758,13.3,Low,
D004_4,C039850,6.078,17.5,Medium,
D004_4,C039873,8.455,24.4,Medium,One-Way
D004_4,C039874,6.118,17.6,Medium,
D004_4,C039876,3.734,8.6,Low,
D004_4,C039902,4.181,9.6,Low,
D004_4,C039921,8.273,23.9,Medium,
D004_4,C039924,6.136,17.7,Medium,One-Way
D004_4,C039945,4.284,9.9,Low,
D004_4,C039955,1.531,4.4,Medium,
D004_4,C039967,6.659,15.4,Low,
D004_4,C039996,5.557,12.8,Low,No Heavy Trucks
D004_4,C039997,3.387,9.8,Medium,One-Way
D004_4,C040003,6.215,14.3,Low,
D004_4,C040018,5.406,15.6,Medium,
D004_4,C040021,6.537,15.1,Low,
D004_4,C040032,4.112,9.5,Low,
D004_4,C040033,4.768,13.8,Medium,
D004_4,C040052,7.791,22.5,Medium,
D004_4,C040058,8.583,24.8,Medium,
D004_4,C040085,6.564,15.1,Low,
D004_4,C040112,7.831,22.6,Medium,
D004_4,C040118,2.536,5.9,Low,
D004_4,C040120,7.418,21.4,Medium,
D004_4,C040134,7.598,21.9,Medium,
D004_4,C040142,5.227,12.1,Low,
D004_4,C040148,5.179,12.0,Low,
D004_4,C040195,7.013,20.2,Medium,
D004_4,C040198,2.002,5.8,Medium,
D004_4,C040212,10.554,24.4,Low,
D004_4,C040265,5.886,21.7,High,
D004_4,C040275,2.818,6.5,Low,
D004_4,C040279,6.362,18.4,Medium,
D004_4,C040286,2.617,7.5,Medium,One-Way
D004_4,C040292,2.0,4.6,Low,
D004_4,C040318,7.743,17.9,Low,
D004_4,C040324,9.685,27.9,Medium,
D004_4,C040346,5.769,13.3,Low,
D004_4,C040349,5.012,11.6,Low,
D004_4,C040410,8.741,32.3,High,
D004_4,C040415,3.543,13.1,High,
D004_4,C040419,4.893,14.1,Medium,No Heavy Trucks
D004_4,C040441,1.699,4.9,Medium,
D004_4,C040490,8.153,30.1,High,
D004_4,C040502,5.644,16.3,Medium,
D004_4,C040508,6.373,18.4,Medium,
D004_4,C040512,3.668,10.6,Medium,One-Way
D004_4,C040514,6.602,15.2,Low,
D004_4,C040542,4.411,12.7,Medium,
D004_4,C040546,8.59,24.8,Medium,
D004_4,C040548,5.124,11.8,Low,
D004_4,C040570,8.525,24.6,Medium,
D004_4,C040574,4.193,12.1,Medium,
D004_4,C040594,7.048,16.3,Low,
D004_4,C040606,4.967,14.3,Medium,
D004_4,C040640,5.902,17.0,Medium,
D004_4,C040664,3.224,7.4,Low,No Heavy Trucks
D004_4,C040670,8.552,31.6,High,One-Way
D004_4,C040672,2.219,5.1,Low,
D004_4,C040686,2.692,7.8,Medium,
D004_4,C040688,6.275,14.5,Low,
D004_4,C040690,4.799,13.8,Medium,
D004_4,C040707,8.243,19.0,Low,
D004_4,C040730,8.277,19.1,Low,
D004_4,C040752,5.452,12.6,Low,
D004_4,C040787,3.318,7.7,Low,
D004_4,C040824,8.431,19.5,Low,
D004_4,C040832,6.137,22.7,High,
D004_4,C040835,4.739,13.7,Medium,
D004_4,C040860,3.9,11.2,Medium,
D004_4,C040874,5.785,13.3,Low,
D004_4,C040913,6.166,14.2,Low,
D004_4,C040914,4.582,13.2,Medium,
D004_4,C040942,4.563,13.2,Medium,
D004_4,C040962,6.688,15.4,Low,
D004_4,C040985,2.973,6.9,Low,
D004_4,C040989,7.798,18.0,Low,
D004_4,C040993,4.865,11.2,Low,One-Way
D004_4,C040997,2.533,9.4,High,
D004_4,C041026,2.405,5.6,Low,
D004_4,C041069,7.358,21.2,Medium,
D004_4,C041070,5.014,11.6,Low,
D004_4,C041074,2.412,7.0,Medium,
D004_4,C041091,6.101,17.6,Medium,
D004_4,C041093,2.344,8.7,High,
D004_4,C041114,4.939,11.4,Low,
D004_4,C041120,2.184,5.0,Low,
D004_4,C041125,5.286,12.2,Low,
D004_4,C041139,3.083,7.1,Low,
D004_4,C041140,2.858,6.6,Low,
D004_4,C041160,9.281,21.4,Low,
D004_4,C041170,3.107,9.0,Medium,
D004_4,C041171,10.09,29.1,Medium,
D004_4,C041174,5.492,15.8,Medium,
D004_4,C041199,5.77,16.6,Medium,
D004_4,C041215,4.679,13.5,Medium,
D004_4,C041219,5.911,17.1,Medium,
D004_4,C041223,2.406,5.6,Low,
D004_4,C041231,4.158,9.6,Low,
D004_4,C041233,7.607,17.6,Low,
D004_4,C041261,2.26,5.2,Low,
D004_4,C041289,2.518,7.3,Medium,One-Way
D004_4,C041323,4.217,9.7,Low,One-Way
D004_4,C041364,4.788,11.0,Low,
D004_4,C041367,7.757,28.6,High,
D004_4,C041381,5.842,21.6,High,
D004_4,C041382,5.941,13.7,Low,
D004_4,C041386,9.314,34.4,High,
D004_4,C041389,4.394,10.1,Low,
D004_4,C041396,5.515,12.7,Low,
D004_4,C041400,6.356,18.3,Medium,
D004_4,C041420,6.889,15.9,Low,
D004_4,C041444,6.578,15.2,Low,
D004_4,C041445,0.757,1.7,Low,
D004_4,C041468,4.99,14.4,Medium,
D004_4,C041516,5.598,16.1,Medium,No Heavy Trucks
D004_4,C041536,5.131,18.9,High,
D004_4,C041540,9.381,34.6,High,
D004_4,C041571,2.836,6.5,Low,
D004_4,C041584,4.468,10.3,Low,
D004_4,C041615,6.112,22.6,High,
D004_4,C041619,7.55,21.8,Medium,
D004_4,C041629,5.561,12.8,Low,
D004_4,C041652,8.388,31.0,High,
D004_4,C041653,5.979,22.1,High,
D004_4,C041674,6.395,18.4,Medium,
D004_4,C041678,4.765,13.7,Medium,
D004_4,C041712,6.622,15.3,Low,
D004_4,C041716,6.828,19.7,Medium,One-Way
D004_4,C041722,4.53,10.5,Low,
D004_4,C041732,9.616,27.7,Medium,
D004_4,C041733,4.988,18.4,High,No Heavy Trucks
D004_4,C041748,5.644,16.3,Medium,No Heavy Trucks
D004_4,C041758,3.025,7.0,Low,
D004_4,C041779,5.531,16.0,Medium,
D004_4,C041781,4.049,11.7,Medium,
D004_4,C041796,5.658,16.3,Medium,
D004_4,C041816,3.301,9.5,Medium,
D004_4,C041842,6.504,18.8,Medium,
D004_4,C041859,4.079,11.8,Medium,
D004_4,C041867,2.876,8.3,Medium,
D004_4,C041868,1.115,3.2,Medium,No Heavy Trucks
D004_4,C041871,6.933,16.0,Low,
D004_4,C041887,5.939,17.1,Medium,
D004_4,C041891,4.161,12.0,Medium,
D004_4,C041894,6.152,17.7,Medium,
D004_4,C041901,7.712,17.8,Low,
D004_4,C041904,5.087,11.7,Low,
D004_4,C041912,6.529,18.8,Medium,
D004_4,C041982,3.934,14.5,High,No Heavy Trucks
D004_4,C041984,8.055,29.7,High,One-Way
D004_4,C042014,6.896,25.5,High,
D004_4,C042045,2.802,8.1,Medium,
D004_4,C042095,4.363,12.6,Medium,
D004_4,C042101,4.914,14.2,Medium,
D004_4,C042102,6.796,15.7,Low,
D004_4,C042106,8.913,20.6,Low,
D004_4,C042111,5.305,12.2,Low,
D004_4,C042134,5.945,13.7,Low,
D004_4,C042151,0.713,1.6,Low,
D004_4,C042164,5.471,12.6,Low,
D004_4,C042176,1.517,4.4,Medium,
D004_4,C042228,1.595,4.6,Medium,
D004_4,C042241,4.638,13.4,Medium,
D004_4,C042262,9.223,26.6,Medium,
D004_4,C042268,1.106,3.2,Medium,
D004_4,C042269,1.099,3.2,Medium,One-Way
D004_4,C042272,8.019,23.1,Medium,
D004_4,C042281,4.586,10.6,Low,
D004_4,C042283,0.659,1.9,Medium,
D004_4,C042292,2.412,7.0,Medium,
D004_4,C042297,3.832,14.1,High,
D004_4,C042312,5.551,12.8,Low,
D004_4,C042316,8.268,23.9,Medium,
D004_4,C042318,4.204,12.1,Medium,No Heavy Trucks
D004_4,C042329,7.292,16.8,Low,
D004_4,C042333,4.357,12.6,Medium,
D004_4,C042334,4.838,11.2,Low,
D004_4,C042348,4.494,10.4,Low,
D004_4,C042352,8.212,19.0,Low,No Heavy Trucks
D004_4,C042353,6.424,14.8,Low,
D004_4,C042364,2.743,6.3,Low,
D004_4,C042372,3.126,7.2,Low,
D004_4,C042390,4.254,15.7,High,
D004_4,C042400,6.433,23.8,High,
D004_4,C042423,7.171,20.7,Medium,
D004_4,C042424,3.09,8.9,Medium,
D004_4,C042439,6.368,14.7,Low,
D004_4,C042466,6.543,18.9,Medium,
D004_4,C042468,4.736,13.7,Medium,
D004_4,C042487,9.82,36.3,High,
D004_4,C042501,4.047,9.3,Low,One-Way
D004_4,C042516,6.545,24.2,High,One-Way
D004_4,C042526,1.866,4.3,Low,
D004_4,C042543,4.131,9.5,Low,
D004_4,C042546,4.957,14.3,Medium,No Heavy Trucks
D004_4,C042582,7.096,20.5,Medium,No Heavy Trucks
D004_4,C042596,2.92,6.7,Low,
D004_4,C042625,6.811,19.6,Medium,
D004_4,C042642,0.573,1.7,Medium,
D004_4,C042650,1.414,3.3,Low,
D004_4,C042658,5.949,17.2,Medium,
D004_4,C042674,4.501,10.4,Low,
D004_4,C042679,8.58,24.8,Medium,
D004_4,C042697,7.545,21.8,Medium,
D004_4,C042712,5.937,13.7,Low,
D004_4,C042732,3.881,11.2,Medium,
D004_4,C042756,4.857,11.2,Low,
D004_4,C042767,7.62,22.0,Medium,
D004_4,C042770,5.406,15.6,Medium,
D004_4,C042776,6.07,17.5,Medium,
D004_4,C042799,8.354,24.1,Medium,
D004_4,C042813,6.848,19.8,Medium,
D004_4,C042825,6.738,19.4,Medium,
D004_4,C042864,6.342,18.3,Medium,
D004_4,C042879,5.55,12.8,Low,
D004_4,C042883,5.109,11.8,Low,One-Way
D004_4,C042899,4.845,17.9,High,
D004_4,C042915,3.879,9.0,Low,No Heavy Trucks
D004_4,C042916,5.082,11.7,Low,
D004_4,C042917,4.787,13.8,Medium,
D004_4,C042945,6.532,18.8,Medium,
D004_4,C042956,1.428,4.1,Medium,No Heavy Trucks
D004_4,C042957,4.29,9.9,Low,No Heavy Trucks
D004_4,C042961,3.259,9.4,Medium,
D004_4,C042966,4.111,11.9,Medium,
D004_4,C042967,3.906,11.3,Medium,
D004_4,C042973,10.859,25.1,Low,
D004_4,C042983,9.023,20.8,Low,
D004_4,C042988,7.499,21.6,Medium,No Heavy Trucks
D004_4,C042989,7.921,18.3,Low,
D004_4,C042992,10.026,28.9,Medium,
D004_4,C042993,6.884,19.9,Medium,One-Way
D004_4,C043014,7.322,16.9,Low,
D004_4,C043037,2.68,6.2,Low,
D004_4,C043054,3.886,9.0,Low,No Heavy Trucks
D004_4,C043061,7.167,16.5,Low,No Heavy Trucks
D004_4,C043063,3.711,8.6,Low,
D004_4,C043080,3.119,9.0,Medium,
D004_4,C043085,6.93,20.0,Medium,One-Way
D004_4,C043091,5.768,13.3,Low,
D004_4,C043092,8.668,20.0,Low,
D004_4,C043119,6.155,17.8,Medium,
D004_4,C043129,9.731,22.5,Low,
D004_4,C043144,4.289,12.4,Medium,One-Way
D004_4,C043155,8.977,20.7,Low,
D004_4,C043163,7.678,28.3,High,
D004_4,C043181,6.125,14.1,Low,
D004_4,C043188,6.267,23.1,High,
D004_4,C043189,7.866,22.7,Medium,One-Way
D004_4,C043193,4.64,17.1,High,
D004_4,C043208,2.09,6.0,Medium,
D004_4,C043235,5.78,13.3,Low,
D004_4,C043245,5.345,15.4,Medium,
D004_4,C043267,5.304,12.2,Low,No Heavy Trucks
D004_4,C043273,7.749,28.6,High,
D004_4,C043310,3.792,8.8,Low,
D004_4,C043325,5.773,13.3,Low,
D004_4,C043329,7.7,22.2,Medium,
D004_4,C043330,4.504,13.0,Medium,
D004_4,C043339,8.361,24.1,Medium,
D004_4,C043347,5.804,16.7,Medium,One-Way
D004_4,C043350,6.094,17.6,Medium,No Heavy Trucks
D004_4,C043352,5.895,17.0,Medium,
D004_4,C043355,7.484,21.6,Medium,
D004_4,C043366,0.296,0.7,Low,No Heavy Trucks
D004_4,C043395,7.717,22.3,Medium,
D004_4,C043415,4.361,16.1,High,
D004_4,C043434,6.494,15.0,Low,One-Way
D004_4,C043462,2.888,6.7,Low,
D004_4,C043488,5.698,16.4,Medium,
D004_4,C043505,2.607,7.5,Medium,No Heavy Trucks
D004_4,C043542,7.925,18.3,Low,
D004_4,C043544,4.261,15.7,High,
D004_4,C043547,7.218,16.7,Low,
D004_4,C043550,3.378,12.5,High,
D004_4,C043567,3.817,8.8,Low,No Heavy Trucks
D004_4,C043579,8.349,24.1,Medium,
D004_4,C043584,4.895,11.3,Low,
D004_4,C043589,6.452,23.8,High,
D004_4,C043620,5.388,12.4,Low,
D004_4,C043626,3.426,7.9,Low,
D004_4,C043631,4.76,11.0,Low,No Heavy Trucks
D004_4,C043658,5.389,15.5,Medium,
D004_4,C043668,0.507,1.5,Medium,No Heavy Trucks
D004_4,C043669,7.134,20.6,Medium,No Heavy Trucks
D004_4,C043673,6.049,17.4,Medium,
D004_4,C043677,4.719,10.9,Low,
D004_4,C043680,3.667,8.5,Low,
D004_4,C043685,3.956,9.1,Low,
D004_4,C043693,5.202,15.0,Medium,
D004_4,C043702,6.453,23.8,High,
D004_4,C043706,6.818,19.7,Medium,
D004_4,C043717,2.092,4.8,Low,
D004_4,C043738,5.857,13.5,Low,
D004_4,C043743,6.8,25.1,High,One-Way
D004_4,C043750,5.711,13.2,Low,
D004_4,C043774,7.037,20.3,Medium,
D004_4,C043806,6.237,18.0,Medium,
D004_4,C043814,2.044,4.7,Low,
D004_4,C043823,4.802,13.9,Medium,
D004_4,C043832,7.989,23.0,Medium,
D004_4,C043842,3.757,10.8,Medium,One-Way
D004_4,C043854,6.015,22.2,High,
D004_4,C043856,4.367,12.6,Medium,
D004_4,C043879,5.077,11.7,Low,
D004_4,C043893,7.307,21.1,Medium,
D004_4,C043894,9.078,26.2,Medium,
D004_4,C043912,5.263,15.2,Medium,
D004_4,C043914,2.788,8.0,Medium,One-Way
D004_4,C043924,2.434,7.0,Medium,
D004_4,C043941,1.988,5.7,Medium,
D004_4,C043987,6.526,18.8,Medium,
D004_4,C043989,5.589,16.1,Medium,
D004_4,C043990,7.632,17.6,Low,One-Way
D004_4,C043996,6.144,17.7,Medium,
D004_4,C044011,6.675,15.4,Low,
D004_4,C044019,6.782,15.7,Low,
D004_4,C044034,1.68,3.9,Low,
D004_4,C044040,2.996,8.6,Medium,No Heavy Trucks
D004_4,C044068,6.482,18.7,Medium,
D004_4,C044078,9.388,21.7,Low,
D004_4,C044085,5.704,16.5,Medium,
D004_4,C044089,6.044,17.4,Medium,
D004_4,C044098,5.709,13.2,Low,
D004_4,C044099,4.454,10.3,Low,
D004_4,C044125,4.433,12.8,Medium,
D004_4,C044130,7.447,21.5,Medium,No Heavy Trucks
D004_4,C044159,8.69,25.1,Medium,
D004_4,C044164,5.545,16.0,Medium,
D004_4,C044197,6.197,17.9,Medium,One-Way
D004_4,C044203,6.067,17.5,Medium,
D004_4,C044208,7.553,17.4,Low,
D004_4,C044225,5.182,19.1,High,
D004_4,C044235,8.54,24.6,Medium,
D004_4,C044240,6.544,18.9,Medium,
D004_4,C044258,7.033,20.3,Medium,
D004_4,C044260,6.557,18.9,Medium,No Heavy Trucks
D004_4,C044276,7.055,16.3,Low,
D004_4,C044291,3.06,8.8,Medium,
D004_4,C044297,8.797,20.3,Low,
D004_4,C044299,4.017,9.3,Low,One-Way
D004_4,C044354,3.704,10.7,Medium,
D004_4,C044359,3.692,8.5,Low,
D004_4,C044365,2.493,7.2,Medium,
D004_4,C044372,4.946,14.3,Medium,
D004_4,C044379,1.19,3.4,Medium,
D004_4,C044408,5.877,13.6,Low,One-Way
D004_4,C044414,3.912,11.3,Medium,
D004_4,C044418,3.316,9.6,Medium,No Heavy Trucks
D004_4,C044430,2.576,5.9,Low,
D004_4,C044437,6.61,24.4,High,No Heavy Trucks
D004_4,C044438,4.204,15.5,High,
D004_4,C044450,4.038,14.9,High,
D004_4,C044452,5.125,11.8,Low,
D004_4,C044460,4.805,11.1,Low,
D004_4,C044470,6.169,17.8,Medium,
D004_4,C044473,6.003,22.2,High,
D004_4,C044492,5.851,16.9,Medium,
D004_4,C044494,5.498,12.7,Low,
D004_4,C044539,6.024,13.9,Low,
D004_4,C044559,8.144,18.8,Low,
D004_4,C044580,2.142,6.2,Medium,One-Way
D004_4,C044589,4.582,13.2,Medium,
D004_4,C044593,6.85,19.8,Medium,
D004_4,C044596,3.224,9.3,Medium,No Heavy Trucks
D004_4,C044605,2.12,6.1,Medium,
D004_4,C044614,9.032,33.4,High,
D004_4,C044616,8.891,32.8,High,
D004_4,C044619,1.381,3.2,Low,
D004_4,C044621,3.875,14.3,High,
D004_4,C044623,7.486,27.6,High,
D004_4,C044643,3.557,10.3,Medium,
D004_4,C044658,7.326,21.1,Medium,
D004_4,C044668,4.832,11.2,Low,
D004_4,C044674,4.16,9.6,Low,
D004_4,C044684,8.05,23.2,Medium,
D004_4,C044688,6.743,15.6,Low,
D004_4,C044699,4.037,11.6,Medium,
D004_4,C044709,6.091,14.1,Low,One-Way
D004_4,C044711,3.009,6.9,Low,
D004_4,C044743,7.332,21.1,Medium,
D004_4,C044745,5.132,18.9,High,No Heavy Trucks
D004_4,C044833,9.77,36.1,High,
D004_4,C044845,7.732,17.8,Low,
D004_4,C044872,6.276,23.2,High,
D004_4,C044882,4.95,11.4,Low,
D004_4,C044902,6.544,18.9,Medium,
D004_4,C044912,6.116,14.1,Low,
D004_4,C044919,4.326,12.5,Medium,
D004_4,C044929,5.706,21.1,High,No Heavy Trucks
D004_4,C044960,6.345,18.3,Medium,
D004_4,C044964,3.113,7.2,Low,
D004_4,C044975,5.921,13.7,Low,
D004_4,C045019,8.109,23.4,Medium,
D004_4,C045032,6.291,14.5,Low,
D004_4,C045036,2.694,7.8,Medium,
D004_4,C045055,5.702,16.4,Medium,
D004_4,C045074,4.543,10.5,Low,
D004_4,C045079,5.686,16.4,Medium,
D004_4,C045091,1.001,3.7,High,
D004_4,C045094,9.216,26.6,Medium,One-Way
D004_4,C045095,8.97,33.1,High,
D004_4,C045101,4.398,12.7,Medium,
D004_4,C045102,9.113,26.3,Medium,
D004_4,C045105,5.163,19.1,High,
D004_4,C045108,1.466,4.2,Medium,
D004_4,C045124,6.379,23.6,High,
D004_4,C045133,5.048,11.6,Low,One-Way
D004_4,C045146,2.715,10.0,High,
D004_4,C045150,2.77,8.0,Medium,
D004_4,C045176,3.963,9.1,Low,
D004_4,C045177,6.109,17.6,Medium,
D004_4,C045182,9.25,26.7,Medium,
D004_4,C045251,5.866,16.9,Medium,
D004_4,C045274,6.463,23.9,High,
D004_4,C045287,7.655,17.7,Low,
D004_4,C045300,6.046,17.4,Medium,
D004_4,C045301,1.181,3.4,Medium,
D004_4,C045319,4.076,11.8,Medium,
D004_4,C045350,9.192,26.5,Medium,
D004_4,C045356,5.998,17.3,Medium,One-Way
D004_4,C045375,2.333,6.7,Medium,
D004_4,C045377,6.045,17.4,Medium,
D004_4,C045397,1.58,4.6,Medium,
D004_4,C045398,4.34,12.5,Medium,
D004_4,C045399,2.4,6.9,Medium,
D004_4,C045410,6.691,19.3,Medium,One-Way
D004_4,C045411,6.302,18.2,Medium,
D004_4,C045422,7.274,21.0,Medium,
D004_4,C045437,2.688,6.2,Low,
D004_4,C045441,7.665,22.1,Medium,One-Way
D004_4,C045445,8.339,24.1,Medium,
D004_4,C045453,8.086,18.7,Low,One-Way
D004_4,C045459,5.147,14.8,Medium,
D004_4,C045487,5.355,12.4,Low,
D004_4,C045493,4.241,12.2,Medium,One-Way
D004_4,C045498,5.972,17.2,Medium,
D004_4,C045513,4.032,11.6,Medium,
D004_4,C045516,6.376,14.7,Low,
D004_4,C045519,1.911,5.5,Medium,
D004_4,C045525,6.798,15.7,Low,
D004_4,C045526,6.939,20.0,Medium,
D004_4,C045528,3.725,8.6,Low,
D004_4,C045530,4.111,11.9,Medium,
D004_4,C045539,7.496,17.3,Low,
D004_4,C045554,4.215,12.2,Medium,
D004_4,C045563,6.382,14.7,Low,
D004_4,C045574,1.807,4.2,Low,
D004_4,C045577,1.783,4.1,Low,
D004_4,C045594,6.32,18.2,Medium,
D004_4,C045595,2.42,7.0,Medium,
D004_4,C045618,3.167,7.3,Low,
D004_4,C045621,3.54,10.2,Medium,
D004_4,C045635,7.635,22.0,Medium,
D004_4,C045639,3.512,10.1,Medium,No Heavy Trucks
D004_4,C045643,4.865,18.0,High,
D004_4,C045648,1.908,7.0,High,No Heavy Trucks
D004_4,C045650,7.624,17.6,Low,
D004_4,C045665,3.041,11.2,High,
D004_4,C045666,5.216,19.3,High,
D004_4,C045699,3.217,11.9,High,
D004_4,C045709,2.141,7.9,High,One-Way
D004_4,C045718,6.732,15.5,Low,
D004_4,C045729,4.85,11.2,Low,
D004_4,C045735,4.684,13.5,Medium,
D004_4,C045737,4.777,13.8,Medium,
D004_4,C045755,8.1,23.4,Medium,
D004_4,C045789,9.176,26.5,Medium,
D004_4,C045802,2.053,4.7,Low,
D004_4,C045811,8.246,23.8,Medium,
D004_4,C045833,7.829,22.6,Medium,
D004_4,C045840,3.178,9.2,Medium,No Heavy Trucks
D004_4,C045859,5.227,15.1,Medium,
D004_4,C045866,6.273,14.5,Low,
D004_4,C045869,5.586,16.1,Medium,
D004_4,C045870,7.012,20.2,Medium,
D004_4,C045883,5.294,12.2,Low,
D004_4,C045884,5.603,20.7,High,
D004_4,C045892,6.07,17.5,Medium,One-Way
D004_4,C045894,8.851,25.5,Medium,
D004_4,C045906,5.32,19.6,High,
D004_4,C045924,6.161,17.8,Medium,
D004_4,C046004,3.319,7.7,Low,
D004_4,C046020,4.392,10.1,Low,
D004_4,C046031,7.364,27.2,High,
D004_4,C046033,6.094,17.6,Medium,
D004_4,C046038,5.097,14.7,Medium,One-Way
D004_4,C046058,5.473,15.8,Medium,
D004_4,C046063,2.268,8.4,High,One-Way
D004_4,C046080,6.101,22.5,High,
D004_4,C046087,2.622,9.7,High,
D004_4,C046091,6.175,17.8,Medium,
D004_4,C046093,6.97,16.1,Low,No Heavy Trucks
D004_4,C046110,6.833,15.8,Low,One-Way
D004_4,C046117,0.478,1.8,High,
D004_4,C046121,7.202,20.8,Medium,
D004_4,C046123,4.782,11.0,Low,No Heavy Trucks
D004_4,C046132,6.281,18.1,Medium,
D004_4,C046181,3.905,11.3,Medium,
D004_4,C046186,3.662,8.5,Low,
D004_4,C046196,4.786,13.8,Medium,No Heavy Trucks
D004_4,C046224,7.463,27.6,High,
D004_4,C046225,7.045,26.0,High,No Heavy Trucks
D004_4,C046228,6.741,19.4,Medium,
D004_4,C046244,5.405,15.6,Medium,
D004_4,C046250,4.123,11.9,Medium,
D004_4,C046265,5.082,11.7,Low,
D004_4,C046297,6.289,18.1,Medium,
D004_4,C046343,4.369,16.1,High,
D004_4,C046346,3.656,10.5,Medium,
D004_4,C046356,7.89,18.2,Low,
D004_4,C046360,3.367,12.4,High,
D004_4,C046432,6.426,18.5,Medium,
D004_4,C046436,1.511,4.4,Medium,
D004_4,C046485,2.671,7.7,Medium,No Heavy Trucks
D004_4,C046492,7.663,22.1,Medium,
D004_4,C046510,1.24,3.6,Medium,
D004_4,C046534,0.785,1.8,Low,
D004_4,C046555,3.755,13.9,High,
D004_4,C046567,3.628,10.5,Medium,No Heavy Trucks
D004_4,C046582,6.002,13.9,Low,
D004_4,C046603,5.836,13.5,Low,
D004_4,C046611,6.102,14.1,Low,
D004_4,C046612,6.652,19.2,Medium,
D004_4,C046618,4.455,12.9,Medium,
D004_4,C046656,2.544,7.3,Medium,
D004_4,C046700,4.449,10.3,Low,One-Way
D004_4,C046703,3.614,8.3,Low,
D004_4,C046723,5.082,14.7,Medium,
D004_4,C046736,3.878,8.9,Low,
D004_4,C046740,2.079,4.8,Low,
D004_4,C046745,6.23,18.0,Medium,
D004_4,C046757,3.166,11.7,High,
D004_4,C046766,8.107,18.7,Low,
D004_4,C046767,1.19,3.4,Medium,
D004_4,C046768,5.093,11.8,Low,
D004_4,C046772,7.415,21.4,Medium,
D004_4,C046776,2.708,7.8,Medium,No Heavy Trucks
D004_4,C046780,9.865,28.5,Medium,No Heavy Trucks
D004_4,C046781,2.771,8.0,Medium,
D004_4,C046792,6.332,14.6,Low,
D004_4,C046802,5.848,21.6,High,No Heavy Trucks
D004_4,C046810,7.693,22.2,Medium,
D004_4,C046837,8.364,24.1,Medium,
D004_4,C046857,2.404,6.9,Medium,
D004_4,C046860,3.917,14.5,High,
D004_4,C046874,6.393,18.4,Medium,
D004_4,C046879,6.086,14.0,Low,One-Way
D004_4,C046900,4.726,17.5,High,
D004_4,C046901,1.857,6.9,High,
D004_4,C046919,8.1,18.7,Low,
D004_4,C046944,4.4,10.2,Low,One-Way
D004_4,C046953,4.112,9.5,Low,
D004_4,C046963,4.488,10.4,Low,
D004_4,C046973,6.232,18.0,Medium,
D004_4,C046974,6.348,14.6,Low,
D004_4,C047011,9.281,26.8,Medium,
D004_4,C047022,3.768,10.9,Medium,One-Way
D004_4,C047035,6.501,18.8,Medium,
D004_4,C047041,6.274,18.1,Medium,
D004_4,C047050,4.06,11.7,Medium,
D004_4,C047053,5.171,11.9,Low,
D004_4,C047061,5.275,15.2,Medium,
D004_4,C047073,5.741,16.6,Medium,
D004_4,C047089,2.006,4.6,Low,One-Way
D004_4,C047110,3.486,8.0,Low,
D004_4,C047129,0.797,2.3,Medium,
D004_4,C047140,2.185,6.3,Medium,
D004_4,C047142,5.793,16.7,Medium,
D004_4,C047143,5.654,20.9,High,One-Way
D004_4,C047150,5.01,11.6,Low,
D004_4,C047171,9.165,21.2,Low,
D004_4,C047172,1.199,3.5,Medium,
D004_4,C047183,3.356,7.7,Low,
D004_4,C047187,6.06,17.5,Medium,
D004_4,C047193,6.737,24.9,High,
D004_4,C047200,3.861,14.3,High,One-Way
D004_4,C047212,4.386,12.7,Medium,
D004_4,C047246,7.673,17.7,Low,
D004_4,C047250,8.938,20.6,Low,
D004_4,C047255,2.474,7.1,Medium,
D004_4,C047262,2.413,7.0,Medium,
D004_4,C047274,4.347,12.5,Medium,
D004_4,C047279,8.259,23.8,Medium,One-Way
D004_4,C047285,5.951,13.7,Low,One-Way
D004_4,C047287,2.195,6.3,Medium,
D004_4,C047325,3.269,7.5,Low,No Heavy Trucks
D004_4,C047337,6.602,24.4,High,
D004_4,C047342,3.844,11.1,Medium,
D004_4,C047346,6.933,25.6,High,One-Way
D004_4,C047351,8.983,25.9,Medium,One-Way
D004_4,C047359,7.964,18.4,Low,
D004_4,C047380,8.368,19.3,Low,
D004_4,C047381,8.434,24.3,Medium,
D004_4,C047382,4.567,10.5,Low,
D004_4,C047406,6.207,17.9,Medium,One-Way
D004_4,C047425,8.444,24.4,Medium,
D004_4,C047431,2.327,5.4,Low,
D004_4,C047461,4.111,15.2,High,
D004_4,C047462,5.947,17.2,Medium,
D004_4,C047464,3.108,9.0,Medium,
D004_4,C047483,5.095,18.8,High,
D004_4,C047496,6.461,18.6,Medium,One-Way
D004_4,C047497,9.116,26.3,Medium,One-Way
D004_4,C047499,9.803,28.3,Medium,
D004_4,C047503,2.066,6.0,Medium,One-Way
D004_4,C047517,7.749,17.9,Low,
D004_4,C047522,6.628,24.5,High,No Heavy Trucks
D004_4,C047549,6.534,18.8,Medium,One-Way
D004_4,C047555,5.087,11.7,Low,
D004_4,C047557,2.572,7.4,Medium,One-Way
D004_4,C047582,2.975,8.6,Medium,
D004_4,C047586,4.728,10.9,Low,One-Way
D004_4,C047593,5.581,12.9,Low,
D004_4,C047650,2.579,7.4,Medium,No Heavy Trucks
D004_4,C047657,5.804,13.4,Low,
D004_4,C047673,4.373,12.6,Medium,
D004_4,C047676,6.288,14.5,Low,
D004_4,C047708,6.257,14.4,Low,
D004_4,C047729,8.337,24.1,Medium,
D004_4,C047739,5.316,19.6,High,No Heavy Trucks
D004_4,C047747,9.639,27.8,Medium,One-Way
D004_4,C047748,6.557,18.9,Medium,
D004_4,C047752,5.436,15.7,Medium,One-Way
D004_4,C047754,3.984,9.2,Low,
D004_4,C047764,5.537,16.0,Medium,
D004_4,C047774,8.067,23.3,Medium,One-Way
D004_4,C047786,4.817,11.1,Low,
D004_4,C047808,6.14,22.7,High,
D004_4,C047817,5.454,20.1,High,
D004_4,C047822,5.702,16.4,Medium,
D004_4,C047830,5.366,19.8,High,
D004_4,C047862,8.093,18.7,Low,One-Way
D004_4,C047865,5.91,17.0,Medium,
D004_4,C047868,7.17,20.7,Medium,One-Way
D004_4,C047888,3.402,7.8,Low,
D004_4,C047898,9.955,23.0,Low,
D004_4,C047934,9.062,33.5,High,
D004_4,C047937,3.356,9.7,Medium,
D004_4,C047942,6.835,25.2,High,
D004_4,C047986,3.925,9.1,Low,
D004_4,C047993,8.794,32.5,High,
D004_4,C047995,3.23,9.3,Medium,No Heavy Trucks
D004_4,C047999,2.919,8.4,Medium,
D004_4,C048009,6.005,22.2,High,
D004_4,C048043,1.625,3.8,Low,
D004_4,C048050,7.095,26.2,High,
D004_4,C048061,3.474,10.0,Medium,One-Way
D004_4,C048092,5.306,15.3,Medium,
D004_4,C048104,2.898,6.7,Low,
D004_4,C048106,4.182,12.1,Medium,
D004_4,C048129,2.747,7.9,Medium,
D004_4,C048147,2.579,6.0,Low,
D004_4,C048153,5.176,14.9,Medium,One-Way
D004_4,C048163,3.255,9.4,Medium,
D004_4,C048166,6.191,17.9,Medium,One-Way
D004_4,C048171,4.934,14.2,Medium,One-Way
D004_4,C048185,7.093,20.5,Medium,
D004_4,C048193,2.401,5.5,Low,
D004_4,C048199,4.804,13.9,Medium,No Heavy Trucks
D004_4,C048214,7.787,22.5,Medium,
D004_4,C048221,8.032,23.2,Medium,
D004_4,C048237,2.936,10.8,High,
D004_4,C048245,4.25,12.3,Medium,
D004_4,C048252,3.183,11.8,High,
D004_4,C048260,5.061,11.7,Low,
D004_4,C048262,6.725,19.4,Medium,
D004_4,C048274,5.149,14.9,Medium,
D004_4,C048291,6.982,25.8,High,
D004_4,C048317,7.841,22.6,Medium,
D004_4,C048323,9.557,27.6,Medium,No Heavy Trucks
D004_4,C048341,4.409,16.3,High,
D004_4,C048353,1.961,4.5,Low,
D004_4,C048379,4.951,14.3,Medium,No Heavy Trucks
D004_4,C048389,5.31,12.3,Low,
D004_4,C048425,5.646,16.3,Medium,No Heavy Trucks
D004_4,C048429,5.776,21.3,High,
D004_4,C048430,0.712,1.6,Low,
D004_4,C048445,2.904,6.7,Low,
D004_4,C048474,6.272,18.1,Medium,
D004_4,C048490,7.616,17.6,Low,
D004_4,C048494,5.104,18.8,High,One-Way
D004_4,C048499,3.136,9.0,Medium,
D004_4,C048500,2.837,10.5,High,
D004_4,C048515,4.415,10.2,Low,
D004_4,C048519,0.97,2.8,Medium,
D004_4,C048520,9.542,27.5,Medium,One-Way
D004_4,C048527,6.693,15.4,Low,
D004_4,C048531,1.086,2.5,Low,
D004_4,C048568,5.816,13.4,Low,No Heavy Trucks
D004_4,C048575,1.123,2.6,Low,
D004_4,C048577,6.165,17.8,Medium,
D004_4,C048597,2.33,6.7,Medium,
D004_4,C048598,5.468,15.8,Medium,
D004_4,C048601,5.632,13.0,Low,
D004_4,C048604,5.317,15.3,Medium,
D004_4,C048616,3.976,11.5,Medium,
D004_4,C048618,4.815,13.9,Medium,
D004_4,C048625,3.92,14.5,High,
D004_4,C048638,2.89,10.7,High,
D004_4,C048650,5.504,20.3,High,
D004_4,C048651,5.1,14.7,Medium,
D004_4,C048672,5.835,16.8,Medium,
D004_4,C048680,4.817,13.9,Medium,
D004_4,C048685,4.727,17.5,High,
D004_4,C048692,2.536,5.9,Low,One-Way
D004_4,C048693,3.954,11.4,Medium,One-Way
D004_4,C048696,9.472,35.0,High,
D004_4,C048699,5.313,12.3,Low,
D004_4,C048708,4.623,13.3,Medium,One-Way
D004_4,C048738,7.583,17.5,Low,One-Way
D004_4,C048743,3.93,11.3,Medium,
D004_4,C048754,8.707,25.1,Medium,
D004_4,C048757,5.526,12.8,Low,
D004_4,C048764,1.397,5.2,High,
D004_4,C048769,0.92,2.7,Medium,
D004_4,C048777,4.743,17.5,High,
D004_4,C048795,1.597,5.9,High,No Heavy Trucks
D004_4,C048801,6.292,14.5,Low,
D004_4,C048826,6.33,14.6,Low,
D004_4,C048858,7.151,16.5,Low,One-Way
D004_4,C048905,3.742,10.8,Medium,One-Way
D004_4,C048917,1.157,3.3,Medium,One-Way
D004_4,C048937,5.503,12.7,Low,
D004_4,C048961,9.471,21.9,Low,
D004_4,C048986,3.829,14.1,High,
D004_4,C048989,1.685,3.9,Low,
D004_4,C049001,2.361,6.8,Medium,
D004_4,C049012,7.385,17.0,Low,
D004_4,C049023,3.072,8.9,Medium,
D004_4,C049024,7.205,20.8,Medium,
D004_4,C049043,0.642,1.9,Medium,
D004_4,C049061,4.639,13.4,Medium,
D004_4,C049098,5.853,13.5,Low,
D004_4,C049100,5.504,12.7,Low,
D004_4,C049102,4.012,14.8,High,
D004_4,C049118,6.166,17.8,Medium,
D004_4,C049142,5.781,16.7,Medium,
D004_4,C049163,7.606,21.9,Medium,
D004_4,C049174,7.083,20.4,Medium,
D004_4,C049222,7.508,21.7,Medium,
D004_4,C049230,1.93,4.5,Low,
D004_4,C049234,7.74,17.9,Low,One-Way
D004_4,C049236,5.273,12.2,Low,
D004_4,C049256,3.001,8.7,Medium,No Heavy Trucks
D004_4,C049278,6.961,16.1,Low,No Heavy Trucks
D004_4,C049285,3.753,10.8,Medium,
D004_4,C049321,9.8,28.3,Medium,
D004_4,C049329,7.083,20.4,Medium,No Heavy Trucks
D004_4,C049336,6.83,15.8,Low,
D004_4,C049347,9.068,26.2,Medium,
D004_4,C049348,3.157,7.3,Low,
D004_4,C049352,3.595,10.4,Medium,No Heavy Trucks
D004_4,C049355,2.806,8.1,Medium,
D004_4,C049363,4.247,9.8,Low,
D004_4,C049364,7.006,20.2,Medium,
D004_4,C049370,6.514,15.0,Low,
D004_4,C049378,3.576,8.3,Low,
D004_4,C049387,3.528,13.0,High,No Heavy Trucks
D004_4,C049388,2.265,5.2,Low,One-Way
D004_4,C049395,6.377,14.7,Low,
D004_4,C049405,6.812,19.6,Medium,
D004_4,C049412,6.161,17.8,Medium,
D004_4,C049422,7.027,20.3,Medium,
D004_4,C049434,4.07,9.4,Low,
D004_4,C049437,4.327,10.0,Low,
D004_4,C049443,8.15,23.5,Medium,One-Way
D004_4,C049449,2.12,4.9,Low,
D004_4,C049450,8.121,23.4,Medium,
D004_4,C049464,5.345,19.7,High,
D004_4,C049479,8.103,18.7,Low,
D004_4,C049486,4.0,11.5,Medium,
D004_4,C049491,6.516,24.1,High,
D004_4,C049499,3.858,14.2,High,
D004_4,C049510,4.752,11.0,Low,One-Way
D004_4,C049514,6.017,17.4,Medium,No Heavy Trucks
D004_4,C049526,7.51,21.7,Medium,
D004_4,C049531,6.976,16.1,Low,
D004_4,C049538,4.215,15.6,High,
D004_4,C049541,4.307,15.9,High,
D004_4,C049546,3.634,8.4,Low,
D004_4,C049547,7.37,21.3,Medium,One-Way
D004_4,C049553,4.579,13.2,Medium,
D004_4,C049559,5.414,12.5,Low,One-Way
D004_4,C049585,6.137,14.2,Low,
D004_4,C049598,4.452,10.3,Low,
D004_4,C049609,5.095,11.8,Low,
D004_4,C049610,2.385,5.5,Low,No Heavy Trucks
D004_4,C049618,6.432,18.6,Medium,
D004_4,C049633,5.136,19.0,High,
D004_4,C049640,5.951,22.0,High,
D004_4,C049655,2.582,7.4,Medium,
D004_4,C049657,7.429,21.4,Medium,One-Way
D004_4,C049703,7.409,27.4,High,
D004_4,C049708,3.434,9.9,Medium,
D004_4,C049714,5.981,13.8,Low,
D004_4,C049739,3.744,13.8,High,One-Way
D004_4,C049748,6.538,15.1,Low,No Heavy Trucks
D004_4,C049769,5.638,13.0,Low,
D004_4,C049815,8.239,23.8,Medium,One-Way
D004_4,C049816,8.527,19.7,Low,
D004_4,C049822,8.546,31.6,High,One-Way
D004_4,C049825,2.948,8.5,Medium,
D004_4,C049841,1.964,4.5,Low,
D004_4,C049842,2.476,7.1,Medium,
D004_4,C049874,3.714,13.7,High,
D004_4,C049879,5.191,15.0,Medium,
D004_4,C049882,7.362,17.0,Low,
D004_4,C049898,7.369,17.0,Low,
D004_4,C049907,8.564,24.7,Medium,
D004_4,C049909,4.604,17.0,High,
D004_4,C049913,2.232,5.2,Low,
D004_4,C049916,5.746,13.3,Low,
D004_4,C049926,5.449,15.7,Medium,No Heavy Trucks
D004_4,C049928,7.617,22.0,Medium,
D004_4,C049944,4.387,10.1,Low,
D004_4,C049959,4.336,12.5,Medium,
D004_4,C049961,2.566,7.4,Medium,
D004_4,C049966,6.166,17.8,Medium,
D004_4,C049979,8.884,25.6,Medium,One-Way
D004_4,C049987,5.423,15.6,Medium,
D004_3,C000007,4.8,13.8,Medium,
D004_3,C000039,4.926,14.2,Medium,No Heavy Trucks
D004_3,C000048,4.75,11.0,Low,
D004_3,C000085,1.477,4.3,Medium,No Heavy Trucks
D004_3,C000092,5.38,12.4,Low,No Heavy Trucks
D004_3,C000120,3.634,10.5,Medium,No Heavy Trucks
D004_3,C000126,2.225,5.1,Low,
D004_3,C000135,5.816,21.5,High,
D004_3,C000143,6.014,17.3,Medium,
D004_3,C000168,5.005,14.4,Medium,
D004_3,C000189,5.852,13.5,Low,One-Way
D004_3,C000204,0.938,2.7,Medium,
D004_3,C000222,5.497,12.7,Low,
D004_3,C000238,3.167,9.1,Medium,
D004_3,C000243,3.302,12.2,High,No Heavy Trucks
D004_3,C000247,7.23,16.7,Low,No Heavy Trucks
D004_3,C000256,5.69,16.4,Medium,One-Way
D004_3,C000263,7.865,18.2,Low,
D004_3,C000287,4.43,10.2,Low,One-Way
D004_3,C000290,2.458,9.1,High,
D004_3,C000294,3.175,9.2,Medium,
D004_3,C000296,6.736,24.9,High,
D004_3,C000316,4.817,13.9,Medium,
D004_3,C000318,4.31,12.4,Medium,
D004_3,C000323,7.978,18.4,Low,
D004_3,C000330,2.818,8.1,Medium,
D004_3,C000341,3.898,9.0,Low,
D004_3,C000352,6.172,17.8,Medium,
D004_3,C000382,3.961,14.6,High,One-Way
D004_3,C000393,2.296,6.6,Medium,No Heavy Trucks
D004_3,C000403,1.793,5.2,Medium,
D004_3,C000413,1.231,2.8,Low,
D004_3,C000423,6.524,24.1,High,
D004_3,C000426,3.598,10.4,Medium,
D004_3,C000427,3.538,8.2,Low,
D004_3,C000437,6.22,17.9,Medium,
D004_3,C000455,1.249,3.6,Medium,One-Way
D004_3,C000460,7.584,17.5,Low,
D004_3,C000475,5.857,16.9,Medium,
D004_3,C000492,2.816,8.1,Medium,
D004_3,C000496,5.229,19.3,High,
D004_3,C000513,0.934,2.2,Low,
D004_3,C000518,8.032,29.7,High,
D004_3,C000523,7.214,20.8,Medium,
D004_3,C000532,6.427,14.8,Low,
D004_3,C000574,3.618,10.4,Medium,One-Way
D004_3,C000580,5.327,15.4,Medium,
D004_3,C000603,6.967,20.1,Medium,
D004_3,C000614,4.495,10.4,Low,
D004_3,C000618,5.904,17.0,Medium,No Heavy Trucks
D004_3,C000621,0.609,1.4,Low,
D004_3,C000624,4.399,12.7,Medium,
D004_3,C000634,6.188,17.9,Medium,
D004_3,C000638,4.847,11.2,Low,
D004_3,C000642,6.96,16.1,Low,One-Way
D004_3,C000643,6.081,17.5,Medium,
D004_3,C000654,6.018,13.9,Low,One-Way
D004_3,C000662,6.719,24.8,High,
D004_3,C000666,7.207,16.6,Low,No Heavy Trucks
D004_3,C000673,7.833,18.1,Low,
D004_3,C000686,7.996,23.1,Medium,
D004_3,C000697,5.039,14.5,Medium,
D004_3,C000701,3.466,8.0,Low,
D004_3,C000708,6.563,15.1,Low,
D004_3,C000728,9.351,27.0,Medium,
D004_3,C000748,3.116,11.5,High,
D004_3,C000764,4.741,10.9,Low,
D004_3,C000771,6.914,19.9,Medium,
D004_3,C000779,3.562,8.2,Low,
D004_3,C000786,6.895,19.9,Medium,
D004_3,C000787,4.086,9.4,Low,
D004_3,C000805,4.736,13.7,Medium,One-Way
D004_3,C000808,6.958,20.1,Medium,
D004_3,C000814,5.192,15.0,Medium,
D004_3,C000824,6.65,15.3,Low,
D004_3,C000832,2.385,8.8,High,No Heavy Trucks
D004_3,C000839,2.572,7.4,Medium,
D004_3,C000845,6.197,14.3,Low,
D004_3,C000855,5.158,14.9,Medium,No Heavy Trucks
D004_3,C000862,6.217,17.9,Medium,
D004_3,C000905,6.284,14.5,Low,
D004_3,C000908,3.016,8.7,Medium,
D004_3,C000929,4.669,13.5,Medium,No Heavy Trucks
D004_3,C000955,6.931,16.0,Low,
D004_3,C000989,2.12,6.1,Medium,No Heavy Trucks
D004_3,C001016,1.696,4.9,Medium,
D004_3,C001030,5.819,16.8,Medium,
D004_3,C001039,6.35,18.3,Medium,
D004_3,C001067,0.983,3.6,High,
D004_3,C001074,1.503,4.3,Medium,
D004_3,C001076,6.354,14.7,Low,
D004_3,C001079,3.187,9.2,Medium,
D004_3,C001088,7.616,22.0,Medium,
D004_3,C001112,2.42,5.6,Low,
D004_3,C001137,2.358,5.4,Low,
D004_3,C001139,2.736,7.9,Medium,
D004_3,C001143,5.224,12.1,Low,
D004_3,C001156,4.164,15.4,High,One-Way
D004_3,C001178,5.62,13.0,Low,
D004_3,C001194,4.825,11.1,Low,
D004_3,C001199,9.685,27.9,Medium,
D004_3,C001203,3.926,9.1,Low,One-Way
D004_3,C001210,8.635,19.9,Low,
D004_3,C001212,5.972,22.0,High,
D004_3,C001215,3.22,9.3,Medium,One-Way
D004_3,C001234,4.063,15.0,High,
D004_3,C001236,5.016,14.5,Medium,
D004_3,C001259,7.52,21.7,Medium,
D004_3,C001267,3.58,10.3,Medium,
D004_3,C001270,9.33,26.9,Medium,
D004_3,C001276,9.174,21.2,Low,
D004_3,C001280,8.385,19.3,Low,
D004_3,C001293,5.989,17.3,Medium,
D004_3,C001308,5.394,12.4,Low,One-Way
D004_3,C001320,3.524,8.1,Low,
D004_3,C001329,6.023,13.9,Low,One-Way
D004_3,C001351,8.132,23.5,Medium,
D004_3,C001355,5.855,16.9,Medium,
D004_3,C001362,5.389,15.5,Medium,
D004_3,C001363,6.651,19.2,Medium,
D004_3,C001371,2.963,8.5,Medium,No Heavy Trucks
D004_3,C001374,2.074,6.0,Medium,One-Way
D004_3,C001381,9.187,21.2,Low,
D004_3,C001392,1.178,3.4,Medium,
D004_3,C001398,6.17,17.8,Medium,
D004_3,C001402,4.854,14.0,Medium,
D004_3,C001404,6.575,19.0,Medium,
D004_3,C001458,10.161,29.3,Medium,
D004_3,C001470,5.842,16.9,Medium,
D004_3,C001478,3.551,10.2,Medium,
D004_3,C001489,5.022,11.6,Low,
D004_3,C001499,3.585,8.3,Low,
D004_3,C001523,4.688,13.5,Medium,No Heavy Trucks
D004_3,C001528,6.151,17.7,Medium,
D004_3,C001542,0.525,1.5,Medium,
D004_3,C001558,4.185,15.5,High,One-Way
D004_3,C001585,6.445,18.6,Medium,
D004_3,C001591,2.591,7.5,Medium,
D004_3,C001606,5.606,16.2,Medium,
D004_3,C001608,6.334,18.3,Medium,
D004_3,C001632,6.466,18.7,Medium,
D004_3,C001657,4.873,14.1,Medium,
D004_3,C001665,9.839,28.4,Medium,
D004_3,C001670,7.669,22.1,Medium,
D004_3,C001671,4.427,10.2,Low,
D004_3,C001692,6.078,22.4,High,
D004_3,C001696,3.463,10.0,Medium,
D004_3,C001701,4.298,9.9,Low,
D004_3,C001712,2.044,4.7,Low,
D004_3,C001757,1.988,5.7,Medium,
D004_3,C001773,5.286,19.5,High,
D004_3,C001782,2.196,5.1,Low,
D004_3,C001795,5.232,15.1,Medium,
D004_3,C001800,1.23,3.5,Medium,
D004_3,C001805,3.464,10.0,Medium,No Heavy Trucks
D004_3,C001810,5.131,18.9,High,
D004_3,C001828,3.11,7.2,Low,One-Way
D004_3,C001830,6.159,14.2,Low,
D004_3,C001833,3.623,8.4,Low,
D004_3,C001836,5.387,12.4,Low,One-Way
D004_3,C001842,5.504,15.9,Medium,No Heavy Trucks
D004_3,C001850,6.424,18.5,Medium,
D004_3,C001871,6.104,17.6,Medium,
D004_3,C001895,7.405,21.4,Medium,
D004_3,C001908,6.368,18.4,Medium,No Heavy Trucks
D004_3,C001909,7.347,27.1,High,
D004_3,C001911,5.712,13.2,Low,
D004_3,C001924,4.783,13.8,Medium,One-Way
D004_3,C001927,9.821,22.7,Low,One-Way
D004_3,C001932,8.591,24.8,Medium,One-Way
D004_3,C001935,8.622,19.9,Low,
D004_3,C001940,6.388,14.7,Low,
D004_3,C002019,5.617,16.2,Medium,One-Way
D004_3,C002021,5.187,19.2,High,
D004_3,C002039,4.398,10.1,Low,
D004_3,C002053,8.309,19.2,Low,
D004_3,C002079,4.596,13.3,Medium,No Heavy Trucks
D004_3,C002091,7.356,17.0,Low,
D004_3,C002120,8.952,25.8,Medium,
D004_3,C002127,5.625,16.2,Medium,
D004_3,C002146,5.236,12.1,Low,No Heavy Trucks
D004_3,C002162,6.146,22.7,High,No Heavy Trucks
D004_3,C002176,6.014,13.9,Low,
D004_3,C002180,4.944,14.3,Medium,
D004_3,C002186,5.723,16.5,Medium,One-Way
D004_3,C002231,4.366,16.1,High,
D004_3,C002232,5.036,11.6,Low,
D004_3,C002242,6.557,24.2,High,
D004_3,C002249,3.725,10.7,Medium,
D004_3,C002253,6.628,15.3,Low,One-Way
D004_3,C002266,4.991,11.5,Low,
D004_3,C002269,5.23,15.1,Medium,
D004_3,C002280,7.82,18.0,Low,
D004_3,C002313,8.679,25.0,Medium,One-Way
D004_3,C002323,2.93,8.5,Medium,
D004_3,C002352,6.753,19.5,Medium,
D004_3,C002377,4.357,10.1,Low,
D004_3,C002402,4.479,12.9,Medium,No Heavy Trucks
D004_3,C002421,7.284,21.0,Medium,
D004_3,C002439,8.76,20.2,Low,No Heavy Trucks
D004_3,C002441,4.536,13.1,Medium,
D004_3,C002472,6.036,22.3,High,
D004_3,C002488,7.392,27.3,High,
D004_3,C002496,1.947,5.6,Medium,
D004_3,C002509,6.901,19.9,Medium,
D004_3,C002528,9.904,28.6,Medium,
D004_3,C002532,3.126,9.0,Medium,
D004_3,C002552,6.129,22.6,High,One-Way
D004_3,C002619,6.961,20.1,Medium,
D004_3,C002643,6.1,14.1,Low,
D004_3,C002660,6.955,20.1,Medium,
D004_3,C002671,9.046,20.9,Low,
D004_3,C002673,2.773,8.0,Medium,
D004_3,C002674,3.103,8.9,Medium,No Heavy Trucks
D004_3,C002697,4.249,9.8,Low,
D004_3,C002711,6.701,15.5,Low,
D004_3,C002716,4.529,13.1,Medium,
D004_3,C002741,3.644,8.4,Low,
D004_3,C002746,6.446,14.9,Low,
D004_3,C002748,5.149,14.9,Medium,
D004_3,C002751,2.527,5.8,Low,One-Way
D004_3,C002758,3.245,9.4,Medium,
D004_3,C002761,8.934,20.6,Low,
D004_3,C002771,7.959,23.0,Medium,
D004_3,C002772,8.963,25.9,Medium,
D004_3,C002785,4.125,11.9,Medium,
D004_3,C002821,4.264,12.3,Medium,One-Way
D004_3,C002838,5.73,16.5,Medium,One-Way
D004_3,C002861,0.978,2.8,Medium,One-Way
D004_3,C002867,6.446,14.9,Low,
D004_3,C002885,7.086,20.4,Medium,
D004_3,C002905,0.842,2.4,Medium,
D004_3,C002947,3.792,8.7,Low,
D004_3,C002962,3.66,8.4,Low,One-Way
D004_3,C002968,7.451,21.5,Medium,
D004_3,C002969,6.489,18.7,Medium,
D004_3,C002972,4.806,13.9,Medium,
D004_3,C003001,5.999,17.3,Medium,
D004_3,C003017,5.822,16.8,Medium,
D004_3,C003024,7.676,17.7,Low,No Heavy Trucks
D004_3,C003028,4.738,13.7,Medium,
D004_3,C003034,6.712,19.4,Medium,
D004_3,C003035,1.994,4.6,Low,
D004_3,C003050,9.921,36.6,High,
D004_3,C003056,2.885,8.3,Medium,
D004_3,C003068,0.94,2.7,Medium,
D004_3,C003072,5.985,17.3,Medium,
D004_3,C003074,2.091,4.8,Low,
D004_3,C003087,1.455,3.4,Low,One-Way
D004_3,C003093,4.752,13.7,Medium,
D004_3,C003096,5.233,12.1,Low,
D004_3,C003099,7.938,18.3,Low,
D004_3,C003159,1.092,3.2,Medium,
D004_3,C003166,5.321,15.3,Medium,
D004_3,C003168,2.639,7.6,Medium,No Heavy Trucks
D004_3,C003197,1.363,3.1,Low,
D004_3,C003232,4.009,11.6,Medium,
D004_3,C003241,8.626,24.9,Medium,
D004_3,C003249,2.013,5.8,Medium,
D004_3,C003257,5.287,12.2,Low,
D004_3,C003258,3.504,10.1,Medium,
D004_3,C003292,2.545,9.4,High,
D004_3,C003299,3.324,9.6,Medium,
D004_3,C003307,5.741,13.2,Low,One-Way
D004_3,C003317,3.473,10.0,Medium,
D004_3,C003323,8.502,19.6,Low,
D004_3,C003325,4.348,12.5,Medium,
D004_3,C003339,5.821,16.8,Medium,
D004_3,C003396,10.383,30.0,Medium,
D004_3,C003398,2.037,5.9,Medium,
D004_3,C003402,6.091,17.6,Medium,
D004_3,C003412,4.947,11.4,Low,
D004_3,C003428,8.727,20.1,Low,One-Way
D004_3,C003443,7.18,16.6,Low,
D004_3,C003466,9.373,34.6,High,
D004_3,C003467,7.012,20.2,Medium,
D004_3,C003470,5.208,19.2,High,
D004_3,C003525,8.913,25.7,Medium,
D004_3,C003555,5.238,15.1,Medium,
D004_3,C003583,7.02,20.3,Medium,
D004_3,C003598,2.509,5.8,Low,
D004_3,C003605,6.738,19.4,Medium,
D004_3,C003610,8.549,31.6,High,One-Way
D004_3,C003612,7.613,28.1,High,
D004_3,C003639,5.694,16.4,Medium,
D004_3,C003642,7.595,21.9,Medium,
D004_3,C003649,5.275,19.5,High,
D004_3,C003653,9.144,21.1,Low,One-Way
D004_3,C003658,7.615,22.0,Medium,
D004_3,C003665,6.19,14.3,Low,
D004_3,C003669,5.064,14.6,Medium,One-Way
D004_3,C003690,3.734,8.6,Low,
D004_3,C003739,4.179,12.1,Medium,
D004_3,C003770,4.853,14.0,Medium,No Heavy Trucks
D004_3,C003783,1.158,3.3,Medium,
D004_3,C003822,8.975,25.9,Medium,
D004_3,C003828,7.193,20.7,Medium,
D004_3,C003839,3.218,9.3,Medium,No Heavy Trucks
D004_3,C003851,5.861,16.9,Medium,
D004_3,C003861,3.764,13.9,High,
D004_3,C003873,3.492,8.1,Low,
D004_3,C003878,3.883,11.2,Medium,
D004_3,C003882,2.972,8.6,Medium,
D004_3,C003883,4.724,17.4,High,
D004_3,C003893,0.545,1.6,Medium,One-Way
D004_3,C003908,7.662,17.7,Low,
D004_3,C003930,7.945,22.9,Medium,
D004_3,C003956,1.055,3.0,Medium,One-Way
D004_3,C003957,6.477,18.7,Medium,
D004_3,C003962,3.879,14.3,High,
D004_3,C003965,7.769,17.9,Low,
D004_3,C003985,6.784,25.0,High,
D004_3,C004002,3.747,10.8,Medium,
D004_3,C004015,6.807,15.7,Low,One-Way
D004_3,C004024,5.589,16.1,Medium,
D004_3,C004043,6.064,17.5,Medium,
D004_3,C004044,5.367,19.8,High,
D004_3,C004047,7.08,16.3,Low,
D004_3,C004055,4.095,15.1,High,
D004_3,C004061,4.848,14.0,Medium,
D004_3,C004063,6.922,16.0,Low,
D004_3,C004085,5.458,15.7,Medium,
D004_3,C004109,3.572,10.3,Medium,
D004_3,C004121,7.597,21.9,Medium,No Heavy Trucks
D004_3,C004123,5.006,11.6,Low,One-Way
D004_3,C004126,4.261,9.8,Low,
D004_3,C004134,6.277,14.5,Low,One-Way
D004_3,C004136,3.205,7.4,Low,
D004_3,C004137,6.722,19.4,Medium,
D004_3,C004146,1.008,2.3,Low,No Heavy Trucks
D004_3,C004151,4.907,11.3,Low,No Heavy Trucks
D004_3,C004165,1.48,3.4,Low,
D004_3,C004166,3.226,9.3,Medium,One-Way
D004_3,C004183,6.4,14.8,Low,One-Way
D004_3,C004188,3.457,10.0,Medium,
D004_3,C004190,5.896,17.0,Medium,
D004_3,C004231,4.592,13.2,Medium,One-Way
D004_3,C004233,5.465,20.2,High,No Heavy Trucks
D004_3,C004235,2.967,8.6,Medium,
D004_3,C004240,3.404,7.9,Low,No Heavy Trucks
D004_3,C004258,5.65,16.3,Medium,
D004_3,C004265,7.538,21.7,Medium,
D004_3,C004266,9.191,26.5,Medium,One-Way
D004_3,C004268,6.996,16.1,Low,
D004_3,C004319,3.077,8.9,Medium,
D004_3,C004334,6.544,18.9,Medium,No Heavy Trucks
D004_3,C004352,7.328,16.9,Low,
D004_3,C004368,8.648,24.9,Medium,
D004_3,C004400,7.182,20.7,Medium,No Heavy Trucks
D004_3,C004405,7.811,22.5,Medium,
D004_3,C004406,5.584,20.6,High,
D004_3,C004424,4.014,14.8,High,
D004_3,C004426,0.737,2.1,Medium,
D004_3,C004428,1.632,4.7,Medium,
D004_3,C004454,3.953,9.1,Low,
D004_3,C004455,6.924,20.0,Medium,
D004_3,C004469,7.151,16.5,Low,
D004_3,C004476,2.188,5.0,Low,One-Way
D004_3,C004504,6.911,15.9,Low,
D004_3,C004516,5.92,17.1,Medium,
D004_3,C004530,5.733,13.2,Low,No Heavy Trucks
D004_3,C004531,5.825,21.5,High,
D004_3,C004536,4.272,12.3,Medium,
D004_3,C004541,3.835,8.8,Low,
D004_3,C004551,5.052,11.7,Low,
D004_3,C004554,3.861,11.1,Medium,
D004_3,C004572,3.184,7.3,Low,
D004_3,C004591,5.902,17.0,Medium,
D004_3,C004595,6.74,19.4,Medium,
D004_3,C004610,8.317,24.0,Medium,One-Way
D004_3,C004611,7.266,16.8,Low,
D004_3,C004616,1.72,4.0,Low,
D004_3,C004633,3.623,13.4,High,
D004_3,C004635,2.956,10.9,High,
D004_3,C004656,7.325,21.1,Medium,
D004_3,C004689,5.465,15.8,Medium,One-Way
D004_3,C004701,3.615,10.4,Medium,
D004_3,C004704,9.669,35.7,High,
D004_3,C004705,7.678,17.7,Low,
D004_3,C004712,5.409,15.6,Medium,
D004_3,C004723,5.42,15.6,Medium,One-Way
D004_3,C004758,1.002,2.9,Medium,
D004_3,C004763,4.751,13.7,Medium,
D004_3,C004772,3.049,11.3,High,
D004_3,C004786,6.865,19.8,Medium,
D004_3,C004792,8.14,23.5,Medium,
D004_3,C004793,1.214,3.5,Medium,
D004_3,C004808,6.599,19.0,Medium,
D004_3,C004826,2.968,11.0,High,
D004_3,C004840,6.189,14.3,Low,
D004_3,C004843,8.419,19.4,Low,No Heavy Trucks
D004_3,C004865,1.884,7.0,High,One-Way
D004_3,C004874,2.695,6.2,Low,
D004_3,C004888,1.617,4.7,Medium,
D004_3,C004897,8.917,20.6,Low,
D004_3,C004960,6.295,14.5,Low,
D004_3,C004986,5.242,15.1,Medium,
D004_3,C004987,4.211,9.7,Low,
D004_3,C004992,5.143,11.9,Low,
D004_3,C004999,6.364,14.7,Low,No Heavy Trucks
D004_3,C005021,4.1,11.8,Medium,
D004_3,C005022,8.379,19.3,Low,
D004_3,C005025,7.403,17.1,Low,
D004_3,C005041,7.149,20.6,Medium,
D004_3,C005063,6.979,20.1,Medium,
D004_3,C005099,0.856,2.5,Medium,
D004_3,C005108,9.627,35.5,High,
D004_3,C005109,6.514,18.8,Medium,No Heavy Trucks
D004_3,C005119,9.444,21.8,Low,
D004_3,C005140,9.089,21.0,Low,No Heavy Trucks
D004_3,C005158,6.676,15.4,Low,
D004_3,C005229,4.355,12.6,Medium,
D004_3,C005230,6.307,18.2,Medium,No Heavy Trucks
D004_3,C005239,5.47,15.8,Medium,No Heavy Trucks
D004_3,C005241,5.799,13.4,Low,
D004_3,C005244,8.609,19.9,Low,
D004_3,C005248,6.166,14.2,Low,
D004_3,C005288,2.067,6.0,Medium,
D004_3,C005297,8.415,31.1,High,
D004_3,C005307,5.308,15.3,Medium,
D004_3,C005343,9.405,27.1,Medium,No Heavy Trucks
D004_3,C005351,4.655,13.4,Medium,
D004_3,C005362,6.888,15.9,Low,
D004_3,C005366,3.002,8.7,Medium,
D004_3,C005384,5.855,13.5,Low,
D004_3,C005386,5.503,12.7,Low,One-Way
D004_3,C005394,3.505,8.1,Low,No Heavy Trucks
D004_3,C005402,4.824,11.1,Low,
D004_3,C005456,2.47,7.1,Medium,
D004_3,C005491,5.106,11.8,Low,
D004_3,C005508,4.805,13.9,Medium,
D004_3,C005517,7.372,27.2,High,
D004_3,C005540,5.27,12.2,Low,
D004_3,C005545,6.592,19.0,Medium,
D004_3,C005546,7.032,16.2,Low,
D004_3,C005547,4.871,18.0,High,
D004_3,C005561,6.234,18.0,Medium,
D004_3,C005624,9.458,21.8,Low,
D004_3,C005635,2.098,6.1,Medium,
D004_3,C005653,3.999,14.8,High,
D004_3,C005671,4.773,13.8,Medium,
D004_3,C005683,4.852,14.0,Medium,
D004_3,C005701,5.116,11.8,Low,
D004_3,C005707,2.246,6.5,Medium,
D004_3,C005717,8.864,25.6,Medium,
D004_3,C005723,4.109,9.5,Low,
D004_3,C005731,8.554,19.7,Low,No Heavy Trucks
D004_3,C005733,4.265,12.3,Medium,
D004_3,C005734,8.637,19.9,Low,
D004_3,C005740,4.289,12.4,Medium,One-Way
D004_3,C005759,3.918,14.5,High,One-Way
D004_3,C005785,7.61,17.6,Low,
D004_3,C005788,8.979,20.7,Low,No Heavy Trucks
D004_3,C005790,5.455,15.7,Medium,
D004_3,C005820,1.408,4.1,Medium,One-Way
D004_3,C005829,3.177,9.2,Medium,
D004_3,C005863,4.668,13.5,Medium,
D004_3,C005929,6.676,19.3,Medium,
D004_3,C005933,3.774,8.7,Low,
D004_3,C005935,7.914,22.8,Medium,
D004_3,C005945,6.517,15.0,Low,
D004_3,C005957,9.266,26.7,Medium,
D004_3,C005975,6.299,14.5,Low,
D004_3,C005976,5.539,16.0,Medium,
D004_3,C005996,3.685,10.6,Medium,
D004_3,C006048,4.957,11.4,Low,
D004_3,C006071,7.606,21.9,Medium,One-Way
D004_3,C006083,4.636,13.4,Medium,
D004_3,C006092,3.607,10.4,Medium,One-Way
D004_3,C006102,4.097,11.8,Medium,
D004_3,C006107,4.693,13.5,Medium,No Heavy Trucks
D004_3,C006126,8.621,19.9,Low,
D004_3,C006142,2.082,6.0,Medium,
D004_3,C006147,3.186,9.2,Medium,
D004_3,C006148,5.194,15.0,Medium,One-Way
D004_3,C006154,6.172,14.2,Low,
D004_3,C006161,4.243,12.2,Medium,
D004_3,C006184,6.259,18.1,Medium,No Heavy Trucks
D004_3,C006188,8.228,19.0,Low,
D004_3,C006192,4.86,14.0,Medium,
D004_3,C006198,6.817,19.7,Medium,
D004_3,C006202,4.654,13.4,Medium,
D004_3,C006203,4.165,12.0,Medium,One-Way
D004_3,C006217,4.3,12.4,Medium,
D004_3,C006218,2.497,5.8,Low,
D004_3,C006251,3.897,9.0,Low,No Heavy Trucks
D004_3,C006255,6.973,16.1,Low,One-Way
D004_3,C006307,8.373,19.3,Low,
D004_3,C006308,7.155,20.6,Medium,
D004_3,C006325,7.76,17.9,Low,
D004_3,C006326,1.413,5.2,High,
D004_3,C006348,2.212,5.1,Low,
D004_3,C006354,2.77,8.0,Medium,
D004_3,C006365,4.076,11.8,Medium,
D004_3,C006379,3.751,8.7,Low,No Heavy Trucks
D004_3,C006388,8.578,19.8,Low,
D004_3,C006396,4.4,10.2,Low,
D004_3,C006412,7.81,18.0,Low,
D004_3,C006432,6.088,17.6,Medium,
D004_3,C006453,3.327,9.6,Medium,
D004_3,C006460,5.529,12.8,Low,
D004_3,C006463,5.888,17.0,Medium,
D004_3,C006485,5.243,15.1,Medium,
D004_3,C006528,1.705,3.9,Low,No Heavy Trucks
D004_3,C006537,4.8,17.7,High,One-Way
D004_3,C006539,6.18,17.8,Medium,
D004_3,C006548,7.686,17.7,Low,
D004_3,C006564,4.208,9.7,Low,
D004_3,C006576,6.806,15.7,Low,
D004_3,C006588,7.464,17.2,Low,
D004_3,C006589,6.253,14.4,Low,
D004_3,C006597,7.788,18.0,Low,
D004_3,C006607,5.603,16.2,Medium,
D004_3,C006608,6.14,17.7,Medium,
D004_3,C006635,0.993,2.9,Medium,No Heavy Trucks
D004_3,C006640,5.503,15.9,Medium,
D004_3,C006682,10.332,29.8,Medium,
D004_3,C006688,3.791,10.9,Medium,
D004_3,C006726,2.296,5.3,Low,One-Way
D004_3,C006727,6.707,15.5,Low,
D004_3,C006732,7.299,16.8,Low,No Heavy Trucks
D004_3,C006735,7.637,17.6,Low,
D004_3,C006745,0.834,2.4,Medium,
D004_3,C006751,5.108,14.7,Medium,
D004_3,C006752,3.532,10.2,Medium,No Heavy Trucks
D004_3,C006755,4.933,11.4,Low,
D004_3,C006758,5.399,12.5,Low,
D004_3,C006774,7.09,20.5,Medium,
D004_3,C006783,7.342,21.2,Medium,
D004_3,C006793,4.825,13.9,Medium,One-Way
D004_3,C006802,2.476,7.1,Medium,
D004_3,C006805,4.924,14.2,Medium,
D004_3,C006808,6.84,19.7,Medium,
D004_3,C006819,2.933,8.5,Medium,
D004_3,C006880,6.586,19.0,Medium,
D004_3,C006884,4.237,9.8,Low,
D004_3,C006896,6.483,15.0,Low,
D004_3,C006898,3.834,11.1,Medium,
D004_3,C006903,7.159,20.7,Medium,
D004_3,C006912,2.819,8.1,Medium,
D004_3,C006942,5.352,15.4,Medium,No Heavy Trucks
D004_3,C006944,6.97,20.1,Medium,
D004_3,C006945,4.057,9.4,Low,
D004_3,C006951,5.289,12.2,Low,
D004_3,C006954,4.004,11.6,Medium,One-Way
D004_3,C006962,4.63,13.4,Medium,One-Way
D004_3,C006971,0.952,2.2,Low,
D004_3,C006980,4.056,11.7,Medium,No Heavy Trucks
D004_3,C006986,7.002,16.2,Low,
D004_3,C006997,1.944,5.6,Medium,
D004_3,C007009,7.069,16.3,Low,
D004_3,C007034,1.836,5.3,Medium,
D004_3,C007052,5.725,21.1,High,One-Way
D004_3,C007058,5.695,21.0,High,
D004_3,C007060,3.475,8.0,Low,
D004_3,C007087,5.226,12.1,Low,
D004_3,C007130,3.334,9.6,Medium,
D004_3,C007151,1.827,5.3,Medium,
D004_3,C007158,2.765,8.0,Medium,
D004_3,C007179,3.333,9.6,Medium,
D004_3,C007182,4.571,10.5,Low,
D004_3,C007225,7.759,22.4,Medium,No Heavy Trucks
D004_3,C007243,4.501,13.0,Medium,
D004_3,C007250,5.034,11.6,Low,
D004_3,C007279,5.418,12.5,Low,
D004_3,C007343,7.363,21.2,Medium,One-Way
D004_3,C007347,6.853,19.8,Medium,No Heavy Trucks
D004_3,C007349,2.701,7.8,Medium,
D004_3,C007361,4.994,11.5,Low,One-Way
D004_3,C007364,8.216,23.7,Medium,
D004_3,C007376,2.73,7.9,Medium,One-Way
D004_3,C007384,5.035,11.6,Low,
D004_3,C007401,5.912,17.1,Medium,
D004_3,C007447,4.042,11.7,Medium,
D004_3,C007451,3.362,7.8,Low,No Heavy Trucks
D004_3,C007475,7.452,21.5,Medium,No Heavy Trucks
D004_3,C007476,6.25,18.0,Medium,
D004_3,C007480,6.012,13.9,Low,One-Way
D004_3,C007483,8.242,30.4,High,
D004_3,C007491,4.032,9.3,Low,
D004_3,C007522,7.993,18.4,Low,
D004_3,C007531,2.01,5.8,Medium,
D004_3,C007534,9.572,27.6,Medium,
D004_3,C007547,8.729,20.1,Low,
D004_3,C007548,2.556,5.9,Low,
D004_3,C007562,6.538,24.1,High,No Heavy Trucks
D004_3,C007591,5.547,20.5,High,
D004_3,C007631,2.575,5.9,Low,
D004_3,C007638,5.465,15.8,Medium,
D004_3,C007641,5.234,12.1,Low,
D004_3,C007658,5.071,11.7,Low,
D004_3,C007671,6.549,15.1,Low,
D004_3,C007673,4.98,11.5,Low,
D004_3,C007681,2.853,8.2,Medium,
D004_3,C007689,4.865,14.0,Medium,
D004_3,C007691,8.078,23.3,Medium,One-Way
D004_3,C007713,5.21,15.0,Medium,
D004_3,C007714,5.589,12.9,Low,
D004_3,C007737,4.526,10.4,Low,
D004_3,C007748,8.013,18.5,Low,One-Way
D004_3,C007754,6.032,17.4,Medium,
D004_3,C007767,3.567,10.3,Medium,
D004_3,C007783,2.472,5.7,Low,
D004_3,C007808,1.719,5.0,Medium,
D004_3,C007810,6.946,20.0,Medium,
D004_3,C007818,6.709,19.4,Medium,
D004_3,C007828,1.905,5.5,Medium,One-Way
D004_3,C007840,0.744,2.1,Medium,
D004_3,C007852,4.044,11.7,Medium,
D004_3,C007864,8.864,20.5,Low,
D004_3,C007865,4.968,14.3,Medium,
D004_3,C007868,6.327,18.3,Medium,
D004_3,C007870,6.646,15.3,Low,
D004_3,C007872,5.165,14.9,Medium,One-Way
D004_3,C007875,4.039,11.7,Medium,
D004_3,C007876,3.164,9.1,Medium,
D004_3,C007887,6.029,13.9,Low,
D004_3,C007913,9.661,27.9,Medium,
D004_3,C007940,5.706,13.2,Low,No Heavy Trucks
D004_3,C007947,6.499,24.0,High,
D004_3,C007951,6.585,15.2,Low,
D004_3,C007954,3.892,11.2,Medium,One-Way
D004_3,C007967,3.763,8.7,Low,
D004_3,C007970,4.161,12.0,Medium,
D004_3,C007973,4.819,11.1,Low,
D004_3,C007985,5.416,15.6,Medium,
D004_3,C007992,6.438,18.6,Medium,One-Way
D004_3,C007995,5.087,14.7,Medium,
D004_3,C008010,5.091,14.7,Medium,
D004_3,C008019,5.089,11.7,Low,
D004_3,C008032,2.535,5.8,Low,
D004_3,C008033,9.924,28.6,Medium,
D004_3,C008052,5.095,14.7,Medium,One-Way
D004_3,C008058,5.931,13.7,Low,
D004_3,C008063,1.528,3.5,Low,
D004_3,C008080,9.298,26.8,Medium,
D004_3,C008086,5.461,15.8,Medium,
D004_3,C008117,2.984,8.6,Medium,No Heavy Trucks
D004_3,C008129,0.532,1.5,Medium,
D004_3,C008130,4.812,11.1,Low,
D004_3,C008137,6.524,24.1,High,
D004_3,C008141,7.151,26.4,High,
D004_3,C008163,2.169,6.3,Medium,
D004_3,C008164,8.017,18.5,Low,
D004_3,C008165,3.553,13.1,High,No Heavy Trucks
D004_3,C008184,2.578,7.4,Medium,One-Way
D004_3,C008185,7.92,18.3,Low,
D004_3,C008197,6.633,15.3,Low,No Heavy Trucks
D004_3,C008230,3.891,9.0,Low,
D004_3,C008242,5.646,20.8,High,
D004_3,C008250,6.159,17.8,Medium,
D004_3,C008254,5.403,15.6,Medium,
D004_3,C008256,5.57,12.9,Low,
D004_3,C008266,4.984,11.5,Low,
D004_3,C008285,7.248,20.9,Medium,
D004_3,C008292,7.787,22.5,Medium,
D004_3,C008310,7.423,17.1,Low,
D004_3,C008357,7.799,18.0,Low,
D004_3,C008362,6.61,15.3,Low,
D004_3,C008366,3.63,8.4,Low,One-Way
D004_3,C008373,1.573,4.5,Medium,One-Way
D004_3,C008387,4.115,11.9,Medium,No Heavy Trucks
D004_3,C008460,7.565,17.5,Low,No Heavy Trucks
D004_3,C008461,4.763,11.0,Low,
D004_3,C008485,1.833,4.2,Low,No Heavy Trucks
D004_3,C008494,5.327,15.4,Medium,One-Way
D004_3,C008497,4.923,14.2,Medium,
D004_3,C008504,4.026,14.9,High,
D004_3,C008513,2.541,7.3,Medium,One-Way
D004_3,C008536,6.807,19.6,Medium,
D004_3,C008562,4.345,16.0,High,
D004_3,C008570,6.199,14.3,Low,
D004_3,C008626,6.535,18.8,Medium,One-Way
D004_3,C008652,0.572,1.3,Low,No Heavy Trucks
D004_3,C008653,1.506,4.3,Medium,
D004_3,C008656,6.353,18.3,Medium,
D004_3,C008685,3.312,7.6,Low,One-Way
D004_3,C008696,4.622,10.7,Low,
D004_3,C008697,7.489,21.6,Medium,
D004_3,C008731,3.427,9.9,Medium,
D004_3,C008733,4.477,12.9,Medium,One-Way
D004_3,C008765,7.704,17.8,Low,
D004_3,C008778,2.564,7.4,Medium,
D004_3,C008790,3.986,9.2,Low,
D004_3,C008809,2.232,6.4,Medium,
D004_3,C008812,3.573,8.2,Low,
D004_3,C008817,8.085,29.9,High,
D004_3,C008820,4.346,10.0,Low,
D004_3,C008822,2.125,7.8,High,One-Way
D004_3,C008849,4.623,13.3,Medium,
D004_3,C008867,5.105,14.7,Medium,No Heavy Trucks
D004_3,C008869,3.61,10.4,Medium,
D004_3,C008871,1.763,4.1,Low,
D004_3,C008872,2.715,10.0,High,
D004_3,C008909,6.752,19.5,Medium,No Heavy Trucks
D004_3,C008924,3.272,7.5,Low,
D004_3,C008936,5.922,17.1,Medium,
D004_3,C008937,7.871,29.1,High,
D004_3,C008947,4.389,12.7,Medium,
D004_3,C008955,4.52,10.4,Low,One-Way
D004_3,C008974,6.683,19.3,Medium,No Heavy Trucks
D004_3,C008975,7.504,27.7,High,No Heavy Trucks
D004_3,C008988,7.558,21.8,Medium,No Heavy Trucks
D004_3,C008994,3.398,9.8,Medium,
D004_3,C009001,2.366,5.5,Low,
D004_3,C009043,5.071,11.7,Low,
D004_3,C009052,1.501,4.3,Medium,No Heavy Trucks
D004_3,C009059,8.05,23.2,Medium,
D004_3,C009068,6.482,18.7,Medium,
D004_3,C009116,6.482,18.7,Medium,
D004_3,C009118,3.175,11.7,High,One-Way
D004_3,C009122,7.801,18.0,Low,One-Way
D004_3,C009134,6.962,16.1,Low,
D004_3,C009140,5.862,21.6,High,No Heavy Trucks
D004_3,C009155,0.836,2.4,Medium,
D004_3,C009162,7.325,16.9,Low,
D004_3,C009170,7.803,18.0,Low,No Heavy Trucks
D004_3,C009173,6.848,25.3,High,
D004_3,C009192,4.454,10.3,Low,
D004_3,C009199,9.562,35.3,High,No Heavy Trucks
D004_3,C009204,6.125,22.6,High,
D004_3,C009208,5.963,22.0,High,
D004_3,C009210,2.516,5.8,Low,
D004_3,C009236,3.208,7.4,Low,
D004_3,C009238,2.63,7.6,Medium,
D004_3,C009243,2.838,10.5,High,
D004_3,C009277,4.506,10.4,Low,
D004_3,C009284,2.242,5.2,Low,
D004_3,C009295,3.3,9.5,Medium,
D004_3,C009312,4.41,12.7,Medium,No Heavy Trucks
D004_3,C009328,5.727,13.2,Low,
D004_3,C009331,7.845,29.0,High,
D004_3,C009333,5.319,15.3,Medium,
D004_3,C009334,6.181,17.8,Medium,
D004_3,C009348,6.502,15.0,Low,
D004_3,C009355,6.369,14.7,Low,No Heavy Trucks
D004_3,C009358,5.561,16.0,Medium,
D004_3,C009428,5.596,12.9,Low,
D004_3,C009442,5.352,12.4,Low,
D004_3,C009499,4.03,11.6,Medium,
D004_3,C009504,4.118,15.2,High,One-Way
D004_3,C009505,3.587,10.3,Medium,
D004_3,C009517,4.882,11.3,Low,
D004_3,C009529,4.844,11.2,Low,No Heavy Trucks
D004_3,C009549,4.621,10.7,Low,No Heavy Trucks
D004_3,C009550,3.781,8.7,Low,No Heavy Trucks
D004_3,C009562,8.109,23.4,Medium,
D004_3,C009570,6.77,15.6,Low,
D004_3,C009571,5.208,15.0,Medium,
D004_3,C009579,7.282,21.0,Medium,No Heavy Trucks
D004_3,C009581,2.449,7.1,Medium,
D004_3,C009589,3.202,9.2,Medium,
D004_3,C009593,2.493,7.2,Medium,
D004_3,C009594,5.539,20.5,High,
D004_3,C009605,7.252,16.7,Low,
D004_3,C009628,6.589,15.2,Low,One-Way
D004_3,C009630,1.18,2.7,Low,
D004_3,C009634,3.26,9.4,Medium,
D004_3,C009638,2.493,7.2,Medium,
D004_3,C009642,8.44,24.3,Medium,
D004_3,C009663,5.546,12.8,Low,
D004_3,C009673,5.383,15.5,Medium,
D004_3,C009677,1.927,5.6,Medium,
D004_3,C009693,2.699,7.8,Medium,One-Way
D004_3,C009745,5.164,14.9,Medium,No Heavy Trucks
D004_3,C009766,7.058,20.4,Medium,
D004_3,C009812,7.317,21.1,Medium,
D004_3,C009834,8.857,20.4,Low,
D004_3,C009843,7.464,21.5,Medium,
D004_3,C009879,7.727,22.3,Medium,No Heavy Trucks
D004_3,C009883,4.064,15.0,High,
D004_3,C009885,4.867,14.0,Medium,
D004_3,C009900,5.979,17.2,Medium,
D004_3,C009921,5.924,17.1,Medium,
D004_3,C009935,6.177,14.3,Low,
D004_3,C009946,4.843,11.2,Low,
D004_3,C009955,6.829,19.7,Medium,
D004_3,C009958,6.222,14.4,Low,No Heavy Trucks
D004_3,C009977,6.457,14.9,Low,No Heavy Trucks
D004_3,C009984,3.563,8.2,Low,
D004_3,C009998,9.923,22.9,Low,
D004_3,C010008,5.993,13.8,Low,
D004_3,C010009,5.509,15.9,Medium,
D004_3,C010045,5.125,14.8,Medium,
D004_3,C010056,5.52,15.9,Medium,No Heavy Trucks
D004_3,C010057,0.941,2.7,Medium,
D004_3,C010065,5.929,21.9,High,
D004_3,C010075,4.293,15.9,High,
D004_3,C010076,6.578,19.0,Medium,
D004_3,C010089,3.496,8.1,Low,
D004_3,C010091,6.806,19.6,Medium,
D004_3,C010095,9.361,21.6,Low,
D004_3,C010104,3.768,8.7,Low,
D004_3,C010106,2.178,8.0,High,
D004_3,C010153,1.996,5.8,Medium,
D004_3,C010160,6.924,20.0,Medium,
D004_3,C010175,2.837,10.5,High,
D004_3,C010176,1.97,5.7,Medium,
D004_3,C010188,4.231,12.2,Medium,
D004_3,C010191,8.314,24.0,Medium,
D004_3,C010195,6.387,14.7,Low,
D004_3,C010203,5.187,12.0,Low,
D004_3,C010214,5.084,14.7,Medium,
D004_3,C010256,4.338,16.0,High,
D004_3,C010257,7.092,16.4,Low,
D004_3,C010274,6.027,13.9,Low,
D004_3,C010307,3.758,10.8,Medium,
D004_3,C010360,1.417,4.1,Medium,
D004_3,C010368,7.054,20.3,Medium,
D004_3,C010377,0.648,1.9,Medium,
D004_3,C010393,1.527,3.5,Low,
D004_3,C010398,6.562,24.2,High,
D004_3,C010400,7.265,16.8,Low,
D004_3,C010439,0.668,1.9,Medium,
D004_3,C010453,4.257,12.3,Medium,
D004_3,C010523,4.177,12.0,Medium,One-Way
D004_3,C010529,9.471,21.9,Low,
D004_3,C010533,8.125,23.4,Medium,
D004_3,C010538,3.977,14.7,High,One-Way
D004_3,C010549,6.209,14.3,Low,
D004_3,C010563,4.763,13.7,Medium,
D004_3,C010565,8.57,24.7,Medium,
D004_3,C010566,6.084,17.5,Medium,One-Way
D004_3,C010572,6.425,23.7,High,
D004_3,C010588,6.794,19.6,Medium,
D004_3,C010591,7.244,16.7,Low,
D004_3,C010592,6.147,22.7,High,
D004_3,C010602,2.828,6.5,Low,
D004_3,C010611,4.105,11.8,Medium,
D004_3,C010653,3.947,11.4,Medium,
D004_3,C010661,8.753,32.3,High,
D004_3,C010668,5.554,12.8,Low,
D004_3,C010675,6.773,15.6,Low,
D004_3,C010714,4.143,9.6,Low,One-Way
D004_3,C010723,6.285,18.1,Medium,
D004_3,C010728,2.917,8.4,Medium,
D004_3,C010797,3.387,7.8,Low,
D004_3,C010823,2.989,8.6,Medium,One-Way
D004_3,C010825,4.39,12.7,Medium,
D004_3,C010826,7.593,17.5,Low,
D004_3,C010831,7.914,29.2,High,
D004_3,C010882,7.668,17.7,Low,One-Way
D004_3,C010902,5.778,16.7,Medium,
D004_3,C010923,5.503,12.7,Low,One-Way
D004_3,C010930,5.834,16.8,Medium,
D004_3,C010942,3.326,9.6,Medium,
D004_3,C010966,5.149,11.9,Low,
D004_3,C010971,4.786,11.0,Low,
D004_3,C010986,4.557,10.5,Low,No Heavy Trucks
D004_3,C011000,7.705,22.2,Medium,
D004_3,C011008,7.677,17.7,Low,
D004_3,C011025,3.977,11.5,Medium,
D004_3,C011036,6.417,23.7,High,No Heavy Trucks
D004_3,C011040,4.552,10.5,Low,
D004_3,C011079,6.689,19.3,Medium,
D004_3,C011105,7.582,21.9,Medium,One-Way
D004_3,C011113,5.015,11.6,Low,
D004_3,C011127,4.475,10.3,Low,
D004_3,C011138,6.466,14.9,Low,No Heavy Trucks
D004_3,C011149,7.622,22.0,Medium,
D004_3,C011162,4.183,9.7,Low,One-Way
D004_3,C011164,3.972,11.5,Medium,
D004_3,C011166,0.589,1.4,Low,One-Way
D004_3,C011172,8.772,25.3,Medium,
D004_3,C011175,3.898,11.2,Medium,
D004_3,C011176,5.744,16.6,Medium,
D004_3,C011187,3.447,8.0,Low,
D004_3,C011233,2.784,8.0,Medium,One-Way
D004_3,C011237,7.922,18.3,Low,
D004_3,C011257,6.859,15.8,Low,
D004_3,C011258,4.337,12.5,Medium,
D004_3,C011264,7.367,21.3,Medium,
D004_3,C011270,1.894,5.5,Medium,
D004_3,C011285,4.536,10.5,Low,
D004_3,C011286,1.902,5.5,Medium,
D004_3,C011304,7.154,16.5,Low,
D004_3,C011318,8.08,23.3,Medium,
D004_3,C011336,3.557,8.2,Low,
D004_3,C011339,5.378,15.5,Medium,No Heavy Trucks
D004_3,C011366,5.479,15.8,Medium,
D004_3,C011379,3.368,7.8,Low,
D004_3,C011385,5.337,15.4,Medium,
D004_3,C011387,8.588,31.7,High,
D004_3,C011407,4.041,11.7,Medium,
D004_3,C011413,7.396,27.3,High,
D004_3,C011417,3.837,11.1,Medium,
D004_3,C011429,4.36,12.6,Medium,
D004_3,C011434,7.898,18.2,Low,
D004_3,C011435,8.528,19.7,Low,
D004_3,C011474,4.249,9.8,Low,
D004_3,C011476,3.329,7.7,Low,No Heavy Trucks
D004_3,C011486,4.437,12.8,Medium,
D004_3,C011543,6.999,20.2,Medium,One-Way
D004_3,C011550,6.522,15.0,Low,
D004_3,C011566,5.397,15.6,Medium,
D004_3,C011567,3.503,10.1,Medium,One-Way
D004_3,C011579,3.916,11.3,Medium,
D004_3,C011584,3.859,8.9,Low,
D004_3,C011585,3.921,9.0,Low,
D004_3,C011591,5.302,15.3,Medium,
D004_3,C011596,5.024,14.5,Medium,
D004_3,C011597,4.303,12.4,Medium,
D004_3,C011598,2.397,5.5,Low,
D004_3,C011603,3.169,9.1,Medium,
D004_3,C011604,5.031,11.6,Low,No Heavy Trucks
D004_3,C011605,9.488,21.9,Low,
D004_3,C011608,8.97,20.7,Low,
D004_3,C011611,5.216,12.0,Low,No Heavy Trucks
D004_3,C011622,4.226,15.6,High,
D004_3,C011634,7.484,27.6,High,
D004_3,C011635,6.302,23.3,High,
D004_3,C011636,7.758,17.9,Low,No Heavy Trucks
D004_3,C011638,5.264,15.2,Medium,
D004_3,C011682,3.599,10.4,Medium,
D004_3,C011691,6.016,22.2,High,No Heavy Trucks
D004_3,C011697,9.477,21.9,Low,No Heavy Trucks
D004_3,C011715,5.975,17.2,Medium,
D004_3,C011733,7.274,21.0,Medium,
D004_3,C011755,1.87,5.4,Medium,
D004_3,C011767,8.136,23.5,Medium,
D004_3,C011789,1.674,3.9,Low,
D004_3,C011812,1.702,3.9,Low,
D004_3,C011846,2.68,7.7,Medium,
D004_3,C011862,5.649,16.3,Medium,
D004_3,C011864,6.223,18.0,Medium,
D004_3,C011890,6.357,18.3,Medium,
D004_3,C011897,6.104,17.6,Medium,No Heavy Trucks
D004_3,C011907,0.649,1.9,Medium,
D004_3,C011922,8.054,29.7,High,
D004_3,C011932,2.978,6.9,Low,
D004_3,C011939,4.813,13.9,Medium,
D004_3,C011952,5.771,13.3,Low,
D004_3,C011963,9.358,34.6,High,
D004_3,C011970,5.417,20.0,High,No Heavy Trucks
D004_3,C012011,9.658,27.9,Medium,No Heavy Trucks
D004_3,C012017,6.306,18.2,Medium,
D004_3,C012026,4.84,14.0,Medium,
D004_3,C012035,9.556,27.6,Medium,
D004_3,C012040,3.9,11.2,Medium,
D004_3,C012043,7.918,29.2,High,
D004_3,C012067,3.375,9.7,Medium,No Heavy Trucks
D004_3,C012074,2.513,5.8,Low,
D004_3,C012106,4.511,10.4,Low,
D004_3,C012139,2.463,7.1,Medium,
D004_3,C012176,4.243,9.8,Low,One-Way
D004_3,C012177,3.553,10.2,Medium,
D004_3,C012219,6.029,13.9,Low,No Heavy Trucks
D004_3,C012233,6.35,18.3,Medium,No Heavy Trucks
D004_3,C012238,3.159,9.1,Medium,
D004_3,C012243,4.865,14.0,Medium,
D004_3,C012250,7.775,22.4,Medium,
D004_3,C012256,3.532,10.2,Medium,
D004_3,C012270,6.83,19.7,Medium,No Heavy Trucks
D004_3,C012314,7.096,20.5,Medium,
D004_3,C012328,4.212,12.1,Medium,
D004_3,C012332,5.666,20.9,High,No Heavy Trucks
D004_3,C012339,2.419,7.0,Medium,
D004_3,C012344,3.374,9.7,Medium,
D004_3,C012368,6.887,25.4,High,
D004_3,C012371,6.375,14.7,Low,
D004_3,C012374,3.599,10.4,Medium,
D004_3,C012388,3.708,8.6,Low,
D004_3,C012407,6.546,15.1,Low,No Heavy Trucks
D004_3,C012410,4.036,14.9,High,
D004_3,C012419,4.243,12.2,Medium,
D004_3,C012480,2.958,6.8,Low,
D004_3,C012488,7.986,29.5,High,
D004_3,C012527,6.146,14.2,Low,No Heavy Trucks
D004_3,C012534,7.195,16.6,Low,
D004_3,C012535,5.968,13.8,Low,
D004_3,C012555,8.104,18.7,Low,
D004_3,C012581,5.624,13.0,Low,
D004_3,C012599,5.016,11.6,Low,
D004_3,C012604,7.501,21.6,Medium,
D004_3,C012606,7.992,29.5,High,
D004_3,C012616,5.984,17.3,Medium,
D004_3,C012637,1.825,5.3,Medium,One-Way
D004_3,C012646,3.749,13.8,High,
D004_3,C012655,6.948,16.0,Low,
D004_3,C012667,6.807,19.6,Medium,No Heavy Trucks
D004_3,C012669,4.257,9.8,Low,One-Way
D004_3,C012706,7.993,23.1,Medium,One-Way
D004_3,C012712,6.895,19.9,Medium,No Heavy Trucks
D004_3,C012719,9.905,22.9,Low,
D004_3,C012741,6.543,24.2,High,
D004_3,C012746,6.554,18.9,Medium,
D004_3,C012758,6.948,20.0,Medium,
D004_3,C012781,6.222,14.4,Low,
D004_3,C012796,2.066,4.8,Low,
D004_3,C012805,3.232,7.5,Low,
D004_3,C012812,3.366,9.7,Medium,
D004_3,C012822,1.01,2.9,Medium,
D004_3,C012825,4.167,12.0,Medium,
D004_3,C012832,4.341,10.0,Low,
D004_3,C012843,3.973,11.5,Medium,
D004_3,C012844,4.588,13.2,Medium,No Heavy Trucks
D004_3,C012847,7.72,17.8,Low,One-Way
D004_3,C012891,3.039,7.0,Low,
D004_3,C012902,5.041,11.6,Low,
D004_3,C012909,5.945,13.7,Low,
D004_3,C012913,7.898,18.2,Low,
D004_3,C012925,5.552,16.0,Medium,
D004_3,C012930,5.864,13.5,Low,
D004_3,C012940,6.561,24.2,High,
D004_3,C012980,4.605,10.6,Low,
D004_3,C012981,4.893,11.3,Low,
D004_3,C012990,7.632,22.0,Medium,
D004_3,C012993,3.91,14.4,High,
D004_3,C013001,3.726,8.6,Low,
D004_3,C013003,6.868,15.8,Low,
D004_3,C013014,2.449,5.7,Low,One-Way
D004_3,C013023,7.254,20.9,Medium,No Heavy Trucks
D004_3,C013043,8.101,23.4,Medium,
D004_3,C013046,0.184,0.5,Medium,
D004_3,C013050,4.828,13.9,Medium,
D004_3,C013069,5.2,15.0,Medium,
D004_3,C013085,5.013,11.6,Low,One-Way
D004_3,C013087,5.053,11.7,Low,
D004_3,C013094,3.441,7.9,Low,
D004_3,C013119,4.694,10.8,Low,No Heavy Trucks
D004_3,C013122,3.347,7.7,Low,
D004_3,C013146,7.062,20.4,Medium,
D004_3,C013154,5.864,16.9,Medium,
D004_3,C013167,8.75,25.2,Medium,
D004_3,C013173,6.26,18.1,Medium,No Heavy Trucks
D004_3,C013183,7.226,16.7,Low,
D004_3,C013190,4.737,13.7,Medium,
D004_3,C013218,2.612,9.6,High,
D004_3,C013225,3.478,10.0,Medium,
D004_3,C013236,4.229,12.2,Medium,
D004_3,C013248,8.091,18.7,Low,
D004_3,C013253,2.039,4.7,Low,
D004_3,C013263,9.019,20.8,Low,
D004_3,C013274,4.906,14.2,Medium,
D004_3,C013299,6.434,14.8,Low,
D004_3,C013304,2.916,10.8,High,
D004_3,C013336,0.995,2.3,Low,
D004_3,C013363,9.567,22.1,Low,
D004_3,C013372,8.445,19.5,Low,
D004_3,C013390,1.989,4.6,Low,
D004_3,C013400,6.839,15.8,Low,
D004_3,C013402,3.187,7.4,Low,
D004_3,C013426,4.48,12.9,Medium,
D004_3,C013435,7.33,21.1,Medium,No Heavy Trucks
D004_3,C013441,3.494,10.1,Medium,
D004_3,C013445,1.623,3.7,Low,
D004_3,C013450,5.456,20.1,High,
D004_3,C013463,3.896,9.0,Low,
D004_3,C013495,2.977,11.0,High,One-Way
D004_3,C013501,3.155,11.6,High,
D004_3,C013527,8.776,25.3,Medium,
D004_3,C013535,5.958,17.2,Medium,No Heavy Trucks
D004_3,C013547,6.054,17.5,Medium,No Heavy Trucks
D004_3,C013554,4.173,12.0,Medium,
D004_3,C013573,6.488,15.0,Low,
D004_3,C013594,8.071,23.3,Medium,
D004_3,C013605,5.157,14.9,Medium,
D004_3,C013625,6.867,19.8,Medium,
D004_3,C013691,8.825,25.5,Medium,
D004_3,C013700,5.196,12.0,Low,
D004_3,C013710,2.449,9.0,High,One-Way
D004_3,C013712,4.629,17.1,High,
D004_3,C013727,5.811,16.8,Medium,No Heavy Trucks
D004_3,C013731,9.02,26.0,Medium,
D004_3,C013734,8.088,18.7,Low,
D004_3,C013742,1.492,4.3,Medium,
D004_3,C013747,5.097,18.8,High,
D004_3,C013748,3.483,10.0,Medium,
D004_3,C013749,6.285,14.5,Low,
D004_3,C013761,6.278,23.2,High,One-Way
D004_3,C013763,4.076,9.4,Low,
D004_3,C013774,8.041,18.6,Low,
D004_3,C013779,8.385,19.3,Low,
D004_3,C013782,5.484,12.7,Low,
D004_3,C013783,6.251,18.0,Medium,
D004_3,C013809,4.522,16.7,High,
D004_3,C013817,3.895,11.2,Medium,
D004_3,C013841,2.271,8.4,High,One-Way
D004_3,C013842,2.403,5.5,Low,
D004_3,C013846,6.559,18.9,Medium,No Heavy Trucks
D004_3,C013857,2.735,7.9,Medium,
D004_3,C013872,4.41,12.7,Medium,
D004_3,C013882,0.895,2.1,Low,One-Way
D004_3,C013887,4.768,11.0,Low,
D004_3,C013903,7.281,16.8,Low,No Heavy Trucks
D004_3,C013908,4.562,10.5,Low,
D004_3,C013934,5.072,11.7,Low,
D004_3,C013935,4.702,13.6,Medium,No Heavy Trucks
D004_3,C013936,2.758,8.0,Medium,
D004_3,C013948,4.062,11.7,Medium,
D004_3,C013962,6.094,14.1,Low,No Heavy Trucks
D004_3,C013964,7.085,20.4,Medium,One-Way
D004_3,C013972,6.523,18.8,Medium,One-Way
D004_3,C013975,0.999,2.9,Medium,
D004_3,C013989,6.94,16.0,Low,No Heavy Trucks
D004_3,C014035,3.111,7.2,Low,
D004_3,C014042,4.174,9.6,Low,
D004_3,C014057,8.587,24.8,Medium,No Heavy Trucks
D004_3,C014070,5.195,19.2,High,
D004_3,C014072,5.921,13.7,Low,
D004_3,C014078,7.546,17.4,Low,
D004_3,C014081,6.597,19.0,Medium,One-Way
D004_3,C014082,3.224,7.4,Low,
D004_3,C014145,1.084,3.1,Medium,
D004_3,C014161,1.854,6.8,High,
D004_3,C014169,6.836,15.8,Low,
D004_3,C014186,6.513,18.8,Medium,
D004_3,C014191,3.952,9.1,Low,
D004_3,C014196,5.501,12.7,Low,
D004_3,C014206,5.443,20.1,High,
D004_3,C014218,2.098,6.1,Medium,
D004_3,C014256,8.458,24.4,Medium,One-Way
D004_3,C014262,2.255,6.5,Medium,
D004_3,C014267,5.103,11.8,Low,
D004_3,C014288,5.616,16.2,Medium,
D004_3,C014292,5.984,22.1,High,One-Way
D004_3,C014305,0.45,1.3,Medium,No Heavy Trucks
D004_3,C014307,3.528,10.2,Medium,
D004_3,C014311,5.133,14.8,Medium,
D004_3,C014326,3.871,14.3,High,
D004_3,C014332,9.2,21.2,Low,
D004_3,C014335,6.106,14.1,Low,No Heavy Trucks
D004_3,C014338,2.92,8.4,Medium,
D004_3,C014352,7.797,18.0,Low,
D004_3,C014367,2.759,6.4,Low,
D004_3,C014382,3.916,14.5,High,
D004_3,C014384,6.379,14.7,Low,
D004_3,C014397,1.673,3.9,Low,
D004_3,C014402,7.903,18.2,Low,
D004_3,C014409,6.598,19.0,Medium,
D004_3,C014411,6.552,18.9,Medium,
D004_3,C014422,0.932,2.7,Medium,
D004_3,C014446,3.077,8.9,Medium,No Heavy Trucks
D004_3,C014469,5.89,21.7,High,
D004_3,C014485,2.661,6.1,Low,
D004_3,C014514,4.939,11.4,Low,
D004_3,C014515,5.575,12.9,Low,
D004_3,C014518,4.454,12.8,Medium,
D004_3,C014522,9.044,26.1,Medium,
D004_3,C014525,1.138,3.3,Medium,
D004_3,C014529,3.095,8.9,Medium,No Heavy Trucks
D004_3,C014535,0.766,1.8,Low,No Heavy Trucks
D004_3,C014537,6.093,14.1,Low,No Heavy Trucks
D004_3,C014541,7.762,28.7,High,
D004_3,C014542,7.028,20.3,Medium,
D004_3,C014545,3.469,8.0,Low,
D004_3,C014585,9.233,26.6,Medium,One-Way
D004_3,C014597,7.501,27.7,High,No Heavy Trucks
D004_3,C014602,9.886,22.8,Low,
D004_3,C014621,4.32,16.0,High,
D004_3,C014623,6.214,22.9,High,
D004_3,C014634,4.956,11.4,Low,
D004_3,C014636,5.32,19.6,High,
D004_3,C014637,5.046,11.6,Low,
D004_3,C014639,0.68,2.0,Medium,
D004_3,C014648,6.841,15.8,Low,One-Way
D004_3,C014654,8.197,30.3,High,
D004_3,C014663,3.881,9.0,Low,
D004_3,C014664,1.369,4.0,Medium,
D004_3,C014669,7.234,26.7,High,
D004_3,C014681,3.427,9.9,Medium,
D004_3,C014688,5.089,14.7,Medium,
D004_3,C014693,5.001,14.4,Medium,
D004_3,C014710,7.604,17.5,Low,
D004_3,C014716,5.575,12.9,Low,One-Way
D004_3,C014724,4.158,12.0,Medium,
D004_3,C014730,2.265,6.5,Medium,
D004_3,C014733,6.234,14.4,Low,
D004_3,C014751,9.41,34.7,High,No Heavy Trucks
D004_3,C014753,5.608,16.2,Medium,
D004_3,C014754,5.388,15.5,Medium,
D004_3,C014763,4.108,11.8,Medium,
D004_3,C014801,2.962,10.9,High,
D004_3,C014843,5.468,12.6,Low,
D004_3,C014864,4.18,12.1,Medium,
D004_3,C014886,4.936,14.2,Medium,
D004_3,C014910,4.863,11.2,Low,
D004_3,C014935,6.066,14.0,Low,
D004_3,C014942,3.966,9.2,Low,
D004_3,C014948,2.938,6.8,Low,
D004_3,C014950,4.473,12.9,Medium,One-Way
D004_3,C014965,10.012,28.9,Medium,
D004_3,C014970,2.812,10.4,High,
D004_3,C014994,5.561,12.8,Low,
D004_3,C014997,2.94,10.9,High,
D004_3,C015001,4.456,16.5,High,
D004_3,C015009,3.123,7.2,Low,One-Way
D004_3,C015012,8.099,18.7,Low,
D004_3,C015025,4.033,11.6,Medium,
D004_3,C015054,5.709,21.1,High,
D004_3,C015056,7.238,20.9,Medium,
D004_3,C015058,7.429,17.1,Low,
D004_3,C015071,5.074,11.7,Low,One-Way
D004_3,C015105,2.252,5.2,Low,
D004_3,C015113,3.786,10.9,Medium,
D004_3,C015122,7.208,20.8,Medium,
D004_3,C015136,6.642,24.5,High,One-Way
D004_3,C015139,2.371,6.8,Medium,
D004_3,C015152,6.512,15.0,Low,No Heavy Trucks
D004_3,C015172,3.234,7.5,Low,
D004_3,C015210,7.794,22.5,Medium,
D004_3,C015212,6.701,15.5,Low,
D004_3,C015213,0.872,2.0,Low,
D004_3,C015222,9.172,26.5,Medium,No Heavy Trucks
D004_3,C015240,3.52,10.2,Medium,One-Way
D004_3,C015249,3.356,7.7,Low,
D004_3,C015251,5.94,17.1,Medium,No Heavy Trucks
D004_3,C015262,3.81,8.8,Low,
D004_3,C015267,7.861,22.7,Medium,
D004_3,C015276,5.272,15.2,Medium,One-Way
D004_3,C015321,4.763,13.7,Medium,
D004_3,C015347,5.699,16.4,Medium,
D004_3,C015356,5.672,13.1,Low,
D004_3,C015357,8.145,30.1,High,
D004_3,C015359,2.436,5.6,Low,
D004_3,C015367,2.243,5.2,Low,
D004_3,C015373,8.233,19.0,Low,
D004_3,C015384,4.671,13.5,Medium,
D004_3,C015412,4.653,10.7,Low,No Heavy Trucks
D004_3,C015423,8.562,31.6,High,
D004_3,C015431,5.752,13.3,Low,
D004_3,C015443,8.604,19.9,Low,
D004_3,C015477,8.322,24.0,Medium,
D004_3,C015491,8.873,32.8,High,
D004_3,C015493,8.884,25.6,Medium,
D004_3,C015496,4.602,10.6,Low,
D004_3,C015508,5.011,11.6,Low,
D004_3,C015527,4.244,9.8,Low,One-Way
D004_3,C015530,6.195,14.3,Low,One-Way
D004_3,C015542,3.097,7.1,Low,
D004_3,C015545,4.839,17.9,High,
D004_3,C015561,6.984,25.8,High,
D004_3,C015573,3.792,8.8,Low,
D004_3,C015586,4.527,10.4,Low,
D004_3,C015592,2.451,5.7,Low,No Heavy Trucks
D004_3,C015607,3.924,11.3,Medium,
D004_3,C015618,6.43,14.8,Low,No Heavy Trucks
D004_3,C015665,5.31,15.3,Medium,
D004_3,C015667,5.363,15.5,Medium,
D004_3,C015668,2.51,7.2,Medium,
D004_3,C015673,4.313,12.4,Medium,
D004_3,C015695,4.884,14.1,Medium,
D004_3,C015711,6.642,15.3,Low,
D004_3,C015729,3.074,8.9,Medium,
D004_3,C015735,8.246,23.8,Medium,
D004_3,C015746,6.426,23.7,High,
D004_3,C015768,4.403,12.7,Medium,
D004_3,C015773,4.991,11.5,Low,
D004_3,C015780,6.412,14.8,Low,
D004_3,C015790,7.801,22.5,Medium,
D004_3,C015795,3.859,11.1,Medium,
D004_3,C015797,4.144,12.0,Medium,
D004_3,C015841,8.421,24.3,Medium,
D004_3,C015844,3.741,10.8,Medium,
D004_3,C015858,7.214,16.6,Low,
D004_3,C015878,3.873,8.9,Low,
D004_3,C015913,3.361,9.7,Medium,One-Way
D004_3,C015925,5.378,12.4,Low,
D004_3,C015928,4.767,13.8,Medium,
D004_3,C015934,3.804,11.0,Medium,
D004_3,C015944,2.034,5.9,Medium,
D004_3,C015950,2.678,7.7,Medium,One-Way
D004_3,C015961,4.858,14.0,Medium,No Heavy Trucks
D004_3,C015968,6.906,15.9,Low,
D004_3,C015992,6.31,14.6,Low,
D004_3,C016001,7.98,18.4,Low,
D004_3,C016005,9.058,20.9,Low,
D004_3,C016007,8.931,33.0,High,
D004_3,C016014,8.8,25.4,Medium,
D004_3,C016017,3.122,9.0,Medium,
D004_3,C016044,8.044,29.7,High,No Heavy Trucks
D004_3,C016053,4.268,12.3,Medium,
D004_3,C016097,3.577,10.3,Medium,
D004_3,C016098,3.095,7.1,Low,
D004_3,C016105,7.257,20.9,Medium,
D004_3,C016134,6.886,25.4,High,
D004_3,C016154,2.067,6.0,Medium,One-Way
D004_3,C016157,4.779,13.8,Medium,
D004_3,C016162,7.543,21.8,Medium,
D004_3,C016167,7.279,16.8,Low,
D004_3,C016177,8.927,33.0,High,
D004_3,C016185,4.367,10.1,Low,
D004_3,C016191,2.486,9.2,High,
D004_3,C016197,3.532,8.2,Low,
D004_3,C016198,3.087,8.9,Medium,
D004_3,C016236,1.408,4.1,Medium,
D004_3,C016237,1.618,3.7,Low,
D004_3,C016240,3.083,7.1,Low,
D004_3,C016280,5.317,15.3,Medium,
D004_3,C016292,8.128,30.0,High,
D004_3,C016297,8.872,25.6,Medium,
D004_3,C016306,2.782,8.0,Medium,
D004_3,C016311,2.499,9.2,High,One-Way
D004_3,C016325,2.253,5.2,Low,
D004_3,C016344,6.9,19.9,Medium,
D004_3,C016363,7.332,21.1,Medium,No Heavy Trucks
D004_3,C016396,4.208,12.1,Medium,
D004_3,C016404,3.792,10.9,Medium,
D004_3,C016423,6.865,19.8,Medium,No Heavy Trucks
D004_3,C016424,6.396,18.4,Medium,No Heavy Trucks
D004_3,C016427,6.27,14.5,Low,
D004_3,C016455,5.853,13.5,Low,
D004_3,C016471,2.902,6.7,Low,
D004_3,C016486,7.231,16.7,Low,
D004_3,C016498,6.392,18.4,Medium,
D004_3,C016499,4.589,10.6,Low,
D004_3,C016515,7.259,26.8,High,
D004_3,C016517,4.999,14.4,Medium,
D004_3,C016538,1.464,4.2,Medium,
D004_3,C016560,2.435,5.6,Low,
D004_3,C016585,5.651,16.3,Medium,
D004_3,C016586,5.195,19.2,High,
D004_3,C016606,2.718,6.3,Low,
D004_3,C016608,7.275,21.0,Medium,No Heavy Trucks
D004_3,C016635,1.125,3.2,Medium,
D004_3,C016636,2.183,6.3,Medium,
D004_3,C016642,6.046,17.4,Medium,One-Way
D004_3,C016644,6.54,18.9,Medium,
D004_3,C016659,1.38,3.2,Low,
D004_3,C016661,4.745,13.7,Medium,
D004_3,C016665,4.965,11.5,Low,
D004_3,C016675,6.56,15.1,Low,
D004_3,C016676,6.513,18.8,Medium,
D004_3,C016714,5.024,11.6,Low,
D004_3,C016721,2.941,6.8,Low,
D004_3,C016724,8.56,24.7,Medium,No Heavy Trucks
D004_3,C016726,4.165,9.6,Low,
D004_3,C016729,1.766,5.1,Medium,
D004_3,C016744,7.492,21.6,Medium,
D004_3,C016757,2.266,6.5,Medium,One-Way
D004_3,C016762,5.299,15.3,Medium,
D004_3,C016764,7.278,16.8,Low,
D004_3,C016765,7.757,22.4,Medium,No Heavy Trucks
D004_3,C016766,2.629,9.7,High,
D004_3,C016778,5.966,17.2,Medium,
D004_3,C016793,7.357,17.0,Low,No Heavy Trucks
D004_3,C016795,6.516,15.0,Low,
D004_3,C016809,2.733,10.1,High,No Heavy Trucks
D004_3,C016810,5.382,15.5,Medium,
D004_3,C016842,3.256,9.4,Medium,
D004_3,C016857,5.148,14.9,Medium,
D004_3,C016861,3.512,8.1,Low,One-Way
D004_3,C016875,5.446,20.1,High,
D004_3,C016880,6.504,15.0,Low,
D004_3,C016894,6.778,19.6,Medium,
D004_3,C016896,2.096,6.0,Medium,
D004_3,C016903,6.066,14.0,Low,
D004_3,C016906,9.467,27.3,Medium,
D004_3,C016931,7.648,17.7,Low,
D004_3,C016940,3.532,10.2,Medium,
D004_3,C016960,5.926,21.9,High,
D004_3,C016968,5.964,17.2,Medium,No Heavy Trucks
D004_3,C016975,5.041,11.6,Low,
D004_3,C016976,4.568,10.5,Low,
D004_3,C016991,7.627,22.0,Medium,One-Way
D004_3,C016999,5.953,13.7,Low,
D004_3,C017007,5.817,16.8,Medium,
D004_3,C017014,3.416,9.9,Medium,
D004_3,C017018,2.421,5.6,Low,
D004_3,C017040,6.034,13.9,Low,
D004_3,C017046,10.136,29.2,Medium,
D004_3,C017048,6.446,18.6,Medium,
D004_3,C017057,6.031,22.3,High,
D004_3,C017058,4.097,11.8,Medium,
D004_3,C017066,4.729,13.6,Medium,
D004_3,C017071,2.816,6.5,Low,
D004_3,C017088,6.381,14.7,Low,
D004_3,C017111,5.561,16.0,Medium,
D004_3,C017119,4.365,10.1,Low,
D004_3,C017121,6.944,20.0,Medium,
D004_3,C017134,6.443,14.9,Low,One-Way
D004_3,C017153,6.619,15.3,Low,
D004_3,C017162,5.278,12.2,Low,
D004_3,C017178,6.964,16.1,Low,
D004_3,C017192,1.768,5.1,Medium,No Heavy Trucks
D004_3,C017219,7.986,29.5,High,
D004_3,C017228,2.384,6.9,Medium,
D004_3,C017229,5.2,12.0,Low,
D004_3,C017232,4.041,14.9,High,
D004_3,C017233,6.092,17.6,Medium,
D004_3,C017271,5.397,15.6,Medium,
D004_3,C017277,8.006,18.5,Low,
D004_3,C017316,5.362,12.4,Low,
D004_3,C017337,6.879,19.8,Medium,
D004_3,C017339,6.767,19.5,Medium,One-Way
D004_3,C017350,7.507,17.3,Low,
D004_3,C017375,7.783,18.0,Low,
D004_3,C017399,5.925,17.1,Medium,One-Way
D004_3,C017405,5.523,15.9,Medium,
D004_3,C017419,4.452,10.3,Low,
D004_3,C017429,6.931,20.0,Medium,
D004_3,C017437,5.435,20.1,High,
D004_3,C017467,7.048,16.3,Low,
D004_3,C017477,6.98,16.1,Low,
D004_3,C017485,5.841,16.8,Medium,
D004_3,C017492,7.273,21.0,Medium,
D004_3,C017493,0.6,1.7,Medium,No Heavy Trucks
D004_3,C017501,4.345,12.5,Medium,
D004_3,C017550,6.841,15.8,Low,
D004_3,C017562,4.598,17.0,High,
D004_3,C017566,2.205,5.1,Low,
D004_3,C017571,0.949,2.7,Medium,
D004_3,C017595,6.797,19.6,Medium,
D004_3,C017654,6.964,20.1,Medium,
D004_3,C017655,7.743,22.3,Medium,
D004_3,C017660,4.126,11.9,Medium,No Heavy Trucks
D004_3,C017673,4.627,13.3,Medium,
D004_3,C017705,6.059,17.5,Medium,
D004_3,C017775,7.855,18.1,Low,One-Way
D004_3,C017780,4.823,11.1,Low,
D004_3,C017803,4.514,13.0,Medium,
D004_3,C017805,3.948,9.1,Low,
D004_3,C017814,6.303,18.2,Medium,
D004_3,C017820,1.927,7.1,High,No Heavy Trucks
D004_3,C017825,5.839,13.5,Low,
D004_3,C017843,6.114,22.6,High,
D004_3,C017845,5.621,20.8,High,
D004_3,C017850,8.469,24.4,Medium,
D004_3,C017851,6.251,14.4,Low,
D004_3,C017856,4.969,11.5,Low,
D004_3,C017884,8.433,31.1,High,
D004_3,C017890,8.681,20.0,Low,
D004_3,C017909,1.986,5.7,Medium,No Heavy Trucks
D004_3,C017917,5.975,13.8,Low,
D004_3,C017922,5.716,13.2,Low,
D004_3,C017944,6.551,15.1,Low,
D004_3,C017946,3.489,8.1,Low,One-Way
D004_3,C017952,8.136,23.5,Medium,
D004_3,C017971,4.901,11.3,Low,No Heavy Trucks
D004_3,C017983,6.387,18.4,Medium,
D004_3,C017985,6.833,25.2,High,
D004_3,C018023,4.592,10.6,Low,
D004_3,C018033,5.629,13.0,Low,
D004_3,C018048,7.414,17.1,Low,
D004_3,C018051,4.176,12.0,Medium,
D004_3,C018054,8.214,19.0,Low,
D004_3,C018067,0.507,1.5,Medium,
D004_3,C018098,4.498,16.6,High,
D004_3,C018100,4.97,14.3,Medium,
D004_3,C018102,4.428,12.8,Medium,
D004_3,C018124,4.168,15.4,High,
D004_3,C018136,4.802,11.1,Low,No Heavy Trucks
D004_3,C018138,4.721,10.9,Low,One-Way
D004_3,C018156,5.11,11.8,Low,
D004_3,C018172,3.373,7.8,Low,
D004_3,C018178,7.84,18.1,Low,
D004_3,C018207,7.595,21.9,Medium,No Heavy Trucks
D004_3,C018214,6.599,19.0,Medium,
D004_3,C018246,2.685,7.7,Medium,
D004_3,C018250,5.921,13.7,Low,
D004_3,C018260,0.256,0.6,Low,
D004_3,C018272,2.789,6.4,Low,
D004_3,C018304,7.567,27.9,High,
D004_3,C018307,6.15,22.7,High,
D004_3,C018318,4.558,10.5,Low,
D004_3,C018324,7.525,17.4,Low,
D004_3,C018364,6.49,15.0,Low,
D004_3,C018366,3.04,8.8,Medium,
D004_3,C018380,3.957,11.4,Medium,
D004_3,C018384,5.067,14.6,Medium,
D004_3,C018385,3.1,8.9,Medium,
D004_3,C018394,5.606,12.9,Low,
D004_3,C018398,0.873,2.5,Medium,
D004_3,C018402,5.453,12.6,Low,
D004_3,C018403,7.849,22.6,Medium,
D004_3,C018407,5.167,19.1,High,
D004_3,C018408,1.617,6.0,High,
D004_3,C018410,6.968,25.7,High,
D004_3,C018411,6.007,13.9,Low,
D004_3,C018425,3.999,14.8,High,
D004_3,C018428,6.919,16.0,Low,No Heavy Trucks
D004_3,C018444,8.607,19.9,Low,
D004_3,C018495,1.637,4.7,Medium,
D004_3,C018504,5.93,21.9,High,
D004_3,C018508,5.09,14.7,Medium,
D004_3,C018532,5.411,15.6,Medium,
D004_3,C018568,2.549,7.4,Medium,
D004_3,C018642,5.068,14.6,Medium,
D004_3,C018654,7.915,22.8,Medium,
D004_3,C018657,4.808,13.9,Medium,
D004_3,C018664,6.246,14.4,Low,No Heavy Trucks
D004_3,C018668,3.394,7.8,Low,
D004_3,C018712,6.601,15.2,Low,
D004_3,C018721,5.306,12.2,Low,
D004_3,C018729,8.194,30.3,High,No Heavy Trucks
D004_3,C018733,3.645,10.5,Medium,
D004_3,C018747,3.761,8.7,Low,
D004_3,C018753,5.44,15.7,Medium,
D004_3,C018756,4.437,12.8,Medium,
D004_3,C018758,2.666,6.2,Low,
D004_3,C018761,0.872,2.0,Low,No Heavy Trucks
D004_3,C018780,2.963,8.5,Medium,
D004_3,C018791,1.117,4.1,High,
D004_3,C018808,6.182,17.8,Medium,
D004_3,C018829,6.759,19.5,Medium,No Heavy Trucks
D004_3,C018844,3.877,11.2,Medium,
D004_3,C018846,4.344,12.5,Medium,
D004_3,C018869,2.823,8.1,Medium,No Heavy Trucks
D004_3,C018901,4.121,11.9,Medium,
D004_3,C018905,5.084,14.7,Medium,
D004_3,C018910,6.341,23.4,High,
D004_3,C018913,6.84,19.7,Medium,
D004_3,C018921,3.862,14.3,High,
D004_3,C018922,3.915,14.5,High,No Heavy Trucks
D004_3,C018934,7.319,16.9,Low,No Heavy Trucks
D004_3,C018953,3.419,7.9,Low,
D004_3,C018962,4.56,13.2,Medium,
D004_3,C018976,6.517,18.8,Medium,No Heavy Trucks
D004_3,C018980,5.27,12.2,Low,
D004_3,C018990,7.384,21.3,Medium,
D004_3,C018992,4.338,16.0,High,
D004_3,C018994,2.807,6.5,Low,
D004_3,C019038,3.976,11.5,Medium,
D004_3,C019076,0.768,2.2,Medium,
D004_3,C019078,5.083,14.7,Medium,
D004_3,C019083,1.915,5.5,Medium,No Heavy Trucks
D004_3,C019102,5.509,15.9,Medium,
D004_3,C019123,3.276,9.5,Medium,
D004_3,C019147,6.29,14.5,Low,
D004_3,C019155,8.055,18.6,Low,
D004_3,C019156,5.191,15.0,Medium,
D004_3,C019172,3.689,10.6,Medium,
D004_3,C019204,6.21,17.9,Medium,One-Way
D004_3,C019206,3.275,9.4,Medium,
D004_3,C019211,6.324,18.2,Medium,
D004_3,C019214,5.712,16.5,Medium,No Heavy Trucks
D004_3,C019225,3.415,12.6,High,
D004_3,C019241,5.142,14.8,Medium,No Heavy Trucks
D004_3,C019243,4.648,13.4,Medium,
D004_3,C019247,7.867,29.0,High,
D004_3,C019260,3.279,9.5,Medium,
D004_3,C019261,8.344,30.8,High,
D004_3,C019284,5.126,11.8,Low,
D004_3,C019288,2.844,6.6,Low,
D004_3,C019290,2.375,6.9,Medium,
D004_3,C019309,4.068,15.0,High,
D004_3,C019318,3.973,11.5,Medium,
D004_3,C019321,8.75,32.3,High,
D004_3,C019343,3.548,13.1,High,
D004_3,C019357,3.69,10.6,Medium,
D004_3,C019390,6.612,15.3,Low,
D004_3,C019397,3.122,7.2,Low,
D004_3,C019408,5.086,14.7,Medium,
D004_3,C019409,2.649,7.6,Medium,
D004_3,C019425,2.263,6.5,Medium,One-Way
D004_3,C019434,5.475,20.2,High,
D004_3,C019436,2.451,5.7,Low,
D004_3,C019460,4.572,13.2,Medium,One-Way
D004_3,C019462,6.369,18.4,Medium,
D004_3,C019465,7.921,22.8,Medium,
D004_3,C019467,5.125,11.8,Low,
D004_3,C019482,6.368,18.4,Medium,One-Way
D004_3,C019499,5.295,15.3,Medium,
D004_3,C019504,3.783,10.9,Medium,
D004_3,C019506,2.642,7.6,Medium,
D004_3,C019513,4.168,12.0,Medium,
D004_3,C019524,6.57,19.0,Medium,One-Way
D004_3,C019538,5.833,13.5,Low,No Heavy Trucks
D004_3,C019551,4.966,14.3,Medium,
D004_3,C019563,7.037,20.3,Medium,
D004_3,C019567,3.093,8.9,Medium,
D004_3,C019568,3.383,7.8,Low,
D004_3,C019578,6.355,14.7,Low,
D004_3,C019582,6.98,20.1,Medium,
D004_3,C019585,4.218,9.7,Low,
D004_3,C019588,4.876,14.1,Medium,No Heavy Trucks
D004_3,C019610,7.662,22.1,Medium,
D004_3,C019620,4.194,9.7,Low,
D004_3,C019643,4.17,12.0,Medium,
D004_3,C019690,3.404,9.8,Medium,
D004_3,C019720,5.99,17.3,Medium,
D004_3,C019727,1.001,2.9,Medium,
D004_3,C019741,3.266,7.5,Low,
D004_3,C019749,4.552,10.5,Low,
D004_3,C019770,6.579,15.2,Low,
D004_3,C019772,7.736,17.9,Low,
D004_3,C019779,4.087,9.4,Low,
D004_3,C019785,1.513,4.4,Medium,
D004_3,C019801,8.314,24.0,Medium,
D004_3,C019806,1.408,3.3,Low,
D004_3,C019819,4.606,10.6,Low,No Heavy Trucks
D004_3,C019844,1.945,5.6,Medium,No Heavy Trucks
D004_3,C019849,9.327,26.9,Medium,
D004_3,C019853,6.887,19.9,Medium,No Heavy Trucks
D004_3,C019859,8.502,24.5,Medium,
D004_3,C019868,2.247,5.2,Low,
D004_3,C019900,1.038,3.8,High,
D004_3,C019916,5.507,15.9,Medium,
D004_3,C019919,6.363,18.4,Medium,
D004_3,C019929,3.691,10.6,Medium,
D004_3,C019932,3.686,8.5,Low,
D004_3,C019935,7.737,22.3,Medium,
D004_3,C019989,4.664,13.5,Medium,
D004_3,C020014,6.943,16.0,Low,One-Way
D004_3,C020037,6.683,24.7,High,
D004_3,C020039,4.098,9.5,Low,One-Way
D004_3,C020044,2.169,6.3,Medium,
D004_3,C020048,4.231,12.2,Medium,
D004_3,C020068,8.33,24.0,Medium,
D004_3,C020069,5.475,12.6,Low,
D004_3,C020077,7.158,20.6,Medium,
D004_3,C020080,5.234,15.1,Medium,No Heavy Trucks
D004_3,C020093,2.631,6.1,Low,
D004_3,C020095,5.512,15.9,Medium,
D004_3,C020105,6.283,18.1,Medium,
D004_3,C020111,6.657,19.2,Medium,
D004_3,C020115,5.629,16.2,Medium,No Heavy Trucks
D004_3,C020145,5.814,16.8,Medium,
D004_3,C020149,7.648,17.6,Low,
D004_3,C020159,7.602,21.9,Medium,
D004_3,C020177,9.346,27.0,Medium,
D004_3,C020205,4.391,12.7,Medium,
D004_3,C020217,3.711,8.6,Low,
D004_3,C020231,2.6,6.0,Low,
D004_3,C020233,7.843,22.6,Medium,
D004_3,C020243,4.113,11.9,Medium,
D004_3,C020245,9.437,21.8,Low,
D004_3,C020246,4.592,10.6,Low,
D004_3,C020250,1.927,4.4,Low,
D004_3,C020253,7.172,20.7,Medium,One-Way
D004_3,C020275,4.353,10.0,Low,
D004_3,C020289,3.426,7.9,Low,One-Way
D004_3,C020335,3.148,9.1,Medium,
D004_3,C020345,7.264,16.8,Low,
D004_3,C020361,4.988,14.4,Medium,
D004_3,C020364,6.056,17.5,Medium,One-Way
D004_3,C020370,6.383,18.4,Medium,
D004_3,C020438,5.057,14.6,Medium,
D004_3,C020463,4.239,12.2,Medium,
D004_3,C020512,6.768,19.5,Medium,
D004_3,C020532,3.622,13.4,High,No Heavy Trucks
D004_3,C020543,3.887,11.2,Medium,
D004_3,C020548,6.303,23.3,High,
D004_3,C020563,1.808,4.2,Low,
D004_3,C020565,3.755,10.8,Medium,
D004_3,C020610,4.714,13.6,Medium,
D004_3,C020613,8.292,23.9,Medium,
D004_3,C020618,5.41,15.6,Medium,
D004_3,C020632,7.047,20.3,Medium,
D004_3,C020659,2.795,8.1,Medium,
D004_3,C020676,5.48,20.2,High,One-Way
D004_3,C020706,6.405,23.6,High,
D004_3,C020726,6.942,16.0,Low,
D004_3,C020777,3.737,13.8,High,No Heavy Trucks
D004_3,C020833,3.631,10.5,Medium,No Heavy Trucks
D004_3,C020845,6.434,23.8,High,
D004_3,C020852,6.023,17.4,Medium,No Heavy Trucks
D004_3,C020853,2.913,6.7,Low,
D004_3,C020866,4.329,16.0,High,
D004_3,C020877,8.129,23.5,Medium,
D004_3,C020878,1.803,5.2,Medium,
D004_3,C020906,2.105,6.1,Medium,
D004_3,C020908,7.809,18.0,Low,
D004_3,C020911,1.927,4.4,Low,No Heavy Trucks
D004_3,C020912,5.188,15.0,Medium,
D004_3,C020919,5.213,15.0,Medium,
D004_3,C020933,6.172,17.8,Medium,
D004_3,C020961,5.673,16.4,Medium,
D004_3,C020976,4.498,16.6,High,
D004_3,C020981,3.906,11.3,Medium,
D004_3,C020994,6.9,15.9,Low,
D004_3,C021004,9.94,36.7,High,
D004_3,C021005,5.626,13.0,Low,One-Way
D004_3,C021027,0.335,1.2,High,
D004_3,C021040,5.715,16.5,Medium,
D004_3,C021051,2.486,7.2,Medium,
D004_3,C021070,7.662,17.7,Low,
D004_3,C021082,6.602,19.0,Medium,
D004_3,C021085,4.801,13.8,Medium,
D004_3,C021112,3.873,11.2,Medium,
D004_3,C021113,6.835,15.8,Low,
D004_3,C021164,3.693,8.5,Low,No Heavy Trucks
D004_3,C021169,1.092,2.5,Low,
D004_3,C021173,5.254,15.2,Medium,One-Way
D004_3,C021232,5.579,16.1,Medium,
D004_3,C021236,2.356,6.8,Medium,
D004_3,C021246,2.664,6.1,Low,
D004_3,C021259,8.626,24.9,Medium,
D004_3,C021264,5.604,16.2,Medium,No Heavy Trucks
D004_3,C021299,4.993,18.4,High,No Heavy Trucks
D004_3,C021301,3.55,8.2,Low,
D004_3,C021307,4.859,11.2,Low,
D004_3,C021312,7.813,22.5,Medium,
D004_3,C021345,4.605,13.3,Medium,
D004_3,C021352,4.137,11.9,Medium,
D004_3,C021355,4.522,13.0,Medium,
D004_3,C021356,4.385,12.7,Medium,One-Way
D004_3,C021359,3.119,9.0,Medium,
D004_3,C021390,1.784,4.1,Low,
D004_3,C021396,6.438,18.6,Medium,
D004_3,C021404,1.649,4.8,Medium,
D004_3,C021405,2.931,8.5,Medium,
D004_3,C021417,5.592,20.6,High,
D004_3,C021437,5.914,17.1,Medium,
D004_3,C021442,2.762,8.0,Medium,One-Way
D004_3,C021456,4.334,10.0,Low,
D004_3,C021481,4.641,13.4,Medium,
D004_3,C021488,8.808,25.4,Medium,
D004_3,C021493,8.962,33.1,High,
D004_3,C021500,6.045,14.0,Low,One-Way
D004_3,C021501,4.455,10.3,Low,
D004_3,C021510,7.895,22.8,Medium,One-Way
D004_3,C021522,5.466,12.6,Low,One-Way
D004_3,C021523,4.629,13.4,Medium,One-Way
D004_3,C021528,4.553,10.5,Low,
D004_3,C021573,9.107,26.3,Medium,
D004_3,C021578,8.039,18.6,Low,
D004_3,C021591,5.992,13.8,Low,No Heavy Trucks
D004_3,C021606,3.583,10.3,Medium,
D004_3,C021617,5.263,15.2,Medium,
D004_3,C021621,4.006,11.6,Medium,
D004_3,C021642,5.07,14.6,Medium,
D004_3,C021654,1.506,4.3,Medium,
D004_3,C021666,5.49,15.8,Medium,
D004_3,C021680,4.872,14.1,Medium,
D004_3,C021696,5.615,13.0,Low,
D004_3,C021777,8.833,25.5,Medium,
D004_3,C021828,5.653,16.3,Medium,
D004_3,C021835,3.344,9.6,Medium,One-Way
D004_3,C021851,5.256,19.4,High,
D004_3,C021867,8.662,20.0,Low,
D004_3,C021873,6.065,14.0,Low,
D004_3,C021874,3.935,11.4,Medium,
D004_3,C021882,1.18,2.7,Low,
D004_3,C021951,8.886,25.6,Medium,
D004_3,C021970,6.763,15.6,Low,
D004_3,C021975,2.332,5.4,Low,
D004_3,C022023,2.127,4.9,Low,
D004_3,C022049,8.747,20.2,Low,
D004_3,C022056,5.54,20.5,High,
D004_3,C022067,5.974,17.2,Medium,No Heavy Trucks
D004_3,C022077,5.722,16.5,Medium,
D004_3,C022090,6.442,14.9,Low,
D004_3,C022111,8.768,25.3,Medium,
D004_3,C022128,5.925,17.1,Medium,
D004_3,C022136,4.778,11.0,Low,
D004_3,C022189,4.9,11.3,Low,No Heavy Trucks
D004_3,C022253,6.976,16.1,Low,One-Way
D004_3,C022257,5.014,11.6,Low,
D004_3,C022278,2.047,5.9,Medium,
D004_3,C022314,5.048,18.6,High,
D004_3,C022320,1.517,4.4,Medium,No Heavy Trucks
D004_3,C022333,4.518,13.0,Medium,
D004_3,C022350,5.532,20.4,High,
D004_3,C022355,5.65,13.0,Low,
D004_3,C022358,9.901,22.8,Low,
D004_3,C022365,5.364,12.4,Low,
D004_3,C022376,1.53,4.4,Medium,
D004_3,C022377,8.929,20.6,Low,
D004_3,C022382,6.714,24.8,High,
D004_3,C022399,6.024,17.4,Medium,
D004_3,C022415,5.18,14.9,Medium,
D004_3,C022449,4.434,12.8,Medium,
D004_3,C022474,1.612,3.7,Low,
D004_3,C022488,3.487,10.1,Medium,
D004_3,C022511,9.176,26.5,Medium,
D004_3,C022525,6.041,17.4,Medium,
D004_3,C022528,5.26,15.2,Medium,
D004_3,C022544,4.244,15.7,High,
D004_3,C022552,9.405,21.7,Low,
D004_3,C022556,5.25,15.1,Medium,
D004_3,C022561,6.366,18.4,Medium,No Heavy Trucks
D004_3,C022574,2.489,5.7,Low,
D004_3,C022607,3.292,9.5,Medium,
D004_3,C022620,8.239,19.0,Low,No Heavy Trucks
D004_3,C022626,3.03,8.7,Medium,No Heavy Trucks
D004_3,C022636,6.414,14.8,Low,No Heavy Trucks
D004_3,C022644,6.54,18.9,Medium,
D004_3,C022647,8.209,23.7,Medium,
D004_3,C022648,1.791,4.1,Low,
D004_3,C022668,7.393,21.3,Medium,No Heavy Trucks
D004_3,C022671,7.552,17.4,Low,No Heavy Trucks
D004_3,C022678,2.581,7.4,Medium,
D004_3,C022717,2.178,6.3,Medium,
D004_3,C022718,3.769,10.9,Medium,
D004_3,C022738,6.935,20.0,Medium,One-Way
D004_3,C022749,7.276,16.8,Low,
D004_3,C022771,4.859,11.2,Low,
D004_3,C022780,4.785,13.8,Medium,No Heavy Trucks
D004_3,C022805,8.988,25.9,Medium,
D004_3,C022809,6.551,18.9,Medium,
D004_3,C022814,6.551,18.9,Medium,
D004_3,C022816,9.194,21.2,Low,
D004_3,C022823,5.738,16.6,Medium,
D004_3,C022824,5.743,16.6,Medium,
D004_3,C022852,7.023,20.3,Medium,
D004_3,C022874,4.928,14.2,Medium,
D004_3,C022880,6.204,14.3,Low,
D004_3,C022910,7.833,18.1,Low,
D004_3,C022933,3.727,10.8,Medium,
D004_3,C022934,8.106,23.4,Medium,
D004_3,C022935,4.263,12.3,Medium,
D004_3,C022945,7.114,16.4,Low,
D004_3,C022948,8.595,19.8,Low,One-Way
D004_3,C022970,6.448,14.9,Low,
D004_3,C022975,9.502,27.4,Medium,
D004_3,C022979,1.52,3.5,Low,
D004_3,C022989,7.271,26.8,High,
D004_3,C023003,6.058,17.5,Medium,
D004_3,C023014,7.041,16.2,Low,
D004_3,C023016,3.625,8.4,Low,
D004_3,C023032,6.772,15.6,Low,
D004_3,C023035,6.393,14.8,Low,
D004_3,C023064,6.491,15.0,Low,One-Way
D004_3,C023069,5.955,17.2,Medium,No Heavy Trucks
D004_3,C023070,4.565,16.9,High,
D004_3,C023074,2.658,9.8,High,
D004_3,C023102,1.255,3.6,Medium,
D004_3,C023106,2.546,9.4,High,
D004_3,C023123,8.966,33.1,High,
D004_3,C023129,0.899,2.6,Medium,
D004_3,C023133,8.045,18.6,Low,
D004_3,C023140,4.287,9.9,Low,
D004_3,C023153,4.307,9.9,Low,
D004_3,C023175,2.736,6.3,Low,One-Way
D004_3,C023212,5.877,21.7,High,One-Way
D004_3,C023227,6.453,14.9,Low,
D004_3,C023281,2.851,6.6,Low,
D004_3,C023289,5.814,13.4,Low,
D004_3,C023291,5.372,15.5,Medium,
D004_3,C023292,9.637,35.6,High,
D004_3,C023323,3.517,10.1,Medium,
D004_3,C023331,5.907,21.8,High,
D004_3,C023339,4.186,9.7,Low,
D004_3,C023351,2.19,8.1,High,
D004_3,C023365,5.322,19.7,High,
D004_3,C023398,5.308,12.3,Low,
D004_3,C023404,2.539,7.3,Medium,
D004_3,C023406,6.428,18.5,Medium,No Heavy Trucks
D004_3,C023428,3.714,10.7,Medium,One-Way
D004_3,C023433,5.47,15.8,Medium,
D004_3,C023437,7.185,20.7,Medium,One-Way
D004_3,C023442,6.348,14.6,Low,
D004_3,C023444,6.552,15.1,Low,
D004_3,C023452,6.032,13.9,Low,
D004_3,C023463,6.488,18.7,Medium,
D004_3,C023494,3.757,10.8,Medium,
D004_3,C023500,1.34,3.1,Low,
D004_3,C023516,7.099,16.4,Low,
D004_3,C023523,4.164,12.0,Medium,One-Way
D004_3,C023532,8.456,24.4,Medium,
D004_3,C023533,4.619,13.3,Medium,
D004_3,C023568,6.251,18.0,Medium,
D004_3,C023580,7.753,22.4,Medium,
D004_3,C023581,6.136,14.2,Low,
D004_3,C023593,4.788,17.7,High,
D004_3,C023603,4.676,13.5,Medium,
D004_3,C023606,5.358,15.5,Medium,
D004_3,C023616,4.095,11.8,Medium,
D004_3,C023626,3.556,13.1,High,
D004_3,C023632,6.753,15.6,Low,
D004_3,C023654,3.653,10.5,Medium,
D004_3,C023660,3.459,12.8,High,
D004_3,C023705,6.445,18.6,Medium,
D004_3,C023708,9.126,21.1,Low,No Heavy Trucks
D004_3,C023712,8.614,24.8,Medium,
D004_3,C023740,0.982,2.3,Low,
D004_3,C023755,4.072,9.4,Low,
D004_3,C023771,5.356,15.4,Medium,One-Way
D004_3,C023791,1.666,4.8,Medium,No Heavy Trucks
D004_3,C023795,3.903,14.4,High,
D004_3,C023800,3.63,10.5,Medium,
D004_3,C023830,8.181,23.6,Medium,
D004_3,C023833,8.032,23.2,Medium,
D004_3,C023855,5.458,15.7,Medium,
D004_3,C023859,2.88,6.6,Low,
D004_3,C023864,7.946,22.9,Medium,
D004_3,C023877,1.328,3.8,Medium,No Heavy Trucks
D004_3,C023921,3.949,11.4,Medium,
D004_3,C023935,1.034,3.0,Medium,
D004_3,C023938,5.753,16.6,Medium,No Heavy Trucks
D004_3,C023955,3.982,14.7,High,One-Way
D004_3,C023971,5.48,20.2,High,
D004_3,C023972,4.119,15.2,High,
D004_3,C023998,6.97,16.1,Low,
D004_3,C024009,8.302,19.2,Low,
D004_3,C024041,4.438,10.2,Low,One-Way
D004_3,C024044,6.519,15.0,Low,
D004_3,C024046,3.326,7.7,Low,
D004_3,C024072,8.362,24.1,Medium,
D004_3,C024078,6.043,13.9,Low,
D004_3,C024105,0.89,2.1,Low,
D004_3,C024113,9.358,27.0,Medium,
D004_3,C024117,1.449,3.3,Low,
D004_3,C024123,5.812,13.4,Low,
D004_3,C024128,4.141,11.9,Medium,
D004_3,C024131,6.525,18.8,Medium,
D004_3,C024135,4.348,16.1,High,
D004_3,C024179,6.878,19.8,Medium,
D004_3,C024183,5.244,15.1,Medium,
D004_3,C024203,5.845,16.9,Medium,
D004_3,C024204,1.212,3.5,Medium,
D004_3,C024216,7.226,16.7,Low,
D004_3,C024245,5.26,15.2,Medium,
D004_3,C024283,4.093,9.4,Low,
D004_3,C024303,3.126,7.2,Low,
D004_3,C024309,6.676,24.6,High,
D004_3,C024327,6.824,15.7,Low,
D004_3,C024344,4.269,15.8,High,No Heavy Trucks
D004_3,C024349,2.802,6.5,Low,
D004_3,C024359,6.241,14.4,Low,
D004_3,C024367,3.921,11.3,Medium,
D004_3,C024384,4.354,10.0,Low,
D004_3,C024386,7.634,22.0,Medium,
D004_3,C024389,5.46,15.7,Medium,
D004_3,C024399,8.165,23.6,Medium,
D004_3,C024402,8.178,18.9,Low,
D004_3,C024406,4.215,9.7,Low,
D004_3,C024407,6.583,19.0,Medium,
D004_3,C024438,5.584,16.1,Medium,
D004_3,C024450,1.428,3.3,Low,
D004_3,C024455,4.231,12.2,Medium,
D004_3,C024461,3.245,12.0,High,No Heavy Trucks
D004_3,C024463,7.693,22.2,Medium,One-Way
D004_3,C024465,6.098,17.6,Medium,
D004_3,C024470,3.448,8.0,Low,
D004_3,C024486,4.239,9.8,Low,
D004_3,C024493,2.424,7.0,Medium,
D004_3,C024496,5.27,19.5,High,One-Way
D004_3,C024504,5.547,20.5,High,One-Way
D004_3,C024513,8.061,18.6,Low,
D004_3,C024516,4.036,11.6,Medium,
D004_3,C024526,4.86,11.2,Low,
D004_3,C024548,9.855,22.7,Low,
D004_3,C024573,3.884,11.2,Medium,
D004_3,C024585,3.59,10.4,Medium,
D004_3,C024602,2.262,6.5,Medium,
D004_3,C024609,6.917,16.0,Low,
D004_3,C024612,8.854,25.5,Medium,
D004_3,C024630,6.243,14.4,Low,
D004_3,C024632,7.0,20.2,Medium,No Heavy Trucks
D004_3,C024643,8.976,25.9,Medium,One-Way
D004_3,C024645,7.94,22.9,Medium,No Heavy Trucks
D004_3,C024652,4.959,14.3,Medium,
D004_3,C024662,3.884,9.0,Low,
D004_3,C024683,7.933,29.3,High,
D004_3,C024714,7.085,16.3,Low,
D004_3,C024732,0.602,1.4,Low,
D004_3,C024770,7.546,21.8,Medium,
D004_3,C024772,7.534,21.7,Medium,
D004_3,C024793,7.185,20.7,Medium,
D004_3,C024833,6.432,18.6,Medium,
D004_3,C024846,8.843,32.7,High,
D004_3,C024879,5.725,16.5,Medium,
D004_3,C024881,2.127,6.1,Medium,
D004_3,C024883,7.169,16.5,Low,No Heavy Trucks
D004_3,C024888,4.56,13.2,Medium,
D004_3,C024889,0.633,2.3,High,
D004_3,C024911,7.029,26.0,High,
D004_3,C024933,6.902,25.5,High,One-Way
D004_3,C024966,5.649,20.9,High,
D004_3,C024983,2.608,7.5,Medium,
D004_3,C024992,3.237,9.3,Medium,
D004_3,C024994,6.161,14.2,Low,One-Way
D004_3,C025003,4.931,11.4,Low,
D004_3,C025004,3.196,9.2,Medium,
D004_3,C025024,8.568,24.7,Medium,
D004_3,C025037,4.835,13.9,Medium,
D004_3,C025048,5.856,16.9,Medium,
D004_3,C025050,8.51,24.5,Medium,
D004_3,C025062,6.916,19.9,Medium,One-Way
D004_3,C025081,6.292,18.1,Medium,
D004_3,C025105,6.908,19.9,Medium,
D004_3,C025119,5.01,14.5,Medium,
D004_3,C025128,3.402,12.6,High,
D004_3,C025151,8.211,30.3,High,
D004_3,C025171,5.519,15.9,Medium,No Heavy Trucks
D004_3,C025186,8.876,25.6,Medium,
D004_3,C025187,3.599,10.4,Medium,
D004_3,C025193,5.549,16.0,Medium,
D004_3,C025196,3.877,11.2,Medium,
D004_3,C025214,3.08,7.1,Low,
D004_3,C025237,0.442,1.3,Medium,
D004_3,C025242,2.079,6.0,Medium,
D004_3,C025248,5.716,16.5,Medium,
D004_3,C025257,3.778,10.9,Medium,
D004_3,C025258,4.649,10.7,Low,
D004_3,C025282,6.029,13.9,Low,
D004_3,C025308,7.128,16.4,Low,
D004_3,C025311,2.119,6.1,Medium,
D004_3,C025312,8.662,32.0,High,One-Way
D004_3,C025313,4.99,14.4,Medium,
D004_3,C025323,2.216,8.2,High,
D004_3,C025371,6.2,14.3,Low,
D004_3,C025380,6.091,17.6,Medium,No Heavy Trucks
D004_3,C025402,2.032,5.9,Medium,
D004_3,C025404,4.688,13.5,Medium,One-Way
D004_3,C025445,7.952,22.9,Medium,One-Way
D004_3,C025457,4.923,14.2,Medium,
D004_3,C025459,5.544,16.0,Medium,
D004_3,C025466,8.415,24.3,Medium,
D004_3,C025496,0.533,1.5,Medium,
D004_3,C025499,2.058,4.7,Low,
D004_3,C025527,5.685,16.4,Medium,One-Way
D004_3,C025532,0.844,3.1,High,
D004_3,C025573,1.989,5.7,Medium,
D004_3,C025589,1.035,3.0,Medium,
D004_3,C025607,7.591,28.0,High,No Heavy Trucks
D004_3,C025626,5.297,12.2,Low,
D004_3,C025635,5.472,15.8,Medium,
D004_3,C025676,4.915,11.3,Low,
D004_3,C025679,7.378,17.0,Low,
D004_3,C025717,6.712,19.4,Medium,
D004_3,C025718,7.201,20.8,Medium,
D004_3,C025741,2.694,7.8,Medium,
D004_3,C025747,7.699,22.2,Medium,No Heavy Trucks
D004_3,C025780,5.859,13.5,Low,
D004_3,C025793,2.996,6.9,Low,
D004_3,C025797,6.852,15.8,Low,
D004_3,C025798,3.287,9.5,Medium,
D004_3,C025803,4.023,14.9,High,
D004_3,C025810,4.368,10.1,Low,
D004_3,C025822,5.505,20.3,High,
D004_3,C025830,5.885,13.6,Low,
D004_3,C025831,4.974,11.5,Low,
D004_3,C025836,2.119,4.9,Low,
D004_3,C025853,7.295,16.8,Low,
D004_3,C025884,8.391,24.2,Medium,
D004_3,C025902,4.593,10.6,Low,
D004_3,C025942,6.051,17.5,Medium,
D004_3,C025985,3.314,9.6,Medium,
D004_3,C025998,9.988,28.8,Medium,
D004_3,C025999,4.2,9.7,Low,
D004_3,C026008,5.142,14.8,Medium,One-Way
D004_3,C026009,3.471,12.8,High,
D004_3,C026010,4.737,13.7,Medium,
D004_3,C026013,1.63,6.0,High,No Heavy Trucks
D004_3,C026022,3.463,8.0,Low,
D004_3,C026033,6.831,19.7,Medium,
D004_3,C026037,2.753,7.9,Medium,
D004_3,C026048,5.945,17.1,Medium,
D004_3,C026049,4.369,10.1,Low,
D004_3,C026052,6.236,18.0,Medium,No Heavy Trucks
D004_3,C026053,5.213,15.0,Medium,No Heavy Trucks
D004_3,C026058,6.605,19.1,Medium,
D004_3,C026061,7.351,17.0,Low,
D004_3,C026085,3.199,7.4,Low,
D004_3,C026103,3.282,7.6,Low,
D004_3,C026118,3.892,9.0,Low,No Heavy Trucks
D004_3,C026130,2.65,7.6,Medium,No Heavy Trucks
D004_3,C026145,4.147,12.0,Medium,
D004_3,C026149,8.782,20.3,Low,
D004_3,C026155,1.903,4.4,Low,
D004_3,C026164,6.106,17.6,Medium,
D004_3,C026192,0.544,1.6,Medium,
D004_3,C026202,7.47,21.5,Medium,
D004_3,C026235,2.376,6.9,Medium,
D004_3,C026257,7.379,21.3,Medium,
D004_3,C026270,5.134,14.8,Medium,
D004_3,C026273,5.439,12.6,Low,
D004_3,C026278,6.219,17.9,Medium,
D004_3,C026283,7.078,20.4,Medium,
D004_3,C026286,7.307,16.9,Low,One-Way
D004_3,C026301,4.609,13.3,Medium,
D004_3,C026335,7.585,17.5,Low,No Heavy Trucks
D004_3,C026342,7.423,17.1,Low,
D004_3,C026355,8.043,18.6,Low,No Heavy Trucks
D004_3,C026358,6.823,19.7,Medium,
D004_3,C026373,8.287,19.1,Low,
D004_3,C026394,5.396,15.6,Medium,
D004_3,C026441,5.755,16.6,Medium,
D004_3,C026444,1.331,3.1,Low,One-Way
D004_3,C026448,6.455,18.6,Medium,
D004_3,C026454,4.357,12.6,Medium,
D004_3,C026462,6.217,23.0,High,
D004_3,C026468,4.521,13.0,Medium,
D004_3,C026470,7.929,18.3,Low,One-Way
D004_3,C026502,4.749,17.5,High,No Heavy Trucks
D004_3,C026526,6.735,15.5,Low,
D004_3,C026528,4.33,12.5,Medium,One-Way
D004_3,C026529,6.982,25.8,High,
D004_3,C026533,6.154,14.2,Low,
D004_3,C026559,3.81,8.8,Low,
D004_3,C026562,7.011,20.2,Medium,
D004_3,C026569,5.039,18.6,High,
D004_3,C026592,2.962,8.5,Medium,
D004_3,C026602,5.659,16.3,Medium,
D004_3,C026609,2.671,7.7,Medium,
D004_3,C026613,2.231,5.1,Low,
D004_3,C026621,5.229,19.3,High,
D004_3,C026634,5.305,15.3,Medium,
D004_3,C026671,7.785,28.7,High,
D004_3,C026691,3.609,10.4,Medium,
D004_3,C026698,5.8,16.7,Medium,
D004_3,C026703,8.465,24.4,Medium,
D004_3,C026706,3.417,9.9,Medium,
D004_3,C026713,6.865,25.3,High,
D004_3,C026723,1.826,4.2,Low,
D004_3,C026748,5.135,11.9,Low,No Heavy Trucks
D004_3,C026773,5.72,16.5,Medium,
D004_3,C026777,5.273,15.2,Medium,
D004_3,C026788,6.913,19.9,Medium,No Heavy Trucks
D004_3,C026798,6.406,18.5,Medium,
D004_3,C026815,6.323,18.2,Medium,
D004_3,C026830,5.775,16.7,Medium,One-Way
D004_3,C026839,3.198,9.2,Medium,
D004_3,C026852,3.985,9.2,Low,One-Way
D004_3,C026855,6.592,19.0,Medium,
D004_3,C026866,3.281,7.6,Low,
D004_3,C026884,5.336,12.3,Low,
D004_3,C026885,2.065,6.0,Medium,
D004_3,C026892,6.255,14.4,Low,
D004_3,C026900,6.979,16.1,Low,
D004_3,C026917,3.324,9.6,Medium,
D004_3,C026930,6.663,15.4,Low,
D004_3,C026940,6.526,15.1,Low,
D004_3,C026957,8.025,23.1,Medium,
D004_3,C026959,4.239,12.2,Medium,No Heavy Trucks
D004_3,C026962,4.342,12.5,Medium,
D004_3,C026974,2.302,8.5,High,
D004_3,C026996,3.332,7.7,Low,
D004_3,C027023,3.49,8.1,Low,
D004_3,C027048,7.447,17.2,Low,
D004_3,C027057,5.841,13.5,Low,
D004_3,C027062,3.437,9.9,Medium,
D004_3,C027070,4.231,12.2,Medium,No Heavy Trucks
D004_3,C027085,6.972,20.1,Medium,
D004_3,C027108,9.343,21.6,Low,
D004_3,C027146,6.207,17.9,Medium,
D004_3,C027190,6.56,15.1,Low,No Heavy Trucks
D004_3,C027196,8.16,23.5,Medium,
D004_3,C027198,7.098,20.5,Medium,
D004_3,C027204,2.5,9.2,High,
D004_3,C027206,5.144,14.8,Medium,
D004_3,C027221,7.908,18.2,Low,
D004_3,C027264,5.035,11.6,Low,One-Way
D004_3,C027269,1.522,4.4,Medium,No Heavy Trucks
D004_3,C027280,8.517,24.6,Medium,
D004_3,C027286,8.136,23.5,Medium,One-Way
D004_3,C027293,6.42,14.8,Low,
D004_3,C027314,8.446,24.4,Medium,
D004_3,C027324,2.466,7.1,Medium,
D004_3,C027334,8.151,18.8,Low,
D004_3,C027338,9.492,27.4,Medium,
D004_3,C027344,8.982,20.7,Low,
D004_3,C027359,4.086,11.8,Medium,No Heavy Trucks
D004_3,C027367,5.665,20.9,High,No Heavy Trucks
D004_3,C027376,7.066,20.4,Medium,
D004_3,C027378,5.569,12.9,Low,
D004_3,C027420,3.461,12.8,High,
D004_3,C027449,8.431,31.1,High,
D004_3,C027467,10.007,28.9,Medium,
D004_3,C027474,5.273,19.5,High,
D004_3,C027501,8.138,23.5,Medium,
D004_3,C027523,5.445,15.7,Medium,
D004_3,C027530,5.141,11.9,Low,
D004_3,C027533,7.256,20.9,Medium,One-Way
D004_3,C027536,5.92,17.1,Medium,
D004_3,C027578,5.286,12.2,Low,
D004_3,C027582,5.151,14.9,Medium,
D004_3,C027591,0.251,0.7,Medium,
D004_3,C027605,6.017,17.4,Medium,
D004_3,C027635,7.938,18.3,Low,
D004_3,C027639,7.355,17.0,Low,
D004_3,C027641,7.362,17.0,Low,
D004_3,C027644,4.889,11.3,Low,One-Way
D004_3,C027656,4.345,16.0,High,
D004_3,C027668,5.142,14.8,Medium,One-Way
D004_3,C027674,2.215,6.4,Medium,
D004_3,C027681,5.832,13.5,Low,No Heavy Trucks
D004_3,C027692,4.62,13.3,Medium,
D004_3,C027694,6.413,18.5,Medium,No Heavy Trucks
D004_3,C027731,6.868,15.8,Low,
D004_3,C027745,3.718,8.6,Low,
D004_3,C027762,4.8,11.1,Low,
D004_3,C027763,1.545,4.5,Medium,
D004_3,C027766,6.755,24.9,High,
D004_3,C027795,4.256,9.8,Low,
D004_3,C027820,3.26,9.4,Medium,
D004_3,C027847,6.099,17.6,Medium,
D004_3,C027848,6.053,17.5,Medium,
D004_3,C027851,8.787,32.4,High,
D004_3,C027856,1.588,4.6,Medium,
D004_3,C027875,3.815,14.1,High,
D004_3,C027876,7.314,16.9,Low,
D004_3,C027882,5.153,14.9,Medium,
D004_3,C027886,3.278,9.5,Medium,
D004_3,C027897,5.183,12.0,Low,
D004_3,C027931,4.237,12.2,Medium,
D004_3,C027936,9.22,21.3,Low,
D004_3,C027962,1.888,7.0,High,
D004_3,C027971,2.635,6.1,Low,One-Way
D004_3,C028030,3.084,8.9,Medium,
D004_3,C028033,5.885,13.6,Low,
D004_3,C028056,4.408,16.3,High,
D004_3,C028112,3.605,10.4,Medium,No Heavy Trucks
D004_3,C028155,2.269,8.4,High,No Heavy Trucks
D004_3,C028156,2.699,6.2,Low,
D004_3,C028171,6.488,18.7,Medium,
D004_3,C028172,6.685,19.3,Medium,
D004_3,C028187,4.055,9.4,Low,
D004_3,C028191,8.489,24.5,Medium,
D004_3,C028220,5.797,16.7,Medium,
D004_3,C028223,0.92,2.7,Medium,
D004_3,C028233,7.443,21.5,Medium,
D004_3,C028236,6.074,17.5,Medium,
D004_3,C028239,4.216,9.7,Low,
D004_3,C028266,0.385,1.1,Medium,
D004_3,C028280,4.458,10.3,Low,No Heavy Trucks
D004_3,C028281,6.891,25.4,High,
D004_3,C028306,6.985,16.1,Low,
D004_3,C028329,6.481,18.7,Medium,
D004_3,C028341,4.834,13.9,Medium,No Heavy Trucks
D004_3,C028345,4.562,16.8,High,One-Way
D004_3,C028369,7.162,26.4,High,
D004_3,C028380,6.814,19.7,Medium,
D004_3,C028393,5.224,19.3,High,No Heavy Trucks
D004_3,C028403,7.01,16.2,Low,
D004_3,C028413,7.038,20.3,Medium,
D004_3,C028416,7.231,16.7,Low,
D004_3,C028431,2.512,7.2,Medium,
D004_3,C028433,7.636,22.0,Medium,
D004_3,C028436,6.58,24.3,High,
D004_3,C028440,6.21,14.3,Low,
D004_3,C028447,6.068,17.5,Medium,
D004_3,C028469,5.518,15.9,Medium,
D004_3,C028470,7.507,17.3,Low,No Heavy Trucks
D004_3,C028483,6.658,19.2,Medium,One-Way
D004_3,C028488,8.019,23.1,Medium,
D004_3,C028490,4.775,11.0,Low,
D004_3,C028492,0.861,2.5,Medium,
D004_3,C028530,2.387,6.9,Medium,
D004_3,C028536,0.701,1.6,Low,
D004_3,C028540,7.563,27.9,High,
D004_3,C028556,6.848,25.3,High,
D004_3,C028563,5.317,15.3,Medium,
D004_3,C028578,6.532,18.8,Medium,
D004_3,C028581,7.503,21.6,Medium,
D004_3,C028587,7.321,16.9,Low,
D004_3,C028590,9.181,21.2,Low,
D004_3,C028596,3.733,8.6,Low,
D004_3,C028604,1.64,3.8,Low,
D004_3,C028614,2.554,5.9,Low,
D004_3,C028617,5.901,17.0,Medium,
D004_3,C028626,4.51,10.4,Low,
D004_3,C028630,5.197,19.2,High,
D004_3,C028632,8.403,31.0,High,
D004_3,C028642,8.269,30.5,High,
D004_3,C028649,4.302,12.4,Medium,
D004_3,C028657,6.971,25.7,High,
D004_3,C028687,4.985,14.4,Medium,
D004_3,C028728,6.695,15.4,Low,
D004_3,C028740,7.587,21.9,Medium,No Heavy Trucks
D004_3,C028747,8.185,30.2,High,
D004_3,C028779,0.076,0.2,Medium,
D004_3,C028781,1.012,2.3,Low,
D004_3,C028792,4.353,12.6,Medium,
D004_3,C028799,7.402,17.1,Low,
D004_3,C028807,6.246,14.4,Low,
D004_3,C028840,3.893,11.2,Medium,
D004_3,C028846,5.104,11.8,Low,
D004_3,C028855,6.258,18.1,Medium,
D004_3,C028858,5.796,16.7,Medium,
D004_3,C028862,4.713,13.6,Medium,
D004_3,C028865,5.415,15.6,Medium,
D004_3,C028884,5.433,12.5,Low,
D004_3,C028897,5.315,12.3,Low,No Heavy Trucks
D004_3,C028919,3.472,10.0,Medium,
D004_3,C028936,4.03,11.6,Medium,
D004_3,C028939,4.044,9.3,Low,
D004_3,C028951,8.002,23.1,Medium,
D004_3,C028956,4.355,12.6,Medium,
D004_3,C028959,5.448,12.6,Low,
D004_3,C028961,2.441,9.0,High,
D004_3,C028964,4.266,12.3,Medium,
D004_3,C029011,4.5,13.0,Medium,
D004_3,C029035,6.331,14.6,Low,
D004_3,C029078,5.5,12.7,Low,
D004_3,C029123,5.171,14.9,Medium,One-Way
D004_3,C029128,5.302,15.3,Medium,No Heavy Trucks
D004_3,C029135,4.939,14.2,Medium,No Heavy Trucks
D004_3,C029176,7.696,22.2,Medium,
D004_3,C029218,7.747,22.3,Medium,
D004_3,C029235,2.171,6.3,Medium,
D004_3,C029241,6.205,17.9,Medium,One-Way
D004_3,C029254,3.341,9.6,Medium,
D004_3,C029262,3.593,13.3,High,One-Way
D004_3,C029269,3.255,12.0,High,
D004_3,C029280,4.495,13.0,Medium,
D004_3,C029307,4.47,12.9,Medium,
D004_3,C029314,4.49,10.4,Low,
D004_3,C029320,7.2,20.8,Medium,No Heavy Trucks
D004_3,C029347,3.102,8.9,Medium,
D004_3,C029351,2.092,6.0,Medium,
D004_3,C029356,7.515,21.7,Medium,One-Way
D004_3,C029362,4.526,10.4,Low,One-Way
D004_3,C029375,8.138,23.5,Medium,
D004_3,C029381,6.149,17.7,Medium,One-Way
D004_3,C029393,5.833,21.5,High,
D004_3,C029394,5.853,13.5,Low,
D004_3,C029405,1.291,3.0,Low,One-Way
D004_3,C029406,4.877,11.3,Low,
D004_3,C029414,4.922,18.2,High,
D004_3,C029426,5.533,16.0,Medium,One-Way
D004_3,C029429,2.562,9.5,High,No Heavy Trucks
D004_3,C029435,4.672,13.5,Medium,
D004_3,C029436,3.059,8.8,Medium,
D004_3,C029452,2.443,7.0,Medium,
D004_3,C029464,6.944,20.0,Medium,One-Way
D004_3,C029466,9.89,36.5,High,
D004_3,C029472,3.786,10.9,Medium,
D004_3,C029474,5.802,21.4,High,
D004_3,C029478,7.51,21.7,Medium,
D004_3,C029490,2.652,6.1,Low,
D004_3,C029495,7.148,26.4,High,
D004_3,C029508,8.937,33.0,High,
D004_3,C029548,4.294,9.9,Low,
D004_3,C029576,5.333,15.4,Medium,
D004_3,C029580,3.127,11.5,High,One-Way
D004_3,C029596,2.925,8.4,Medium,
D004_3,C029603,0.39,1.1,Medium,
D004_3,C029621,7.117,26.3,High,
D004_3,C029632,2.005,5.8,Medium,
D004_3,C029655,1.717,4.0,Low,
D004_3,C029671,3.07,8.9,Medium,
D004_3,C029674,5.247,15.1,Medium,
D004_3,C029685,8.924,33.0,High,
D004_3,C029689,7.899,22.8,Medium,
D004_3,C029696,8.247,19.0,Low,
D004_3,C029712,2.214,6.4,Medium,
D004_3,C029719,5.703,16.4,Medium,
D004_3,C029729,1.206,4.5,High,
D004_3,C029741,7.657,17.7,Low,
D004_3,C029746,0.377,1.4,High,
D004_3,C029770,3.617,13.4,High,No Heavy Trucks
D004_3,C029791,2.562,7.4,Medium,
D004_3,C029797,0.887,2.6,Medium,
D004_3,C029798,5.814,13.4,Low,
D004_3,C029802,7.709,17.8,Low,
D004_3,C029811,8.077,18.6,Low,
D004_3,C029827,6.667,19.2,Medium,One-Way
D004_3,C029828,8.602,19.9,Low,
D004_3,C029837,4.315,10.0,Low,
D004_3,C029846,6.747,19.5,Medium,
D004_3,C029849,6.385,23.6,High,
D004_3,C029862,6.967,25.7,High,
D004_3,C029876,4.632,10.7,Low,
D004_3,C029909,5.469,15.8,Medium,
D004_3,C029918,5.831,16.8,Medium,
D004_3,C029932,1.971,5.7,Medium,
D004_3,C029951,1.412,4.1,Medium,No Heavy Trucks
D004_3,C029980,7.074,26.1,High,
D004_3,C029986,4.572,16.9,High,
D004_3,C029997,7.875,22.7,Medium,
D004_3,C030013,5.451,15.7,Medium,
D004_3,C030015,9.003,20.8,Low,
D004_3,C030020,6.375,18.4,Medium,
D004_3,C030031,5.034,14.5,Medium,
D004_3,C030032,2.34,8.6,High,No Heavy Trucks
D004_3,C030034,5.83,16.8,Medium,
D004_3,C030043,4.917,14.2,Medium,No Heavy Trucks
D004_3,C030054,2.187,6.3,Medium,
D004_3,C030068,7.398,27.3,High,
D004_3,C030074,4.246,12.2,Medium,One-Way
D004_3,C030091,1.852,4.3,Low,One-Way
D004_3,C030100,2.851,8.2,Medium,
D004_3,C030111,1.992,7.4,High,
D004_3,C030115,8.053,23.2,Medium,
D004_3,C030137,5.915,17.1,Medium,
D004_3,C030140,5.518,20.4,High,
D004_3,C030149,6.036,17.4,Medium,
D004_3,C030197,5.235,12.1,Low,
D004_3,C030208,3.635,10.5,Medium,
D004_3,C030216,5.545,16.0,Medium,
D004_3,C030253,4.983,14.4,Medium,One-Way
D004_3,C030260,6.96,20.1,Medium,
D004_3,C030262,6.119,22.6,High,
D004_3,C030274,0.849,2.0,Low,
D004_3,C030276,8.738,20.2,Low,One-Way
D004_3,C030298,6.964,20.1,Medium,
D004_3,C030314,7.607,21.9,Medium,
D004_3,C030326,8.086,23.3,Medium,
D004_3,C030345,5.72,16.5,Medium,
D004_3,C030394,5.52,15.9,Medium,One-Way
D004_3,C030421,6.069,14.0,Low,No Heavy Trucks
D004_3,C030438,4.651,10.7,Low,
D004_3,C030442,6.152,17.7,Medium,
D004_3,C030448,7.681,22.2,Medium,
D004_3,C030451,6.159,14.2,Low,One-Way
D004_3,C030452,3.227,11.9,High,One-Way
D004_3,C030458,6.422,18.5,Medium,
D004_3,C030469,5.526,20.4,High,
D004_3,C030488,8.975,25.9,Medium,
D004_3,C030492,2.461,7.1,Medium,
D004_3,C030499,7.513,17.3,Low,
D004_3,C030526,0.158,0.5,Medium,
D004_3,C030538,5.447,12.6,Low,
D004_3,C030544,5.967,17.2,Medium,
D004_3,C030551,6.083,22.5,High,
D004_3,C030565,8.47,19.5,Low,
D004_3,C030571,4.798,13.8,Medium,
D004_3,C030573,6.952,20.1,Medium,
D004_3,C030581,6.543,18.9,Medium,
D004_3,C030587,6.216,17.9,Medium,No Heavy Trucks
D004_3,C030588,6.438,23.8,High,One-Way
D004_3,C030589,3.511,10.1,Medium,
D004_3,C030601,4.241,12.2,Medium,
D004_3,C030638,7.039,16.2,Low,
D004_3,C030642,8.554,24.7,Medium,
D004_3,C030655,9.018,20.8,Low,
D004_3,C030661,1.364,3.1,Low,
D004_3,C030689,8.923,25.7,Medium,
D004_3,C030724,1.726,5.0,Medium,
D004_3,C030725,2.06,4.8,Low,No Heavy Trucks
D004_3,C030730,6.42,14.8,Low,
D004_3,C030746,6.476,14.9,Low,
D004_3,C030758,4.426,12.8,Medium,
D004_3,C030787,4.002,9.2,Low,
D004_3,C030789,6.352,14.7,Low,No Heavy Trucks
D004_3,C030792,4.45,16.4,High,
D004_3,C030809,2.957,6.8,Low,One-Way
D004_3,C030813,4.804,11.1,Low,One-Way
D004_3,C030829,8.645,24.9,Medium,
D004_3,C030844,2.319,8.6,High,
D004_3,C030854,3.175,9.2,Medium,
D004_3,C030883,5.515,15.9,Medium,No Heavy Trucks
D004_3,C030887,2.415,7.0,Medium,
D004_3,C030912,5.138,11.9,Low,
D004_3,C030914,2.011,7.4,High,
D004_3,C030917,4.753,17.5,High,
D004_3,C030923,5.989,17.3,Medium,
D004_3,C030926,5.753,16.6,Medium,One-Way
D004_3,C030932,0.537,1.5,Medium,
D004_3,C030939,2.996,6.9,Low,
D004_3,C030953,3.621,13.4,High,
D004_3,C030961,5.972,17.2,Medium,
D004_3,C030974,3.294,7.6,Low,
D004_3,C030978,2.882,8.3,Medium,
D004_3,C031002,6.434,18.6,Medium,
D004_3,C031005,8.908,25.7,Medium,No Heavy Trucks
D004_3,C031008,5.185,15.0,Medium,
D004_3,C031012,6.692,19.3,Medium,
D004_3,C031015,6.204,17.9,Medium,
D004_3,C031055,3.594,10.4,Medium,
D004_3,C031105,4.87,11.2,Low,
D004_3,C031112,3.914,9.0,Low,
D004_3,C031128,7.745,17.9,Low,One-Way
D004_3,C031145,7.794,18.0,Low,
D004_3,C031147,8.806,25.4,Medium,
D004_3,C031149,4.945,18.3,High,
D004_3,C031150,6.635,15.3,Low,
D004_3,C031151,7.912,22.8,Medium,One-Way
D004_3,C031173,4.556,16.8,High,
D004_3,C031179,6.31,18.2,Medium,
D004_3,C031184,3.096,7.1,Low,
D004_3,C031191,4.521,13.0,Medium,One-Way
D004_3,C031193,2.457,5.7,Low,No Heavy Trucks
D004_3,C031197,6.39,18.4,Medium,
D004_3,C031237,5.832,13.5,Low,
D004_3,C031241,2.957,8.5,Medium,
D004_3,C031246,0.926,2.1,Low,
D004_3,C031255,7.128,16.4,Low,
D004_3,C031302,4.302,15.9,High,
D004_3,C031312,3.302,9.5,Medium,
D004_3,C031328,10.328,23.8,Low,One-Way
D004_3,C031340,7.411,21.4,Medium,
D004_3,C031354,6.646,19.2,Medium,
D004_3,C031356,3.879,9.0,Low,
D004_3,C031368,7.892,22.8,Medium,One-Way
D004_3,C031372,9.362,34.6,High,
D004_3,C031378,7.346,21.2,Medium,
D004_3,C031382,4.548,13.1,Medium,One-Way
D004_3,C031385,3.62,10.4,Medium,No Heavy Trucks
D004_3,C031407,4.294,12.4,Medium,
D004_3,C031421,2.456,9.1,High,
D004_3,C031448,2.564,5.9,Low,One-Way
D004_3,C031449,3.455,8.0,Low,
D004_3,C031452,5.093,11.8,Low,No Heavy Trucks
D004_3,C031453,5.94,17.1,Medium,One-Way
D004_3,C031457,8.919,20.6,Low,
D004_3,C031477,6.741,19.4,Medium,
D004_3,C031496,5.609,16.2,Medium,
D004_3,C031497,4.969,14.3,Medium,
D004_3,C031506,6.966,20.1,Medium,
D004_3,C031533,5.687,13.1,Low,No Heavy Trucks
D004_3,C031563,2.093,6.0,Medium,
D004_3,C031567,6.474,18.7,Medium,No Heavy Trucks
D004_3,C031572,9.075,20.9,Low,One-Way
D004_3,C031582,9.244,34.1,High,One-Way
D004_3,C031586,3.998,9.2,Low,
D004_3,C031590,4.793,13.8,Medium,No Heavy Trucks
D004_3,C031601,3.915,11.3,Medium,
D004_3,C031629,5.395,19.9,High,
D004_3,C031637,5.604,16.2,Medium,One-Way
D004_3,C031660,6.551,18.9,Medium,
D004_3,C031670,4.853,14.0,Medium,
D004_3,C031678,9.067,20.9,Low,
D004_3,C031690,3.901,11.3,Medium,
D004_3,C031697,6.065,17.5,Medium,
D004_3,C031720,3.056,8.8,Medium,
D004_3,C031723,7.89,29.1,High,
D004_3,C031725,8.827,32.6,High,No Heavy Trucks
D004_3,C031735,3.399,7.8,Low,
D004_3,C031754,4.522,16.7,High,
D004_3,C031760,5.113,11.8,Low,
D004_3,C031780,5.091,18.8,High,
D004_3,C031784,1.789,4.1,Low,One-Way
D004_3,C031785,7.336,21.2,Medium,
D004_3,C031820,8.254,23.8,Medium,
D004_3,C031857,6.545,15.1,Low,
D004_3,C031860,4.337,16.0,High,No Heavy Trucks
D004_3,C031861,7.07,16.3,Low,
D004_3,C031872,4.397,12.7,Medium,
D004_3,C031880,6.95,20.0,Medium,One-Way
D004_3,C031909,6.52,24.1,High,
D004_3,C031920,5.282,15.2,Medium,
D004_3,C031960,4.934,14.2,Medium,
D004_3,C031975,2.834,10.5,High,No Heavy Trucks
D004_3,C032005,5.549,16.0,Medium,
D004_3,C032021,4.144,12.0,Medium,No Heavy Trucks
D004_3,C032025,5.919,17.1,Medium,
D004_3,C032029,3.21,7.4,Low,
D004_3,C032043,8.988,25.9,Medium,One-Way
D004_3,C032077,5.174,14.9,Medium,One-Way
D004_3,C032110,4.216,15.6,High,
D004_3,C032114,8.071,29.8,High,
D004_3,C032115,6.178,17.8,Medium,
D004_3,C032117,7.708,17.8,Low,No Heavy Trucks
D004_3,C032144,7.658,17.7,Low,
D004_3,C032147,6.208,14.3,Low,
D004_3,C032159,3.081,8.9,Medium,
D004_3,C032160,9.59,27.7,Medium,
D004_3,C032163,1.33,4.9,High,One-Way
D004_3,C032188,6.011,22.2,High,
D004_3,C032190,3.034,8.8,Medium,
D004_3,C032199,4.691,13.5,Medium,
D004_3,C032214,1.383,3.2,Low,
D004_3,C032220,7.125,16.4,Low,One-Way
D004_3,C032238,6.754,24.9,High,
D004_3,C032270,3.943,14.6,High,
D004_3,C032279,3.533,8.2,Low,
D004_3,C032326,7.049,16.3,Low,
D004_3,C032330,4.926,18.2,High,No Heavy Trucks
D004_3,C032339,4.627,13.3,Medium,
D004_3,C032340,1.87,5.4,Medium,
D004_3,C032341,6.995,20.2,Medium,No Heavy Trucks
D004_3,C032348,4.113,9.5,Low,
D004_3,C032350,0.888,2.6,Medium,
D004_3,C032360,5.014,14.5,Medium,No Heavy Trucks
D004_3,C032398,9.639,22.2,Low,
D004_3,C032404,9.345,27.0,Medium,
D004_3,C032417,4.767,13.8,Medium,
D004_3,C032418,5.411,15.6,Medium,
D004_3,C032423,7.792,22.5,Medium,
D004_3,C032439,1.476,4.3,Medium,
D004_3,C032451,2.857,6.6,Low,
D004_3,C032463,5.692,16.4,Medium,
D004_3,C032473,2.822,6.5,Low,No Heavy Trucks
D004_3,C032485,7.27,21.0,Medium,
D004_3,C032511,6.667,19.2,Medium,
D004_3,C032512,5.751,16.6,Medium,
D004_3,C032546,6.428,14.8,Low,
D004_3,C032550,5.205,15.0,Medium,
D004_3,C032566,7.331,16.9,Low,
D004_3,C032631,9.321,26.9,Medium,
D004_3,C032641,2.847,8.2,Medium,
D004_3,C032669,4.048,9.3,Low,
D004_3,C032670,5.285,12.2,Low,One-Way
D004_3,C032674,3.745,10.8,Medium,
D004_3,C032685,2.489,5.7,Low,
D004_3,C032688,4.203,12.1,Medium,
D004_3,C032695,5.816,21.5,High,
D004_3,C032809,7.252,20.9,Medium,
D004_3,C032825,6.831,19.7,Medium,
D004_3,C032842,5.424,20.0,High,
D004_3,C032859,3.371,7.8,Low,
D004_3,C032867,7.999,23.1,Medium,
D004_3,C032869,3.355,9.7,Medium,
D004_3,C032881,5.646,16.3,Medium,
D004_3,C032904,5.281,12.2,Low,
D004_3,C032927,9.553,27.6,Medium,
D004_3,C032937,4.463,10.3,Low,
D004_3,C032938,4.106,11.8,Medium,One-Way
D004_3,C032958,4.081,11.8,Medium,
D004_3,C032960,2.391,8.8,High,One-Way
D004_3,C032992,6.77,15.6,Low,
D004_3,C033012,2.204,5.1,Low,
D004_3,C033014,5.44,15.7,Medium,
D004_3,C033026,3.876,11.2,Medium,
D004_3,C033034,4.626,13.3,Medium,No Heavy Trucks
D004_3,C033035,5.939,17.1,Medium,
D004_3,C033036,3.521,8.1,Low,
D004_3,C033051,2.663,7.7,Medium,One-Way
D004_3,C033062,4.871,11.2,Low,
D004_3,C033067,5.171,14.9,Medium,
D004_3,C033077,6.544,15.1,Low,
D004_3,C033083,2.667,7.7,Medium,
D004_3,C033093,2.636,9.7,High,
D004_3,C033100,3.832,11.1,Medium,
D004_3,C033112,6.84,19.7,Medium,
D004_3,C033115,2.398,6.9,Medium,
D004_3,C033130,1.646,3.8,Low,One-Way
D004_3,C033132,2.368,6.8,Medium,
D004_3,C033133,8.566,24.7,Medium,
D004_3,C033146,6.753,15.6,Low,One-Way
D004_3,C033149,5.098,14.7,Medium,
D004_3,C033157,6.661,15.4,Low,
D004_3,C033165,6.585,19.0,Medium,One-Way
D004_3,C033170,3.62,8.4,Low,
D004_3,C033183,5.811,16.8,Medium,No Heavy Trucks
D004_3,C033188,8.27,19.1,Low,
D004_3,C033193,7.517,17.3,Low,
D004_3,C033194,4.884,11.3,Low,
D004_3,C033211,1.121,2.6,Low,No Heavy Trucks
D004_3,C033216,6.034,17.4,Medium,No Heavy Trucks
D004_3,C033236,3.877,11.2,Medium,
D004_3,C033248,3.902,11.3,Medium,
D004_3,C033254,5.583,16.1,Medium,
D004_3,C033265,3.327,7.7,Low,No Heavy Trucks
D004_3,C033272,2.38,6.9,Medium,
D004_3,C033298,2.58,7.4,Medium,One-Way
D004_3,C033335,1.803,4.2,Low,
D004_3,C033339,3.651,13.5,High,One-Way
D004_3,C033345,5.229,15.1,Medium,
D004_3,C033354,1.75,4.0,Low,
D004_3,C033362,6.061,14.0,Low,
D004_3,C033365,5.048,14.6,Medium,One-Way
D004_3,C033367,6.173,17.8,Medium,
D004_3,C033368,7.519,21.7,Medium,
D004_3,C033378,1.837,4.2,Low,
D004_3,C033392,5.775,16.7,Medium,
D004_3,C033394,4.565,10.5,Low,One-Way
D004_3,C033429,5.684,21.0,High,
D004_3,C033448,4.385,10.1,Low,
D004_3,C033450,8.758,25.3,Medium,No Heavy Trucks
D004_3,C033464,3.42,7.9,Low,
D004_3,C033485,6.5,18.8,Medium,
D004_3,C033487,3.383,9.8,Medium,
D004_3,C033493,4.65,13.4,Medium,
D004_3,C033504,6.031,17.4,Medium,
D004_3,C033505,7.079,26.1,High,
D004_3,C033508,2.821,8.1,Medium,
D004_3,C033521,7.188,16.6,Low,No Heavy Trucks
D004_3,C033530,5.923,21.9,High,
D004_3,C033541,3.967,9.2,Low,
D004_3,C033554,5.716,16.5,Medium,No Heavy Trucks
D004_3,C033578,8.355,24.1,Medium,
D004_3,C033588,2.603,7.5,Medium,
D004_3,C033589,6.09,17.6,Medium,One-Way
D004_3,C033591,6.119,17.6,Medium,One-Way
D004_3,C033595,4.689,13.5,Medium,
D004_3,C033615,4.438,16.4,High,
D004_3,C033619,8.434,24.3,Medium,
D004_3,C033652,6.198,17.9,Medium,
D004_3,C033654,5.413,20.0,High,One-Way
D004_3,C033658,2.534,7.3,Medium,One-Way
D004_3,C033681,6.373,18.4,Medium,No Heavy Trucks
D004_3,C033685,4.613,10.6,Low,
D004_3,C033694,3.081,11.4,High,
D004_3,C033705,6.94,16.0,Low,
D004_3,C033714,4.199,9.7,Low,
D004_3,C033716,5.696,16.4,Medium,No Heavy Trucks
D004_3,C033729,6.32,14.6,Low,
D004_3,C033733,6.049,22.3,High,
D004_3,C033747,6.513,18.8,Medium,No Heavy Trucks
D004_3,C033752,3.572,10.3,Medium,
D004_3,C033757,2.745,6.3,Low,One-Way
D004_3,C033766,4.81,13.9,Medium,One-Way
D004_3,C033799,8.829,32.6,High,One-Way
D004_3,C033803,7.444,21.5,Medium,
D004_3,C033813,3.085,7.1,Low,One-Way
D004_3,C033819,5.201,12.0,Low,
D004_3,C033828,7.692,28.4,High,No Heavy Trucks
D004_3,C033832,4.646,13.4,Medium,
D004_3,C033835,4.967,14.3,Medium,
D004_3,C033838,3.943,9.1,Low,
D004_3,C033846,6.565,18.9,Medium,
D004_3,C033862,1.379,3.2,Low,
D004_3,C033879,3.17,7.3,Low,
D004_3,C033880,3.868,11.2,Medium,
D004_3,C033923,8.18,30.2,High,One-Way
D004_3,C033935,5.385,15.5,Medium,No Heavy Trucks
D004_3,C033981,6.678,19.3,Medium,
D004_3,C033990,5.589,12.9,Low,
D004_3,C033992,9.039,20.9,Low,No Heavy Trucks
D004_3,C033996,5.981,17.3,Medium,
D004_3,C033999,2.302,5.3,Low,One-Way
D004_3,C034006,5.584,12.9,Low,
D004_3,C034024,7.694,28.4,High,
D004_3,C034027,6.029,17.4,Medium,One-Way
D004_3,C034034,6.955,25.7,High,
D004_3,C034042,7.824,28.9,High,
D004_3,C034044,7.995,18.4,Low,No Heavy Trucks
D004_3,C034069,6.924,20.0,Medium,
D004_3,C034070,5.935,21.9,High,
D004_3,C034091,8.187,23.6,Medium,One-Way
D004_3,C034125,7.964,23.0,Medium,
D004_3,C034127,8.796,32.5,High,
D004_3,C034151,8.03,23.2,Medium,
D004_3,C034162,3.859,11.1,Medium,
D004_3,C034178,9.351,27.0,Medium,
D004_3,C034180,3.817,14.1,High,One-Way
D004_3,C034228,4.134,9.5,Low,
D004_3,C034233,5.662,13.1,Low,
D004_3,C034239,2.042,7.5,High,
D004_3,C034241,4.796,11.1,Low,
D004_3,C034247,4.71,17.4,High,
D004_3,C034252,5.686,16.4,Medium,One-Way
D004_3,C034267,6.631,24.5,High,
D004_3,C034269,4.376,12.6,Medium,
D004_3,C034271,4.195,15.5,High,
D004_3,C034278,4.575,13.2,Medium,
D004_3,C034280,2.536,7.3,Medium,
D004_3,C034288,6.186,17.8,Medium,
D004_3,C034294,4.4,16.2,High,
D004_3,C034310,0.956,2.2,Low,
D004_3,C034319,6.403,18.5,Medium,
D004_3,C034344,1.976,5.7,Medium,
D004_3,C034353,3.938,9.1,Low,
D004_3,C034362,5.741,16.6,Medium,
D004_3,C034368,4.974,18.4,High,
D004_3,C034394,6.462,18.6,Medium,
D004_3,C034412,9.811,36.2,High,
D004_3,C034416,6.952,25.7,High,
D004_3,C034417,6.403,18.5,Medium,
D004_3,C034424,7.147,20.6,Medium,
D004_3,C034432,5.807,16.8,Medium,
D004_3,C034444,5.555,20.5,High,
D004_3,C034446,4.486,12.9,Medium,No Heavy Trucks
D004_3,C034460,8.836,32.6,High,
D004_3,C034463,6.636,19.1,Medium,
D004_3,C034468,7.704,17.8,Low,
D004_3,C034482,4.013,11.6,Medium,
D004_3,C034487,5.723,16.5,Medium,
D004_3,C034491,7.742,17.9,Low,
D004_3,C034499,7.647,22.1,Medium,
D004_3,C034500,6.413,14.8,Low,
D004_3,C034519,1.313,3.8,Medium,
D004_3,C034520,6.317,18.2,Medium,
D004_3,C034527,4.873,11.2,Low,
D004_3,C034558,4.694,13.5,Medium,
D004_3,C034560,5.916,13.7,Low,No Heavy Trucks
D004_3,C034561,5.493,12.7,Low,
D004_3,C034594,4.065,9.4,Low,
D004_3,C034611,7.401,21.3,Medium,
D004_3,C034613,3.176,9.2,Medium,One-Way
D004_3,C034614,6.703,19.3,Medium,
D004_3,C034653,1.881,4.3,Low,
D004_3,C034703,7.483,17.3,Low,
D004_3,C034707,3.418,12.6,High,
D004_3,C034713,1.935,7.1,High,No Heavy Trucks
D004_3,C034719,7.264,21.0,Medium,
D004_3,C034722,1.119,3.2,Medium,
D004_3,C034727,7.708,22.2,Medium,No Heavy Trucks
D004_3,C034742,3.265,7.5,Low,
D004_3,C034750,6.444,14.9,Low,
D004_3,C034768,5.007,14.4,Medium,
D004_3,C034774,4.636,10.7,Low,
D004_3,C034781,4.656,13.4,Medium,
D004_3,C034784,2.25,5.2,Low,
D004_3,C034793,3.165,7.3,Low,
D004_3,C034795,9.108,26.3,Medium,
D004_3,C034816,1.833,5.3,Medium,No Heavy Trucks
D004_3,C034830,5.776,16.7,Medium,
D004_3,C034847,4.916,11.3,Low,
D004_3,C034856,8.802,25.4,Medium,
D004_3,C034868,4.983,14.4,Medium,
D004_3,C034874,1.229,2.8,Low,
D004_3,C034890,4.674,13.5,Medium,
D004_3,C034904,2.837,10.5,High,One-Way
D004_3,C034908,3.384,9.8,Medium,
D004_3,C034911,3.957,11.4,Medium,No Heavy Trucks
D004_3,C034917,3.325,7.7,Low,
D004_3,C034928,6.948,20.0,Medium,
D004_3,C034941,5.805,13.4,Low,No Heavy Trucks
D004_3,C034943,5.411,15.6,Medium,No Heavy Trucks
D004_3,C034948,5.127,18.9,High,
D004_3,C034974,5.069,18.7,High,
D004_3,C034982,5.731,13.2,Low,
D004_3,C034985,7.531,27.8,High,
D004_3,C035002,6.287,14.5,Low,No Heavy Trucks
D004_3,C035032,5.58,12.9,Low,
D004_3,C035039,2.399,5.5,Low,
D004_3,C035088,5.023,14.5,Medium,
D004_3,C035105,3.796,11.0,Medium,
D004_3,C035113,5.412,12.5,Low,
D004_3,C035165,3.332,7.7,Low,
D004_3,C035169,4.729,10.9,Low,
D004_3,C035182,5.746,21.2,High,
D004_3,C035187,3.571,13.2,High,
D004_3,C035189,4.224,12.2,Medium,
D004_3,C035190,1.735,4.0,Low,
D004_3,C035213,4.114,11.9,Medium,No Heavy Trucks
D004_3,C035248,6.4,14.8,Low,
D004_3,C035257,2.952,8.5,Medium,
D004_3,C035272,9.19,21.2,Low,
D004_3,C035273,0.721,1.7,Low,
D004_3,C035279,10.148,23.4,Low,
D004_3,C035284,1.268,3.7,Medium,
D004_3,C035290,7.506,17.3,Low,One-Way
D004_3,C035313,3.285,12.1,High,
D004_3,C035325,8.876,25.6,Medium,One-Way
D004_3,C035335,4.211,12.1,Medium,One-Way
D004_3,C035337,5.507,20.3,High,
D004_3,C035345,7.925,22.9,Medium,
D004_3,C035347,6.065,17.5,Medium,
D004_3,C035350,2.407,6.9,Medium,One-Way
D004_3,C035352,7.082,16.3,Low,
D004_3,C035357,6.848,19.8,Medium,
D004_3,C035381,3.592,8.3,Low,
D004_3,C035398,6.619,15.3,Low,No Heavy Trucks
D004_3,C035409,6.246,14.4,Low,
D004_3,C035426,5.175,11.9,Low,
D004_3,C035429,6.597,19.0,Medium,One-Way
D004_3,C035435,3.412,9.8,Medium,
D004_3,C035448,4.876,14.1,Medium,No Heavy Trucks
D004_3,C035451,6.027,17.4,Medium,
D004_3,C035453,6.83,25.2,High,
D004_3,C035470,7.048,20.3,Medium,
D004_3,C035480,5.874,16.9,Medium,No Heavy Trucks
D004_3,C035483,2.313,5.3,Low,
D004_3,C035492,8.05,29.7,High,
D004_3,C035494,6.328,18.3,Medium,
D004_3,C035495,5.618,16.2,Medium,
D004_3,C035515,1.942,5.6,Medium,
D004_3,C035526,2.816,6.5,Low,
D004_3,C035527,3.762,10.9,Medium,
D004_3,C035530,1.435,3.3,Low,
D004_3,C035560,6.01,17.3,Medium,
D004_3,C035575,6.881,19.8,Medium,One-Way
D004_3,C035599,4.429,10.2,Low,
D004_3,C035606,7.695,22.2,Medium,
D004_3,C035610,4.539,13.1,Medium,
D004_3,C035619,2.789,8.0,Medium,
D004_3,C035624,6.525,15.1,Low,
D004_3,C035652,2.831,6.5,Low,
D004_3,C035668,6.284,23.2,High,
D004_3,C035675,7.925,18.3,Low,
D004_3,C035687,10.055,23.2,Low,
D004_3,C035693,6.363,14.7,Low,
D004_3,C035694,9.536,22.0,Low,One-Way
D004_3,C035696,4.676,17.3,High,
D004_3,C035697,5.98,17.2,Medium,
D004_3,C035702,7.351,17.0,Low,
D004_3,C035714,5.193,15.0,Medium,
D004_3,C035715,5.542,16.0,Medium,
D004_3,C035718,1.387,3.2,Low,
D004_3,C035722,4.34,10.0,Low,
D004_3,C035724,6.412,18.5,Medium,
D004_3,C035727,5.863,16.9,Medium,One-Way
D004_3,C035735,1.313,4.8,High,
D004_3,C035736,6.698,19.3,Medium,
D004_3,C035753,4.547,10.5,Low,
D004_3,C035760,6.141,22.7,High,
D004_3,C035800,4.965,14.3,Medium,
D004_3,C035830,5.577,16.1,Medium,
D004_3,C035837,3.476,10.0,Medium,
D004_3,C035838,4.885,14.1,Medium,No Heavy Trucks
D004_3,C035859,5.006,14.4,Medium,
D004_3,C035863,0.81,2.3,Medium,
D004_3,C035914,2.112,4.9,Low,
D004_3,C035917,4.118,9.5,Low,
D004_3,C035944,2.54,9.4,High,
D004_3,C035946,5.352,12.3,Low,
D004_3,C035952,4.702,13.6,Medium,
D004_3,C035967,7.775,17.9,Low,
D004_3,C035976,5.466,15.8,Medium,
D004_3,C035996,4.371,16.1,High,
D004_3,C036022,7.168,26.5,High,
D004_3,C036025,6.821,19.7,Medium,
D004_3,C036027,7.084,16.3,Low,No Heavy Trucks
D004_3,C036039,3.706,13.7,High,
D004_3,C036060,8.389,31.0,High,
D004_3,C036063,2.304,6.6,Medium,
D004_3,C036071,7.969,18.4,Low,
D004_3,C036091,3.689,10.6,Medium,
D004_3,C036093,5.381,15.5,Medium,
D004_3,C036095,3.324,9.6,Medium,
D004_3,C036102,3.774,10.9,Medium,
D004_3,C036106,6.855,19.8,Medium,
D004_3,C036114,4.333,10.0,Low,
D004_3,C036118,4.34,16.0,High,
D004_3,C036138,8.047,23.2,Medium,
D004_3,C036140,5.888,13.6,Low,
D004_3,C036145,4.507,13.0,Medium,
D004_3,C036146,7.395,21.3,Medium,
D004_3,C036149,6.38,23.6,High,
D004_3,C036151,3.178,9.2,Medium,
D004_3,C036158,3.496,8.1,Low,No Heavy Trucks
D004_3,C036161,4.15,12.0,Medium,
D004_3,C036172,2.759,8.0,Medium,
D004_3,C036177,8.045,23.2,Medium,
D004_3,C036190,1.777,4.1,Low,
D004_3,C036192,6.646,24.5,High,
D004_3,C036215,5.022,11.6,Low,
D004_3,C036221,1.122,2.6,Low,
D004_3,C036228,3.048,8.8,Medium,No Heavy Trucks
D004_3,C036240,2.246,6.5,Medium,
D004_3,C036263,2.021,5.8,Medium,
D004_3,C036274,7.451,17.2,Low,
D004_3,C036278,6.768,15.6,Low,
D004_3,C036315,6.741,15.6,Low,
D004_3,C036322,4.207,12.1,Medium,
D004_3,C036332,3.733,8.6,Low,
D004_3,C036353,6.464,18.6,Medium,
D004_3,C036359,5.351,12.3,Low,
D004_3,C036383,6.486,15.0,Low,
D004_3,C036420,7.472,21.6,Medium,
D004_3,C036449,6.855,19.8,Medium,
D004_3,C036453,6.649,19.2,Medium,
D004_3,C036472,4.126,9.5,Low,
D004_3,C036485,8.946,25.8,Medium,
D004_3,C036486,5.518,12.7,Low,
D004_3,C036493,3.791,10.9,Medium,
D004_3,C036525,5.246,19.4,High,
D004_3,C036530,1.398,4.0,Medium,No Heavy Trucks
D004_3,C036533,4.054,9.4,Low,One-Way
D004_3,C036537,9.643,35.6,High,
D004_3,C036539,5.884,13.6,Low,
D004_3,C036547,6.818,19.7,Medium,One-Way
D004_3,C036549,7.497,27.7,High,
D004_3,C036550,2.149,5.0,Low,
D004_3,C036570,4.305,12.4,Medium,
D004_3,C036577,7.771,22.4,Medium,
D004_3,C036588,2.318,6.7,Medium,
D004_3,C036606,9.325,26.9,Medium,No Heavy Trucks
D004_3,C036635,5.545,12.8,Low,
D004_3,C036639,1.811,5.2,Medium,
D004_3,C036656,5.932,17.1,Medium,
D004_3,C036682,3.119,11.5,High,
D004_3,C036688,9.915,28.6,Medium,No Heavy Trucks
D004_3,C036697,2.403,6.9,Medium,
D004_3,C036703,4.283,12.4,Medium,
D004_3,C036728,2.652,6.1,Low,
D004_3,C036734,9.148,26.4,Medium,One-Way
D004_3,C036737,4.15,12.0,Medium,No Heavy Trucks
D004_3,C036741,4.098,11.8,Medium,
D004_3,C036807,5.584,16.1,Medium,
D004_3,C036811,9.611,22.2,Low,
D004_3,C036825,0.838,2.4,Medium,
D004_3,C036826,4.744,13.7,Medium,
D004_3,C036831,1.724,4.0,Low,
D004_3,C036838,2.981,8.6,Medium,
D004_3,C036843,5.682,13.1,Low,
D004_3,C036846,3.068,8.8,Medium,
D004_3,C036848,7.349,17.0,Low,
D004_3,C036858,3.476,10.0,Medium,
D004_3,C036873,5.587,16.1,Medium,
D004_3,C036879,7.5,21.6,Medium,
D004_3,C036880,8.477,24.5,Medium,
D004_3,C036915,4.499,13.0,Medium,
D004_3,C036919,5.277,15.2,Medium,One-Way
D004_3,C036923,2.189,6.3,Medium,One-Way
D004_3,C036933,5.028,11.6,Low,
D004_3,C036934,3.782,10.9,Medium,
D004_3,C036940,4.387,10.1,Low,
D004_3,C036942,3.656,13.5,High,
D004_3,C036948,2.127,4.9,Low,No Heavy Trucks
D004_3,C036949,5.28,15.2,Medium,
D004_3,C036953,6.572,19.0,Medium,No Heavy Trucks
D004_3,C036957,3.515,13.0,High,
D004_3,C036982,8.182,18.9,Low,
D004_3,C037001,1.669,4.8,Medium,
D004_3,C037013,7.435,17.2,Low,
D004_3,C037016,3.726,10.7,Medium,
D004_3,C037025,3.498,8.1,Low,One-Way
D004_3,C037029,3.219,9.3,Medium,
D004_3,C037032,6.293,18.2,Medium,
D004_3,C037048,8.115,18.7,Low,
D004_3,C037049,4.613,10.6,Low,
D004_3,C037050,8.497,19.6,Low,
D004_3,C037059,5.69,21.0,High,
D004_3,C037072,6.503,18.8,Medium,
D004_3,C037076,8.683,25.0,Medium,One-Way
D004_3,C037082,1.73,5.0,Medium,
D004_3,C037089,4.718,10.9,Low,
D004_3,C037107,5.194,12.0,Low,No Heavy Trucks
D004_3,C037120,5.789,13.4,Low,
D004_3,C037121,6.804,25.1,High,No Heavy Trucks
D004_3,C037155,1.627,3.8,Low,
D004_3,C037158,6.275,18.1,Medium,
D004_3,C037164,6.046,22.3,High,
D004_3,C037172,5.025,14.5,Medium,
D004_3,C037176,5.053,14.6,Medium,
D004_3,C037197,5.529,15.9,Medium,
D004_3,C037225,4.947,11.4,Low,
D004_3,C037230,5.141,19.0,High,No Heavy Trucks
D004_3,C037235,8.214,30.3,High,
D004_3,C037245,2.758,6.4,Low,
D004_3,C037246,5.566,16.1,Medium,One-Way
D004_3,C037270,10.555,39.0,High,
D004_3,C037284,4.976,11.5,Low,
D004_3,C037289,6.286,14.5,Low,One-Way
D004_3,C037293,7.242,20.9,Medium,One-Way
D004_3,C037313,1.554,3.6,Low,
D004_3,C037327,6.328,18.3,Medium,
D004_3,C037328,6.571,19.0,Medium,
D004_3,C037333,3.727,8.6,Low,
D004_3,C037337,4.244,12.2,Medium,
D004_3,C037341,3.475,10.0,Medium,No Heavy Trucks
D004_3,C037342,2.955,8.5,Medium,No Heavy Trucks
D004_3,C037361,5.073,14.6,Medium,
D004_3,C037363,6.323,18.2,Medium,
D004_3,C037366,0.152,0.4,Medium,
D004_3,C037389,1.251,2.9,Low,
D004_3,C037392,7.691,17.7,Low,
D004_3,C037404,1.916,4.4,Low,
D004_3,C037425,6.336,23.4,High,
D004_3,C037426,3.242,7.5,Low,
D004_3,C037446,4.185,12.1,Medium,
D004_3,C037449,1.807,4.2,Low,
D004_3,C037460,4.956,11.4,Low,No Heavy Trucks
D004_3,C037479,3.123,7.2,Low,One-Way
D004_3,C037484,2.547,9.4,High,
D004_3,C037491,4.416,10.2,Low,
D004_3,C037518,4.292,9.9,Low,One-Way
D004_3,C037523,7.541,17.4,Low,
D004_3,C037551,6.905,15.9,Low,
D004_3,C037579,4.838,14.0,Medium,
D004_3,C037609,8.481,24.5,Medium,
D004_3,C037626,4.561,10.5,Low,One-Way
D004_3,C037646,4.839,11.2,Low,
D004_3,C037661,6.422,18.5,Medium,
D004_3,C037674,5.126,11.8,Low,No Heavy Trucks
D004_3,C037678,4.051,11.7,Medium,
D004_3,C037688,2.93,8.5,Medium,One-Way
D004_3,C037698,5.934,13.7,Low,One-Way
D004_3,C037719,6.232,18.0,Medium,
D004_3,C037727,9.255,34.2,High,No Heavy Trucks
D004_3,C037735,2.541,7.3,Medium,
D004_3,C037737,4.84,11.2,Low,
D004_3,C037765,6.177,17.8,Medium,
D004_3,C037781,8.482,24.5,Medium,One-Way
D004_3,C037792,3.477,12.8,High,
D004_3,C037798,8.557,24.7,Medium,
D004_3,C037800,6.584,19.0,Medium,No Heavy Trucks
D004_3,C037810,5.728,16.5,Medium,
D004_3,C037845,5.168,11.9,Low,
D004_3,C037860,3.217,7.4,Low,No Heavy Trucks
D004_3,C037866,6.555,24.2,High,
D004_3,C037869,2.307,5.3,Low,
D004_3,C037873,4.773,13.8,Medium,
D004_3,C037886,7.621,28.1,High,
D004_3,C037895,2.873,8.3,Medium,
D004_3,C037904,7.528,17.4,Low,
D004_3,C037924,4.576,10.6,Low,
D004_3,C037966,7.367,17.0,Low,
D004_3,C037973,6.917,16.0,Low,
D004_3,C037978,2.216,8.2,High,
D004_3,C037991,5.632,16.2,Medium,
D004_3,C037992,4.993,14.4,Medium,
D004_3,C037995,5.496,15.9,Medium,
D004_3,C038017,7.068,16.3,Low,
D004_3,C038022,6.152,14.2,Low,
D004_3,C038055,2.535,7.3,Medium,
D004_3,C038059,4.209,9.7,Low,No Heavy Trucks
D004_3,C038060,6.463,18.6,Medium,
D004_3,C038109,6.407,14.8,Low,
D004_3,C038112,5.424,12.5,Low,One-Way
D004_3,C038113,1.654,4.8,Medium,No Heavy Trucks
D004_3,C038127,4.363,12.6,Medium,
D004_3,C038132,6.532,18.8,Medium,No Heavy Trucks
D004_3,C038140,5.516,15.9,Medium,
D004_3,C038143,4.2,9.7,Low,One-Way
D004_3,C038145,7.225,20.8,Medium,
D004_3,C038162,1.974,5.7,Medium,
D004_3,C038179,4.299,12.4,Medium,
D004_3,C038221,7.074,16.3,Low,
D004_3,C038225,6.45,14.9,Low,One-Way
D004_3,C038245,5.792,21.4,High,
D004_3,C038247,9.405,27.1,Medium,
D004_3,C038254,7.747,17.9,Low,
D004_3,C038269,7.286,16.8,Low,
D004_3,C038300,4.518,13.0,Medium,
D004_3,C038305,2.385,5.5,Low,
D004_3,C038330,7.494,21.6,Medium,
D004_3,C038339,4.736,10.9,Low,
D004_3,C038341,6.716,24.8,High,One-Way
D004_3,C038360,6.833,25.2,High,
D004_3,C038361,2.985,8.6,Medium,No Heavy Trucks
D004_3,C038368,5.408,20.0,High,
D004_3,C038372,5.11,11.8,Low,
D004_3,C038392,6.51,15.0,Low,One-Way
D004_3,C038396,7.262,20.9,Medium,
D004_3,C038413,5.486,20.3,High,
D004_3,C038417,5.137,11.9,Low,No Heavy Trucks
D004_3,C038426,7.232,16.7,Low,
D004_3,C038440,6.396,14.8,Low,
D004_3,C038443,8.16,30.1,High,
D004_3,C038449,4.489,10.4,Low,
D004_3,C038454,5.928,17.1,Medium,
D004_3,C038460,8.333,30.8,High,One-Way
D004_3,C038506,3.404,7.9,Low,
D004_3,C038517,3.117,7.2,Low,
D004_3,C038542,7.615,28.1,High,
D004_3,C038552,5.413,20.0,High,
D004_3,C038554,9.308,26.8,Medium,
D004_3,C038577,6.11,22.6,High,No Heavy Trucks
D004_3,C038582,8.451,19.5,Low,No Heavy Trucks
D004_3,C038616,2.513,9.3,High,
D004_3,C038625,6.293,18.2,Medium,
D004_3,C038626,5.181,14.9,Medium,No Heavy Trucks
D004_3,C038658,8.725,32.2,High,
D004_3,C038659,6.001,13.8,Low,
D004_3,C038691,6.594,19.0,Medium,
D004_3,C038702,5.873,13.6,Low,
D004_3,C038726,6.475,18.7,Medium,
D004_3,C038797,4.781,13.8,Medium,
D004_3,C038811,5.462,12.6,Low,One-Way
D004_3,C038818,8.017,29.6,High,
D004_3,C038828,3.387,9.8,Medium,
D004_3,C038838,5.371,15.5,Medium,
D004_3,C038857,6.202,14.3,Low,No Heavy Trucks
D004_3,C038869,2.753,6.4,Low,
D004_3,C038882,6.672,19.2,Medium,One-Way
D004_3,C038903,4.686,10.8,Low,One-Way
D004_3,C038911,5.303,15.3,Medium,
D004_3,C038915,9.606,22.2,Low,
D004_3,C038927,2.928,8.4,Medium,
D004_3,C038930,4.419,12.7,Medium,
D004_3,C038984,4.896,14.1,Medium,
D004_3,C039013,4.292,12.4,Medium,
D004_3,C039044,2.705,6.2,Low,
D004_3,C039045,5.291,19.5,High,
D004_3,C039067,5.518,15.9,Medium,
D004_3,C039068,5.49,15.8,Medium,
D004_3,C039078,4.373,12.6,Medium,No Heavy Trucks
D004_3,C039086,5.232,15.1,Medium,
D004_3,C039095,7.071,16.3,Low,
D004_3,C039134,5.576,12.9,Low,
D004_3,C039137,3.613,10.4,Medium,
D004_3,C039150,1.557,4.5,Medium,
D004_3,C039171,1.011,2.9,Medium,
D004_3,C039184,8.084,23.3,Medium,
D004_3,C039187,7.78,28.7,High,
D004_3,C039209,6.616,24.4,High,
D004_3,C039214,5.554,12.8,Low,
D004_3,C039216,4.118,9.5,Low,One-Way
D004_3,C039220,0.953,2.7,Medium,One-Way
D004_3,C039237,2.854,8.2,Medium,
D004_3,C039269,1.826,5.3,Medium,No Heavy Trucks
D004_3,C039298,5.584,12.9,Low,
D004_3,C039301,4.632,13.4,Medium,
D004_3,C039327,6.19,22.9,High,
D004_3,C039352,3.52,10.2,Medium,
D004_3,C039381,5.605,16.2,Medium,
D004_3,C039384,4.555,13.1,Medium,No Heavy Trucks
D004_3,C039393,6.942,20.0,Medium,
D004_3,C039397,7.429,27.4,High,
D004_3,C039400,2.625,7.6,Medium,
D004_3,C039433,8.404,19.4,Low,
D004_3,C039435,5.284,15.2,Medium,
D004_3,C039449,4.195,12.1,Medium,
D004_3,C039450,6.879,19.8,Medium,
D004_3,C039470,7.74,17.9,Low,
D004_3,C039489,4.223,9.7,Low,
D004_3,C039499,3.622,8.4,Low,
D004_3,C039501,1.895,4.4,Low,
D004_3,C039504,3.424,7.9,Low,
D004_3,C039514,5.661,16.3,Medium,
D004_3,C039520,6.431,18.6,Medium,
D004_3,C039549,7.299,16.8,Low,
D004_3,C039550,3.333,7.7,Low,
D004_3,C039562,1.729,4.0,Low,No Heavy Trucks
D004_3,C039566,6.611,19.1,Medium,
D004_3,C039603,6.971,20.1,Medium,
D004_3,C039635,4.314,12.4,Medium,
D004_3,C039637,8.346,24.1,Medium,
D004_3,C039654,5.915,17.1,Medium,
D004_3,C039660,4.087,9.4,Low,
D004_3,C039672,6.072,14.0,Low,
D004_3,C039679,6.84,19.7,Medium,
D004_3,C039695,6.396,18.5,Medium,
D004_3,C039724,6.36,14.7,Low,
D004_3,C039739,5.925,13.7,Low,
D004_3,C039762,0.263,0.8,Medium,
D004_3,C039774,5.214,12.0,Low,
D004_3,C039779,6.829,19.7,Medium,
D004_3,C039782,6.298,14.5,Low,
D004_3,C039814,8.169,23.6,Medium,
D004_3,C039819,5.525,20.4,High,
D004_3,C039821,5.636,16.3,Medium,
D004_3,C039840,3.938,9.1,Low,
D004_3,C039848,3.236,11.9,High,
D004_3,C039849,3.406,12.6,High,
D004_3,C039850,7.905,18.2,Low,
D004_3,C039873,5.978,13.8,Low,
D004_3,C039874,8.747,20.2,Low,
D004_3,C039876,1.123,3.2,Medium,
D004_3,C039902,1.41,3.3,Low,
D004_3,C039921,5.198,12.0,Low,
D004_3,C039924,3.848,11.1,Medium,
D004_3,C039945,5.373,12.4,Low,
D004_3,C039955,4.56,13.2,Medium,
D004_3,C039967,6.097,22.5,High,
D004_3,C039996,5.069,11.7,Low,
D004_3,C039997,2.586,9.5,High,
D004_3,C040003,6.466,18.7,Medium,
D004_3,C040018,7.79,18.0,Low,
D004_3,C040021,4.485,12.9,Medium,
D004_3,C040032,7.088,26.2,High,
D004_3,C040033,7.676,22.1,Medium,
D004_3,C040052,4.497,13.0,Medium,
D004_3,C040058,6.629,19.1,Medium,
D004_3,C040085,6.112,22.6,High,No Heavy Trucks
D004_3,C040112,5.94,21.9,High,
D004_3,C040118,2.949,6.8,Low,
D004_3,C040120,4.1,9.5,Low,
D004_3,C040134,5.029,11.6,Low,
D004_3,C040142,2.607,7.5,Medium,
D004_3,C040148,5.884,13.6,Low,
D004_3,C040195,4.253,15.7,High,
D004_3,C040198,3.532,10.2,Medium,
D004_3,C040212,8.04,23.2,Medium,
D004_3,C040265,2.683,7.7,Medium,One-Way
D004_3,C040275,1.756,4.1,Low,
D004_3,C040279,6.957,20.1,Medium,No Heavy Trucks
D004_3,C040286,4.077,9.4,Low,
D004_3,C040292,2.544,9.4,High,
D004_3,C040318,5.015,14.5,Medium,
D004_3,C040324,7.447,17.2,Low,
D004_3,C040346,3.956,14.6,High,One-Way
D004_3,C040349,1.982,4.6,Low,
D004_3,C040410,5.724,21.1,High,
D004_3,C040415,2.065,6.0,Medium,
D004_3,C040419,2.904,8.4,Medium,
D004_3,C040441,4.625,13.3,Medium,
D004_3,C040490,4.864,14.0,Medium,
D004_3,C040502,8.691,25.1,Medium,
D004_3,C040508,6.245,23.1,High,
D004_3,C040512,6.428,18.5,Medium,
D004_3,C040514,7.753,17.9,Low,No Heavy Trucks
D004_3,C040542,5.076,11.7,Low,
D004_3,C040546,6.089,14.1,Low,
D004_3,C040548,2.951,8.5,Medium,
D004_3,C040570,5.437,20.1,High,
D004_3,C040574,7.426,21.4,Medium,
D004_3,C040594,5.062,14.6,Medium,
D004_3,C040606,7.527,17.4,Low,
D004_3,C040640,7.962,18.4,Low,
D004_3,C040664,6.525,18.8,Medium,
D004_3,C040670,6.3,14.5,Low,
D004_3,C040672,5.527,15.9,Medium,
D004_3,C040686,0.824,1.9,Low,
D004_3,C040688,8.108,18.7,Low,
D004_3,C040690,7.343,21.2,Medium,
D004_3,C040707,5.494,12.7,Low,
D004_3,C040730,5.007,14.4,Medium,
D004_3,C040752,2.216,5.1,Low,
D004_3,C040787,6.051,17.5,Medium,
D004_3,C040824,6.561,18.9,Medium,
D004_3,C040832,8.722,25.2,Medium,
D004_3,C040835,3.298,7.6,Low,No Heavy Trucks
D004_3,C040860,2.145,4.9,Low,No Heavy Trucks
D004_3,C040874,8.066,18.6,Low,
D004_3,C040913,8.846,25.5,Medium,One-Way
D004_3,C040914,4.614,10.6,Low,
D004_3,C040942,6.541,24.1,High,
D004_3,C040962,7.322,16.9,Low,No Heavy Trucks
D004_3,C040985,0.409,1.5,High,
D004_3,C040989,4.992,14.4,Medium,
D004_3,C040993,1.703,4.9,Medium,
D004_3,C040997,4.846,14.0,Medium,No Heavy Trucks
D004_3,C041026,4.903,14.1,Medium,
D004_3,C041069,6.111,17.6,Medium,
D004_3,C041070,7.593,17.5,Low,
D004_3,C041074,3.632,10.5,Medium,
D004_3,C041091,8.71,20.1,Low,
D004_3,C041093,3.379,9.7,Medium,
D004_3,C041114,6.577,19.0,Medium,
D004_3,C041120,5.272,15.2,Medium,
D004_3,C041125,2.613,6.0,Low,One-Way
D004_3,C041139,2.069,7.6,High,
D004_3,C041140,4.03,11.6,Medium,
D004_3,C041160,6.91,19.9,Medium,
D004_3,C041170,0.405,1.5,High,
D004_3,C041171,7.485,21.6,Medium,
D004_3,C041174,5.795,16.7,Medium,
D004_3,C041199,6.808,15.7,Low,
D004_3,C041215,6.131,22.6,High,
D004_3,C041219,7.086,20.4,Medium,
D004_3,C041223,5.381,19.9,High,
D004_3,C041231,4.273,9.9,Low,No Heavy Trucks
D004_3,C041233,6.617,24.4,High,
D004_3,C041261,5.511,12.7,Low,
D004_3,C041289,4.825,13.9,Medium,
D004_3,C041323,5.41,15.6,Medium,
D004_3,C041364,4.355,10.1,Low,
D004_3,C041367,5.292,19.5,High,
D004_3,C041381,5.477,12.6,Low,
D004_3,C041382,6.609,19.1,Medium,
D004_3,C041386,6.353,14.7,Low,One-Way
D004_3,C041389,2.257,6.5,Medium,
D004_3,C041396,8.39,24.2,Medium,One-Way
D004_3,C041400,6.654,15.4,Low,
D004_3,C041420,9.405,27.1,Medium,One-Way
D004_3,C041444,5.965,13.8,Low,
D004_3,C041445,2.762,8.0,Medium,One-Way
D004_3,C041468,8.269,23.9,Medium,No Heavy Trucks
D004_3,C041516,7.907,29.2,High,
D004_3,C041536,1.963,4.5,Low,
D004_3,C041540,6.926,16.0,Low,
D004_3,C041571,5.014,14.5,Medium,No Heavy Trucks
D004_3,C041584,3.013,7.0,Low,
D004_3,C041615,4.691,10.8,Low,
D004_3,C041619,5.078,11.7,Low,One-Way
D004_3,C041629,8.475,19.6,Low,
D004_3,C041652,6.818,19.7,Medium,
D004_3,C041653,6.981,16.1,Low,
D004_3,C041674,3.12,11.5,High,
D004_3,C041678,6.812,19.6,Medium,
D004_3,C041712,4.687,13.5,Medium,
D004_3,C041716,4.662,13.4,Medium,
D004_3,C041722,3.285,7.6,Low,
D004_3,C041732,7.433,21.4,Medium,
D004_3,C041733,6.992,20.2,Medium,
D004_3,C041748,6.474,18.7,Medium,
D004_3,C041758,0.808,2.3,Medium,
D004_3,C041779,8.039,29.7,High,
D004_3,C041781,7.251,20.9,Medium,
D004_3,C041796,2.566,7.4,Medium,
D004_3,C041816,3.732,10.8,Medium,
D004_3,C041842,3.312,9.6,Medium,
D004_3,C041859,6.453,18.6,Medium,
D004_3,C041867,3.51,8.1,Low,
D004_3,C041868,2.564,7.4,Medium,
D004_3,C041871,3.99,11.5,Medium,
D004_3,C041887,6.173,17.8,Medium,No Heavy Trucks
D004_3,C041891,2.866,8.3,Medium,
D004_3,C041894,5.963,22.0,High,
D004_3,C041901,9.219,21.3,Low,
D004_3,C041904,6.418,18.5,Medium,
D004_3,C041912,8.961,25.8,Medium,
D004_3,C041982,2.399,6.9,Medium,
D004_3,C041984,5.318,15.3,Medium,
D004_3,C042014,4.894,14.1,Medium,
D004_3,C042045,2.23,5.1,Low,
D004_3,C042095,6.039,13.9,Low,
D004_3,C042101,6.716,19.4,Medium,
D004_3,C042102,6.158,17.8,Medium,
D004_3,C042106,6.302,18.2,Medium,
D004_3,C042111,5.979,17.2,Medium,
D004_3,C042134,8.117,23.4,Medium,
D004_3,C042151,3.867,14.3,High,
D004_3,C042164,6.446,23.8,High,No Heavy Trucks
D004_3,C042176,2.747,6.3,Low,
D004_3,C042228,4.889,14.1,Medium,
D004_3,C042241,7.9,22.8,Medium,
D004_3,C042262,7.259,20.9,Medium,
D004_3,C042268,3.989,14.7,High,
D004_3,C042269,4.305,15.9,High,
D004_3,C042272,5.238,12.1,Low,One-Way
D004_3,C042281,7.16,16.5,Low,No Heavy Trucks
D004_3,C042283,2.748,6.3,Low,No Heavy Trucks
D004_3,C042292,5.311,15.3,Medium,One-Way
D004_3,C042297,7.147,26.4,High,One-Way
D004_3,C042312,5.24,19.3,High,
D004_3,C042316,5.194,12.0,Low,
D004_3,C042318,1.908,7.0,High,
D004_3,C042329,5.48,15.8,Medium,
D004_3,C042333,1.164,2.7,Low,One-Way
D004_3,C042334,5.083,14.7,Medium,
D004_3,C042348,3.674,8.5,Low,
D004_3,C042352,6.338,14.6,Low,
D004_3,C042353,8.452,24.4,Medium,No Heavy Trucks
D004_3,C042364,0.618,1.4,Low,No Heavy Trucks
D004_3,C042372,6.407,18.5,Medium,
D004_3,C042390,1.569,5.8,High,
D004_3,C042400,3.632,10.5,Medium,No Heavy Trucks
D004_3,C042423,4.041,9.3,Low,
D004_3,C042424,3.15,11.6,High,One-Way
D004_3,C042439,5.884,17.0,Medium,
D004_3,C042466,8.944,20.6,Low,
D004_3,C042468,7.957,18.4,Low,
D004_3,C042487,7.648,28.2,High,
D004_3,C042501,4.675,13.5,Medium,
D004_3,C042516,5.305,15.3,Medium,No Heavy Trucks
D004_3,C042526,3.368,7.8,Low,
D004_3,C042543,5.658,16.3,Medium,
D004_3,C042546,2.771,8.0,Medium,
D004_3,C042582,4.253,9.8,Low,
D004_3,C042596,4.665,10.8,Low,No Heavy Trucks
D004_3,C042625,4.492,10.4,Low,
D004_3,C042642,2.831,8.2,Medium,One-Way
D004_3,C042650,3.459,10.0,Medium,One-Way
D004_3,C042658,5.141,14.8,Medium,
D004_3,C042674,7.184,26.5,High,
D004_3,C042679,6.842,19.7,Medium,
D004_3,C042697,9.606,22.2,Low,One-Way
D004_3,C042712,5.827,16.8,Medium,
D004_3,C042732,3.608,8.3,Low,
D004_3,C042756,6.612,19.1,Medium,No Heavy Trucks
D004_3,C042767,4.749,11.0,Low,
D004_3,C042770,7.704,17.8,Low,One-Way
D004_3,C042776,2.837,6.5,Low,
D004_3,C042799,6.962,16.1,Low,
D004_3,C042813,7.115,20.5,Medium,
D004_3,C042825,5.897,17.0,Medium,
D004_3,C042864,8.895,25.7,Medium,
D004_3,C042879,4.106,11.8,Medium,One-Way
D004_3,C042883,4.967,14.3,Medium,
D004_3,C042899,4.16,12.0,Medium,
D004_3,C042915,0.81,1.9,Low,One-Way
D004_3,C042916,6.555,15.1,Low,
D004_3,C042917,2.261,6.5,Medium,
D004_3,C042945,7.65,22.1,Medium,
D004_3,C042956,1.894,5.5,Medium,
D004_3,C042957,2.357,8.7,High,
D004_3,C042961,1.68,3.9,Low,
D004_3,C042966,3.253,9.4,Medium,
D004_3,C042967,1.407,5.2,High,
D004_3,C042973,8.364,24.1,Medium,
D004_3,C042983,6.145,14.2,Low,No Heavy Trucks
D004_3,C042988,4.208,9.7,Low,
D004_3,C042989,4.797,13.8,Medium,One-Way
D004_3,C042992,7.732,22.3,Medium,
D004_3,C042993,7.56,21.8,Medium,
D004_3,C043014,4.373,12.6,Medium,
D004_3,C043037,1.342,3.1,Low,
D004_3,C043054,6.373,14.7,Low,
D004_3,C043061,6.3,18.2,Medium,
D004_3,C043063,7.028,26.0,High,
D004_3,C043080,6.414,14.8,Low,
D004_3,C043085,8.472,24.4,Medium,
D004_3,C043091,6.705,19.3,Medium,
D004_3,C043092,5.454,20.1,High,
D004_3,C043119,5.612,16.2,Medium,One-Way
D004_3,C043129,7.009,25.9,High,
D004_3,C043144,6.608,19.1,Medium,
D004_3,C043155,6.854,19.8,Medium,
D004_3,C043163,4.36,10.1,Low,
D004_3,C043181,3.374,12.5,High,
D004_3,C043188,3.147,9.1,Medium,No Heavy Trucks
D004_3,C043189,6.281,23.2,High,
D004_3,C043193,3.264,7.5,Low,
D004_3,C043208,1.832,5.3,Medium,
D004_3,C043235,2.528,7.3,Medium,
D004_3,C043245,2.766,8.0,Medium,
D004_3,C043267,5.093,18.8,High,
D004_3,C043273,6.056,17.5,Medium,
D004_3,C043310,6.389,14.7,Low,
D004_3,C043325,7.28,21.0,Medium,
D004_3,C043329,9.351,27.0,Medium,
D004_3,C043330,7.662,22.1,Medium,
D004_3,C043339,5.943,17.1,Medium,
D004_3,C043347,8.343,19.3,Low,
D004_3,C043350,8.435,19.5,Low,
D004_3,C043352,7.46,21.5,Medium,
D004_3,C043355,6.974,25.8,High,
D004_3,C043366,3.068,8.8,Medium,
D004_3,C043395,5.513,12.7,Low,
D004_3,C043415,3.215,11.9,High,
D004_3,C043434,6.802,19.6,Medium,
D004_3,C043462,3.66,10.6,Medium,One-Way
D004_3,C043488,8.479,19.6,Low,
D004_3,C043505,4.807,11.1,Low,One-Way
D004_3,C043542,4.66,13.4,Medium,
D004_3,C043544,7.433,21.4,Medium,
D004_3,C043547,6.476,23.9,High,
D004_3,C043550,1.298,3.7,Medium,One-Way
D004_3,C043567,4.727,13.6,Medium,
D004_3,C043579,6.916,25.5,High,
D004_3,C043584,3.691,8.5,Low,
D004_3,C043589,3.653,13.5,High,
D004_3,C043620,3.418,9.9,Medium,
D004_3,C043626,6.629,15.3,Low,
D004_3,C043631,8.078,18.6,Low,
D004_3,C043658,6.336,23.4,High,
D004_3,C043668,3.541,8.2,Low,One-Way
D004_3,C043669,9.363,34.6,High,
D004_3,C043673,6.787,19.6,Medium,
D004_3,C043677,7.856,18.1,Low,
D004_3,C043680,6.403,18.5,Medium,
D004_3,C043685,4.75,11.0,Low,
D004_3,C043693,5.05,18.6,High,
D004_3,C043702,9.049,33.4,High,
D004_3,C043706,6.314,18.2,Medium,
D004_3,C043717,5.352,15.4,Medium,
D004_3,C043738,7.408,21.4,Medium,
D004_3,C043743,4.323,10.0,Low,No Heavy Trucks
D004_3,C043750,5.221,15.1,Medium,
D004_3,C043774,3.747,13.8,High,
D004_3,C043806,7.065,16.3,Low,
D004_3,C043814,1.699,6.3,High,
D004_3,C043823,2.552,5.9,Low,No Heavy Trucks
D004_3,C043832,6.776,15.6,Low,One-Way
D004_3,C043842,6.511,18.8,Medium,No Heavy Trucks
D004_3,C043854,8.261,30.5,High,
D004_3,C043856,2.088,7.7,High,
D004_3,C043879,3.033,7.0,Low,
D004_3,C043893,4.587,13.2,Medium,
D004_3,C043894,6.254,14.4,Low,
D004_3,C043912,7.876,29.1,High,
D004_3,C043914,4.636,13.4,Medium,
D004_3,C043924,4.709,10.9,Low,
D004_3,C043941,2.448,9.0,High,
D004_3,C043987,3.799,11.0,Medium,
D004_3,C043989,2.863,8.3,Medium,
D004_3,C043990,6.302,18.2,Medium,
D004_3,C043996,7.637,17.6,Low,
D004_3,C044011,3.56,10.3,Medium,
D004_3,C044019,5.552,16.0,Medium,
D004_3,C044034,3.137,9.0,Medium,No Heavy Trucks
D004_3,C044040,3.7,10.7,Medium,
D004_3,C044068,5.113,14.7,Medium,
D004_3,C044078,7.016,16.2,Low,
D004_3,C044085,5.293,12.2,Low,
D004_3,C044089,6.526,24.1,High,
D004_3,C044098,5.665,16.3,Medium,No Heavy Trucks
D004_3,C044099,2.285,8.4,High,
D004_3,C044125,5.887,13.6,Low,
D004_3,C044130,9.569,22.1,Low,
D004_3,C044159,6.573,19.0,Medium,
D004_3,C044164,2.302,5.3,Low,
D004_3,C044197,5.618,16.2,Medium,
D004_3,C044203,5.478,15.8,Medium,
D004_3,C044208,10.145,23.4,Low,
D004_3,C044225,3.081,7.1,Low,
D004_3,C044235,6.475,18.7,Medium,
D004_3,C044240,8.077,23.3,Medium,
D004_3,C044258,5.898,13.6,Low,
D004_3,C044260,4.221,15.6,High,One-Way
D004_3,C044276,5.456,15.7,Medium,
D004_3,C044291,6.378,18.4,Medium,
D004_3,C044297,6.325,18.2,Medium,
D004_3,C044299,5.484,12.7,Low,
D004_3,C044354,0.939,3.5,High,One-Way
D004_3,C044359,5.443,15.7,Medium,One-Way
D004_3,C044365,4.874,18.0,High,
D004_3,C044372,7.549,17.4,Low,
D004_3,C044379,3.393,9.8,Medium,One-Way
D004_3,C044408,6.185,14.3,Low,
D004_3,C044414,6.08,22.4,High,
D004_3,C044418,5.705,21.1,High,
D004_3,C044430,3.124,7.2,Low,
D004_3,C044437,8.79,25.4,Medium,One-Way
D004_3,C044438,5.287,15.3,Medium,
D004_3,C044450,3.721,8.6,Low,
D004_3,C044452,8.152,23.5,Medium,
D004_3,C044460,7.127,20.6,Medium,
D004_3,C044470,7.325,16.9,Low,
D004_3,C044473,3.445,7.9,Low,
D004_3,C044492,4.813,13.9,Medium,No Heavy Trucks
D004_3,C044494,5.427,12.5,Low,
D004_3,C044539,4.738,10.9,Low,
D004_3,C044559,4.826,13.9,Medium,
D004_3,C044580,1.506,4.3,Medium,
D004_3,C044589,6.434,18.6,Medium,
D004_3,C044593,4.056,11.7,Medium,
D004_3,C044596,5.665,16.3,Medium,
D004_3,C044605,5.372,15.5,Medium,One-Way
D004_3,C044614,6.786,15.7,Low,
D004_3,C044616,6.113,17.6,Medium,
D004_3,C044619,3.231,11.9,High,
D004_3,C044621,6.149,17.7,Medium,
D004_3,C044623,4.232,9.8,Low,
D004_3,C044643,3.003,6.9,Low,
D004_3,C044658,8.808,25.4,Medium,
D004_3,C044668,5.176,19.1,High,No Heavy Trucks
D004_3,C044674,1.328,3.8,Medium,
D004_3,C044684,6.856,19.8,Medium,One-Way
D004_3,C044688,3.614,10.4,Medium,One-Way
D004_3,C044699,1.995,4.6,Low,
D004_3,C044709,3.497,8.1,Low,No Heavy Trucks
D004_3,C044711,5.805,16.7,Medium,No Heavy Trucks
D004_3,C044743,6.437,18.6,Medium,
D004_3,C044745,6.719,15.5,Low,One-Way
D004_3,C044833,7.281,21.0,Medium,
D004_3,C044845,5.564,16.0,Medium,
D004_3,C044872,6.709,19.4,Medium,
D004_3,C044882,3.912,9.0,Low,
D004_3,C044902,3.849,14.2,High,
D004_3,C044912,8.011,23.1,Medium,
D004_3,C044919,7.263,16.8,Low,
D004_3,C044929,7.555,27.9,High,
D004_3,C044960,3.498,8.1,Low,
D004_3,C044964,6.422,18.5,Medium,
D004_3,C044975,8.384,31.0,High,
D004_3,C045019,5.275,12.2,Low,
D004_3,C045032,5.196,12.0,Low,
D004_3,C045036,0.695,2.0,Medium,
D004_3,C045055,3.14,7.2,Low,
D004_3,C045074,3.331,12.3,High,
D004_3,C045079,4.881,18.0,High,
D004_3,C045091,4.165,12.0,Medium,
D004_3,C045094,6.681,15.4,Low,
D004_3,C045095,6.52,18.8,Medium,
D004_3,C045101,3.384,9.8,Medium,
D004_3,C045102,7.122,26.3,High,
D004_3,C045105,7.193,16.6,Low,No Heavy Trucks
D004_3,C045108,3.772,10.9,Medium,
D004_3,C045124,5.965,22.0,High,
D004_3,C045133,7.315,21.1,Medium,
D004_3,C045146,4.967,18.3,High,One-Way
D004_3,C045150,5.844,13.5,Low,No Heavy Trucks
D004_3,C045176,6.145,17.7,Medium,
D004_3,C045177,8.13,23.5,Medium,No Heavy Trucks
D004_3,C045182,6.455,14.9,Low,
D004_3,C045251,8.364,30.9,High,No Heavy Trucks
D004_3,C045274,4.126,11.9,Medium,
D004_3,C045287,4.91,18.1,High,
D004_3,C045300,5.449,12.6,Low,
D004_3,C045301,3.241,9.3,Medium,One-Way
D004_3,C045319,7.381,21.3,Medium,
D004_3,C045350,6.719,19.4,Medium,No Heavy Trucks
D004_3,C045356,5.172,14.9,Medium,
D004_3,C045375,2.261,5.2,Low,One-Way
D004_3,C045377,8.537,19.7,Low,
D004_3,C045397,1.785,4.1,Low,No Heavy Trucks
D004_3,C045398,2.744,7.9,Medium,
D004_3,C045399,3.628,10.5,Medium,
D004_3,C045410,3.375,9.7,Medium,
D004_3,C045411,8.492,24.5,Medium,No Heavy Trucks
D004_3,C045422,4.93,18.2,High,
D004_3,C045437,1.884,4.3,Low,
D004_3,C045441,5.319,12.3,Low,
D004_3,C045445,5.799,13.4,Low,
D004_3,C045453,6.516,15.0,Low,
D004_3,C045459,8.196,30.3,High,
D004_3,C045487,3.878,11.2,Medium,
D004_3,C045493,3.426,9.9,Medium,One-Way
D004_3,C045498,4.044,11.7,Medium,
D004_3,C045513,7.35,17.0,Low,
D004_3,C045516,4.969,14.3,Medium,No Heavy Trucks
D004_3,C045519,2.949,6.8,Low,
D004_3,C045525,3.547,13.1,High,
D004_3,C045526,7.829,22.6,Medium,
D004_3,C045528,7.042,16.2,Low,
D004_3,C045530,0.849,2.0,Low,
D004_3,C045539,9.091,26.2,Medium,
D004_3,C045554,6.011,17.3,Medium,
D004_3,C045563,3.291,9.5,Medium,
D004_3,C045574,5.086,18.8,High,
D004_3,C045577,4.607,10.6,Low,
D004_3,C045594,9.003,26.0,Medium,
D004_3,C045595,4.731,10.9,Low,One-Way
D004_3,C045618,4.837,14.0,Medium,
D004_3,C045621,6.776,19.5,Medium,
D004_3,C045635,5.039,18.6,High,
D004_3,C045639,2.455,7.1,Medium,
D004_3,C045643,7.403,21.4,Medium,
D004_3,C045648,3.887,11.2,Medium,
D004_3,C045650,4.4,12.7,Medium,
D004_3,C045665,4.368,12.6,Medium,No Heavy Trucks
D004_3,C045666,7.535,27.8,High,
D004_3,C045699,1.52,3.5,Low,
D004_3,C045709,2.721,6.3,Low,
D004_3,C045718,3.505,12.9,High,No Heavy Trucks
D004_3,C045729,6.376,18.4,Medium,
D004_3,C045735,3.55,8.2,Low,
D004_3,C045737,2.078,4.8,Low,One-Way
D004_3,C045755,6.466,14.9,Low,One-Way
D004_3,C045789,7.151,20.6,Medium,
D004_3,C045802,1.304,3.8,Medium,
D004_3,C045811,4.975,11.5,Low,
D004_3,C045833,5.681,16.4,Medium,
D004_3,C045840,0.225,0.5,Low,
D004_3,C045859,2.011,5.8,Medium,One-Way
D004_3,C045866,2.955,6.8,Low,
D004_3,C045869,3.449,9.9,Medium,One-Way
D004_3,C045870,4.778,11.0,Low,
D004_3,C045883,7.39,17.1,Low,
D004_3,C045884,4.063,11.7,Medium,
D004_3,C045892,5.139,14.8,Medium,
D004_3,C045894,6.883,19.9,Medium,
D004_3,C045906,2.202,8.1,High,
D004_3,C045924,4.277,15.8,High,
D004_3,C046004,3.46,12.8,High,
D004_3,C046020,5.902,17.0,Medium,No Heavy Trucks
D004_3,C046031,7.153,16.5,Low,
D004_3,C046033,6.115,22.6,High,
D004_3,C046038,7.056,20.4,Medium,
D004_3,C046058,3.032,11.2,High,
D004_3,C046063,2.711,7.8,Medium,
D004_3,C046080,6.863,15.8,Low,
D004_3,C046087,5.938,21.9,High,No Heavy Trucks
D004_3,C046091,3.054,8.8,Medium,
D004_3,C046093,9.088,26.2,Medium,No Heavy Trucks
D004_3,C046110,5.881,13.6,Low,
D004_3,C046117,2.96,10.9,High,
D004_3,C046121,7.375,27.2,High,
D004_3,C046123,8.05,18.6,Low,
D004_3,C046132,6.45,18.6,Medium,
D004_3,C046181,7.222,16.7,Low,
D004_3,C046186,4.361,10.1,Low,
D004_3,C046196,1.662,3.8,Low,
D004_3,C046224,4.348,16.1,High,
D004_3,C046225,9.672,27.9,Medium,
D004_3,C046228,3.593,10.4,Medium,No Heavy Trucks
D004_3,C046244,2.129,4.9,Low,
D004_3,C046250,6.645,15.3,Low,No Heavy Trucks
D004_3,C046265,8.268,19.1,Low,No Heavy Trucks
D004_3,C046297,6.449,18.6,Medium,
D004_3,C046343,7.108,20.5,Medium,
D004_3,C046346,0.911,2.6,Medium,One-Way
D004_3,C046356,6.865,19.8,Medium,
D004_3,C046360,6.258,14.4,Low,
D004_3,C046432,6.13,17.7,Medium,
D004_3,C046436,2.685,7.7,Medium,
D004_3,C046485,3.651,10.5,Medium,One-Way
D004_3,C046492,4.838,14.0,Medium,
D004_3,C046510,4.138,15.3,High,
D004_3,C046534,3.561,8.2,Low,
D004_3,C046555,7.018,20.2,Medium,
D004_3,C046567,2.011,5.8,Medium,
D004_3,C046582,6.161,17.8,Medium,
D004_3,C046603,5.609,16.2,Medium,
D004_3,C046611,4.11,9.5,Low,No Heavy Trucks
D004_3,C046612,4.109,9.5,Low,
D004_3,C046618,6.299,18.2,Medium,
D004_3,C046656,3.333,9.6,Medium,
D004_3,C046700,5.624,13.0,Low,
D004_3,C046703,3.049,7.0,Low,
D004_3,C046723,8.062,18.6,Low,
D004_3,C046736,4.692,13.5,Medium,
D004_3,C046740,5.344,15.4,Medium,
D004_3,C046745,8.168,23.6,Medium,
D004_3,C046757,0.971,2.2,Low,
D004_3,C046766,4.96,11.4,Low,One-Way
D004_3,C046767,3.41,7.9,Low,
D004_3,C046768,8.316,24.0,Medium,
D004_3,C046772,5.795,13.4,Low,
D004_3,C046776,0.73,2.7,High,
D004_3,C046780,7.298,16.8,Low,
D004_3,C046781,5.608,16.2,Medium,
D004_3,C046792,6.836,19.7,Medium,
D004_3,C046802,6.631,15.3,Low,
D004_3,C046810,9.163,26.4,Medium,
D004_3,C046837,5.42,12.5,Low,
D004_3,C046857,4.089,9.4,Low,
D004_3,C046860,4.662,17.2,High,
D004_3,C046874,3.075,7.1,Low,
D004_3,C046879,2.99,6.9,Low,One-Way
D004_3,C046900,1.587,4.6,Medium,
D004_3,C046901,5.169,14.9,Medium,
D004_3,C046919,6.168,14.2,Low,
D004_3,C046944,6.311,18.2,Medium,
D004_3,C046953,6.913,25.5,High,
D004_3,C046963,4.951,14.3,Medium,
D004_3,C046973,4.473,12.9,Medium,
D004_3,C046974,8.477,31.3,High,
D004_3,C047011,7.262,16.8,Low,One-Way
D004_3,C047022,0.692,1.6,Low,
D004_3,C047035,6.834,19.7,Medium,
D004_3,C047041,3.319,9.6,Medium,
D004_3,C047050,1.668,3.8,Low,
D004_3,C047053,2.253,5.2,Low,
D004_3,C047061,3.83,11.0,Medium,One-Way
D004_3,C047073,4.065,9.4,Low,
D004_3,C047089,5.085,14.7,Medium,
D004_3,C047110,1.772,5.1,Medium,
D004_3,C047129,2.591,9.6,High,
D004_3,C047140,1.57,3.6,Low,
D004_3,C047142,5.71,16.5,Medium,
D004_3,C047143,7.066,16.3,Low,
D004_3,C047150,2.712,10.0,High,
D004_3,C047171,6.633,15.3,Low,
D004_3,C047172,4.127,9.5,Low,
D004_3,C047183,3.782,14.0,High,
D004_3,C047187,3.613,8.3,Low,
D004_3,C047193,9.19,21.2,Low,
D004_3,C047200,3.449,10.0,Medium,
D004_3,C047212,7.687,17.7,Low,No Heavy Trucks
D004_3,C047246,9.567,35.3,High,
D004_3,C047250,6.168,17.8,Medium,
D004_3,C047255,4.817,17.8,High,
D004_3,C047262,5.191,15.0,Medium,
D004_3,C047274,4.454,10.3,Low,
D004_3,C047279,5.323,15.4,Medium,
D004_3,C047285,2.633,9.7,High,
D004_3,C047287,3.538,8.2,Low,
D004_3,C047325,5.076,11.7,Low,
D004_3,C047337,6.101,17.6,Medium,
D004_3,C047342,2.629,7.6,Medium,
D004_3,C047346,4.327,16.0,High,
D004_3,C047351,6.677,15.4,Low,
D004_3,C047359,5.869,13.5,Low,
D004_3,C047380,5.088,14.7,Medium,
D004_3,C047381,6.801,19.6,Medium,
D004_3,C047382,6.219,14.4,Low,No Heavy Trucks
D004_3,C047406,2.935,6.8,Low,
D004_3,C047425,6.884,15.9,Low,
D004_3,C047431,3.699,10.7,Medium,
D004_3,C047461,3.492,8.1,Low,No Heavy Trucks
D004_3,C047462,6.376,18.4,Medium,
D004_3,C047464,3.5,10.1,Medium,
D004_3,C047483,1.803,4.2,Low,
D004_3,C047496,4.154,9.6,Low,
D004_3,C047497,6.229,14.4,Low,
D004_3,C047499,7.178,20.7,Medium,
D004_3,C047503,4.802,13.9,Medium,One-Way
D004_3,C047517,4.541,16.8,High,
D004_3,C047522,7.333,21.2,Medium,
D004_3,C047549,3.576,8.3,Low,
D004_3,C047555,3.578,10.3,Medium,
D004_3,C047557,5.432,15.7,Medium,
D004_3,C047582,6.148,14.2,Low,
D004_3,C047586,7.801,22.5,Medium,One-Way
D004_3,C047593,2.272,6.6,Medium,
D004_3,C047650,1.99,7.3,High,
D004_3,C047657,5.546,20.5,High,
D004_3,C047673,7.133,20.6,Medium,
D004_3,C047676,8.644,19.9,Low,
D004_3,C047708,6.951,16.0,Low,No Heavy Trucks
D004_3,C047729,5.032,11.6,Low,No Heavy Trucks
D004_3,C047739,2.0,5.8,Medium,
D004_3,C047747,6.801,19.6,Medium,
D004_3,C047748,3.335,12.3,High,
D004_3,C047752,7.734,28.6,High,
D004_3,C047754,6.214,17.9,Medium,One-Way
D004_3,C047764,7.188,16.6,Low,One-Way
D004_3,C047774,5.653,16.3,Medium,
D004_3,C047786,7.69,17.7,Low,
D004_3,C047808,5.305,15.3,Medium,
D004_3,C047817,2.351,5.4,Low,
D004_3,C047822,7.041,20.3,Medium,One-Way
D004_3,C047830,8.508,19.6,Low,
D004_3,C047862,5.513,15.9,Medium,
D004_3,C047865,5.733,13.2,Low,
D004_3,C047868,5.561,16.0,Medium,
D004_3,C047888,6.701,19.3,Medium,No Heavy Trucks
D004_3,C047898,7.633,28.2,High,
D004_3,C047934,6.585,19.0,Medium,
D004_3,C047937,4.999,11.5,Low,
D004_3,C047942,3.534,10.2,Medium,
D004_3,C047986,5.202,15.0,Medium,
D004_3,C047993,6.963,20.1,Medium,
D004_3,C047995,2.275,5.2,Low,No Heavy Trucks
D004_3,C047999,4.815,13.9,Medium,
D004_3,C048009,3.644,13.5,High,
D004_3,C048043,1.831,5.3,Medium,
D004_3,C048050,5.472,15.8,Medium,
D004_3,C048061,4.024,9.3,Low,
D004_3,C048092,3.814,11.0,Medium,
D004_3,C048104,3.343,7.7,Low,No Heavy Trucks
D004_3,C048106,2.447,5.6,Low,
D004_3,C048129,3.646,8.4,Low,One-Way
D004_3,C048147,4.089,11.8,Medium,
D004_3,C048153,4.508,10.4,Low,
D004_3,C048163,2.133,4.9,Low,
D004_3,C048166,8.911,25.7,Medium,
D004_3,C048171,2.105,6.1,Medium,
D004_3,C048185,3.901,11.3,Medium,
D004_3,C048193,5.719,16.5,Medium,No Heavy Trucks
D004_3,C048199,7.609,21.9,Medium,
D004_3,C048214,6.345,14.6,Low,
D004_3,C048221,5.045,14.6,Medium,
D004_3,C048237,1.66,4.8,Medium,
D004_3,C048245,5.493,12.7,Low,One-Way
D004_3,C048252,1.303,3.0,Low,
D004_3,C048260,7.01,20.2,Medium,One-Way
D004_3,C048262,4.304,9.9,Low,
D004_3,C048274,3.083,7.1,Low,One-Way
D004_3,C048291,9.357,34.5,High,
D004_3,C048317,5.098,14.7,Medium,
D004_3,C048323,7.204,20.8,Medium,
D004_3,C048341,3.07,7.1,Low,
D004_3,C048353,1.638,4.7,Medium,One-Way
D004_3,C048379,4.095,9.4,Low,
D004_3,C048389,7.612,22.0,Medium,
D004_3,C048425,6.062,17.5,Medium,
D004_3,C048429,7.024,20.3,Medium,
D004_3,C048430,2.744,10.1,High,
D004_3,C048445,1.473,3.4,Low,
D004_3,C048474,5.284,12.2,Low,
D004_3,C048490,9.251,21.3,Low,
D004_3,C048494,7.971,23.0,Medium,
D004_3,C048499,1.809,4.2,Low,
D004_3,C048500,3.587,10.3,Medium,
D004_3,C048515,7.589,21.9,Medium,
D004_3,C048519,3.621,8.4,Low,
D004_3,C048520,7.012,20.2,Medium,
D004_3,C048527,4.743,10.9,Low,
D004_3,C048531,4.327,12.5,Medium,
D004_3,C048568,6.074,14.0,Low,
D004_3,C048575,4.259,9.8,Low,
D004_3,C048577,6.179,17.8,Medium,
D004_3,C048597,4.814,17.8,High,No Heavy Trucks
D004_3,C048598,8.313,24.0,Medium,One-Way
D004_3,C048601,7.195,16.6,Low,
D004_3,C048604,7.194,20.8,Medium,
D004_3,C048616,6.813,25.2,High,
D004_3,C048618,2.5,7.2,Medium,
D004_3,C048625,6.746,19.5,Medium,No Heavy Trucks
D004_3,C048638,1.682,4.9,Medium,
D004_3,C048650,3.058,8.8,Medium,
D004_3,C048651,2.717,10.0,High,
D004_3,C048672,5.022,11.6,Low,
D004_3,C048680,5.379,12.4,Low,
D004_3,C048685,6.754,15.6,Low,
D004_3,C048692,1.855,4.3,Low,
D004_3,C048693,4.112,11.9,Medium,
D004_3,C048696,7.059,16.3,Low,
D004_3,C048699,5.368,12.4,Low,No Heavy Trucks
D004_3,C048708,7.802,18.0,Low,No Heavy Trucks
D004_3,C048738,4.761,11.0,Low,
D004_3,C048743,2.464,7.1,Medium,One-Way
D004_3,C048754,6.477,23.9,High,
D004_3,C048757,8.469,19.5,Low,
D004_3,C048764,2.439,5.6,Low,
D004_3,C048769,2.974,6.9,Low,
D004_3,C048777,7.577,21.9,Medium,
D004_3,C048795,4.915,14.2,Medium,
D004_3,C048801,4.968,18.3,High,
D004_3,C048826,5.394,15.6,Medium,
D004_3,C048858,7.977,23.0,Medium,
D004_3,C048905,7.0,20.2,Medium,
D004_3,C048917,2.253,6.5,Medium,
D004_3,C048937,7.448,21.5,Medium,
D004_3,C048961,7.29,16.8,Low,
D004_3,C048986,1.55,3.6,Low,
D004_3,C048989,4.647,10.7,Low,
D004_3,C049001,3.806,8.8,Low,
D004_3,C049012,4.431,12.8,Medium,
D004_3,C049023,4.177,12.0,Medium,
D004_3,C049024,4.929,14.2,Medium,
D004_3,C049043,3.198,7.4,Low,
D004_3,C049061,6.654,19.2,Medium,No Heavy Trucks
D004_3,C049098,4.022,14.8,High,One-Way
D004_3,C049100,3.392,12.5,High,One-Way
D004_3,C049102,2.707,6.2,Low,
D004_3,C049118,2.901,6.7,Low,No Heavy Trucks
D004_3,C049142,8.493,24.5,Medium,
D004_3,C049163,6.319,14.6,Low,
D004_3,C049174,8.148,30.1,High,
D004_3,C049222,6.087,17.6,Medium,
D004_3,C049230,4.57,13.2,Medium,
D004_3,C049234,5.146,14.8,Medium,One-Way
D004_3,C049236,3.854,11.1,Medium,
D004_3,C049256,3.785,8.7,Low,
D004_3,C049278,5.654,16.3,Medium,One-Way
D004_3,C049285,3.995,11.5,Medium,
D004_3,C049321,7.014,20.2,Medium,
D004_3,C049329,9.639,22.2,Low,
D004_3,C049336,3.608,13.3,High,
D004_3,C049347,7.059,16.3,Low,No Heavy Trucks
D004_3,C049348,1.321,3.0,Low,
D004_3,C049352,4.25,12.3,Medium,
D004_3,C049355,4.171,12.0,Medium,
D004_3,C049363,1.037,2.4,Low,
D004_3,C049364,3.862,8.9,Low,
D004_3,C049370,3.228,11.9,High,
D004_3,C049378,1.258,2.9,Low,
D004_3,C049387,6.001,17.3,Medium,
D004_3,C049388,5.58,16.1,Medium,
D004_3,C049395,7.922,29.3,High,
D004_3,C049405,7.158,16.5,Low,No Heavy Trucks
D004_3,C049412,2.885,8.3,Medium,
D004_3,C049422,5.431,15.7,Medium,One-Way
D004_3,C049434,6.689,19.3,Medium,
D004_3,C049437,7.626,22.0,Medium,
D004_3,C049443,5.552,16.0,Medium,
D004_3,C049449,4.208,12.1,Medium,
D004_3,C049450,5.313,15.3,Medium,No Heavy Trucks
D004_3,C049464,4.783,11.0,Low,
D004_3,C049479,5.402,15.6,Medium,
D004_3,C049486,4.82,13.9,Medium,
D004_3,C049491,7.271,21.0,Medium,No Heavy Trucks
D004_3,C049499,1.968,7.3,High,
D004_3,C049510,8.07,23.3,Medium,
D004_3,C049514,4.436,12.8,Medium,
D004_3,C049526,9.484,35.0,High,
D004_3,C049531,4.533,16.7,High,No Heavy Trucks
D004_3,C049538,3.523,13.0,High,
D004_3,C049541,4.293,15.9,High,
D004_3,C049546,2.903,6.7,Low,
D004_3,C049547,5.177,14.9,Medium,
D004_3,C049553,2.114,6.1,Medium,No Heavy Trucks
D004_3,C049559,4.122,11.9,Medium,
D004_3,C049585,2.822,10.4,High,
D004_3,C049598,7.229,20.9,Medium,
D004_3,C049609,1.846,5.3,Medium,
D004_3,C049610,1.254,3.6,Medium,
D004_3,C049618,3.894,11.2,Medium,
D004_3,C049633,8.008,23.1,Medium,No Heavy Trucks
D004_3,C049640,7.026,20.3,Medium,
D004_3,C049655,1.351,5.0,High,
D004_3,C049657,4.625,13.3,Medium,
D004_3,C049703,4.727,13.6,Medium,
D004_3,C049708,6.542,18.9,Medium,
D004_3,C049714,6.117,17.6,Medium,
D004_3,C049739,2.1,6.1,Medium,
D004_3,C049748,7.338,21.2,Medium,
D004_3,C049769,4.798,13.8,Medium,
D004_3,C049815,5.431,15.7,Medium,
D004_3,C049816,5.391,12.4,Low,
D004_3,C049822,6.555,18.9,Medium,No Heavy Trucks
D004_3,C049825,3.241,9.4,Medium,
D004_3,C049841,1.376,4.0,Medium,
D004_3,C049842,1.923,4.4,Low,
D004_3,C049874,5.705,16.5,Medium,
D004_3,C049879,2.187,8.1,High,No Heavy Trucks
D004_3,C049882,8.985,25.9,Medium,
D004_3,C049898,4.7,13.6,Medium,No Heavy Trucks
D004_3,C049907,5.786,13.4,Low,
D004_3,C049909,7.896,22.8,Medium,
D004_3,C049913,4.949,14.3,Medium,
D004_3,C049916,7.628,28.2,High,
D004_3,C049926,3.771,8.7,Low,
D004_3,C049928,4.547,13.1,Medium,
D004_3,C049944,7.259,20.9,Medium,
D004_3,C049959,7.096,20.5,Medium,One-Way
D004_3,C049961,2.42,7.0,Medium,One-Way
D004_3,C049966,8.049,23.2,Medium,One-Way
D004_3,C049979,6.409,18.5,Medium,
D004_3,C049987,8.268,23.8,Medium,
D004_5,C000007,7.813,22.5,Medium,One-Way
D004_5,C000039,6.788,19.6,Medium,One-Way
D004_5,C000048,2.484,5.7,Low,
D004_5,C000085,2.848,6.6,Low,
D004_5,C000092,8.036,18.5,Low,
D004_5,C000120,2.681,7.7,Medium,No Heavy Trucks
D004_5,C000126,1.149,3.3,Medium,
D004_5,C000135,6.73,19.4,Medium,
D004_5,C000143,3.179,9.2,Medium,
D004_5,C000168,7.399,27.3,High,
D004_5,C000189,8.237,19.0,Low,
D004_5,C000204,2.502,5.8,Low,
D004_5,C000222,3.836,11.1,Medium,
D004_5,C000238,4.315,12.4,Medium,
D004_5,C000243,0.306,1.1,High,
D004_5,C000247,9.302,21.5,Low,
D004_5,C000256,6.179,14.3,Low,
D004_5,C000263,4.888,14.1,Medium,No Heavy Trucks
D004_5,C000287,2.138,6.2,Medium,
D004_5,C000290,5.47,15.8,Medium,One-Way
D004_5,C000294,3.232,9.3,Medium,
D004_5,C000296,4.045,11.7,Medium,
D004_5,C000316,6.157,17.8,Medium,
D004_5,C000318,5.306,12.2,Low,One-Way
D004_5,C000323,4.99,11.5,Low,One-Way
D004_5,C000330,3.942,9.1,Low,
D004_5,C000341,6.735,19.4,Medium,
D004_5,C000352,3.672,13.6,High,
D004_5,C000382,6.933,16.0,Low,
D004_5,C000393,5.271,12.2,Low,
D004_5,C000403,3.445,9.9,Medium,
D004_5,C000413,1.82,5.3,Medium,
D004_5,C000423,4.644,10.7,Low,No Heavy Trucks
D004_5,C000426,5.924,13.7,Low,
D004_5,C000427,5.007,14.4,Medium,One-Way
D004_5,C000437,8.892,25.7,Medium,
D004_5,C000455,1.978,5.7,Medium,No Heavy Trucks
D004_5,C000460,9.485,27.4,Medium,
D004_5,C000475,5.749,13.3,Low,One-Way
D004_5,C000492,4.775,13.8,Medium,
D004_5,C000496,7.554,27.9,High,
D004_5,C000513,2.495,7.2,Medium,
D004_5,C000518,5.949,17.2,Medium,
D004_5,C000523,9.292,26.8,Medium,
D004_5,C000532,4.908,14.2,Medium,
D004_5,C000574,5.266,19.4,High,No Heavy Trucks
D004_5,C000580,6.78,15.6,Low,One-Way
D004_5,C000603,8.565,24.7,Medium,
D004_5,C000614,3.85,8.9,Low,
D004_5,C000618,7.693,22.2,Medium,No Heavy Trucks
D004_5,C000621,3.497,8.1,Low,
D004_5,C000624,6.746,19.5,Medium,
D004_5,C000634,5.382,19.9,High,No Heavy Trucks
D004_5,C000638,7.744,22.3,Medium,
D004_5,C000642,9.036,20.9,Low,
D004_5,C000643,8.165,18.8,Low,
D004_5,C000654,3.129,9.0,Medium,
D004_5,C000662,5.803,13.4,Low,No Heavy Trucks
D004_5,C000666,5.974,17.2,Medium,
D004_5,C000673,4.932,14.2,Medium,
D004_5,C000686,6.825,19.7,Medium,
D004_5,C000697,5.354,15.4,Medium,
D004_5,C000701,3.464,10.0,Medium,One-Way
D004_5,C000708,9.046,26.1,Medium,No Heavy Trucks
D004_5,C000728,6.981,16.1,Low,
D004_5,C000748,4.038,11.6,Medium,
D004_5,C000764,7.128,16.4,Low,
D004_5,C000771,5.466,15.8,Medium,
D004_5,C000779,6.456,23.8,High,
D004_5,C000786,8.804,25.4,Medium,
D004_5,C000787,6.955,20.1,Medium,No Heavy Trucks
D004_5,C000805,6.817,25.2,High,One-Way
D004_5,C000808,6.698,19.3,Medium,
D004_5,C000814,7.414,27.4,High,
D004_5,C000824,4.374,12.6,Medium,No Heavy Trucks
D004_5,C000832,1.283,3.7,Medium,
D004_5,C000839,4.012,9.3,Low,
D004_5,C000845,7.79,22.5,Medium,No Heavy Trucks
D004_5,C000855,2.351,8.7,High,
D004_5,C000862,4.812,11.1,Low,
D004_5,C000905,6.328,18.3,Medium,
D004_5,C000908,5.707,16.5,Medium,
D004_5,C000929,7.508,27.7,High,No Heavy Trucks
D004_5,C000955,4.667,13.5,Medium,One-Way
D004_5,C000989,3.917,14.5,High,No Heavy Trucks
D004_5,C001016,1.916,7.1,High,
D004_5,C001030,6.833,15.8,Low,
D004_5,C001039,8.235,30.4,High,
D004_5,C001067,3.977,11.5,Medium,
D004_5,C001074,4.321,12.5,Medium,One-Way
D004_5,C001076,4.469,12.9,Medium,
D004_5,C001079,3.394,9.8,Medium,One-Way
D004_5,C001088,5.872,16.9,Medium,
D004_5,C001112,3.066,8.8,Medium,
D004_5,C001137,2.102,6.1,Medium,
D004_5,C001139,4.936,18.2,High,
D004_5,C001143,5.905,21.8,High,No Heavy Trucks
D004_5,C001156,5.519,12.7,Low,
D004_5,C001178,5.216,15.0,Medium,One-Way
D004_5,C001194,7.831,22.6,Medium,
D004_5,C001199,7.334,21.2,Medium,
D004_5,C001203,1.445,4.2,Medium,
D004_5,C001210,6.246,23.1,High,
D004_5,C001212,5.377,19.9,High,
D004_5,C001215,4.046,11.7,Medium,
D004_5,C001234,2.894,6.7,Low,
D004_5,C001236,4.884,14.1,Medium,
D004_5,C001259,4.521,13.0,Medium,No Heavy Trucks
D004_5,C001267,5.32,19.6,High,
D004_5,C001270,7.221,16.7,Low,
D004_5,C001276,6.907,25.5,High,
D004_5,C001280,6.468,18.7,Medium,
D004_5,C001293,4.026,14.9,High,
D004_5,C001308,7.61,22.0,Medium,
D004_5,C001320,3.827,14.1,High,No Heavy Trucks
D004_5,C001329,5.585,20.6,High,No Heavy Trucks
D004_5,C001351,5.974,13.8,Low,
D004_5,C001355,3.069,7.1,Low,No Heavy Trucks
D004_5,C001362,7.589,21.9,Medium,One-Way
D004_5,C001363,8.415,24.3,Medium,
D004_5,C001371,2.035,5.9,Medium,
D004_5,C001374,1.406,4.1,Medium,
D004_5,C001381,7.342,21.2,Medium,
D004_5,C001392,2.087,6.0,Medium,
D004_5,C001398,5.549,20.5,High,
D004_5,C001402,6.415,18.5,Medium,No Heavy Trucks
D004_5,C001404,8.727,32.2,High,
D004_5,C001458,7.77,28.7,High,
D004_5,C001470,5.947,22.0,High,
D004_5,C001478,5.634,16.3,Medium,
D004_5,C001489,3.407,7.9,Low,
D004_5,C001499,6.594,19.0,Medium,
D004_5,C001523,3.38,9.7,Medium,
D004_5,C001528,3.232,9.3,Medium,
D004_5,C001542,2.5,5.8,Low,
D004_5,C001558,3.573,10.3,Medium,
D004_5,C001585,3.574,10.3,Medium,
D004_5,C001591,5.604,12.9,Low,No Heavy Trucks
D004_5,C001606,2.646,6.1,Low,
D004_5,C001608,5.738,16.6,Medium,
D004_5,C001632,3.466,8.0,Low,
D004_5,C001657,5.957,17.2,Medium,
D004_5,C001665,7.976,18.4,Low,
D004_5,C001670,4.673,13.5,Medium,
D004_5,C001671,6.869,15.9,Low,
D004_5,C001692,3.875,11.2,Medium,
D004_5,C001696,4.826,13.9,Medium,No Heavy Trucks
D004_5,C001701,2.797,8.1,Medium,One-Way
D004_5,C001712,2.133,4.9,Low,
D004_5,C001757,2.29,6.6,Medium,
D004_5,C001773,6.747,19.5,Medium,
D004_5,C001782,4.276,12.3,Medium,
D004_5,C001795,6.041,13.9,Low,
D004_5,C001800,3.115,9.0,Medium,
D004_5,C001805,3.812,11.0,Medium,
D004_5,C001810,8.011,23.1,Medium,No Heavy Trucks
D004_5,C001828,5.593,20.6,High,No Heavy Trucks
D004_5,C001830,7.961,23.0,Medium,No Heavy Trucks
D004_5,C001833,1.753,4.0,Low,
D004_5,C001836,6.53,18.8,Medium,One-Way
D004_5,C001842,7.995,23.1,Medium,
D004_5,C001850,5.92,17.1,Medium,
D004_5,C001871,4.882,18.0,High,
D004_5,C001895,6.36,18.3,Medium,
D004_5,C001908,6.673,15.4,Low,
D004_5,C001909,4.414,12.7,Medium,
D004_5,C001911,8.186,23.6,Medium,
D004_5,C001924,7.712,17.8,Low,One-Way
D004_5,C001927,7.404,21.4,Medium,No Heavy Trucks
D004_5,C001932,7.421,17.1,Low,
D004_5,C001935,6.871,15.9,Low,
D004_5,C001940,4.182,12.1,Medium,One-Way
D004_5,C002019,3.95,11.4,Medium,
D004_5,C002021,6.346,23.4,High,
D004_5,C002039,6.637,15.3,Low,
D004_5,C002053,5.457,15.7,Medium,No Heavy Trucks
D004_5,C002079,3.972,11.5,Medium,No Heavy Trucks
D004_5,C002091,5.518,15.9,Medium,
D004_5,C002120,6.467,23.9,High,
D004_5,C002127,2.76,6.4,Low,
D004_5,C002146,3.379,9.7,Medium,
D004_5,C002162,5.629,16.2,Medium,
D004_5,C002176,5.743,16.6,Medium,
D004_5,C002180,2.02,4.7,Low,
D004_5,C002186,6.181,17.8,Medium,
D004_5,C002231,3.766,13.9,High,
D004_5,C002232,3.55,10.2,Medium,
D004_5,C002242,3.547,8.2,Low,One-Way
D004_5,C002249,5.393,19.9,High,
D004_5,C002253,9.284,26.8,Medium,
D004_5,C002266,7.873,18.2,Low,
D004_5,C002269,3.464,10.0,Medium,
D004_5,C002280,4.906,14.2,Medium,
D004_5,C002313,6.431,18.6,Medium,
D004_5,C002323,5.94,13.7,Low,One-Way
D004_5,C002352,7.888,18.2,Low,
D004_5,C002377,6.983,16.1,Low,
D004_5,C002402,7.448,27.5,High,
D004_5,C002421,4.864,11.2,Low,
D004_5,C002439,7.267,21.0,Medium,
D004_5,C002441,5.015,11.6,Low,
D004_5,C002472,7.053,16.3,Low,
D004_5,C002488,6.055,14.0,Low,
D004_5,C002496,4.931,11.4,Low,
D004_5,C002509,7.866,29.0,High,
D004_5,C002528,7.546,21.8,Medium,
D004_5,C002532,4.294,9.9,Low,
D004_5,C002552,7.649,22.1,Medium,
D004_5,C002619,9.5,21.9,Low,
D004_5,C002643,5.783,13.3,Low,One-Way
D004_5,C002660,8.919,20.6,Low,
D004_5,C002671,6.838,15.8,Low,One-Way
D004_5,C002673,2.533,5.8,Low,
D004_5,C002674,1.985,4.6,Low,No Heavy Trucks
D004_5,C002697,7.134,20.6,Medium,
D004_5,C002711,4.224,9.7,Low,
D004_5,C002716,3.955,14.6,High,One-Way
D004_5,C002741,1.539,4.4,Medium,
D004_5,C002746,4.837,14.0,Medium,
D004_5,C002748,6.697,15.5,Low,
D004_5,C002751,2.49,9.2,High,No Heavy Trucks
D004_5,C002758,0.316,0.9,Medium,
D004_5,C002761,6.991,16.1,Low,
D004_5,C002771,10.139,23.4,Low,
D004_5,C002772,7.253,16.7,Low,
D004_5,C002785,1.874,5.4,Medium,
D004_5,C002821,5.679,16.4,Medium,
D004_5,C002838,3.704,8.5,Low,
D004_5,C002861,2.965,6.8,Low,One-Way
D004_5,C002867,8.343,24.1,Medium,
D004_5,C002885,4.346,12.5,Medium,No Heavy Trucks
D004_5,C002905,3.752,13.9,High,
D004_5,C002947,6.778,19.6,Medium,No Heavy Trucks
D004_5,C002962,1.995,5.8,Medium,One-Way
D004_5,C002968,6.169,17.8,Medium,
D004_5,C002969,8.478,24.5,Medium,
D004_5,C002972,2.264,5.2,Low,
D004_5,C003001,6.178,22.8,High,
D004_5,C003017,4.216,12.2,Medium,
D004_5,C003024,5.883,13.6,Low,One-Way
D004_5,C003028,2.378,5.5,Low,No Heavy Trucks
D004_5,C003034,3.896,9.0,Low,
D004_5,C003035,4.626,13.3,Medium,
D004_5,C003050,7.978,23.0,Medium,No Heavy Trucks
D004_5,C003056,5.767,21.3,High,
D004_5,C003068,2.582,7.4,Medium,
D004_5,C003072,7.77,17.9,Low,
D004_5,C003074,3.69,8.5,Low,No Heavy Trucks
D004_5,C003087,3.201,9.2,Medium,
D004_5,C003093,3.441,9.9,Medium,
D004_5,C003096,4.304,12.4,Medium,
D004_5,C003099,5.26,15.2,Medium,
D004_5,C003159,2.469,5.7,Low,
D004_5,C003166,2.662,9.8,High,
D004_5,C003168,5.597,16.1,Medium,
D004_5,C003197,1.961,5.7,Medium,
D004_5,C003232,4.399,12.7,Medium,
D004_5,C003241,7.533,21.7,Medium,
D004_5,C003249,4.453,10.3,Low,
D004_5,C003257,6.559,18.9,Medium,
D004_5,C003258,6.221,17.9,Medium,No Heavy Trucks
D004_5,C003292,3.181,9.2,Medium,
D004_5,C003299,6.298,14.5,Low,
D004_5,C003307,8.045,18.6,Low,
D004_5,C003317,3.043,8.8,Medium,
D004_5,C003323,6.07,14.0,Low,One-Way
D004_5,C003325,2.404,6.9,Medium,
D004_5,C003339,4.455,10.3,Low,
D004_5,C003396,8.599,24.8,Medium,
D004_5,C003398,4.935,11.4,Low,
D004_5,C003402,3.478,12.8,High,
D004_5,C003412,6.943,25.6,High,
D004_5,C003428,6.516,18.8,Medium,
D004_5,C003443,8.909,25.7,Medium,One-Way
D004_5,C003466,7.647,17.6,Low,One-Way
D004_5,C003467,8.841,25.5,Medium,
D004_5,C003470,2.214,5.1,Low,
D004_5,C003525,6.325,23.4,High,
D004_5,C003555,2.505,7.2,Medium,
D004_5,C003583,4.87,11.2,Low,
D004_5,C003598,3.866,11.2,Medium,One-Way
D004_5,C003605,7.7,22.2,Medium,
D004_5,C003610,6.063,14.0,Low,
D004_5,C003612,9.478,21.9,Low,No Heavy Trucks
D004_5,C003639,8.256,23.8,Medium,
D004_5,C003642,5.24,15.1,Medium,
D004_5,C003649,3.61,8.3,Low,
D004_5,C003653,7.81,18.0,Low,
D004_5,C003658,4.854,14.0,Medium,No Heavy Trucks
D004_5,C003665,7.384,21.3,Medium,
D004_5,C003669,6.218,17.9,Medium,No Heavy Trucks
D004_5,C003690,3.039,8.8,Medium,No Heavy Trucks
D004_5,C003739,6.44,18.6,Medium,
D004_5,C003770,6.396,18.5,Medium,
D004_5,C003783,1.95,5.6,Medium,No Heavy Trucks
D004_5,C003822,6.33,14.6,Low,
D004_5,C003828,6.477,18.7,Medium,No Heavy Trucks
D004_5,C003839,5.845,13.5,Low,No Heavy Trucks
D004_5,C003851,2.893,6.7,Low,One-Way
D004_5,C003861,6.021,13.9,Low,No Heavy Trucks
D004_5,C003873,0.482,1.4,Medium,
D004_5,C003878,5.572,16.1,Medium,
D004_5,C003882,0.939,2.7,Medium,No Heavy Trucks
D004_5,C003883,1.726,4.0,Low,
D004_5,C003893,3.372,9.7,Medium,No Heavy Trucks
D004_5,C003908,4.745,13.7,Medium,No Heavy Trucks
D004_5,C003930,4.939,11.4,Low,
D004_5,C003956,3.401,9.8,Medium,
D004_5,C003957,4.047,9.3,Low,
D004_5,C003962,2.867,6.6,Low,
D004_5,C003965,4.763,13.7,Medium,One-Way
D004_5,C003985,7.423,17.1,Low,
D004_5,C004002,1.086,3.1,Medium,
D004_5,C004015,4.613,13.3,Medium,
D004_5,C004024,4.207,9.7,Low,
D004_5,C004043,3.052,11.3,High,
D004_5,C004044,7.152,16.5,Low,
D004_5,C004047,4.075,9.4,Low,
D004_5,C004055,7.014,20.2,Medium,
D004_5,C004061,4.891,11.3,Low,
D004_5,C004063,3.934,11.3,Medium,
D004_5,C004085,3.112,7.2,Low,
D004_5,C004109,4.7,10.8,Low,
D004_5,C004121,10.001,23.1,Low,
D004_5,C004123,7.244,20.9,Medium,No Heavy Trucks
D004_5,C004126,2.173,6.3,Medium,
D004_5,C004134,6.405,14.8,Low,
D004_5,C004136,4.903,18.1,High,No Heavy Trucks
D004_5,C004137,7.031,20.3,Medium,
D004_5,C004146,2.34,8.6,High,
D004_5,C004151,5.955,13.7,Low,
D004_5,C004165,3.323,7.7,Low,
D004_5,C004166,6.111,17.6,Medium,One-Way
D004_5,C004183,4.114,9.5,Low,
D004_5,C004188,1.101,3.2,Medium,
D004_5,C004190,6.002,17.3,Medium,
D004_5,C004231,7.562,21.8,Medium,
D004_5,C004233,2.818,6.5,Low,One-Way
D004_5,C004235,5.551,16.0,Medium,One-Way
D004_5,C004240,4.494,16.6,High,
D004_5,C004258,3.446,9.9,Medium,
D004_5,C004265,9.767,36.1,High,No Heavy Trucks
D004_5,C004266,6.615,15.3,Low,No Heavy Trucks
D004_5,C004268,4.242,15.7,High,
D004_5,C004319,5.795,13.4,Low,No Heavy Trucks
D004_5,C004334,4.081,11.8,Medium,
D004_5,C004352,4.897,14.1,Medium,No Heavy Trucks
D004_5,C004368,6.598,19.0,Medium,One-Way
D004_5,C004400,9.405,34.7,High,
D004_5,C004405,4.802,13.9,Medium,One-Way
D004_5,C004406,7.116,20.5,Medium,
D004_5,C004424,3.226,7.4,Low,
D004_5,C004426,2.657,6.1,Low,
D004_5,C004428,2.159,6.2,Medium,
D004_5,C004454,6.192,17.9,Medium,
D004_5,C004455,5.269,19.5,High,
D004_5,C004469,4.748,11.0,Low,
D004_5,C004476,1.043,3.8,High,No Heavy Trucks
D004_5,C004504,8.765,25.3,Medium,No Heavy Trucks
D004_5,C004516,4.388,10.1,Low,No Heavy Trucks
D004_5,C004530,2.721,7.8,Medium,
D004_5,C004531,6.263,14.5,Low,
D004_5,C004536,6.734,15.5,Low,
D004_5,C004541,6.838,15.8,Low,One-Way
D004_5,C004551,3.352,7.7,Low,
D004_5,C004554,3.265,12.1,High,
D004_5,C004572,6.196,22.9,High,
D004_5,C004591,5.969,17.2,Medium,
D004_5,C004595,5.524,15.9,Medium,One-Way
D004_5,C004610,6.377,18.4,Medium,
D004_5,C004611,7.135,20.6,Medium,
D004_5,C004616,4.14,11.9,Medium,
D004_5,C004633,6.513,24.0,High,
D004_5,C004635,5.435,15.7,Medium,One-Way
D004_5,C004656,5.357,12.4,Low,
D004_5,C004689,7.181,20.7,Medium,No Heavy Trucks
D004_5,C004701,6.283,18.1,Medium,
D004_5,C004704,7.253,20.9,Medium,
D004_5,C004705,6.076,17.5,Medium,
D004_5,C004712,8.017,23.1,Medium,
D004_5,C004723,7.181,20.7,Medium,
D004_5,C004758,2.948,10.9,High,
D004_5,C004763,6.174,17.8,Medium,
D004_5,C004772,5.962,17.2,Medium,
D004_5,C004786,9.453,21.8,Low,
D004_5,C004792,5.451,15.7,Medium,
D004_5,C004793,4.192,12.1,Medium,One-Way
D004_5,C004808,6.14,17.7,Medium,
D004_5,C004826,5.337,12.3,Low,
D004_5,C004840,6.38,14.7,Low,
D004_5,C004843,6.78,19.6,Medium,
D004_5,C004865,3.598,8.3,Low,
D004_5,C004874,2.95,8.5,Medium,One-Way
D004_5,C004888,4.462,12.9,Medium,One-Way
D004_5,C004897,6.789,19.6,Medium,
D004_5,C004960,4.809,13.9,Medium,No Heavy Trucks
D004_5,C004986,2.291,6.6,Medium,
D004_5,C004987,6.966,16.1,Low,
D004_5,C004992,7.982,23.0,Medium,
D004_5,C004999,4.691,10.8,Low,
D004_5,C005021,1.191,3.4,Medium,
D004_5,C005022,6.424,14.8,Low,
D004_5,C005025,4.717,13.6,Medium,
D004_5,C005041,4.348,12.5,Medium,
D004_5,C005063,4.078,11.8,Medium,
D004_5,C005099,3.334,7.7,Low,
D004_5,C005108,7.166,20.7,Medium,
D004_5,C005109,7.377,21.3,Medium,
D004_5,C005119,7.892,22.8,Medium,
D004_5,C005140,6.464,14.9,Low,
D004_5,C005158,5.957,22.0,High,
D004_5,C005229,1.375,3.2,Low,
D004_5,C005230,6.142,14.2,Low,No Heavy Trucks
D004_5,C005239,7.464,17.2,Low,
D004_5,C005241,3.883,14.3,High,
D004_5,C005244,5.838,13.5,Low,
D004_5,C005248,3.446,8.0,Low,
D004_5,C005288,4.168,12.0,Medium,No Heavy Trucks
D004_5,C005297,5.997,17.3,Medium,
D004_5,C005307,7.189,26.5,High,
D004_5,C005343,6.839,19.7,Medium,One-Way
D004_5,C005351,7.619,17.6,Low,
D004_5,C005362,9.261,26.7,Medium,
D004_5,C005366,0.399,1.2,Medium,
D004_5,C005384,7.937,22.9,Medium,One-Way
D004_5,C005386,8.025,29.6,High,One-Way
D004_5,C005394,6.191,17.9,Medium,One-Way
D004_5,C005402,7.068,16.3,Low,
D004_5,C005456,4.825,17.8,High,No Heavy Trucks
D004_5,C005491,2.907,10.7,High,
D004_5,C005508,2.986,6.9,Low,
D004_5,C005517,6.075,17.5,Medium,
D004_5,C005540,7.756,22.4,Medium,
D004_5,C005545,4.315,10.0,Low,One-Way
D004_5,C005546,9.124,26.3,Medium,
D004_5,C005547,5.656,20.9,High,
D004_5,C005561,3.238,12.0,High,
D004_5,C005624,7.413,21.4,Medium,
D004_5,C005635,1.523,3.5,Low,
D004_5,C005653,4.481,10.3,Low,
D004_5,C005671,7.132,20.6,Medium,
D004_5,C005683,7.151,20.6,Medium,
D004_5,C005701,2.598,7.5,Medium,
D004_5,C005707,0.836,1.9,Low,One-Way
D004_5,C005717,7.005,16.2,Low,
D004_5,C005723,4.743,10.9,Low,
D004_5,C005731,6.494,15.0,Low,One-Way
D004_5,C005733,6.015,13.9,Low,
D004_5,C005734,6.493,15.0,Low,One-Way
D004_5,C005740,6.799,15.7,Low,
D004_5,C005759,4.997,14.4,Medium,
D004_5,C005785,7.023,20.3,Medium,
D004_5,C005788,6.908,15.9,Low,One-Way
D004_5,C005790,5.996,17.3,Medium,
D004_5,C005820,2.133,7.9,High,
D004_5,C005829,2.545,7.3,Medium,
D004_5,C005863,3.963,9.1,Low,
D004_5,C005929,8.083,29.8,High,No Heavy Trucks
D004_5,C005933,3.215,9.3,Medium,
D004_5,C005935,6.237,14.4,Low,
D004_5,C005945,3.932,9.1,Low,
D004_5,C005957,7.786,22.5,Medium,No Heavy Trucks
D004_5,C005975,3.325,7.7,Low,
D004_5,C005976,8.179,30.2,High,
D004_5,C005996,6.686,15.4,Low,
D004_5,C006048,1.954,5.6,Medium,
D004_5,C006071,5.401,19.9,High,No Heavy Trucks
D004_5,C006083,4.421,10.2,Low,
D004_5,C006092,1.535,3.5,Low,
D004_5,C006102,2.495,5.8,Low,No Heavy Trucks
D004_5,C006107,5.706,13.2,Low,
D004_5,C006126,7.592,17.5,Low,
D004_5,C006142,4.967,11.5,Low,
D004_5,C006147,3.279,9.5,Medium,
D004_5,C006148,8.133,23.5,Medium,
D004_5,C006154,6.894,25.5,High,
D004_5,C006161,6.984,25.8,High,
D004_5,C006184,5.283,15.2,Medium,
D004_5,C006188,5.676,16.4,Medium,
D004_5,C006192,4.49,16.6,High,
D004_5,C006198,4.487,16.6,High,One-Way
D004_5,C006202,2.687,6.2,Low,One-Way
D004_5,C006203,1.181,2.7,Low,No Heavy Trucks
D004_5,C006217,5.731,16.5,Medium,
D004_5,C006218,5.443,15.7,Medium,
D004_5,C006251,6.304,14.5,Low,
D004_5,C006255,5.258,12.1,Low,
D004_5,C006307,6.425,14.8,Low,
D004_5,C006308,6.266,18.1,Medium,
D004_5,C006325,4.9,14.1,Medium,
D004_5,C006326,4.222,15.6,High,
D004_5,C006348,4.707,10.9,Low,No Heavy Trucks
D004_5,C006354,1.408,3.3,Low,
D004_5,C006365,5.084,14.7,Medium,One-Way
D004_5,C006379,4.777,17.6,High,
D004_5,C006388,7.387,17.0,Low,
D004_5,C006396,7.196,20.8,Medium,
D004_5,C006412,7.03,16.2,Low,No Heavy Trucks
D004_5,C006432,8.856,20.4,Low,
D004_5,C006453,6.087,22.5,High,
D004_5,C006460,6.36,18.3,Medium,
D004_5,C006463,3.032,8.7,Medium,
D004_5,C006485,3.272,12.1,High,One-Way
D004_5,C006528,4.712,13.6,Medium,
D004_5,C006537,7.812,22.5,Medium,No Heavy Trucks
D004_5,C006539,3.216,9.3,Medium,
D004_5,C006548,6.442,23.8,High,
D004_5,C006564,5.816,13.4,Low,
D004_5,C006576,6.089,17.6,Medium,
D004_5,C006588,4.604,13.3,Medium,
D004_5,C006589,8.262,23.8,Medium,
D004_5,C006597,5.3,15.3,Medium,
D004_5,C006607,2.592,7.5,Medium,
D004_5,C006608,3.381,9.8,Medium,One-Way
D004_5,C006635,2.083,4.8,Low,
D004_5,C006640,3.473,10.0,Medium,No Heavy Trucks
D004_5,C006682,8.526,24.6,Medium,No Heavy Trucks
D004_5,C006688,1.519,4.4,Medium,No Heavy Trucks
D004_5,C006726,5.141,14.8,Medium,
D004_5,C006727,8.422,24.3,Medium,
D004_5,C006732,9.738,28.1,Medium,
D004_5,C006735,4.674,13.5,Medium,
D004_5,C006745,2.196,6.3,Medium,No Heavy Trucks
D004_5,C006751,7.491,17.3,Low,
D004_5,C006752,4.803,13.9,Medium,
D004_5,C006755,2.205,5.1,Low,No Heavy Trucks
D004_5,C006758,4.694,13.5,Medium,One-Way
D004_5,C006774,9.135,21.1,Low,
D004_5,C006783,5.294,19.5,High,
D004_5,C006793,3.988,11.5,Medium,
D004_5,C006802,0.86,2.0,Low,No Heavy Trucks
D004_5,C006805,7.848,18.1,Low,One-Way
D004_5,C006808,4.576,10.6,Low,
D004_5,C006819,1.635,3.8,Low,
D004_5,C006880,3.68,8.5,Low,
D004_5,C006884,1.862,4.3,Low,
D004_5,C006896,7.025,20.3,Medium,
D004_5,C006898,3.115,7.2,Low,
D004_5,C006903,9.206,34.0,High,
D004_5,C006912,3.512,10.1,Medium,
D004_5,C006942,2.751,7.9,Medium,
D004_5,C006944,3.962,14.6,High,
D004_5,C006945,6.225,18.0,Medium,
D004_5,C006951,5.901,21.8,High,
D004_5,C006954,5.218,12.0,Low,
D004_5,C006962,4.737,10.9,Low,One-Way
D004_5,C006971,3.931,11.3,Medium,
D004_5,C006980,6.827,19.7,Medium,
D004_5,C006986,4.862,11.2,Low,
D004_5,C006997,3.013,7.0,Low,
D004_5,C007009,8.835,25.5,Medium,No Heavy Trucks
D004_5,C007034,2.364,6.8,Medium,
D004_5,C007052,3.422,7.9,Low,
D004_5,C007058,4.116,11.9,Medium,
D004_5,C007060,6.201,17.9,Medium,
D004_5,C007087,3.656,13.5,High,
D004_5,C007130,4.477,10.3,Low,No Heavy Trucks
D004_5,C007151,1.324,3.8,Medium,
D004_5,C007158,2.547,7.3,Medium,
D004_5,C007179,0.386,1.4,High,
D004_5,C007182,5.411,20.0,High,
D004_5,C007225,6.546,18.9,Medium,
D004_5,C007243,7.438,27.5,High,
D004_5,C007250,2.259,5.2,Low,
D004_5,C007279,8.098,23.4,Medium,
D004_5,C007343,5.998,17.3,Medium,
D004_5,C007347,5.189,12.0,Low,One-Way
D004_5,C007349,3.365,7.8,Low,
D004_5,C007361,3.301,9.5,Medium,One-Way
D004_5,C007364,5.88,17.0,Medium,No Heavy Trucks
D004_5,C007376,4.366,12.6,Medium,
D004_5,C007384,4.744,10.9,Low,
D004_5,C007401,4.614,13.3,Medium,
D004_5,C007447,1.106,2.6,Low,
D004_5,C007451,2.566,7.4,Medium,
D004_5,C007475,6.436,23.8,High,
D004_5,C007476,3.9,9.0,Low,
D004_5,C007480,8.716,25.1,Medium,No Heavy Trucks
D004_5,C007483,6.902,19.9,Medium,
D004_5,C007491,6.865,15.8,Low,
D004_5,C007522,5.23,15.1,Medium,One-Way
D004_5,C007531,5.023,11.6,Low,
D004_5,C007534,7.87,18.2,Low,
D004_5,C007547,7.549,21.8,Medium,One-Way
D004_5,C007548,5.568,16.1,Medium,
D004_5,C007562,3.578,13.2,High,
D004_5,C007591,4.083,9.4,Low,
D004_5,C007631,3.438,9.9,Medium,
D004_5,C007638,5.493,15.8,Medium,One-Way
D004_5,C007641,2.225,5.1,Low,
D004_5,C007658,4.865,14.0,Medium,
D004_5,C007671,4.065,11.7,Medium,
D004_5,C007673,4.327,12.5,Medium,
D004_5,C007681,5.789,13.4,Low,
D004_5,C007689,7.506,17.3,Low,One-Way
D004_5,C007691,5.536,12.8,Low,
D004_5,C007713,7.257,20.9,Medium,
D004_5,C007714,4.5,13.0,Medium,
D004_5,C007737,7.388,21.3,Medium,
D004_5,C007748,6.471,14.9,Low,
D004_5,C007754,5.892,13.6,Low,
D004_5,C007767,5.869,13.5,Low,
D004_5,C007783,4.133,11.9,Medium,
D004_5,C007808,2.312,6.7,Medium,
D004_5,C007810,3.956,9.1,Low,
D004_5,C007818,5.299,19.6,High,
D004_5,C007828,4.856,14.0,Medium,
D004_5,C007840,3.359,9.7,Medium,
D004_5,C007852,2.357,6.8,Medium,
D004_5,C007864,7.713,22.3,Medium,No Heavy Trucks
D004_5,C007865,7.495,27.7,High,
D004_5,C007868,3.765,10.9,Medium,
D004_5,C007870,4.659,13.4,Medium,
D004_5,C007872,2.583,6.0,Low,
D004_5,C007875,2.31,6.7,Medium,
D004_5,C007876,4.663,13.5,Medium,
D004_5,C007887,8.107,23.4,Medium,
D004_5,C007913,7.218,20.8,Medium,
D004_5,C007940,7.277,21.0,Medium,
D004_5,C007947,7.395,21.3,Medium,
D004_5,C007951,3.607,10.4,Medium,
D004_5,C007954,6.81,15.7,Low,
D004_5,C007967,5.879,21.7,High,
D004_5,C007970,6.982,20.1,Medium,
D004_5,C007973,6.897,19.9,Medium,
D004_5,C007985,8.206,23.7,Medium,One-Way
D004_5,C007992,4.164,12.0,Medium,
D004_5,C007995,6.045,13.9,Low,
D004_5,C008010,4.784,13.8,Medium,
D004_5,C008019,6.465,14.9,Low,
D004_5,C008032,5.545,12.8,Low,
D004_5,C008033,8.115,23.4,Medium,
D004_5,C008052,5.302,15.3,Medium,
D004_5,C008058,4.252,12.3,Medium,
D004_5,C008063,1.536,3.5,Low,
D004_5,C008080,6.986,20.2,Medium,
D004_5,C008086,8.101,18.7,Low,
D004_5,C008117,5.959,13.8,Low,
D004_5,C008129,3.363,9.7,Medium,
D004_5,C008130,3.063,8.8,Medium,
D004_5,C008137,8.802,25.4,Medium,
D004_5,C008141,5.765,21.3,High,
D004_5,C008163,2.329,6.7,Medium,
D004_5,C008164,5.027,11.6,Low,
D004_5,C008165,2.675,7.7,Medium,
D004_5,C008184,4.522,13.0,Medium,
D004_5,C008185,4.907,14.2,Medium,
D004_5,C008197,8.459,24.4,Medium,
D004_5,C008230,6.892,19.9,Medium,
D004_5,C008242,2.661,6.1,Low,
D004_5,C008250,4.304,15.9,High,
D004_5,C008254,2.496,5.8,Low,
D004_5,C008256,6.081,17.5,Medium,
D004_5,C008266,6.706,19.3,Medium,
D004_5,C008285,9.166,21.2,Low,
D004_5,C008292,4.775,13.8,Medium,No Heavy Trucks
D004_5,C008310,5.462,12.6,Low,
D004_5,C008357,6.688,19.3,Medium,One-Way
D004_5,C008362,8.601,24.8,Medium,
D004_5,C008366,3.573,8.2,Low,
D004_5,C008373,3.356,7.7,Low,
D004_5,C008387,6.702,15.5,Low,
D004_5,C008460,5.925,21.9,High,
D004_5,C008461,6.327,18.2,Medium,
D004_5,C008485,3.987,11.5,Medium,
D004_5,C008494,5.029,14.5,Medium,
D004_5,C008497,4.77,17.6,High,
D004_5,C008504,3.186,11.8,High,
D004_5,C008513,4.259,15.7,High,
D004_5,C008536,3.8,8.8,Low,
D004_5,C008562,7.341,21.2,Medium,
D004_5,C008570,7.313,27.0,High,
D004_5,C008626,3.525,8.1,Low,One-Way
D004_5,C008652,3.391,9.8,Medium,
D004_5,C008653,4.378,16.2,High,
D004_5,C008656,5.723,16.5,Medium,
D004_5,C008685,2.709,7.8,Medium,
D004_5,C008696,7.08,20.4,Medium,
D004_5,C008697,5.915,17.1,Medium,
D004_5,C008731,5.845,13.5,Low,
D004_5,C008733,1.604,3.7,Low,One-Way
D004_5,C008765,5.113,14.7,Medium,No Heavy Trucks
D004_5,C008778,1.051,2.4,Low,
D004_5,C008790,6.503,18.8,Medium,
D004_5,C008809,4.108,11.9,Medium,No Heavy Trucks
D004_5,C008812,3.804,11.0,Medium,
D004_5,C008817,5.853,21.6,High,
D004_5,C008820,7.35,17.0,Low,
D004_5,C008822,1.193,3.4,Medium,
D004_5,C008849,7.386,21.3,Medium,
D004_5,C008867,3.216,9.3,Medium,No Heavy Trucks
D004_5,C008869,6.619,19.1,Medium,No Heavy Trucks
D004_5,C008871,2.015,7.4,High,
D004_5,C008872,3.259,7.5,Low,
D004_5,C008909,3.764,10.9,Medium,
D004_5,C008924,1.781,5.1,Medium,
D004_5,C008936,3.353,9.7,Medium,
D004_5,C008937,7.199,20.8,Medium,
D004_5,C008947,6.486,18.7,Medium,One-Way
D004_5,C008955,7.444,21.5,Medium,One-Way
D004_5,C008974,4.885,14.1,Medium,
D004_5,C008975,5.297,12.2,Low,
D004_5,C008988,9.652,27.8,Medium,
D004_5,C008994,6.167,17.8,Medium,
D004_5,C009001,5.345,15.4,Medium,One-Way
D004_5,C009043,5.968,17.2,Medium,
D004_5,C009052,2.844,8.2,Medium,
D004_5,C009059,5.152,11.9,Low,
D004_5,C009068,9.046,26.1,Medium,
D004_5,C009116,8.547,24.7,Medium,No Heavy Trucks
D004_5,C009118,1.006,2.9,Medium,
D004_5,C009122,4.801,13.8,Medium,No Heavy Trucks
D004_5,C009134,6.758,19.5,Medium,
D004_5,C009140,3.225,9.3,Medium,
D004_5,C009155,2.611,7.5,Medium,
D004_5,C009162,5.821,16.8,Medium,
D004_5,C009170,5.169,14.9,Medium,No Heavy Trucks
D004_5,C009173,5.293,12.2,Low,
D004_5,C009192,7.099,16.4,Low,
D004_5,C009199,7.805,28.8,High,
D004_5,C009204,7.416,21.4,Medium,
D004_5,C009208,3.847,11.1,Medium,
D004_5,C009210,5.465,15.8,Medium,
D004_5,C009236,6.166,22.8,High,
D004_5,C009238,1.809,4.2,Low,
D004_5,C009243,5.833,13.5,Low,
D004_5,C009277,6.115,17.6,Medium,
D004_5,C009284,3.628,10.5,Medium,
D004_5,C009295,3.274,12.1,High,
D004_5,C009312,1.595,3.7,Low,
D004_5,C009328,4.23,9.8,Low,
D004_5,C009331,5.095,11.8,Low,
D004_5,C009333,4.481,10.3,Low,One-Way
D004_5,C009334,6.066,17.5,Medium,
D004_5,C009348,6.099,17.6,Medium,
D004_5,C009355,9.03,26.0,Medium,
D004_5,C009358,3.111,9.0,Medium,
D004_5,C009428,4.329,10.0,Low,
D004_5,C009442,7.398,21.3,Medium,
D004_5,C009499,6.978,20.1,Medium,
D004_5,C009504,3.312,12.2,High,
D004_5,C009505,6.084,17.6,Medium,
D004_5,C009517,2.055,4.7,Low,
D004_5,C009529,4.232,9.8,Low,No Heavy Trucks
D004_5,C009549,3.577,13.2,High,
D004_5,C009550,6.22,14.4,Low,
D004_5,C009562,10.457,30.2,Medium,
D004_5,C009570,8.656,20.0,Low,
D004_5,C009571,8.198,23.6,Medium,No Heavy Trucks
D004_5,C009579,7.301,27.0,High,
D004_5,C009581,5.151,14.9,Medium,
D004_5,C009589,1.173,3.4,Medium,
D004_5,C009593,5.479,12.6,Low,
D004_5,C009594,2.752,7.9,Medium,
D004_5,C009605,5.199,12.0,Low,
D004_5,C009628,6.023,13.9,Low,
D004_5,C009630,2.058,7.6,High,
D004_5,C009634,2.208,6.4,Medium,
D004_5,C009638,1.482,4.3,Medium,One-Way
D004_5,C009642,7.191,20.7,Medium,
D004_5,C009663,4.999,11.5,Low,
D004_5,C009673,3.319,7.7,Low,One-Way
D004_5,C009677,4.924,18.2,High,
D004_5,C009693,0.716,2.1,Medium,
D004_5,C009745,6.041,17.4,Medium,
D004_5,C009766,8.785,20.3,Low,
D004_5,C009812,4.613,10.6,Low,
D004_5,C009834,6.663,15.4,Low,
D004_5,C009843,4.476,12.9,Medium,No Heavy Trucks
D004_5,C009879,6.029,13.9,Low,
D004_5,C009883,7.045,20.3,Medium,No Heavy Trucks
D004_5,C009885,7.78,18.0,Low,
D004_5,C009900,4.944,14.3,Medium,One-Way
D004_5,C009921,6.724,19.4,Medium,
D004_5,C009935,4.178,15.4,High,
D004_5,C009946,5.055,14.6,Medium,
D004_5,C009955,3.851,11.1,Medium,
D004_5,C009958,4.073,11.7,Medium,
D004_5,C009977,4.614,10.6,Low,
D004_5,C009984,3.436,7.9,Low,
D004_5,C009998,7.462,21.5,Medium,
D004_5,C010008,8.527,19.7,Low,
D004_5,C010009,4.207,9.7,Low,
D004_5,C010045,3.458,10.0,Medium,
D004_5,C010056,8.345,19.3,Low,
D004_5,C010057,3.916,9.0,Low,
D004_5,C010065,6.179,14.3,Low,One-Way
D004_5,C010075,5.615,16.2,Medium,
D004_5,C010076,6.949,20.0,Medium,No Heavy Trucks
D004_5,C010089,4.848,17.9,High,
D004_5,C010091,3.946,9.1,Low,
D004_5,C010095,6.942,20.0,Medium,
D004_5,C010104,6.481,18.7,Medium,
D004_5,C010106,1.645,4.7,Medium,
D004_5,C010153,4.843,14.0,Medium,One-Way
D004_5,C010160,9.286,26.8,Medium,
D004_5,C010175,5.293,12.2,Low,One-Way
D004_5,C010176,3.428,7.9,Low,No Heavy Trucks
D004_5,C010188,5.397,12.5,Low,
D004_5,C010191,7.07,16.3,Low,
D004_5,C010195,7.064,20.4,Medium,
D004_5,C010203,7.816,22.5,Medium,
D004_5,C010214,2.081,4.8,Low,One-Way
D004_5,C010256,7.166,20.7,Medium,
D004_5,C010257,4.084,11.8,Medium,
D004_5,C010274,5.17,14.9,Medium,
D004_5,C010307,2.033,4.7,Low,No Heavy Trucks
D004_5,C010360,3.602,8.3,Low,
D004_5,C010368,8.736,20.2,Low,
D004_5,C010377,2.947,6.8,Low,No Heavy Trucks
D004_5,C010393,3.448,12.7,High,
D004_5,C010398,8.194,18.9,Low,One-Way
D004_5,C010400,7.314,21.1,Medium,
D004_5,C010439,3.003,8.7,Medium,
D004_5,C010453,7.146,20.6,Medium,
D004_5,C010523,7.188,26.5,High,
D004_5,C010529,7.208,16.6,Low,No Heavy Trucks
D004_5,C010533,5.664,16.3,Medium,
D004_5,C010538,3.99,11.5,Medium,
D004_5,C010549,4.947,14.3,Medium,
D004_5,C010563,2.08,4.8,Low,
D004_5,C010565,5.861,13.5,Low,
D004_5,C010566,3.753,8.7,Low,
D004_5,C010572,7.267,21.0,Medium,
D004_5,C010588,4.35,10.0,Low,
D004_5,C010591,9.134,26.3,Medium,
D004_5,C010592,7.192,26.6,High,
D004_5,C010602,5.841,13.5,Low,
D004_5,C010611,7.114,16.4,Low,
D004_5,C010653,3.022,8.7,Medium,No Heavy Trucks
D004_5,C010661,6.526,18.8,Medium,One-Way
D004_5,C010668,2.547,7.3,Medium,
D004_5,C010675,4.086,11.8,Medium,
D004_5,C010714,2.655,6.1,Low,
D004_5,C010723,3.589,13.3,High,
D004_5,C010728,1.853,5.3,Medium,
D004_5,C010797,1.525,4.4,Medium,
D004_5,C010823,6.002,13.9,Low,One-Way
D004_5,C010825,7.067,20.4,Medium,
D004_5,C010826,4.659,13.4,Medium,
D004_5,C010831,6.27,23.2,High,
D004_5,C010882,9.971,28.8,Medium,
D004_5,C010902,7.851,18.1,Low,No Heavy Trucks
D004_5,C010923,4.51,13.0,Medium,
D004_5,C010930,3.862,11.1,Medium,
D004_5,C010942,3.527,8.1,Low,
D004_5,C010966,7.756,22.4,Medium,
D004_5,C010971,3.844,11.1,Medium,
D004_5,C010986,2.396,6.9,Medium,
D004_5,C011000,5.031,18.6,High,
D004_5,C011008,5.367,15.5,Medium,One-Way
D004_5,C011025,5.103,11.8,Low,No Heavy Trucks
D004_5,C011036,6.578,19.0,Medium,
D004_5,C011040,1.588,4.6,Medium,
D004_5,C011079,4.156,9.6,Low,
D004_5,C011105,4.603,13.3,Medium,
D004_5,C011113,2.002,5.8,Medium,One-Way
D004_5,C011127,1.911,4.4,Low,
D004_5,C011138,4.669,13.5,Medium,
D004_5,C011149,6.278,14.5,Low,
D004_5,C011162,1.201,4.4,High,
D004_5,C011164,1.643,3.8,Low,One-Way
D004_5,C011166,2.526,7.3,Medium,
D004_5,C011172,6.308,18.2,Medium,
D004_5,C011175,4.159,12.0,Medium,
D004_5,C011176,8.485,24.5,Medium,No Heavy Trucks
D004_5,C011187,6.451,14.9,Low,
D004_5,C011233,5.797,16.7,Medium,
D004_5,C011237,7.328,16.9,Low,
D004_5,C011257,4.243,9.8,Low,
D004_5,C011258,5.888,17.0,Medium,
D004_5,C011264,5.495,15.9,Medium,
D004_5,C011270,4.718,10.9,Low,
D004_5,C011285,7.347,17.0,Low,
D004_5,C011286,2.422,5.6,Low,
D004_5,C011304,5.694,16.4,Medium,
D004_5,C011318,10.303,38.0,High,
D004_5,C011336,6.5,24.0,High,
D004_5,C011339,5.567,20.6,High,No Heavy Trucks
D004_5,C011366,7.696,17.8,Low,
D004_5,C011379,0.863,2.0,Low,
D004_5,C011385,2.372,5.5,Low,
D004_5,C011387,6.364,18.4,Medium,One-Way
D004_5,C011407,6.483,15.0,Low,
D004_5,C011413,4.448,10.3,Low,
D004_5,C011417,2.207,8.1,High,
D004_5,C011429,6.442,14.9,Low,
D004_5,C011434,5.596,16.1,Medium,
D004_5,C011435,6.006,13.9,Low,
D004_5,C011474,5.427,15.7,Medium,
D004_5,C011476,2.47,9.1,High,
D004_5,C011486,1.435,4.1,Medium,
D004_5,C011543,3.987,14.7,High,
D004_5,C011550,7.966,18.4,Low,One-Way
D004_5,C011566,6.449,18.6,Medium,
D004_5,C011567,4.021,11.6,Medium,
D004_5,C011579,0.941,2.7,Medium,
D004_5,C011584,4.157,12.0,Medium,
D004_5,C011585,6.776,15.6,Low,
D004_5,C011591,5.776,13.3,Low,
D004_5,C011596,7.651,22.1,Medium,
D004_5,C011597,2.307,6.7,Medium,
D004_5,C011598,2.753,7.9,Medium,
D004_5,C011603,4.422,16.3,High,No Heavy Trucks
D004_5,C011604,7.988,29.5,High,
D004_5,C011605,7.109,26.2,High,One-Way
D004_5,C011608,6.381,14.7,Low,
D004_5,C011611,5.152,14.9,Medium,
D004_5,C011622,7.077,20.4,Medium,One-Way
D004_5,C011634,9.906,28.6,Medium,
D004_5,C011635,8.541,24.6,Medium,
D004_5,C011636,6.103,14.1,Low,
D004_5,C011638,6.325,23.4,High,
D004_5,C011682,3.728,8.6,Low,
D004_5,C011691,8.663,20.0,Low,
D004_5,C011697,7.152,20.6,Medium,
D004_5,C011715,7.464,21.5,Medium,
D004_5,C011733,4.262,12.3,Medium,
D004_5,C011755,1.947,5.6,Medium,
D004_5,C011767,7.214,26.6,High,
D004_5,C011789,3.328,7.7,Low,
D004_5,C011812,4.692,13.5,Medium,
D004_5,C011846,0.615,1.8,Medium,
D004_5,C011862,7.203,26.6,High,
D004_5,C011864,3.334,9.6,Medium,One-Way
D004_5,C011890,3.444,9.9,Medium,
D004_5,C011897,5.766,16.6,Medium,
D004_5,C011907,3.514,8.1,Low,
D004_5,C011922,7.13,16.5,Low,
D004_5,C011932,5.322,15.4,Medium,
D004_5,C011939,5.651,16.3,Medium,
D004_5,C011952,7.042,20.3,Medium,
D004_5,C011963,7.86,18.1,Low,
D004_5,C011970,4.119,9.5,Low,
D004_5,C012011,7.358,27.2,High,
D004_5,C012017,3.338,9.6,Medium,
D004_5,C012026,4.462,12.9,Medium,
D004_5,C012035,7.791,18.0,Low,
D004_5,C012040,6.893,19.9,Medium,
D004_5,C012043,9.779,22.6,Low,One-Way
D004_5,C012067,6.35,18.3,Medium,No Heavy Trucks
D004_5,C012074,5.108,14.7,Medium,
D004_5,C012106,4.839,11.2,Low,
D004_5,C012139,5.429,20.0,High,No Heavy Trucks
D004_5,C012176,1.822,6.7,High,
D004_5,C012177,1.462,3.4,Low,
D004_5,C012219,7.916,18.3,Low,
D004_5,C012233,6.04,13.9,Low,
D004_5,C012238,2.952,8.5,Medium,No Heavy Trucks
D004_5,C012243,3.806,8.8,Low,
D004_5,C012250,4.958,14.3,Medium,
D004_5,C012256,5.557,16.0,Medium,
D004_5,C012270,6.471,23.9,High,
D004_5,C012314,8.921,32.9,High,
D004_5,C012328,2.607,6.0,Low,No Heavy Trucks
D004_5,C012332,2.877,6.6,Low,
D004_5,C012339,4.898,14.1,Medium,
D004_5,C012344,5.834,16.8,Medium,
D004_5,C012368,4.144,12.0,Medium,One-Way
D004_5,C012371,7.972,18.4,Low,
D004_5,C012374,1.125,2.6,Low,No Heavy Trucks
D004_5,C012388,4.536,13.1,Medium,
D004_5,C012407,9.094,21.0,Low,
D004_5,C012410,6.672,19.2,Medium,
D004_5,C012419,1.524,4.4,Medium,
D004_5,C012480,0.701,2.0,Medium,
D004_5,C012488,6.513,15.0,Low,
D004_5,C012527,8.745,20.2,Low,
D004_5,C012534,4.235,9.8,Low,
D004_5,C012535,5.246,12.1,Low,
D004_5,C012555,5.091,11.7,Low,
D004_5,C012581,3.735,10.8,Medium,No Heavy Trucks
D004_5,C012599,5.605,12.9,Low,
D004_5,C012604,9.735,28.1,Medium,
D004_5,C012606,5.528,15.9,Medium,No Heavy Trucks
D004_5,C012616,6.573,15.2,Low,
D004_5,C012637,1.29,3.0,Low,
D004_5,C012646,1.819,4.2,Low,
D004_5,C012655,8.601,24.8,Medium,
D004_5,C012667,7.392,27.3,High,
D004_5,C012669,7.202,26.6,High,
D004_5,C012706,6.069,22.4,High,
D004_5,C012712,5.251,15.1,Medium,One-Way
D004_5,C012719,7.431,21.4,Medium,
D004_5,C012741,5.1,14.7,Medium,
D004_5,C012746,8.194,30.3,High,
D004_5,C012758,9.093,33.6,High,
D004_5,C012781,7.92,22.8,Medium,One-Way
D004_5,C012796,4.7,13.6,Medium,
D004_5,C012805,2.556,7.4,Medium,No Heavy Trucks
D004_5,C012812,6.336,18.3,Medium,
D004_5,C012822,3.326,9.6,Medium,
D004_5,C012825,2.74,7.9,Medium,
D004_5,C012832,3.026,8.7,Medium,
D004_5,C012843,6.43,23.7,High,No Heavy Trucks
D004_5,C012844,1.692,3.9,Low,
D004_5,C012847,6.932,25.6,High,
D004_5,C012891,5.127,18.9,High,
D004_5,C012902,3.538,8.2,Low,
D004_5,C012909,3.537,10.2,Medium,
D004_5,C012913,9.819,28.3,Medium,
D004_5,C012925,3.334,7.7,Low,
D004_5,C012930,8.493,19.6,Low,One-Way
D004_5,C012940,7.578,17.5,Low,
D004_5,C012980,3.71,8.6,Low,One-Way
D004_5,C012981,2.853,8.2,Medium,
D004_5,C012990,4.86,14.0,Medium,
D004_5,C012993,6.923,20.0,Medium,No Heavy Trucks
D004_5,C013001,0.868,2.0,Low,
D004_5,C013003,6.168,17.8,Medium,
D004_5,C013014,4.006,11.6,Medium,
D004_5,C013023,4.262,15.7,High,
D004_5,C013043,5.201,15.0,Medium,
D004_5,C013046,3.076,7.1,Low,
D004_5,C013050,2.185,8.1,High,
D004_5,C013069,6.959,20.1,Medium,
D004_5,C013085,6.428,23.7,High,
D004_5,C013087,8.066,23.3,Medium,
D004_5,C013094,4.933,14.2,Medium,
D004_5,C013119,4.772,11.0,Low,No Heavy Trucks
D004_5,C013122,0.406,1.5,High,
D004_5,C013146,8.763,20.2,Low,
D004_5,C013154,8.678,20.0,Low,One-Way
D004_5,C013167,6.492,18.7,Medium,
D004_5,C013173,6.264,23.1,High,
D004_5,C013183,7.125,20.6,Medium,
D004_5,C013190,7.452,17.2,Low,
D004_5,C013218,0.825,1.9,Low,
D004_5,C013225,1.237,3.6,Medium,
D004_5,C013236,6.049,17.4,Medium,
D004_5,C013248,6.659,24.6,High,
D004_5,C013253,4.753,13.7,Medium,
D004_5,C013263,6.726,19.4,Medium,
D004_5,C013274,7.616,17.6,Low,
D004_5,C013299,7.134,20.6,Medium,
D004_5,C013304,5.758,16.6,Medium,
D004_5,C013336,3.803,11.0,Medium,
D004_5,C013363,7.992,23.1,Medium,
D004_5,C013372,5.974,13.8,Low,
D004_5,C013390,4.884,14.1,Medium,
D004_5,C013400,6.369,18.4,Medium,
D004_5,C013402,3.099,11.4,High,
D004_5,C013426,7.255,16.7,Low,
D004_5,C013435,4.367,16.1,High,
D004_5,C013441,5.715,16.5,Medium,
D004_5,C013445,3.07,8.9,Medium,
D004_5,C013450,5.324,15.4,Medium,No Heavy Trucks
D004_5,C013463,1.288,3.7,Medium,No Heavy Trucks
D004_5,C013495,5.235,19.3,High,
D004_5,C013501,3.909,9.0,Low,
D004_5,C013527,6.674,15.4,Low,
D004_5,C013535,4.201,15.5,High,
D004_5,C013547,3.583,10.3,Medium,
D004_5,C013554,6.743,24.9,High,One-Way
D004_5,C013573,6.183,14.3,Low,
D004_5,C013594,9.985,23.0,Low,
D004_5,C013605,5.272,15.2,Medium,
D004_5,C013625,9.162,21.1,Low,
D004_5,C013691,7.551,21.8,Medium,
D004_5,C013700,3.413,9.8,Medium,One-Way
D004_5,C013710,5.247,15.1,Medium,
D004_5,C013712,3.01,8.7,Medium,
D004_5,C013727,3.889,9.0,Low,
D004_5,C013731,6.792,15.7,Low,One-Way
D004_5,C013734,6.502,18.8,Medium,
D004_5,C013742,3.66,10.6,Medium,
D004_5,C013747,8.108,23.4,Medium,
D004_5,C013748,0.539,1.6,Medium,One-Way
D004_5,C013749,3.812,11.0,Medium,One-Way
D004_5,C013761,3.27,7.5,Low,
D004_5,C013763,6.122,17.7,Medium,No Heavy Trucks
D004_5,C013774,6.249,18.0,Medium,One-Way
D004_5,C013779,5.805,13.4,Low,
D004_5,C013782,4.569,10.5,Low,No Heavy Trucks
D004_5,C013783,3.269,7.5,Low,
D004_5,C013809,7.43,21.4,Medium,
D004_5,C013817,2.332,8.6,High,
D004_5,C013841,5.236,15.1,Medium,
D004_5,C013842,4.024,11.6,Medium,
D004_5,C013846,4.344,10.0,Low,
D004_5,C013857,1.158,2.7,Low,
D004_5,C013872,5.224,12.1,Low,
D004_5,C013882,3.34,9.6,Medium,
D004_5,C013887,7.156,20.6,Medium,
D004_5,C013903,5.966,17.2,Medium,
D004_5,C013908,4.066,11.7,Medium,
D004_5,C013934,6.476,18.7,Medium,
D004_5,C013935,1.731,5.0,Medium,
D004_5,C013936,5.705,13.2,Low,
D004_5,C013948,5.523,20.4,High,One-Way
D004_5,C013962,6.72,15.5,Low,
D004_5,C013964,4.32,16.0,High,
D004_5,C013972,5.453,15.7,Medium,
D004_5,C013975,2.312,6.7,Medium,No Heavy Trucks
D004_5,C013989,4.293,15.8,High,
D004_5,C014035,4.491,10.4,Low,
D004_5,C014042,1.293,3.0,Low,One-Way
D004_5,C014057,6.464,14.9,Low,
D004_5,C014070,2.828,8.2,Medium,
D004_5,C014072,3.391,7.8,Low,No Heavy Trucks
D004_5,C014078,5.214,12.0,Low,
D004_5,C014081,7.907,29.2,High,
D004_5,C014082,0.211,0.6,Medium,
D004_5,C014145,4.088,15.1,High,
D004_5,C014161,1.383,3.2,Low,
D004_5,C014169,9.38,27.1,Medium,
D004_5,C014186,6.566,18.9,Medium,
D004_5,C014191,6.472,23.9,High,One-Way
D004_5,C014196,7.254,20.9,Medium,
D004_5,C014206,4.233,12.2,Medium,
D004_5,C014218,4.529,10.5,Low,
D004_5,C014256,5.523,12.7,Low,No Heavy Trucks
D004_5,C014262,4.921,11.4,Low,One-Way
D004_5,C014267,2.967,8.6,Medium,
D004_5,C014288,7.217,20.8,Medium,No Heavy Trucks
D004_5,C014292,6.89,25.4,High,No Heavy Trucks
D004_5,C014305,3.435,7.9,Low,
D004_5,C014307,6.366,18.4,Medium,
D004_5,C014311,4.778,11.0,Low,
D004_5,C014326,6.753,19.5,Medium,No Heavy Trucks
D004_5,C014332,7.004,20.2,Medium,
D004_5,C014335,7.713,28.5,High,No Heavy Trucks
D004_5,C014338,2.658,7.7,Medium,
D004_5,C014352,4.955,14.3,Medium,One-Way
D004_5,C014367,4.461,16.5,High,One-Way
D004_5,C014382,5.919,17.1,Medium,
D004_5,C014384,7.198,26.6,High,
D004_5,C014397,2.42,7.0,Medium,
D004_5,C014402,5.594,16.1,Medium,
D004_5,C014409,8.109,29.9,High,
D004_5,C014411,3.778,10.9,Medium,
D004_5,C014422,2.457,5.7,Low,
D004_5,C014446,5.767,16.6,Medium,
D004_5,C014469,7.187,16.6,Low,
D004_5,C014485,4.913,14.2,Medium,
D004_5,C014514,1.927,4.4,Low,
D004_5,C014515,6.829,15.8,Low,No Heavy Trucks
D004_5,C014518,1.494,4.3,Medium,
D004_5,C014522,7.595,21.9,Medium,
D004_5,C014525,3.733,8.6,Low,
D004_5,C014529,1.24,3.6,Medium,No Heavy Trucks
D004_5,C014535,3.515,10.1,Medium,
D004_5,C014537,4.414,12.7,Medium,No Heavy Trucks
D004_5,C014541,4.966,14.3,Medium,One-Way
D004_5,C014542,9.227,26.6,Medium,
D004_5,C014545,6.45,14.9,Low,
D004_5,C014585,7.228,20.9,Medium,
D004_5,C014597,4.675,13.5,Medium,No Heavy Trucks
D004_5,C014602,7.446,21.5,Medium,
D004_5,C014621,3.719,13.7,High,
D004_5,C014623,6.034,13.9,Low,
D004_5,C014634,7.939,29.3,High,
D004_5,C014636,8.274,23.9,Medium,
D004_5,C014637,5.283,15.2,Medium,
D004_5,C014639,3.49,10.1,Medium,
D004_5,C014648,7.16,16.5,Low,
D004_5,C014654,6.298,18.2,Medium,
D004_5,C014663,6.892,15.9,Low,
D004_5,C014664,2.579,6.0,Low,
D004_5,C014669,8.91,25.7,Medium,
D004_5,C014681,1.223,2.8,Low,No Heavy Trucks
D004_5,C014688,7.527,17.4,Low,No Heavy Trucks
D004_5,C014693,7.134,20.6,Medium,
D004_5,C014710,9.527,27.5,Medium,
D004_5,C014716,8.389,31.0,High,No Heavy Trucks
D004_5,C014724,4.987,14.4,Medium,
D004_5,C014730,4.317,15.9,High,
D004_5,C014733,4.347,12.5,Medium,
D004_5,C014751,7.099,20.5,Medium,
D004_5,C014753,8.348,19.3,Low,
D004_5,C014754,5.187,12.0,Low,
D004_5,C014763,2.357,5.4,Low,
D004_5,C014801,5.007,14.4,Medium,
D004_5,C014843,2.983,8.6,Medium,
D004_5,C014864,6.086,14.0,Low,
D004_5,C014886,6.168,22.8,High,
D004_5,C014910,5.417,15.6,Medium,
D004_5,C014935,6.543,24.2,High,
D004_5,C014942,6.905,19.9,Medium,
D004_5,C014948,2.586,6.0,Low,
D004_5,C014950,1.465,5.4,High,
D004_5,C014965,8.374,24.2,Medium,
D004_5,C014970,3.532,13.0,High,
D004_5,C014994,5.317,15.3,Medium,
D004_5,C014997,0.359,0.8,Low,
D004_5,C015001,2.294,6.6,Medium,
D004_5,C015009,2.945,6.8,Low,
D004_5,C015012,6.347,23.4,High,No Heavy Trucks
D004_5,C015025,7.044,20.3,Medium,
D004_5,C015054,2.867,8.3,Medium,
D004_5,C015056,5.964,13.8,Low,
D004_5,C015058,6.125,17.7,Medium,
D004_5,C015071,7.864,22.7,Medium,One-Way
D004_5,C015105,3.799,11.0,Medium,One-Way
D004_5,C015113,4.817,13.9,Medium,No Heavy Trucks
D004_5,C015122,5.66,13.1,Low,
D004_5,C015136,3.931,11.3,Medium,
D004_5,C015139,4.417,10.2,Low,No Heavy Trucks
D004_5,C015152,3.645,10.5,Medium,
D004_5,C015172,2.921,8.4,Medium,
D004_5,C015210,5.935,17.1,Medium,
D004_5,C015212,3.738,10.8,Medium,
D004_5,C015213,3.489,8.1,Low,
D004_5,C015222,6.754,15.6,Low,
D004_5,C015240,3.558,13.1,High,One-Way
D004_5,C015249,2.835,10.5,High,
D004_5,C015251,7.017,16.2,Low,
D004_5,C015262,3.647,13.5,High,
D004_5,C015267,5.112,18.9,High,
D004_5,C015276,4.143,12.0,Medium,
D004_5,C015321,5.467,20.2,High,
D004_5,C015347,4.673,13.5,Medium,
D004_5,C015356,6.526,18.8,Medium,
D004_5,C015357,5.853,16.9,Medium,One-Way
D004_5,C015359,1.82,4.2,Low,
D004_5,C015367,1.8,5.2,Medium,No Heavy Trucks
D004_5,C015373,10.436,38.5,High,
D004_5,C015384,4.907,14.2,Medium,
D004_5,C015412,3.659,10.6,Medium,
D004_5,C015423,5.887,17.0,Medium,
D004_5,C015431,5.324,15.4,Medium,
D004_5,C015443,7.182,16.6,Low,
D004_5,C015477,5.408,15.6,Medium,One-Way
D004_5,C015491,7.202,16.6,Low,No Heavy Trucks
D004_5,C015493,7.378,17.0,Low,
D004_5,C015496,6.994,20.2,Medium,
D004_5,C015508,7.547,21.8,Medium,
D004_5,C015527,5.822,21.5,High,No Heavy Trucks
D004_5,C015530,7.185,20.7,Medium,One-Way
D004_5,C015542,0.393,0.9,Low,
D004_5,C015545,4.317,15.9,High,
D004_5,C015561,9.266,21.4,Low,
D004_5,C015573,0.886,2.0,Low,
D004_5,C015586,3.599,8.3,Low,
D004_5,C015592,4.329,12.5,Medium,
D004_5,C015607,6.935,20.0,Medium,
D004_5,C015618,6.058,14.0,Low,
D004_5,C015665,7.274,26.9,High,
D004_5,C015667,7.842,18.1,Low,
D004_5,C015668,1.314,3.8,Medium,
D004_5,C015673,6.987,20.2,Medium,
D004_5,C015695,5.543,16.0,Medium,One-Way
D004_5,C015711,4.478,16.5,High,
D004_5,C015729,1.211,2.8,Low,
D004_5,C015735,7.078,16.3,Low,
D004_5,C015746,7.753,22.4,Medium,One-Way
D004_5,C015768,2.857,10.6,High,
D004_5,C015773,2.0,5.8,Medium,
D004_5,C015780,8.791,20.3,Low,
D004_5,C015790,4.788,13.8,Medium,
D004_5,C015795,6.77,19.5,Medium,
D004_5,C015797,4.919,14.2,Medium,
D004_5,C015841,6.363,14.7,Low,
D004_5,C015844,6.076,14.0,Low,
D004_5,C015858,5.311,12.3,Low,
D004_5,C015878,2.357,6.8,Medium,
D004_5,C015913,0.366,0.8,Low,
D004_5,C015925,8.318,24.0,Medium,No Heavy Trucks
D004_5,C015928,1.889,4.4,Low,
D004_5,C015934,6.097,17.6,Medium,One-Way
D004_5,C015944,4.059,11.7,Medium,
D004_5,C015950,5.683,16.4,Medium,
D004_5,C015961,4.507,10.4,Low,
D004_5,C015968,4.06,9.4,Low,
D004_5,C015992,8.285,23.9,Medium,
D004_5,C016001,5.091,14.7,Medium,
D004_5,C016005,7.491,21.6,Medium,
D004_5,C016007,6.613,19.1,Medium,
D004_5,C016014,6.202,17.9,Medium,
D004_5,C016017,5.957,17.2,Medium,
D004_5,C016044,5.414,12.5,Low,
D004_5,C016053,3.807,8.8,Low,No Heavy Trucks
D004_5,C016097,6.246,14.4,Low,One-Way
D004_5,C016098,4.701,10.8,Low,
D004_5,C016105,6.428,18.5,Medium,
D004_5,C016134,5.856,16.9,Medium,
D004_5,C016154,2.134,6.2,Medium,
D004_5,C016157,4.011,11.6,Medium,One-Way
D004_5,C016162,4.567,10.5,Low,
D004_5,C016167,4.58,13.2,Medium,
D004_5,C016177,7.666,17.7,Low,No Heavy Trucks
D004_5,C016185,6.099,17.6,Medium,One-Way
D004_5,C016191,0.877,2.5,Medium,One-Way
D004_5,C016197,5.441,12.6,Low,
D004_5,C016198,3.381,7.8,Low,
D004_5,C016236,3.667,8.5,Low,No Heavy Trucks
D004_5,C016237,3.684,8.5,Low,
D004_5,C016240,2.302,5.3,Low,
D004_5,C016280,6.249,14.4,Low,
D004_5,C016292,5.247,12.1,Low,
D004_5,C016297,6.778,19.6,Medium,
D004_5,C016306,5.46,20.2,High,
D004_5,C016311,4.624,10.7,Low,
D004_5,C016325,1.953,5.6,Medium,
D004_5,C016344,4.434,12.8,Medium,
D004_5,C016363,4.819,13.9,Medium,
D004_5,C016396,2.978,8.6,Medium,
D004_5,C016404,2.211,5.1,Low,
D004_5,C016423,9.284,21.4,Low,
D004_5,C016424,3.391,9.8,Medium,
D004_5,C016427,3.309,9.5,Medium,One-Way
D004_5,C016455,4.86,11.2,Low,
D004_5,C016471,5.036,18.6,High,
D004_5,C016486,9.445,21.8,Low,
D004_5,C016498,4.096,11.8,Medium,
D004_5,C016499,7.51,17.3,Low,
D004_5,C016515,4.307,12.4,Medium,
D004_5,C016517,8.008,18.5,Low,
D004_5,C016538,1.731,5.0,Medium,
D004_5,C016560,4.276,12.3,Medium,
D004_5,C016585,4.255,12.3,Medium,
D004_5,C016586,8.013,18.5,Low,
D004_5,C016606,4.633,13.4,Medium,
D004_5,C016608,4.781,13.8,Medium,No Heavy Trucks
D004_5,C016635,3.705,10.7,Medium,
D004_5,C016636,5.162,14.9,Medium,
D004_5,C016642,7.696,22.2,Medium,
D004_5,C016644,5.634,20.8,High,
D004_5,C016659,3.191,9.2,Medium,
D004_5,C016661,1.791,5.2,Medium,
D004_5,C016665,6.8,19.6,Medium,
D004_5,C016675,4.879,11.3,Low,
D004_5,C016676,5.806,16.7,Medium,
D004_5,C016714,7.802,22.5,Medium,No Heavy Trucks
D004_5,C016721,4.826,11.1,Low,
D004_5,C016724,5.832,13.5,Low,
D004_5,C016726,1.965,5.7,Medium,
D004_5,C016729,1.539,3.6,Low,No Heavy Trucks
D004_5,C016744,4.856,11.2,Low,
D004_5,C016757,1.864,4.3,Low,No Heavy Trucks
D004_5,C016762,8.255,19.0,Low,
D004_5,C016764,9.416,27.2,Medium,
D004_5,C016765,4.782,13.8,Medium,
D004_5,C016766,2.034,4.7,Low,
D004_5,C016778,4.956,14.3,Medium,
D004_5,C016793,4.368,12.6,Medium,
D004_5,C016795,7.098,26.2,High,One-Way
D004_5,C016809,0.482,1.4,Medium,
D004_5,C016810,2.932,8.5,Medium,
D004_5,C016842,0.447,1.0,Low,
D004_5,C016857,5.851,16.9,Medium,
D004_5,C016861,2.007,5.8,Medium,
D004_5,C016875,7.422,17.1,Low,
D004_5,C016880,8.906,32.9,High,No Heavy Trucks
D004_5,C016894,8.986,25.9,Medium,
D004_5,C016896,4.901,18.1,High,
D004_5,C016903,8.098,23.4,Medium,
D004_5,C016906,7.401,21.3,Medium,No Heavy Trucks
D004_5,C016931,5.114,14.8,Medium,
D004_5,C016940,6.1,22.5,High,No Heavy Trucks
D004_5,C016960,2.94,8.5,Medium,
D004_5,C016968,5.604,12.9,Low,
D004_5,C016975,3.968,11.4,Medium,
D004_5,C016976,4.078,11.8,Medium,One-Way
D004_5,C016991,9.519,35.1,High,
D004_5,C016999,4.837,14.0,Medium,
D004_5,C017007,7.434,21.4,Medium,
D004_5,C017014,6.165,14.2,Low,
D004_5,C017018,4.165,12.0,Medium,
D004_5,C017040,7.292,16.8,Low,
D004_5,C017046,8.419,24.3,Medium,
D004_5,C017048,7.649,17.7,Low,
D004_5,C017057,6.34,14.6,Low,
D004_5,C017058,6.88,15.9,Low,
D004_5,C017066,3.571,13.2,High,
D004_5,C017071,4.016,9.3,Low,One-Way
D004_5,C017088,6.2,17.9,Medium,One-Way
D004_5,C017111,5.576,16.1,Medium,
D004_5,C017119,1.409,4.1,Medium,
D004_5,C017121,8.531,24.6,Medium,
D004_5,C017134,5.153,11.9,Low,One-Way
D004_5,C017153,8.594,31.7,High,
D004_5,C017162,6.766,19.5,Medium,No Heavy Trucks
D004_5,C017178,3.953,11.4,Medium,
D004_5,C017192,4.358,12.6,Medium,
D004_5,C017219,6.441,23.8,High,
D004_5,C017228,1.663,6.1,High,
D004_5,C017229,8.067,18.6,Low,
D004_5,C017232,4.045,11.7,Medium,
D004_5,C017233,8.665,25.0,Medium,
D004_5,C017271,6.636,15.3,Low,
D004_5,C017277,6.934,20.0,Medium,
D004_5,C017316,2.349,5.4,Low,
D004_5,C017337,4.257,12.3,Medium,
D004_5,C017339,8.891,32.8,High,
D004_5,C017350,4.513,10.4,Low,
D004_5,C017375,9.575,22.1,Low,One-Way
D004_5,C017399,2.912,8.4,Medium,
D004_5,C017405,5.542,16.0,Medium,No Heavy Trucks
D004_5,C017419,4.688,13.5,Medium,
D004_5,C017429,5.276,15.2,Medium,One-Way
D004_5,C017437,3.309,9.5,Medium,
D004_5,C017467,9.473,27.3,Medium,
D004_5,C017477,8.483,31.3,High,
D004_5,C017485,3.479,10.0,Medium,
D004_5,C017492,9.107,26.3,Medium,
D004_5,C017493,2.422,8.9,High,
D004_5,C017501,7.308,21.1,Medium,
D004_5,C017550,4.337,12.5,Medium,
D004_5,C017562,3.471,8.0,Low,
D004_5,C017566,3.913,11.3,Medium,No Heavy Trucks
D004_5,C017571,2.071,6.0,Medium,
D004_5,C017595,8.021,23.1,Medium,
D004_5,C017654,9.415,27.2,Medium,
D004_5,C017655,4.927,14.2,Medium,No Heavy Trucks
D004_5,C017660,4.526,13.1,Medium,One-Way
D004_5,C017673,4.366,10.1,Low,
D004_5,C017705,6.015,17.4,Medium,
D004_5,C017775,9.65,22.3,Low,One-Way
D004_5,C017780,5.994,17.3,Medium,
D004_5,C017803,2.069,7.6,High,
D004_5,C017805,2.006,4.6,Low,No Heavy Trucks
D004_5,C017814,4.076,11.8,Medium,No Heavy Trucks
D004_5,C017820,4.676,17.3,High,
D004_5,C017825,7.727,22.3,Medium,No Heavy Trucks
D004_5,C017843,3.979,11.5,Medium,One-Way
D004_5,C017845,2.994,6.9,Low,One-Way
D004_5,C017850,6.778,19.6,Medium,
D004_5,C017851,8.546,19.7,Low,
D004_5,C017856,3.97,11.5,Medium,
D004_5,C017884,6.895,19.9,Medium,
D004_5,C017890,6.264,14.5,Low,
D004_5,C017909,4.158,9.6,Low,
D004_5,C017917,8.07,29.8,High,
D004_5,C017922,3.398,12.5,High,
D004_5,C017944,8.407,19.4,Low,
D004_5,C017946,4.502,10.4,Low,
D004_5,C017952,6.858,25.3,High,
D004_5,C017971,5.639,16.3,Medium,
D004_5,C017983,8.177,18.9,Low,No Heavy Trucks
D004_5,C017985,3.84,14.2,High,
D004_5,C018023,4.732,13.6,Medium,
D004_5,C018033,7.034,26.0,High,No Heavy Trucks
D004_5,C018048,9.399,27.1,Medium,
D004_5,C018051,6.426,18.5,Medium,
D004_5,C018054,10.557,30.5,Medium,
D004_5,C018067,3.107,11.5,High,
D004_5,C018098,7.46,27.5,High,
D004_5,C018100,5.877,17.0,Medium,One-Way
D004_5,C018102,2.811,8.1,Medium,
D004_5,C018124,7.107,16.4,Low,
D004_5,C018136,6.725,19.4,Medium,
D004_5,C018138,7.478,21.6,Medium,No Heavy Trucks
D004_5,C018156,3.57,8.2,Low,
D004_5,C018172,6.261,14.4,Low,One-Way
D004_5,C018178,5.137,11.9,Low,
D004_5,C018207,5.277,12.2,Low,
D004_5,C018214,6.13,14.1,Low,
D004_5,C018246,4.803,13.9,Medium,
D004_5,C018250,8.552,24.7,Medium,One-Way
D004_5,C018260,3.24,7.5,Low,
D004_5,C018272,5.179,14.9,Medium,
D004_5,C018304,5.795,16.7,Medium,
D004_5,C018307,7.098,20.5,Medium,
D004_5,C018318,1.671,4.8,Medium,
D004_5,C018324,9.555,27.6,Medium,One-Way
D004_5,C018364,8.628,24.9,Medium,
D004_5,C018366,3.816,8.8,Low,
D004_5,C018380,6.856,19.8,Medium,
D004_5,C018384,5.803,16.7,Medium,
D004_5,C018385,1.887,4.4,Low,One-Way
D004_5,C018394,6.162,22.8,High,
D004_5,C018398,3.752,8.7,Low,One-Way
D004_5,C018402,7.712,17.8,Low,
D004_5,C018403,7.154,16.5,Low,
D004_5,C018407,2.915,6.7,Low,
D004_5,C018408,4.426,12.8,Medium,
D004_5,C018410,5.805,16.7,Medium,
D004_5,C018411,6.374,14.7,Low,
D004_5,C018425,6.279,18.1,Medium,
D004_5,C018428,9.118,26.3,Medium,
D004_5,C018444,7.581,17.5,Low,
D004_5,C018495,2.473,5.7,Low,One-Way
D004_5,C018504,5.113,11.8,Low,
D004_5,C018508,7.276,26.9,High,
D004_5,C018532,2.954,8.5,Medium,
D004_5,C018568,5.468,15.8,Medium,
D004_5,C018642,6.597,24.4,High,
D004_5,C018654,5.264,15.2,Medium,One-Way
D004_5,C018657,7.619,22.0,Medium,
D004_5,C018664,7.79,18.0,Low,
D004_5,C018668,6.361,18.3,Medium,
D004_5,C018712,5.734,16.5,Medium,
D004_5,C018721,2.302,5.3,Low,
D004_5,C018729,5.546,16.0,Medium,
D004_5,C018733,6.52,18.8,Medium,
D004_5,C018747,1.621,3.7,Low,
D004_5,C018753,5.038,14.5,Medium,
D004_5,C018756,2.61,7.5,Medium,
D004_5,C018758,1.661,4.8,Medium,
D004_5,C018761,2.143,4.9,Low,
D004_5,C018780,0.604,2.2,High,
D004_5,C018791,1.923,7.1,High,
D004_5,C018808,7.623,17.6,Low,One-Way
D004_5,C018829,8.481,24.5,Medium,
D004_5,C018844,2.613,9.6,High,One-Way
D004_5,C018846,4.612,10.6,Low,
D004_5,C018869,2.653,7.7,Medium,
D004_5,C018901,2.62,6.0,Low,
D004_5,C018905,7.304,27.0,High,
D004_5,C018910,3.515,10.1,Medium,
D004_5,C018913,6.619,19.1,Medium,
D004_5,C018921,1.501,3.5,Low,
D004_5,C018922,2.763,6.4,Low,
D004_5,C018934,9.29,26.8,Medium,
D004_5,C018953,2.524,7.3,Medium,
D004_5,C018962,2.2,6.3,Medium,No Heavy Trucks
D004_5,C018976,7.532,17.4,Low,
D004_5,C018980,7.571,21.8,Medium,One-Way
D004_5,C018990,6.546,15.1,Low,
D004_5,C018992,4.957,14.3,Medium,One-Way
D004_5,C018994,5.59,16.1,Medium,
D004_5,C019038,5.464,12.6,Low,
D004_5,C019076,3.208,11.8,High,
D004_5,C019078,7.298,16.8,Low,No Heavy Trucks
D004_5,C019083,2.786,8.0,Medium,
D004_5,C019102,3.23,7.5,Low,
D004_5,C019123,4.596,13.3,Medium,One-Way
D004_5,C019147,3.916,14.5,High,One-Way
D004_5,C019155,9.944,28.7,Medium,
D004_5,C019156,7.402,17.1,Low,
D004_5,C019172,2.787,6.4,Low,
D004_5,C019204,5.233,12.1,Low,One-Way
D004_5,C019206,3.051,8.8,Medium,
D004_5,C019211,5.417,20.0,High,
D004_5,C019214,8.407,24.3,Medium,
D004_5,C019225,1.253,4.6,High,
D004_5,C019241,7.908,22.8,Medium,
D004_5,C019243,7.247,20.9,Medium,
D004_5,C019247,5.262,12.1,Low,
D004_5,C019260,6.15,14.2,Low,One-Way
D004_5,C019261,6.603,15.2,Low,
D004_5,C019284,3.041,8.8,Medium,
D004_5,C019288,1.993,5.7,Medium,
D004_5,C019290,4.104,11.8,Medium,
D004_5,C019309,1.056,3.9,High,
D004_5,C019318,3.547,13.1,High,
D004_5,C019321,6.608,24.4,High,
D004_5,C019343,6.34,18.3,Medium,No Heavy Trucks
D004_5,C019357,3.612,8.3,Low,
D004_5,C019390,8.392,24.2,Medium,
D004_5,C019397,2.462,7.1,Medium,
D004_5,C019408,7.576,17.5,Low,
D004_5,C019409,5.315,19.6,High,
D004_5,C019425,3.081,11.4,High,
D004_5,C019434,6.679,15.4,Low,
D004_5,C019436,1.931,4.5,Low,
D004_5,C019460,5.916,17.1,Medium,
D004_5,C019462,8.629,24.9,Medium,
D004_5,C019465,5.058,18.7,High,
D004_5,C019467,8.087,18.7,Low,One-Way
D004_5,C019482,3.716,10.7,Medium,
D004_5,C019499,6.952,16.0,Low,
D004_5,C019504,6.795,19.6,Medium,
D004_5,C019506,2.956,10.9,High,No Heavy Trucks
D004_5,C019513,2.692,7.8,Medium,
D004_5,C019524,3.871,11.2,Medium,
D004_5,C019538,2.87,6.6,Low,
D004_5,C019551,4.709,10.9,Low,
D004_5,C019563,8.854,25.5,Medium,
D004_5,C019567,3.525,13.0,High,
D004_5,C019568,6.143,17.7,Medium,
D004_5,C019578,7.729,17.8,Low,
D004_5,C019582,4.0,9.2,Low,
D004_5,C019585,4.901,18.1,High,
D004_5,C019588,7.775,22.4,Medium,
D004_5,C019610,5.709,16.5,Medium,No Heavy Trucks
D004_5,C019620,2.686,7.7,Medium,
D004_5,C019643,4.754,13.7,Medium,No Heavy Trucks
D004_5,C019690,5.097,11.8,Low,
D004_5,C019720,6.321,23.3,High,
D004_5,C019727,3.038,11.2,High,One-Way
D004_5,C019741,3.049,7.0,Low,
D004_5,C019749,5.9,21.8,High,
D004_5,C019770,8.878,25.6,Medium,
D004_5,C019772,4.96,11.4,Low,No Heavy Trucks
D004_5,C019779,6.683,15.4,Low,
D004_5,C019785,2.8,10.3,High,One-Way
D004_5,C019801,6.245,18.0,Medium,One-Way
D004_5,C019806,2.048,5.9,Medium,
D004_5,C019819,1.66,4.8,Medium,
D004_5,C019844,3.742,10.8,Medium,One-Way
D004_5,C019849,7.597,21.9,Medium,
D004_5,C019853,8.236,19.0,Low,
D004_5,C019859,5.966,17.2,Medium,One-Way
D004_5,C019868,5.133,14.8,Medium,
D004_5,C019900,2.982,6.9,Low,No Heavy Trucks
D004_5,C019916,7.098,20.5,Medium,
D004_5,C019919,5.698,13.1,Low,No Heavy Trucks
D004_5,C019929,1.664,4.8,Medium,
D004_5,C019932,3.112,9.0,Medium,
D004_5,C019935,4.967,14.3,Medium,
D004_5,C019989,7.675,17.7,Low,
D004_5,C020014,9.018,33.3,High,
D004_5,C020037,3.842,8.9,Low,
D004_5,C020039,1.285,3.7,Medium,
D004_5,C020044,2.175,6.3,Medium,
D004_5,C020048,7.242,26.7,High,
D004_5,C020068,5.658,13.1,Low,
D004_5,C020069,6.704,19.3,Medium,
D004_5,C020077,6.708,15.5,Low,
D004_5,C020080,5.604,16.2,Medium,
D004_5,C020093,0.466,1.1,Low,
D004_5,C020095,4.844,17.9,High,
D004_5,C020105,3.433,9.9,Medium,
D004_5,C020111,4.014,14.8,High,
D004_5,C020115,5.598,20.7,High,
D004_5,C020145,4.675,17.3,High,
D004_5,C020149,6.034,17.4,Medium,
D004_5,C020159,4.651,13.4,Medium,No Heavy Trucks
D004_5,C020177,6.816,19.7,Medium,
D004_5,C020205,7.388,27.3,High,
D004_5,C020217,6.723,19.4,Medium,
D004_5,C020231,5.164,19.1,High,
D004_5,C020233,6.641,19.2,Medium,One-Way
D004_5,C020243,3.213,7.4,Low,No Heavy Trucks
D004_5,C020245,6.836,19.7,Medium,
D004_5,C020246,5.954,17.2,Medium,
D004_5,C020250,4.077,9.4,Low,
D004_5,C020253,8.947,25.8,Medium,
D004_5,C020275,3.522,10.2,Medium,
D004_5,C020289,2.598,7.5,Medium,
D004_5,C020335,0.378,1.1,Medium,
D004_5,C020345,6.052,17.5,Medium,
D004_5,C020361,5.196,19.2,High,
D004_5,C020364,5.114,14.8,Medium,
D004_5,C020370,7.268,21.0,Medium,
D004_5,C020438,6.388,14.7,Low,
D004_5,C020463,6.084,17.6,Medium,One-Way
D004_5,C020512,8.226,19.0,Low,
D004_5,C020532,5.619,16.2,Medium,
D004_5,C020543,2.403,6.9,Medium,
D004_5,C020548,7.387,21.3,Medium,
D004_5,C020563,2.035,5.9,Medium,
D004_5,C020565,5.797,16.7,Medium,
D004_5,C020610,7.726,22.3,Medium,
D004_5,C020613,10.615,39.2,High,No Heavy Trucks
D004_5,C020618,4.008,11.6,Medium,
D004_5,C020632,8.746,32.3,High,
D004_5,C020659,2.802,6.5,Low,
D004_5,C020676,4.197,12.1,Medium,
D004_5,C020706,8.992,25.9,Medium,
D004_5,C020726,8.843,32.6,High,
D004_5,C020777,5.853,13.5,Low,No Heavy Trucks
D004_5,C020833,6.274,18.1,Medium,One-Way
D004_5,C020845,6.835,15.8,Low,No Heavy Trucks
D004_5,C020852,3.034,7.0,Low,One-Way
D004_5,C020853,5.449,15.7,Medium,
D004_5,C020866,6.343,23.4,High,
D004_5,C020877,5.753,16.6,Medium,
D004_5,C020878,4.272,12.3,Medium,
D004_5,C020906,3.393,12.5,High,No Heavy Trucks
D004_5,C020908,4.847,11.2,Low,
D004_5,C020911,4.159,12.0,Medium,
D004_5,C020912,2.196,5.1,Low,
D004_5,C020919,2.451,5.7,Low,
D004_5,C020933,6.946,25.6,High,
D004_5,C020961,3.751,10.8,Medium,
D004_5,C020976,7.418,21.4,Medium,
D004_5,C020981,4.541,10.5,Low,
D004_5,C020994,3.888,11.2,Medium,
D004_5,C021004,8.271,19.1,Low,
D004_5,C021005,8.386,19.4,Low,
D004_5,C021027,3.223,9.3,Medium,No Heavy Trucks
D004_5,C021040,2.889,6.7,Low,No Heavy Trucks
D004_5,C021051,2.239,8.3,High,
D004_5,C021070,4.775,13.8,Medium,
D004_5,C021082,8.915,20.6,Low,
D004_5,C021085,5.693,13.1,Low,
D004_5,C021112,6.882,15.9,Low,
D004_5,C021113,6.295,23.2,High,No Heavy Trucks
D004_5,C021164,6.578,15.2,Low,
D004_5,C021169,2.273,6.6,Medium,
D004_5,C021173,4.012,14.8,High,
D004_5,C021232,2.742,10.1,High,
D004_5,C021236,4.895,14.1,Medium,
D004_5,C021246,5.652,16.3,Medium,
D004_5,C021259,7.053,16.3,Low,
D004_5,C021264,4.714,13.6,Medium,
D004_5,C021299,4.105,15.2,High,
D004_5,C021301,4.323,16.0,High,No Heavy Trucks
D004_5,C021307,3.559,10.3,Medium,One-Way
D004_5,C021312,4.811,11.1,Low,
D004_5,C021345,6.321,18.2,Medium,No Heavy Trucks
D004_5,C021352,1.758,5.1,Medium,
D004_5,C021355,7.252,16.7,Low,
D004_5,C021356,1.439,3.3,Low,
D004_5,C021359,5.95,17.2,Medium,
D004_5,C021390,2.071,6.0,Medium,
D004_5,C021396,3.961,9.1,Low,
D004_5,C021404,2.989,11.0,High,
D004_5,C021405,3.197,7.4,Low,One-Way
D004_5,C021417,8.401,24.2,Medium,
D004_5,C021437,5.6,12.9,Low,
D004_5,C021442,5.624,16.2,Medium,No Heavy Trucks
D004_5,C021456,3.019,11.1,High,
D004_5,C021481,5.044,11.6,Low,
D004_5,C021488,7.3,21.1,Medium,
D004_5,C021493,6.196,14.3,Low,
D004_5,C021500,6.094,14.1,Low,
D004_5,C021501,6.688,24.7,High,
D004_5,C021510,5.303,12.2,Low,
D004_5,C021522,8.281,19.1,Low,
D004_5,C021523,5.902,13.6,Low,
D004_5,C021528,1.682,6.2,High,
D004_5,C021573,6.543,18.9,Medium,One-Way
D004_5,C021578,5.044,14.5,Medium,
D004_5,C021591,6.663,19.2,Medium,
D004_5,C021606,5.003,11.5,Low,
D004_5,C021617,4.907,11.3,Low,
D004_5,C021621,2.208,6.4,Medium,One-Way
D004_5,C021642,2.462,5.7,Low,
D004_5,C021654,2.658,7.7,Medium,One-Way
D004_5,C021666,6.157,14.2,Low,One-Way
D004_5,C021680,2.011,5.8,Medium,
D004_5,C021696,2.786,10.3,High,
D004_5,C021777,7.04,20.3,Medium,One-Way
D004_5,C021828,8.243,23.8,Medium,
D004_5,C021835,1.532,4.4,Medium,
D004_5,C021851,7.961,29.4,High,
D004_5,C021867,7.599,17.5,Low,
D004_5,C021873,7.103,20.5,Medium,No Heavy Trucks
D004_5,C021874,5.224,15.1,Medium,One-Way
D004_5,C021882,2.174,5.0,Low,
D004_5,C021951,6.705,19.3,Medium,
D004_5,C021970,7.837,22.6,Medium,
D004_5,C021975,4.371,12.6,Medium,
D004_5,C022023,4.489,10.4,Low,
D004_5,C022049,6.051,17.5,Medium,
D004_5,C022056,8.259,23.8,Medium,One-Way
D004_5,C022067,8.536,24.6,Medium,
D004_5,C022077,4.013,9.3,Low,
D004_5,C022090,3.437,12.7,High,
D004_5,C022111,6.866,19.8,Medium,
D004_5,C022128,3.067,8.8,Medium,
D004_5,C022136,2.5,9.2,High,No Heavy Trucks
D004_5,C022189,7.151,20.6,Medium,
D004_5,C022253,4.601,10.6,Low,
D004_5,C022257,4.89,14.1,Medium,
D004_5,C022278,1.531,4.4,Medium,
D004_5,C022314,4.439,10.2,Low,One-Way
D004_5,C022320,2.31,6.7,Medium,No Heavy Trucks
D004_5,C022333,6.497,18.7,Medium,
D004_5,C022350,8.097,18.7,Low,
D004_5,C022355,2.643,7.6,Medium,
D004_5,C022358,7.412,17.1,Low,
D004_5,C022365,5.976,13.8,Low,
D004_5,C022376,4.15,9.6,Low,
D004_5,C022377,6.194,14.3,Low,
D004_5,C022382,5.351,15.4,Medium,No Heavy Trucks
D004_5,C022399,6.656,19.2,Medium,
D004_5,C022415,4.025,11.6,Medium,
D004_5,C022449,6.806,15.7,Low,
D004_5,C022474,3.616,10.4,Medium,
D004_5,C022488,3.404,9.8,Medium,
D004_5,C022511,6.687,15.4,Low,
D004_5,C022525,4.552,10.5,Low,
D004_5,C022528,4.106,9.5,Low,No Heavy Trucks
D004_5,C022544,2.033,5.9,Medium,No Heavy Trucks
D004_5,C022552,7.076,16.3,Low,
D004_5,C022556,4.402,10.2,Low,One-Way
D004_5,C022561,3.975,11.5,Medium,
D004_5,C022574,0.759,2.2,Medium,
D004_5,C022607,5.273,12.2,Low,
D004_5,C022620,5.345,15.4,Medium,No Heavy Trucks
D004_5,C022626,5.166,14.9,Medium,
D004_5,C022636,8.366,19.3,Low,
D004_5,C022644,4.805,13.9,Medium,
D004_5,C022647,5.421,15.6,Medium,
D004_5,C022648,4.793,13.8,Medium,
D004_5,C022668,4.398,10.1,Low,One-Way
D004_5,C022671,9.477,27.3,Medium,
D004_5,C022678,5.585,20.6,High,
D004_5,C022717,4.663,10.8,Low,
D004_5,C022718,5.652,13.0,Low,
D004_5,C022738,8.289,30.6,High,
D004_5,C022749,4.441,10.2,Low,
D004_5,C022771,2.617,7.6,Medium,
D004_5,C022780,6.866,19.8,Medium,
D004_5,C022805,6.549,18.9,Medium,
D004_5,C022809,6.527,15.1,Low,
D004_5,C022814,6.008,13.9,Low,
D004_5,C022816,7.428,17.1,Low,
D004_5,C022823,6.487,24.0,High,
D004_5,C022824,3.556,8.2,Low,
D004_5,C022852,4.264,12.3,Medium,
D004_5,C022874,3.795,10.9,Medium,No Heavy Trucks
D004_5,C022880,3.99,11.5,Medium,
D004_5,C022910,5.369,12.4,Low,
D004_5,C022933,4.505,13.0,Medium,
D004_5,C022934,5.332,15.4,Medium,
D004_5,C022935,5.416,15.6,Medium,No Heavy Trucks
D004_5,C022945,4.21,9.7,Low,One-Way
D004_5,C022948,6.315,23.3,High,No Heavy Trucks
D004_5,C022970,4.394,12.7,Medium,
D004_5,C022975,6.947,16.0,Low,
D004_5,C022979,4.479,12.9,Medium,
D004_5,C022989,6.441,18.6,Medium,
D004_5,C023003,8.266,19.1,Low,
D004_5,C023014,5.861,16.9,Medium,
D004_5,C023016,6.228,14.4,Low,
D004_5,C023032,4.261,9.8,Low,
D004_5,C023035,8.949,25.8,Medium,One-Way
D004_5,C023064,3.968,9.2,Low,
D004_5,C023069,4.224,15.6,High,
D004_5,C023070,4.309,12.4,Medium,
D004_5,C023074,0.38,0.9,Low,
D004_5,C023102,1.951,4.5,Low,No Heavy Trucks
D004_5,C023106,3.607,8.3,Low,One-Way
D004_5,C023123,6.602,24.4,High,
D004_5,C023129,3.848,8.9,Low,
D004_5,C023133,5.301,15.3,Medium,
D004_5,C023140,6.622,19.1,Medium,One-Way
D004_5,C023153,7.213,20.8,Medium,
D004_5,C023175,1.57,4.5,Medium,
D004_5,C023212,7.883,18.2,Low,
D004_5,C023227,3.659,10.6,Medium,
D004_5,C023281,1.989,4.6,Low,
D004_5,C023289,7.124,20.6,Medium,
D004_5,C023291,8.072,18.6,Low,
D004_5,C023292,7.106,16.4,Low,
D004_5,C023323,6.496,24.0,High,No Heavy Trucks
D004_5,C023331,3.892,11.2,Medium,
D004_5,C023339,6.78,19.6,Medium,No Heavy Trucks
D004_5,C023351,2.603,7.5,Medium,
D004_5,C023365,4.446,10.3,Low,No Heavy Trucks
D004_5,C023398,8.18,23.6,Medium,
D004_5,C023404,4.788,11.0,Low,
D004_5,C023406,8.511,31.4,High,
D004_5,C023428,1.902,5.5,Medium,
D004_5,C023433,6.461,14.9,Low,One-Way
D004_5,C023437,4.195,12.1,Medium,
D004_5,C023442,4.45,12.8,Medium,
D004_5,C023444,4.963,14.3,Medium,
D004_5,C023452,8.49,24.5,Medium,
D004_5,C023463,5.657,13.1,Low,
D004_5,C023494,3.405,9.8,Medium,
D004_5,C023500,3.828,11.0,Medium,No Heavy Trucks
D004_5,C023516,9.55,22.0,Low,
D004_5,C023523,6.777,15.6,Low,
D004_5,C023532,5.55,20.5,High,
D004_5,C023533,4.812,11.1,Low,
D004_5,C023568,4.792,13.8,Medium,
D004_5,C023580,5.516,12.7,Low,
D004_5,C023581,6.586,19.0,Medium,
D004_5,C023593,6.993,16.1,Low,No Heavy Trucks
D004_5,C023603,2.589,6.0,Low,
D004_5,C023606,4.539,13.1,Medium,
D004_5,C023616,6.189,17.9,Medium,
D004_5,C023626,4.838,14.0,Medium,One-Way
D004_5,C023632,9.232,26.6,Medium,
D004_5,C023654,1.55,4.5,Medium,
D004_5,C023660,5.745,16.6,Medium,One-Way
D004_5,C023705,6.303,18.2,Medium,
D004_5,C023708,7.066,16.3,Low,
D004_5,C023712,6.872,19.8,Medium,
D004_5,C023740,2.031,7.5,High,
D004_5,C023755,6.734,24.9,High,
D004_5,C023771,6.275,18.1,Medium,
D004_5,C023791,4.549,16.8,High,
D004_5,C023795,2.883,6.7,Low,
D004_5,C023800,3.83,11.0,Medium,
D004_5,C023830,6.272,18.1,Medium,
D004_5,C023833,6.964,16.1,Low,No Heavy Trucks
D004_5,C023855,3.091,7.1,Low,
D004_5,C023859,5.841,16.8,Medium,
D004_5,C023864,5.572,12.9,Low,
D004_5,C023877,2.847,8.2,Medium,No Heavy Trucks
D004_5,C023921,6.657,15.4,Low,
D004_5,C023935,1.999,5.8,Medium,
D004_5,C023938,4.409,10.2,Low,No Heavy Trucks
D004_5,C023955,6.76,15.6,Low,
D004_5,C023971,2.847,6.6,Low,
D004_5,C023972,3.673,10.6,Medium,
D004_5,C023998,3.967,9.2,Low,
D004_5,C024009,5.646,20.8,High,
D004_5,C024041,4.124,9.5,Low,
D004_5,C024044,3.796,10.9,Medium,
D004_5,C024046,6.237,23.0,High,One-Way
D004_5,C024072,7.343,16.9,Low,
D004_5,C024078,8.304,24.0,Medium,
D004_5,C024105,2.849,8.2,Medium,
D004_5,C024113,7.621,28.1,High,
D004_5,C024117,1.895,5.5,Medium,One-Way
D004_5,C024123,7.299,16.8,Low,
D004_5,C024128,5.085,11.7,Low,
D004_5,C024131,3.517,13.0,High,
D004_5,C024135,4.778,17.6,High,
D004_5,C024179,4.246,9.8,Low,
D004_5,C024183,6.891,25.4,High,
D004_5,C024203,4.622,13.3,Medium,
D004_5,C024204,3.103,7.2,Low,
D004_5,C024216,4.273,9.9,Low,
D004_5,C024245,7.686,17.7,Low,No Heavy Trucks
D004_5,C024283,6.948,20.0,Medium,
D004_5,C024303,0.509,1.5,Medium,
D004_5,C024309,4.523,13.0,Medium,
D004_5,C024327,4.341,10.0,Low,
D004_5,C024344,3.984,9.2,Low,
D004_5,C024349,5.31,12.3,Low,One-Way
D004_5,C024359,8.111,18.7,Low,
D004_5,C024367,6.93,20.0,Medium,
D004_5,C024384,6.894,15.9,Low,
D004_5,C024386,5.187,15.0,Medium,No Heavy Trucks
D004_5,C024389,7.948,22.9,Medium,One-Way
D004_5,C024399,5.509,12.7,Low,
D004_5,C024402,5.606,12.9,Low,
D004_5,C024406,2.393,6.9,Medium,
D004_5,C024407,4.022,9.3,Low,
D004_5,C024438,3.229,7.5,Low,
D004_5,C024450,1.887,7.0,High,
D004_5,C024455,6.767,19.5,Medium,
D004_5,C024461,3.614,10.4,Medium,
D004_5,C024463,6.733,24.9,High,
D004_5,C024465,3.526,8.1,Low,
D004_5,C024470,2.359,6.8,Medium,No Heavy Trucks
D004_5,C024486,3.606,10.4,Medium,
D004_5,C024493,1.136,3.3,Medium,
D004_5,C024496,3.991,9.2,Low,
D004_5,C024504,2.558,7.4,Medium,
D004_5,C024513,5.804,16.7,Medium,One-Way
D004_5,C024516,3.923,11.3,Medium,
D004_5,C024526,7.257,20.9,Medium,
D004_5,C024548,8.217,30.3,High,
D004_5,C024573,3.516,10.1,Medium,One-Way
D004_5,C024585,3.176,7.3,Low,
D004_5,C024602,2.42,5.6,Low,
D004_5,C024609,8.762,25.3,Medium,No Heavy Trucks
D004_5,C024612,6.64,19.2,Medium,
D004_5,C024630,8.333,24.0,Medium,
D004_5,C024632,6.803,25.1,High,
D004_5,C024643,6.681,15.4,Low,
D004_5,C024645,6.847,19.7,Medium,
D004_5,C024652,6.277,14.5,Low,
D004_5,C024662,3.698,8.5,Low,
D004_5,C024683,4.927,14.2,Medium,
D004_5,C024714,9.183,21.2,Low,
D004_5,C024732,3.038,7.0,Low,
D004_5,C024770,4.688,10.8,Low,
D004_5,C024772,9.848,22.7,Low,
D004_5,C024793,8.933,25.8,Medium,No Heavy Trucks
D004_5,C024833,8.413,19.4,Low,
D004_5,C024846,6.617,19.1,Medium,
D004_5,C024879,5.541,16.0,Medium,No Heavy Trucks
D004_5,C024881,2.432,5.6,Low,
D004_5,C024883,9.084,26.2,Medium,
D004_5,C024888,7.495,21.6,Medium,
D004_5,C024889,3.376,7.8,Low,
D004_5,C024911,8.756,25.3,Medium,
D004_5,C024933,6.701,19.3,Medium,
D004_5,C024966,7.017,25.9,High,
D004_5,C024983,4.792,13.8,Medium,
D004_5,C024992,1.928,5.6,Medium,
D004_5,C024994,6.045,14.0,Low,
D004_5,C025003,7.362,21.2,Medium,One-Way
D004_5,C025004,5.913,13.6,Low,
D004_5,C025024,6.581,19.0,Medium,
D004_5,C025037,6.877,15.9,Low,
D004_5,C025048,3.893,11.2,Medium,No Heavy Trucks
D004_5,C025050,5.925,21.9,High,
D004_5,C025062,4.468,10.3,Low,
D004_5,C025081,7.924,18.3,Low,
D004_5,C025105,5.139,19.0,High,
D004_5,C025119,2.438,5.6,Low,No Heavy Trucks
D004_5,C025128,6.297,23.2,High,
D004_5,C025151,5.548,12.8,Low,
D004_5,C025171,8.103,29.9,High,
D004_5,C025186,6.77,19.5,Medium,
D004_5,C025187,1.37,4.0,Medium,
D004_5,C025193,2.989,6.9,Low,
D004_5,C025196,6.877,19.8,Medium,
D004_5,C025214,5.278,15.2,Medium,
D004_5,C025237,2.752,10.2,High,
D004_5,C025242,3.626,10.5,Medium,
D004_5,C025248,4.852,17.9,High,
D004_5,C025257,5.888,13.6,Low,No Heavy Trucks
D004_5,C025258,3.679,8.5,Low,
D004_5,C025282,8.108,18.7,Low,
D004_5,C025308,5.235,19.3,High,
D004_5,C025311,4.586,13.2,Medium,
D004_5,C025312,5.789,13.4,Low,
D004_5,C025313,7.825,18.1,Low,
D004_5,C025323,2.212,6.4,Medium,
D004_5,C025371,3.188,7.4,Low,
D004_5,C025380,3.343,9.6,Medium,
D004_5,C025402,3.85,8.9,Low,
D004_5,C025404,3.384,9.8,Medium,
D004_5,C025445,7.108,20.5,Medium,
D004_5,C025457,2.106,4.9,Low,
D004_5,C025459,7.611,17.6,Low,
D004_5,C025466,6.996,20.2,Medium,
D004_5,C025496,3.542,10.2,Medium,No Heavy Trucks
D004_5,C025499,5.067,11.7,Low,
D004_5,C025527,6.094,14.1,Low,
D004_5,C025532,3.639,10.5,Medium,
D004_5,C025573,4.566,16.9,High,No Heavy Trucks
D004_5,C025589,3.332,9.6,Medium,One-Way
D004_5,C025607,6.609,19.1,Medium,
D004_5,C025626,2.302,5.3,Low,
D004_5,C025635,3.13,7.2,Low,
D004_5,C025676,6.115,14.1,Low,
D004_5,C025679,5.946,17.2,Medium,
D004_5,C025717,8.622,24.9,Medium,
D004_5,C025718,4.192,9.7,Low,
D004_5,C025741,4.958,18.3,High,One-Way
D004_5,C025747,4.791,11.1,Low,
D004_5,C025780,3.291,9.5,Medium,
D004_5,C025793,2.133,6.2,Medium,
D004_5,C025797,4.645,13.4,Medium,
D004_5,C025798,2.195,8.1,High,
D004_5,C025803,4.303,15.9,High,
D004_5,C025810,5.481,15.8,Medium,
D004_5,C025822,7.11,26.3,High,
D004_5,C025830,5.819,16.8,Medium,
D004_5,C025831,7.978,23.0,Medium,
D004_5,C025836,4.983,11.5,Low,
D004_5,C025853,9.697,22.4,Low,
D004_5,C025884,5.912,21.8,High,
D004_5,C025902,7.477,27.6,High,
D004_5,C025942,5.618,16.2,Medium,
D004_5,C025985,1.394,4.0,Medium,
D004_5,C025998,8.349,19.3,Low,
D004_5,C025999,5.874,21.7,High,
D004_5,C026008,7.333,27.1,High,No Heavy Trucks
D004_5,C026009,6.471,23.9,High,
D004_5,C026010,4.081,11.8,Medium,
D004_5,C026013,4.439,12.8,Medium,
D004_5,C026022,3.783,10.9,Medium,
D004_5,C026033,8.186,23.6,Medium,One-Way
D004_5,C026037,1.228,3.5,Medium,
D004_5,C026048,6.339,18.3,Medium,
D004_5,C026049,1.864,5.4,Medium,
D004_5,C026052,4.791,11.1,Low,
D004_5,C026053,4.752,13.7,Medium,
D004_5,C026058,6.059,22.4,High,One-Way
D004_5,C026061,6.213,17.9,Medium,No Heavy Trucks
D004_5,C026085,2.381,6.9,Medium,
D004_5,C026103,0.497,1.1,Low,
D004_5,C026118,6.903,19.9,Medium,
D004_5,C026130,3.834,8.8,Low,
D004_5,C026145,4.795,11.1,Low,
D004_5,C026149,6.498,18.7,Medium,No Heavy Trucks
D004_5,C026155,3.042,7.0,Low,
D004_5,C026164,3.674,10.6,Medium,
D004_5,C026192,2.567,7.4,Medium,
D004_5,C026202,4.56,10.5,Low,
D004_5,C026235,4.535,13.1,Medium,
D004_5,C026257,4.716,13.6,Medium,One-Way
D004_5,C026270,8.002,23.1,Medium,One-Way
D004_5,C026273,2.431,7.0,Medium,No Heavy Trucks
D004_5,C026278,3.378,9.7,Medium,
D004_5,C026283,4.223,9.7,Low,
D004_5,C026286,9.169,21.2,Low,
D004_5,C026301,7.239,16.7,Low,No Heavy Trucks
D004_5,C026335,5.549,16.0,Medium,
D004_5,C026342,5.348,15.4,Medium,
D004_5,C026355,5.526,20.4,High,
D004_5,C026358,5.68,16.4,Medium,
D004_5,C026373,5.65,16.3,Medium,
D004_5,C026394,5.063,14.6,Medium,
D004_5,C026441,8.328,19.2,Low,
D004_5,C026444,3.11,7.2,Low,
D004_5,C026448,3.51,13.0,High,
D004_5,C026454,6.55,18.9,Medium,
D004_5,C026462,3.206,7.4,Low,
D004_5,C026468,3.426,9.9,Medium,
D004_5,C026470,5.071,18.7,High,
D004_5,C026502,2.416,7.0,Medium,No Heavy Trucks
D004_5,C026526,6.09,14.1,Low,
D004_5,C026528,6.313,18.2,Medium,
D004_5,C026529,8.418,19.4,Low,
D004_5,C026533,3.71,10.7,Medium,
D004_5,C026559,5.508,20.3,High,
D004_5,C026562,5.63,16.2,Medium,
D004_5,C026569,4.717,10.9,Low,
D004_5,C026592,5.218,15.1,Medium,
D004_5,C026602,7.709,22.2,Medium,
D004_5,C026609,2.617,7.5,Medium,
D004_5,C026613,1.039,2.4,Low,
D004_5,C026621,3.145,9.1,Medium,No Heavy Trucks
D004_5,C026634,3.261,7.5,Low,No Heavy Trucks
D004_5,C026671,5.574,16.1,Medium,
D004_5,C026691,2.534,9.4,High,No Heavy Trucks
D004_5,C026698,6.936,20.0,Medium,
D004_5,C026703,5.934,17.1,Medium,
D004_5,C026706,6.077,17.5,Medium,One-Way
D004_5,C026713,8.788,20.3,Low,One-Way
D004_5,C026723,4.812,11.1,Low,
D004_5,C026748,6.192,17.9,Medium,One-Way
D004_5,C026773,3.422,7.9,Low,
D004_5,C026777,4.072,9.4,Low,
D004_5,C026788,5.592,20.6,High,No Heavy Trucks
D004_5,C026798,6.08,17.5,Medium,
D004_5,C026815,7.127,16.4,Low,One-Way
D004_5,C026830,8.208,30.3,High,No Heavy Trucks
D004_5,C026839,6.025,17.4,Medium,
D004_5,C026852,1.189,3.4,Medium,
D004_5,C026855,8.053,18.6,Low,
D004_5,C026866,6.203,17.9,Medium,
D004_5,C026884,8.255,19.0,Low,
D004_5,C026885,0.956,2.2,Low,
D004_5,C026892,3.571,10.3,Medium,No Heavy Trucks
D004_5,C026900,9.124,33.7,High,One-Way
D004_5,C026917,5.102,11.8,Low,
D004_5,C026930,4.232,12.2,Medium,
D004_5,C026940,5.413,12.5,Low,
D004_5,C026957,5.036,14.5,Medium,
D004_5,C026959,4.171,12.0,Medium,
D004_5,C026962,4.675,13.5,Medium,No Heavy Trucks
D004_5,C026974,0.843,2.4,Medium,
D004_5,C026996,3.272,7.6,Low,
D004_5,C027023,6.305,23.3,High,
D004_5,C027048,6.0,22.2,High,
D004_5,C027057,4.088,11.8,Medium,
D004_5,C027062,6.421,14.8,Low,
D004_5,C027070,7.04,16.2,Low,
D004_5,C027085,4.357,12.6,Medium,
D004_5,C027108,6.734,15.5,Low,
D004_5,C027146,8.195,18.9,Low,
D004_5,C027190,4.581,10.6,Low,
D004_5,C027196,5.706,16.5,Medium,
D004_5,C027198,4.144,12.0,Medium,One-Way
D004_5,C027204,3.417,7.9,Low,One-Way
D004_5,C027206,2.172,8.0,High,
D004_5,C027221,10.205,29.4,Medium,
D004_5,C027264,6.644,19.2,Medium,
D004_5,C027269,2.368,5.5,Low,
D004_5,C027280,5.828,13.5,Low,
D004_5,C027286,5.515,12.7,Low,
D004_5,C027293,7.585,21.9,Medium,
D004_5,C027314,6.078,14.0,Low,One-Way
D004_5,C027324,3.492,10.1,Medium,
D004_5,C027334,6.752,24.9,High,
D004_5,C027338,8.013,18.5,Low,
D004_5,C027344,7.213,20.8,Medium,One-Way
D004_5,C027359,1.283,3.0,Low,
D004_5,C027367,7.451,17.2,Low,
D004_5,C027376,5.031,11.6,Low,
D004_5,C027378,6.593,19.0,Medium,
D004_5,C027420,4.008,9.2,Low,
D004_5,C027449,6.838,19.7,Medium,
D004_5,C027467,8.14,23.5,Medium,
D004_5,C027474,2.852,6.6,Low,
D004_5,C027501,5.43,12.5,Low,
D004_5,C027523,2.9,8.4,Medium,
D004_5,C027530,7.604,21.9,Medium,No Heavy Trucks
D004_5,C027533,4.991,14.4,Medium,
D004_5,C027536,8.491,19.6,Low,
D004_5,C027578,7.3,21.1,Medium,
D004_5,C027582,8.112,30.0,High,One-Way
D004_5,C027591,3.169,9.1,Medium,
D004_5,C027605,6.843,19.7,Medium,One-Way
D004_5,C027635,6.312,14.6,Low,
D004_5,C027639,4.451,12.8,Medium,One-Way
D004_5,C027641,4.543,10.5,Low,
D004_5,C027644,1.89,4.4,Low,
D004_5,C027656,6.693,24.7,High,
D004_5,C027668,2.134,6.2,Medium,
D004_5,C027674,5.19,15.0,Medium,
D004_5,C027681,7.217,20.8,Medium,
D004_5,C027692,3.558,10.3,Medium,
D004_5,C027694,6.631,15.3,Low,
D004_5,C027731,8.466,19.5,Low,
D004_5,C027745,2.96,10.9,High,
D004_5,C027762,7.441,21.5,Medium,
D004_5,C027763,3.622,13.4,High,One-Way
D004_5,C027766,8.878,20.5,Low,
D004_5,C027795,3.917,11.3,Medium,
D004_5,C027820,3.788,10.9,Medium,No Heavy Trucks
D004_5,C027847,8.69,20.1,Low,
D004_5,C027848,7.05,20.3,Medium,
D004_5,C027851,6.396,14.8,Low,
D004_5,C027856,1.969,7.3,High,
D004_5,C027875,4.634,17.1,High,
D004_5,C027876,6.047,14.0,Low,
D004_5,C027882,3.267,9.4,Medium,
D004_5,C027886,4.734,13.7,Medium,
D004_5,C027897,5.481,15.8,Medium,
D004_5,C027931,6.892,15.9,Low,
D004_5,C027936,6.66,19.2,Medium,No Heavy Trucks
D004_5,C027962,4.074,9.4,Low,
D004_5,C027971,1.117,4.1,High,
D004_5,C028030,1.65,4.8,Medium,
D004_5,C028033,6.318,18.2,Medium,
D004_5,C028056,7.368,21.3,Medium,
D004_5,C028112,4.442,12.8,Medium,
D004_5,C028155,2.09,6.0,Medium,
D004_5,C028156,3.225,9.3,Medium,No Heavy Trucks
D004_5,C028171,7.047,20.3,Medium,
D004_5,C028172,8.091,23.3,Medium,
D004_5,C028187,4.383,12.6,Medium,
D004_5,C028191,5.627,16.2,Medium,
D004_5,C028220,4.534,13.1,Medium,
D004_5,C028223,2.397,8.8,High,
D004_5,C028233,5.099,14.7,Medium,
D004_5,C028236,5.912,13.6,Low,
D004_5,C028239,2.725,7.9,Medium,
D004_5,C028266,2.655,7.7,Medium,
D004_5,C028280,1.47,3.4,Low,No Heavy Trucks
D004_5,C028281,6.892,19.9,Medium,
D004_5,C028306,4.264,15.7,High,
D004_5,C028329,6.722,15.5,Low,No Heavy Trucks
D004_5,C028341,7.29,21.0,Medium,
D004_5,C028345,7.349,21.2,Medium,
D004_5,C028369,4.233,12.2,Medium,One-Way
D004_5,C028380,4.627,13.3,Medium,
D004_5,C028393,2.471,7.1,Medium,
D004_5,C028403,4.096,9.5,Low,
D004_5,C028413,7.267,16.8,Low,
D004_5,C028416,5.599,16.2,Medium,
D004_5,C028431,5.414,15.6,Medium,
D004_5,C028433,9.884,28.5,Medium,No Heavy Trucks
D004_5,C028436,8.495,24.5,Medium,No Heavy Trucks
D004_5,C028440,8.494,19.6,Low,
D004_5,C028447,7.966,23.0,Medium,
D004_5,C028469,2.913,6.7,Low,
D004_5,C028470,5.811,16.8,Medium,
D004_5,C028483,5.396,15.6,Medium,
D004_5,C028488,6.683,24.7,High,
D004_5,C028490,1.847,5.3,Medium,
D004_5,C028492,3.234,7.5,Low,No Heavy Trucks
D004_5,C028530,2.532,7.3,Medium,
D004_5,C028536,3.513,10.1,Medium,
D004_5,C028540,5.895,17.0,Medium,
D004_5,C028556,4.926,11.4,Low,No Heavy Trucks
D004_5,C028563,4.624,13.3,Medium,
D004_5,C028578,8.575,24.7,Medium,
D004_5,C028581,4.724,13.6,Medium,
D004_5,C028587,4.361,12.6,Medium,
D004_5,C028590,6.563,18.9,Medium,
D004_5,C028596,0.723,1.7,Low,No Heavy Trucks
D004_5,C028604,1.478,3.4,Low,No Heavy Trucks
D004_5,C028614,5.428,15.7,Medium,
D004_5,C028617,8.482,31.3,High,
D004_5,C028626,6.999,16.2,Low,
D004_5,C028630,4.749,13.7,Medium,One-Way
D004_5,C028632,5.735,16.5,Medium,
D004_5,C028642,5.893,17.0,Medium,
D004_5,C028649,3.538,10.2,Medium,
D004_5,C028657,9.495,35.1,High,
D004_5,C028687,6.21,17.9,Medium,
D004_5,C028728,4.556,10.5,Low,
D004_5,C028740,4.734,17.5,High,
D004_5,C028747,5.594,20.7,High,
D004_5,C028779,3.086,8.9,Medium,
D004_5,C028781,2.202,6.4,Medium,
D004_5,C028792,7.165,20.7,Medium,
D004_5,C028799,9.31,26.9,Medium,No Heavy Trucks
D004_5,C028807,8.884,20.5,Low,
D004_5,C028840,3.221,11.9,High,
D004_5,C028846,2.463,5.7,Low,
D004_5,C028855,4.375,12.6,Medium,
D004_5,C028858,5.389,15.5,Medium,
D004_5,C028862,1.7,6.3,High,
D004_5,C028865,4.528,10.5,Low,No Heavy Trucks
D004_5,C028884,5.642,16.3,Medium,One-Way
D004_5,C028897,3.439,7.9,Low,
D004_5,C028919,2.342,6.8,Medium,
D004_5,C028936,5.776,16.7,Medium,No Heavy Trucks
D004_5,C028939,2.127,6.1,Medium,
D004_5,C028951,6.202,22.9,High,
D004_5,C028956,7.246,16.7,Low,
D004_5,C028959,8.377,30.9,High,
D004_5,C028961,5.192,15.0,Medium,No Heavy Trucks
D004_5,C028964,3.426,9.9,Medium,
D004_5,C029011,7.511,21.7,Medium,
D004_5,C029035,4.857,14.0,Medium,
D004_5,C029078,4.385,12.6,Medium,
D004_5,C029123,3.468,10.0,Medium,
D004_5,C029128,6.581,19.0,Medium,
D004_5,C029135,5.347,15.4,Medium,One-Way
D004_5,C029176,5.622,13.0,Low,
D004_5,C029218,5.259,19.4,High,
D004_5,C029235,3.475,8.0,Low,
D004_5,C029241,8.43,31.1,High,
D004_5,C029254,6.247,18.0,Medium,
D004_5,C029262,4.54,13.1,Medium,
D004_5,C029269,5.351,15.4,Medium,
D004_5,C029280,3.193,9.2,Medium,
D004_5,C029307,6.817,25.2,High,No Heavy Trucks
D004_5,C029314,2.394,6.9,Medium,
D004_5,C029320,8.842,25.5,Medium,One-Way
D004_5,C029347,6.095,22.5,High,
D004_5,C029351,4.617,13.3,Medium,
D004_5,C029356,6.761,25.0,High,
D004_5,C029362,6.232,18.0,Medium,One-Way
D004_5,C029375,6.448,14.9,Low,
D004_5,C029381,3.742,8.6,Low,
D004_5,C029393,6.363,18.4,Medium,
D004_5,C029394,7.099,20.5,Medium,
D004_5,C029405,4.047,9.3,Low,
D004_5,C029406,7.465,27.6,High,
D004_5,C029414,6.409,18.5,Medium,
D004_5,C029426,2.979,8.6,Medium,
D004_5,C029429,5.467,15.8,Medium,One-Way
D004_5,C029435,7.389,21.3,Medium,
D004_5,C029436,5.149,19.0,High,
D004_5,C029452,3.736,8.6,Low,
D004_5,C029464,7.001,16.2,Low,No Heavy Trucks
D004_5,C029466,8.209,18.9,Low,One-Way
D004_5,C029472,2.756,8.0,Medium,One-Way
D004_5,C029474,8.635,31.9,High,
D004_5,C029478,5.273,12.2,Low,
D004_5,C029490,5.089,14.7,Medium,One-Way
D004_5,C029495,6.035,13.9,Low,
D004_5,C029508,6.668,19.2,Medium,One-Way
D004_5,C029548,4.045,11.7,Medium,
D004_5,C029576,7.768,17.9,Low,
D004_5,C029580,2.587,7.5,Medium,One-Way
D004_5,C029596,5.724,16.5,Medium,
D004_5,C029603,3.086,7.1,Low,
D004_5,C029621,9.048,20.9,Low,
D004_5,C029632,4.081,9.4,Low,
D004_5,C029655,4.112,15.2,High,
D004_5,C029671,5.361,12.4,Low,No Heavy Trucks
D004_5,C029674,2.234,5.2,Low,One-Way
D004_5,C029685,7.552,21.8,Medium,
D004_5,C029689,6.777,19.6,Medium,
D004_5,C029696,5.547,16.0,Medium,No Heavy Trucks
D004_5,C029712,4.202,12.1,Medium,
D004_5,C029719,5.252,12.1,Low,
D004_5,C029729,4.15,9.6,Low,
D004_5,C029741,4.948,14.3,Medium,
D004_5,C029746,3.226,7.4,Low,
D004_5,C029770,6.292,18.2,Medium,
D004_5,C029791,5.559,12.8,Low,
D004_5,C029797,2.176,6.3,Medium,
D004_5,C029798,2.905,8.4,Medium,
D004_5,C029802,5.828,16.8,Medium,
D004_5,C029811,7.048,16.3,Low,
D004_5,C029827,8.361,30.9,High,
D004_5,C029828,6.676,15.4,Low,
D004_5,C029837,6.68,19.3,Medium,
D004_5,C029846,6.044,13.9,Low,
D004_5,C029849,4.704,13.6,Medium,
D004_5,C029862,9.232,26.6,Medium,
D004_5,C029876,3.335,7.7,Low,
D004_5,C029909,3.182,7.3,Low,No Heavy Trucks
D004_5,C029918,8.246,30.4,High,
D004_5,C029932,2.418,5.6,Low,
D004_5,C029951,4.386,10.1,Low,
D004_5,C029980,5.243,15.1,Medium,
D004_5,C029986,1.566,4.5,Medium,
D004_5,C029997,9.839,22.7,Low,
D004_5,C030013,2.672,6.2,Low,
D004_5,C030015,6.819,25.2,High,
D004_5,C030020,5.795,13.4,Low,
D004_5,C030031,7.202,20.8,Medium,
D004_5,C030032,4.911,14.2,Medium,
D004_5,C030034,6.37,18.4,Medium,
D004_5,C030043,4.837,11.2,Low,
D004_5,C030054,5.157,19.0,High,
D004_5,C030068,5.264,15.2,Medium,One-Way
D004_5,C030074,6.338,18.3,Medium,One-Way
D004_5,C030091,1.167,3.4,Medium,
D004_5,C030100,3.267,7.5,Low,
D004_5,C030111,4.969,14.3,Medium,
D004_5,C030115,6.652,15.3,Low,
D004_5,C030137,7.689,22.2,Medium,
D004_5,C030140,7.605,21.9,Medium,
D004_5,C030149,3.688,13.6,High,
D004_5,C030197,2.528,7.3,Medium,
D004_5,C030208,6.573,19.0,Medium,
D004_5,C030216,4.863,18.0,High,
D004_5,C030253,6.109,17.6,Medium,
D004_5,C030260,5.249,15.1,Medium,
D004_5,C030262,7.279,21.0,Medium,
D004_5,C030274,3.846,14.2,High,
D004_5,C030276,6.834,15.8,Low,
D004_5,C030298,9.147,26.4,Medium,
D004_5,C030314,5.066,11.7,Low,No Heavy Trucks
D004_5,C030326,6.184,17.8,Medium,No Heavy Trucks
D004_5,C030345,6.246,14.4,Low,
D004_5,C030394,6.63,19.1,Medium,No Heavy Trucks
D004_5,C030421,5.783,16.7,Medium,No Heavy Trucks
D004_5,C030438,7.501,21.6,Medium,
D004_5,C030442,6.329,18.3,Medium,
D004_5,C030448,5.539,16.0,Medium,
D004_5,C030451,4.593,10.6,Low,One-Way
D004_5,C030452,6.206,17.9,Medium,
D004_5,C030458,4.795,13.8,Medium,One-Way
D004_5,C030469,5.512,12.7,Low,
D004_5,C030488,6.386,23.6,High,
D004_5,C030492,4.276,9.9,Low,
D004_5,C030499,4.612,13.3,Medium,
D004_5,C030526,3.029,7.0,Low,
D004_5,C030538,5.881,17.0,Medium,
D004_5,C030544,4.318,12.5,Medium,
D004_5,C030551,6.297,14.5,Low,
D004_5,C030565,6.26,14.4,Low,
D004_5,C030571,5.397,19.9,High,No Heavy Trucks
D004_5,C030573,4.602,17.0,High,
D004_5,C030581,8.857,20.4,Low,
D004_5,C030587,4.976,18.4,High,
D004_5,C030588,3.512,8.1,Low,No Heavy Trucks
D004_5,C030589,3.84,8.9,Low,
D004_5,C030601,1.668,4.8,Medium,
D004_5,C030638,5.491,20.3,High,
D004_5,C030642,5.908,17.0,Medium,
D004_5,C030655,7.344,21.2,Medium,
D004_5,C030661,4.368,10.1,Low,
D004_5,C030689,6.897,25.5,High,
D004_5,C030724,4.73,13.6,Medium,
D004_5,C030725,0.955,2.8,Medium,
D004_5,C030730,4.714,13.6,Medium,
D004_5,C030746,7.929,22.9,Medium,
D004_5,C030758,7.381,21.3,Medium,
D004_5,C030787,6.797,19.6,Medium,
D004_5,C030789,8.537,31.5,High,No Heavy Trucks
D004_5,C030792,7.231,20.9,Medium,No Heavy Trucks
D004_5,C030809,4.396,16.2,High,No Heavy Trucks
D004_5,C030813,3.679,10.6,Medium,
D004_5,C030829,7.445,21.5,Medium,No Heavy Trucks
D004_5,C030844,1.074,3.1,Medium,No Heavy Trucks
D004_5,C030854,2.028,5.8,Medium,
D004_5,C030883,6.913,19.9,Medium,
D004_5,C030887,2.572,7.4,Medium,One-Way
D004_5,C030912,3.355,7.7,Low,One-Way
D004_5,C030914,4.207,12.1,Medium,
D004_5,C030917,6.363,18.4,Medium,
D004_5,C030923,4.331,12.5,Medium,One-Way
D004_5,C030926,6.742,15.6,Low,
D004_5,C030932,3.55,13.1,High,
D004_5,C030939,5.815,13.4,Low,
D004_5,C030953,5.398,15.6,Medium,
D004_5,C030961,7.351,21.2,Medium,
D004_5,C030974,5.676,16.4,Medium,
D004_5,C030978,2.794,8.1,Medium,
D004_5,C031002,7.192,20.7,Medium,
D004_5,C031005,6.762,19.5,Medium,
D004_5,C031008,6.213,17.9,Medium,
D004_5,C031012,9.337,21.5,Low,One-Way
D004_5,C031015,3.728,10.8,Medium,
D004_5,C031055,2.748,7.9,Medium,
D004_5,C031105,6.087,14.0,Low,No Heavy Trucks
D004_5,C031112,6.887,19.9,Medium,
D004_5,C031128,4.781,17.7,High,
D004_5,C031145,4.841,11.2,Low,No Heavy Trucks
D004_5,C031147,5.981,17.3,Medium,
D004_5,C031149,5.499,20.3,High,
D004_5,C031150,4.13,9.5,Low,
D004_5,C031151,6.599,15.2,Low,One-Way
D004_5,C031173,7.38,21.3,Medium,
D004_5,C031179,9.036,33.4,High,
D004_5,C031184,6.106,17.6,Medium,
D004_5,C031191,4.39,12.7,Medium,
D004_5,C031193,5.442,12.6,Low,
D004_5,C031197,8.622,19.9,Low,
D004_5,C031237,5.62,13.0,Low,
D004_5,C031241,3.581,10.3,Medium,
D004_5,C031246,3.595,10.4,Medium,No Heavy Trucks
D004_5,C031255,8.92,32.9,High,One-Way
D004_5,C031302,4.699,13.6,Medium,
D004_5,C031312,4.861,14.0,Medium,
D004_5,C031328,8.527,19.7,Low,
D004_5,C031340,6.613,15.3,Low,
D004_5,C031354,5.26,19.4,High,
D004_5,C031356,1.651,3.8,Low,
D004_5,C031368,4.881,18.0,High,
D004_5,C031372,7.637,22.0,Medium,
D004_5,C031378,5.639,16.3,Medium,One-Way
D004_5,C031382,1.549,5.7,High,One-Way
D004_5,C031385,5.707,13.2,Low,
D004_5,C031407,4.698,13.6,Medium,
D004_5,C031421,4.961,14.3,Medium,
D004_5,C031448,5.577,12.9,Low,
D004_5,C031449,0.495,1.4,Medium,
D004_5,C031452,7.109,20.5,Medium,
D004_5,C031453,7.781,28.7,High,One-Way
D004_5,C031457,7.317,16.9,Low,
D004_5,C031477,3.729,10.8,Medium,
D004_5,C031496,4.324,12.5,Medium,
D004_5,C031497,6.026,22.2,High,
D004_5,C031506,5.486,15.8,Medium,
D004_5,C031533,2.75,10.2,High,
D004_5,C031563,1.126,3.2,Medium,
D004_5,C031567,8.101,18.7,Low,
D004_5,C031572,7.154,16.5,Low,
D004_5,C031582,6.591,19.0,Medium,One-Way
D004_5,C031586,7.006,20.2,Medium,
D004_5,C031590,3.383,7.8,Low,
D004_5,C031601,6.904,25.5,High,
D004_5,C031629,7.28,16.8,Low,
D004_5,C031637,8.127,23.4,Medium,One-Way
D004_5,C031660,6.093,17.6,Medium,
D004_5,C031670,1.909,5.5,Medium,One-Way
D004_5,C031678,6.881,19.9,Medium,
D004_5,C031690,2.701,7.8,Medium,
D004_5,C031697,3.193,9.2,Medium,No Heavy Trucks
D004_5,C031720,5.565,16.1,Medium,
D004_5,C031723,5.548,16.0,Medium,No Heavy Trucks
D004_5,C031725,7.661,22.1,Medium,
D004_5,C031735,6.266,14.5,Low,
D004_5,C031754,5.754,13.3,Low,
D004_5,C031760,5.949,17.2,Medium,
D004_5,C031780,3.925,11.3,Medium,
D004_5,C031784,4.798,17.7,High,
D004_5,C031785,5.668,16.4,Medium,
D004_5,C031820,5.35,12.3,Low,One-Way
D004_5,C031857,8.374,19.3,Low,No Heavy Trucks
D004_5,C031860,6.894,19.9,Medium,
D004_5,C031861,5.835,16.8,Medium,
D004_5,C031872,7.409,21.4,Medium,
D004_5,C031880,5.408,12.5,Low,
D004_5,C031909,3.591,10.4,Medium,
D004_5,C031920,2.88,8.3,Medium,
D004_5,C031960,5.854,13.5,Low,
D004_5,C031975,3.807,8.8,Low,
D004_5,C032005,2.94,8.5,Medium,
D004_5,C032021,3.4,7.8,Low,
D004_5,C032025,8.157,30.1,High,
D004_5,C032029,3.868,14.3,High,
D004_5,C032043,6.768,25.0,High,
D004_5,C032077,6.066,17.5,Medium,No Heavy Trucks
D004_5,C032110,2.438,7.0,Medium,
D004_5,C032114,5.19,15.0,Medium,
D004_5,C032115,7.771,22.4,Medium,
D004_5,C032117,5.717,16.5,Medium,One-Way
D004_5,C032144,9.844,28.4,Medium,
D004_5,C032147,3.963,11.4,Medium,
D004_5,C032159,4.154,9.6,Low,
D004_5,C032160,7.864,18.1,Low,
D004_5,C032163,4.341,10.0,Low,
D004_5,C032188,3.135,9.0,Medium,
D004_5,C032190,5.987,13.8,Low,
D004_5,C032199,2.969,6.9,Low,
D004_5,C032214,1.916,5.5,Medium,
D004_5,C032220,8.916,20.6,Low,No Heavy Trucks
D004_5,C032238,5.321,15.3,Medium,
D004_5,C032270,6.955,20.1,Medium,
D004_5,C032279,6.321,14.6,Low,
D004_5,C032326,8.982,25.9,Medium,
D004_5,C032330,7.509,27.7,High,
D004_5,C032339,4.236,12.2,Medium,
D004_5,C032340,4.311,12.4,Medium,One-Way
D004_5,C032341,6.626,24.5,High,
D004_5,C032348,6.955,16.0,Low,
D004_5,C032350,3.776,13.9,High,
D004_5,C032360,3.156,7.3,Low,
D004_5,C032398,7.927,22.9,Medium,
D004_5,C032404,7.594,21.9,Medium,
D004_5,C032417,2.614,6.0,Low,No Heavy Trucks
D004_5,C032418,7.863,18.1,Low,
D004_5,C032423,5.294,12.2,Low,
D004_5,C032439,1.595,4.6,Medium,
D004_5,C032451,4.882,14.1,Medium,
D004_5,C032463,5.405,12.5,Low,No Heavy Trucks
D004_5,C032473,0.437,1.0,Low,
D004_5,C032485,6.091,22.5,High,
D004_5,C032511,8.188,23.6,Medium,
D004_5,C032512,2.776,8.0,Medium,One-Way
D004_5,C032546,7.207,16.6,Low,
D004_5,C032550,6.393,14.8,Low,
D004_5,C032566,5.298,15.3,Medium,
D004_5,C032631,7.488,21.6,Medium,
D004_5,C032641,5.304,12.2,Low,
D004_5,C032669,5.528,15.9,Medium,
D004_5,C032670,7.354,17.0,Low,
D004_5,C032674,1.076,3.1,Medium,
D004_5,C032685,5.211,12.0,Low,
D004_5,C032688,5.171,11.9,Low,
D004_5,C032695,3.739,8.6,Low,
D004_5,C032809,8.845,25.5,Medium,No Heavy Trucks
D004_5,C032825,3.864,8.9,Low,
D004_5,C032842,2.514,7.3,Medium,No Heavy Trucks
D004_5,C032859,3.904,11.3,Medium,
D004_5,C032867,5.171,14.9,Medium,
D004_5,C032869,0.547,1.3,Low,
D004_5,C032881,3.713,10.7,Medium,
D004_5,C032904,7.441,21.5,Medium,
D004_5,C032927,7.174,16.6,Low,
D004_5,C032937,2.017,5.8,Medium,
D004_5,C032938,5.13,18.9,High,
D004_5,C032958,3.36,7.8,Low,
D004_5,C032960,5.217,12.0,Low,
D004_5,C032992,4.777,11.0,Low,
D004_5,C033012,5.137,11.9,Low,
D004_5,C033014,2.943,10.9,High,
D004_5,C033026,6.682,19.3,Medium,
D004_5,C033034,2.896,10.7,High,One-Way
D004_5,C033035,6.247,14.4,Low,
D004_5,C033036,5.351,15.4,Medium,
D004_5,C033051,2.399,6.9,Medium,
D004_5,C033062,6.076,17.5,Medium,
D004_5,C033067,5.683,13.1,Low,
D004_5,C033077,5.543,16.0,Medium,
D004_5,C033083,5.575,16.1,Medium,
D004_5,C033093,2.227,6.4,Medium,One-Way
D004_5,C033100,3.825,8.8,Low,
D004_5,C033112,8.924,25.7,Medium,
D004_5,C033115,1.985,4.6,Low,
D004_5,C033130,4.328,12.5,Medium,No Heavy Trucks
D004_5,C033132,4.985,11.5,Low,
D004_5,C033133,6.297,14.5,Low,
D004_5,C033146,5.361,12.4,Low,
D004_5,C033149,5.425,15.7,Medium,
D004_5,C033157,5.67,13.1,Low,
D004_5,C033165,8.199,18.9,Low,One-Way
D004_5,C033170,5.864,13.5,Low,
D004_5,C033183,3.363,9.7,Medium,No Heavy Trucks
D004_5,C033188,5.377,15.5,Medium,No Heavy Trucks
D004_5,C033193,4.953,14.3,Medium,
D004_5,C033194,7.333,21.2,Medium,
D004_5,C033211,3.887,11.2,Medium,
D004_5,C033216,3.158,9.1,Medium,
D004_5,C033236,6.57,15.2,Low,
D004_5,C033248,6.284,18.1,Medium,
D004_5,C033254,2.861,6.6,Low,
D004_5,C033265,1.689,4.9,Medium,
D004_5,C033272,5.248,15.1,Medium,
D004_5,C033298,2.893,6.7,Low,
D004_5,C033335,2.207,6.4,Medium,
D004_5,C033339,1.99,5.7,Medium,
D004_5,C033345,7.564,21.8,Medium,No Heavy Trucks
D004_5,C033354,4.41,12.7,Medium,
D004_5,C033362,7.92,18.3,Low,
D004_5,C033365,7.842,29.0,High,
D004_5,C033367,6.108,14.1,Low,
D004_5,C033368,9.511,27.4,Medium,
D004_5,C033378,4.743,10.9,Low,
D004_5,C033392,4.415,12.7,Medium,
D004_5,C033394,7.37,21.3,Medium,
D004_5,C033429,7.688,22.2,Medium,
D004_5,C033448,3.747,10.8,Medium,No Heavy Trucks
D004_5,C033450,6.487,18.7,Medium,
D004_5,C033464,2.369,5.5,Low,
D004_5,C033485,5.733,13.2,Low,No Heavy Trucks
D004_5,C033487,6.152,14.2,Low,
D004_5,C033493,5.377,15.5,Medium,One-Way
D004_5,C033504,4.434,10.2,Low,
D004_5,C033505,9.048,20.9,Low,One-Way
D004_5,C033508,3.69,8.5,Low,One-Way
D004_5,C033521,4.565,10.5,Low,
D004_5,C033530,2.914,8.4,Medium,
D004_5,C033541,5.12,14.8,Medium,
D004_5,C033554,5.976,17.2,Medium,No Heavy Trucks
D004_5,C033578,5.631,13.0,Low,
D004_5,C033588,2.468,5.7,Low,No Heavy Trucks
D004_5,C033589,7.221,20.8,Medium,
D004_5,C033591,3.116,7.2,Low,
D004_5,C033595,4.835,11.2,Low,
D004_5,C033615,5.489,12.7,Low,
D004_5,C033619,6.086,17.6,Medium,
D004_5,C033652,3.53,10.2,Medium,
D004_5,C033654,2.692,6.2,Low,
D004_5,C033658,5.51,15.9,Medium,
D004_5,C033681,8.374,19.3,Low,
D004_5,C033685,4.444,10.3,Low,
D004_5,C033694,4.819,13.9,Medium,
D004_5,C033705,8.834,20.4,Low,No Heavy Trucks
D004_5,C033714,5.942,17.1,Medium,
D004_5,C033716,5.916,17.1,Medium,
D004_5,C033729,6.565,18.9,Medium,
D004_5,C033733,5.624,13.0,Low,
D004_5,C033747,3.514,10.1,Medium,
D004_5,C033752,3.27,9.4,Medium,
D004_5,C033757,5.04,14.5,Medium,
D004_5,C033766,1.85,5.3,Medium,
D004_5,C033799,7.071,20.4,Medium,
D004_5,C033803,5.347,12.3,Low,
D004_5,C033813,3.327,9.6,Medium,
D004_5,C033819,3.303,9.5,Medium,
D004_5,C033828,9.996,28.8,Medium,
D004_5,C033832,7.63,17.6,Low,
D004_5,C033835,7.777,17.9,Low,
D004_5,C033838,5.372,15.5,Medium,
D004_5,C033846,7.019,20.2,Medium,
D004_5,C033862,3.047,8.8,Medium,
D004_5,C033879,2.184,5.0,Low,
D004_5,C033880,4.088,11.8,Medium,
D004_5,C033923,6.671,19.2,Medium,
D004_5,C033935,3.255,9.4,Medium,
D004_5,C033981,8.48,24.5,Medium,
D004_5,C033990,7.923,22.9,Medium,
D004_5,C033992,7.65,17.7,Low,
D004_5,C033996,4.741,17.5,High,
D004_5,C033999,1.87,5.4,Medium,
D004_5,C034006,7.826,22.6,Medium,
D004_5,C034024,5.338,15.4,Medium,
D004_5,C034027,8.432,19.5,Low,One-Way
D004_5,C034034,7.213,20.8,Medium,
D004_5,C034042,5.703,13.2,Low,No Heavy Trucks
D004_5,C034044,10.311,23.8,Low,
D004_5,C034069,8.316,24.0,Medium,
D004_5,C034070,8.098,23.4,Medium,
D004_5,C034091,5.648,13.0,Low,No Heavy Trucks
D004_5,C034125,5.049,18.6,High,
D004_5,C034127,6.765,15.6,Low,
D004_5,C034151,10.251,29.6,Medium,
D004_5,C034162,6.06,14.0,Low,
D004_5,C034178,7.643,22.0,Medium,
D004_5,C034180,2.297,6.6,Medium,
D004_5,C034228,7.055,20.4,Medium,One-Way
D004_5,C034233,5.432,15.7,Medium,
D004_5,C034239,5.039,14.5,Medium,
D004_5,C034241,2.363,5.5,Low,
D004_5,C034247,7.695,17.8,Low,
D004_5,C034252,8.191,23.6,Medium,
D004_5,C034267,3.903,11.3,Medium,
D004_5,C034269,2.178,6.3,Medium,
D004_5,C034271,6.234,18.0,Medium,
D004_5,C034278,7.357,17.0,Low,
D004_5,C034280,5.544,20.5,High,No Heavy Trucks
D004_5,C034288,8.193,23.6,Medium,No Heavy Trucks
D004_5,C034294,4.486,16.6,High,
D004_5,C034310,3.874,8.9,Low,No Heavy Trucks
D004_5,C034319,7.5,21.6,Medium,
D004_5,C034344,4.987,11.5,Low,
D004_5,C034353,1.363,3.9,Medium,No Heavy Trucks
D004_5,C034362,5.257,19.4,High,
D004_5,C034368,2.04,5.9,Medium,
D004_5,C034394,5.337,15.4,Medium,No Heavy Trucks
D004_5,C034412,8.268,19.1,Low,
D004_5,C034416,4.869,11.2,Low,One-Way
D004_5,C034417,6.695,24.7,High,
D004_5,C034424,5.779,16.7,Medium,
D004_5,C034432,6.417,23.7,High,
D004_5,C034444,8.028,23.2,Medium,
D004_5,C034446,1.699,3.9,Low,
D004_5,C034460,7.462,27.6,High,
D004_5,C034463,3.635,8.4,Low,
D004_5,C034468,9.572,22.1,Low,
D004_5,C034482,4.928,14.2,Medium,
D004_5,C034487,6.826,19.7,Medium,
D004_5,C034491,5.666,16.3,Medium,One-Way
D004_5,C034499,4.949,11.4,Low,
D004_5,C034500,5.84,16.8,Medium,
D004_5,C034519,2.238,6.5,Medium,
D004_5,C034520,3.764,10.9,Medium,
D004_5,C034527,5.791,13.4,Low,
D004_5,C034558,2.642,7.6,Medium,
D004_5,C034560,5.396,15.6,Medium,
D004_5,C034561,2.515,7.3,Medium,
D004_5,C034594,6.763,19.5,Medium,
D004_5,C034611,9.407,27.1,Medium,
D004_5,C034613,2.545,5.9,Low,
D004_5,C034614,5.868,13.5,Low,
D004_5,C034653,1.447,4.2,Medium,
D004_5,C034703,7.217,16.7,Low,
D004_5,C034707,0.553,1.6,Medium,
D004_5,C034713,4.276,9.9,Low,
D004_5,C034719,4.795,11.1,Low,No Heavy Trucks
D004_5,C034722,4.11,11.9,Medium,
D004_5,C034727,4.88,11.3,Low,
D004_5,C034742,6.104,22.5,High,
D004_5,C034750,7.284,21.0,Medium,
D004_5,C034768,7.841,22.6,Medium,
D004_5,C034774,6.42,18.5,Medium,One-Way
D004_5,C034781,7.636,22.0,Medium,No Heavy Trucks
D004_5,C034784,3.451,10.0,Medium,
D004_5,C034793,4.697,13.5,Medium,
D004_5,C034795,6.405,18.5,Medium,
D004_5,C034816,1.582,3.7,Low,
D004_5,C034830,4.081,15.1,High,
D004_5,C034847,7.926,22.9,Medium,
D004_5,C034856,7.179,20.7,Medium,
D004_5,C034868,6.176,17.8,Medium,
D004_5,C034874,2.115,6.1,Medium,
D004_5,C034890,4.043,9.3,Low,
D004_5,C034904,0.931,2.1,Low,
D004_5,C034908,6.395,14.8,Low,
D004_5,C034911,5.255,19.4,High,One-Way
D004_5,C034917,4.652,10.7,Low,No Heavy Trucks
D004_5,C034928,4.413,10.2,Low,
D004_5,C034941,5.692,16.4,Medium,No Heavy Trucks
D004_5,C034943,5.57,16.1,Medium,
D004_5,C034948,4.32,12.5,Medium,
D004_5,C034974,3.263,7.5,Low,
D004_5,C034982,6.165,17.8,Medium,
D004_5,C034985,9.401,34.7,High,
D004_5,C035002,8.237,23.8,Medium,
D004_5,C035032,4.808,13.9,Medium,One-Way
D004_5,C035039,5.366,15.5,Medium,No Heavy Trucks
D004_5,C035088,7.35,17.0,Low,
D004_5,C035105,3.831,11.1,Medium,
D004_5,C035113,4.192,9.7,Low,
D004_5,C035165,5.033,18.6,High,One-Way
D004_5,C035169,3.56,13.1,High,No Heavy Trucks
D004_5,C035182,7.839,22.6,Medium,
D004_5,C035187,4.024,11.6,Medium,
D004_5,C035189,3.676,10.6,Medium,
D004_5,C035190,1.503,5.5,High,
D004_5,C035213,4.779,13.8,Medium,
D004_5,C035248,5.109,11.8,Low,
D004_5,C035257,5.912,17.1,Medium,
D004_5,C035272,7.492,27.7,High,
D004_5,C035273,3.26,7.5,Low,One-Way
D004_5,C035279,8.44,31.2,High,
D004_5,C035284,4.233,9.8,Low,
D004_5,C035290,4.887,14.1,Medium,
D004_5,C035313,5.937,21.9,High,
D004_5,C035325,6.455,23.8,High,
D004_5,C035335,2.666,6.2,Low,
D004_5,C035337,5.375,15.5,Medium,
D004_5,C035345,7.218,16.7,Low,
D004_5,C035347,4.07,11.7,Medium,
D004_5,C035350,5.192,12.0,Low,
D004_5,C035352,4.323,16.0,High,
D004_5,C035357,6.34,18.3,Medium,No Heavy Trucks
D004_5,C035381,0.81,2.3,Medium,
D004_5,C035398,8.105,23.4,Medium,No Heavy Trucks
D004_5,C035409,7.894,18.2,Low,One-Way
D004_5,C035426,6.364,18.4,Medium,
D004_5,C035429,8.147,18.8,Low,
D004_5,C035435,0.939,2.7,Medium,
D004_5,C035448,6.87,15.9,Low,
D004_5,C035451,8.26,19.1,Low,
D004_5,C035453,6.006,17.3,Medium,
D004_5,C035470,4.035,11.6,Medium,
D004_5,C035480,7.103,16.4,Low,
D004_5,C035483,5.063,18.7,High,
D004_5,C035492,10.234,23.6,Low,No Heavy Trucks
D004_5,C035494,3.495,8.1,Low,
D004_5,C035495,6.232,18.0,Medium,
D004_5,C035515,2.817,6.5,Low,
D004_5,C035526,5.736,13.2,Low,
D004_5,C035527,6.707,15.5,Low,
D004_5,C035530,3.67,13.6,High,
D004_5,C035560,3.231,9.3,Medium,No Heavy Trucks
D004_5,C035575,4.125,15.2,High,
D004_5,C035599,4.64,10.7,Low,
D004_5,C035606,5.143,19.0,High,One-Way
D004_5,C035610,3.641,8.4,Low,
D004_5,C035619,3.261,9.4,Medium,
D004_5,C035624,5.975,17.2,Medium,
D004_5,C035652,5.8,13.4,Low,
D004_5,C035668,8.271,23.9,Medium,
D004_5,C035675,4.958,14.3,Medium,
D004_5,C035687,7.69,17.7,Low,
D004_5,C035693,8.274,19.1,Low,
D004_5,C035694,7.633,28.2,High,One-Way
D004_5,C035696,6.221,17.9,Medium,
D004_5,C035697,5.129,14.8,Medium,
D004_5,C035702,6.926,20.0,Medium,No Heavy Trucks
D004_5,C035714,5.364,12.4,Low,
D004_5,C035715,5.062,14.6,Medium,
D004_5,C035718,2.26,6.5,Medium,
D004_5,C035722,6.17,17.8,Medium,
D004_5,C035724,6.762,25.0,High,
D004_5,C035727,7.157,16.5,Low,
D004_5,C035735,3.79,10.9,Medium,
D004_5,C035736,5.9,17.0,Medium,
D004_5,C035753,3.543,10.2,Medium,
D004_5,C035760,7.641,28.2,High,No Heavy Trucks
D004_5,C035800,6.124,22.6,High,
D004_5,C035830,7.208,16.6,Low,
D004_5,C035837,6.004,17.3,Medium,One-Way
D004_5,C035838,1.922,5.5,Medium,
D004_5,C035859,7.109,20.5,Medium,
D004_5,C035863,2.245,6.5,Medium,
D004_5,C035914,4.772,13.8,Medium,
D004_5,C035917,4.647,13.4,Medium,
D004_5,C035944,1.365,3.1,Low,
D004_5,C035946,4.085,9.4,Low,
D004_5,C035952,6.837,19.7,Medium,
D004_5,C035967,5.744,13.3,Low,No Heavy Trucks
D004_5,C035976,6.755,15.6,Low,
D004_5,C035996,5.874,16.9,Medium,
D004_5,C036022,4.47,10.3,Low,One-Way
D004_5,C036025,5.568,20.6,High,
D004_5,C036027,6.327,18.3,Medium,
D004_5,C036039,4.14,15.3,High,One-Way
D004_5,C036060,6.781,19.6,Medium,One-Way
D004_5,C036063,1.048,2.4,Low,One-Way
D004_5,C036071,5.045,18.6,High,
D004_5,C036091,3.586,10.3,Medium,
D004_5,C036093,7.086,26.2,High,
D004_5,C036095,2.256,6.5,Medium,
D004_5,C036102,0.773,1.8,Low,
D004_5,C036106,4.074,11.8,Medium,
D004_5,C036114,5.313,12.3,Low,One-Way
D004_5,C036118,6.009,17.3,Medium,
D004_5,C036138,7.116,20.5,Medium,
D004_5,C036140,8.049,23.2,Medium,
D004_5,C036145,6.864,19.8,Medium,
D004_5,C036146,9.108,26.3,Medium,
D004_5,C036149,4.82,11.1,Low,
D004_5,C036151,1.489,4.3,Medium,No Heavy Trucks
D004_5,C036158,0.863,2.0,Low,No Heavy Trucks
D004_5,C036161,6.958,20.1,Medium,
D004_5,C036172,1.829,4.2,Low,
D004_5,C036177,7.102,20.5,Medium,
D004_5,C036190,2.066,4.8,Low,One-Way
D004_5,C036192,6.476,23.9,High,No Heavy Trucks
D004_5,C036215,4.427,10.2,Low,
D004_5,C036221,3.995,11.5,Medium,
D004_5,C036228,0.493,1.1,Low,
D004_5,C036240,2.232,5.2,Low,No Heavy Trucks
D004_5,C036263,1.011,2.3,Low,
D004_5,C036274,4.703,10.9,Low,One-Way
D004_5,C036278,8.212,30.3,High,
D004_5,C036315,5.68,13.1,Low,One-Way
D004_5,C036322,5.955,22.0,High,
D004_5,C036332,6.612,15.3,Low,
D004_5,C036353,4.043,11.7,Medium,
D004_5,C036359,2.866,10.6,High,
D004_5,C036383,5.592,20.6,High,
D004_5,C036420,9.26,21.4,Low,One-Way
D004_5,C036449,5.042,14.5,Medium,
D004_5,C036453,4.412,12.7,Medium,
D004_5,C036472,6.9,15.9,Low,
D004_5,C036485,7.233,16.7,Low,No Heavy Trucks
D004_5,C036486,7.848,18.1,Low,
D004_5,C036493,5.524,15.9,Medium,
D004_5,C036525,8.075,23.3,Medium,
D004_5,C036530,4.134,9.5,Low,
D004_5,C036533,4.61,13.3,Medium,No Heavy Trucks
D004_5,C036537,7.16,26.4,High,
D004_5,C036539,5.002,14.4,Medium,
D004_5,C036547,8.686,25.1,Medium,
D004_5,C036549,5.244,12.1,Low,
D004_5,C036550,4.768,11.0,Low,
D004_5,C036570,7.104,16.4,Low,
D004_5,C036577,5.243,12.1,Low,One-Way
D004_5,C036588,3.85,11.1,Medium,
D004_5,C036606,7.127,26.3,High,One-Way
D004_5,C036635,7.179,20.7,Medium,
D004_5,C036639,1.434,4.1,Medium,
D004_5,C036656,8.645,20.0,Low,
D004_5,C036682,0.79,2.3,Medium,
D004_5,C036688,7.502,17.3,Low,
D004_5,C036697,3.484,10.0,Medium,
D004_5,C036703,7.056,26.1,High,One-Way
D004_5,C036728,5.625,20.8,High,One-Way
D004_5,C036734,6.655,15.4,Low,
D004_5,C036737,6.931,16.0,Low,
D004_5,C036741,6.832,15.8,Low,
D004_5,C036807,3.637,10.5,Medium,One-Way
D004_5,C036811,7.639,22.0,Medium,
D004_5,C036825,3.06,8.8,Medium,
D004_5,C036826,3.75,8.7,Low,One-Way
D004_5,C036831,4.558,13.1,Medium,
D004_5,C036838,4.707,10.9,Low,No Heavy Trucks
D004_5,C036843,2.753,7.9,Medium,
D004_5,C036846,4.029,11.6,Medium,
D004_5,C036848,9.392,27.1,Medium,
D004_5,C036858,0.727,1.7,Low,No Heavy Trucks
D004_5,C036873,7.289,26.9,High,
D004_5,C036879,6.046,14.0,Low,
D004_5,C036880,6.449,23.8,High,
D004_5,C036915,7.468,21.5,Medium,
D004_5,C036919,2.273,5.2,Low,
D004_5,C036923,4.499,13.0,Medium,
D004_5,C036933,7.412,21.4,Medium,One-Way
D004_5,C036934,6.764,19.5,Medium,
D004_5,C036940,6.212,17.9,Medium,No Heavy Trucks
D004_5,C036942,5.033,18.6,High,
D004_5,C036948,1.025,2.4,Low,No Heavy Trucks
D004_5,C036949,7.458,21.5,Medium,
D004_5,C036953,3.694,8.5,Low,
D004_5,C036957,1.349,3.1,Low,
D004_5,C036982,5.574,16.1,Medium,
D004_5,C037001,1.624,4.7,Medium,
D004_5,C037013,7.052,20.3,Medium,
D004_5,C037016,1.086,4.0,High,
D004_5,C037025,6.215,22.9,High,
D004_5,C037029,6.17,17.8,Medium,
D004_5,C037032,3.729,10.8,Medium,
D004_5,C037048,6.326,18.2,Medium,
D004_5,C037049,2.017,5.8,Medium,
D004_5,C037050,5.979,17.2,Medium,
D004_5,C037059,7.416,27.4,High,
D004_5,C037072,7.457,21.5,Medium,
D004_5,C037076,7.333,21.2,Medium,One-Way
D004_5,C037082,4.023,11.6,Medium,
D004_5,C037089,7.615,17.6,Low,
D004_5,C037107,4.813,17.8,High,One-Way
D004_5,C037120,8.325,24.0,Medium,
D004_5,C037121,4.98,14.4,Medium,
D004_5,C037155,4.588,13.2,Medium,One-Way
D004_5,C037158,8.776,25.3,Medium,
D004_5,C037164,8.351,30.8,High,No Heavy Trucks
D004_5,C037172,3.085,8.9,Medium,
D004_5,C037176,6.838,19.7,Medium,
D004_5,C037197,6.864,19.8,Medium,
D004_5,C037225,3.24,12.0,High,
D004_5,C037230,4.18,12.1,Medium,
D004_5,C037235,5.531,12.8,Low,One-Way
D004_5,C037245,1.55,4.5,Medium,
D004_5,C037246,4.198,12.1,Medium,
D004_5,C037270,8.802,25.4,Medium,
D004_5,C037284,2.839,6.6,Low,
D004_5,C037289,3.752,10.8,Medium,
D004_5,C037293,4.314,10.0,Low,
D004_5,C037313,1.461,4.2,Medium,No Heavy Trucks
D004_5,C037327,6.926,20.0,Medium,
D004_5,C037328,5.01,14.5,Medium,
D004_5,C037333,4.629,13.4,Medium,
D004_5,C037337,6.482,23.9,High,One-Way
D004_5,C037341,4.925,11.4,Low,
D004_5,C037342,0.566,1.3,Low,No Heavy Trucks
D004_5,C037361,6.682,19.3,Medium,
D004_5,C037363,8.953,25.8,Medium,No Heavy Trucks
D004_5,C037366,2.923,8.4,Medium,
D004_5,C037389,2.224,6.4,Medium,One-Way
D004_5,C037392,6.369,18.4,Medium,
D004_5,C037404,4.927,14.2,Medium,
D004_5,C037425,8.552,19.7,Low,
D004_5,C037426,5.054,18.7,High,
D004_5,C037446,6.522,18.8,Medium,
D004_5,C037449,1.265,3.6,Medium,
D004_5,C037460,7.308,21.1,Medium,
D004_5,C037479,3.14,9.1,Medium,One-Way
D004_5,C037484,2.386,6.9,Medium,
D004_5,C037491,1.72,5.0,Medium,
D004_5,C037518,5.507,12.7,Low,
D004_5,C037523,4.69,13.5,Medium,
D004_5,C037551,6.447,23.8,High,
D004_5,C037579,7.556,21.8,Medium,
D004_5,C037609,7.118,26.3,High,
D004_5,C037626,3.969,9.2,Low,
D004_5,C037646,2.843,10.5,High,
D004_5,C037661,8.525,24.6,Medium,
D004_5,C037674,6.184,14.3,Low,
D004_5,C037678,2.248,6.5,Medium,No Heavy Trucks
D004_5,C037688,4.056,11.7,Medium,
D004_5,C037698,8.651,20.0,Low,
D004_5,C037719,6.209,17.9,Medium,
D004_5,C037727,7.289,21.0,Medium,
D004_5,C037735,4.946,11.4,Low,
D004_5,C037737,4.127,15.2,High,
D004_5,C037765,8.47,19.5,Low,
D004_5,C037781,6.384,18.4,Medium,No Heavy Trucks
D004_5,C037792,3.833,8.8,Low,
D004_5,C037798,5.844,21.6,High,No Heavy Trucks
D004_5,C037800,3.98,11.5,Medium,
D004_5,C037810,4.39,12.7,Medium,
D004_5,C037845,7.21,20.8,Medium,
D004_5,C037860,1.036,2.4,Low,No Heavy Trucks
D004_5,C037866,5.844,13.5,Low,
D004_5,C037869,1.353,3.1,Low,No Heavy Trucks
D004_5,C037873,2.225,5.1,Low,
D004_5,C037886,4.728,13.6,Medium,
D004_5,C037895,1.718,6.3,High,
D004_5,C037904,6.068,22.4,High,
D004_5,C037924,5.723,16.5,Medium,
D004_5,C037966,4.355,16.1,High,
D004_5,C037973,8.715,20.1,Low,
D004_5,C037978,2.237,6.5,Medium,
D004_5,C037991,7.066,16.3,Low,
D004_5,C037992,2.832,8.2,Medium,
D004_5,C037995,7.751,22.4,Medium,No Heavy Trucks
D004_5,C038017,5.944,17.1,Medium,No Heavy Trucks
D004_5,C038022,5.994,22.1,High,
D004_5,C038055,4.555,13.1,Medium,
D004_5,C038059,4.732,13.6,Medium,No Heavy Trucks
D004_5,C038060,7.047,26.0,High,
D004_5,C038109,6.312,14.6,Low,
D004_5,C038112,7.191,16.6,Low,
D004_5,C038113,4.653,13.4,Medium,
D004_5,C038127,7.373,21.3,Medium,No Heavy Trucks
D004_5,C038132,5.923,13.7,Low,
D004_5,C038140,3.343,9.6,Medium,
D004_5,C038143,6.386,14.7,Low,
D004_5,C038145,4.634,13.4,Medium,
D004_5,C038162,4.851,11.2,Low,No Heavy Trucks
D004_5,C038179,3.663,8.5,Low,One-Way
D004_5,C038221,4.096,11.8,Medium,No Heavy Trucks
D004_5,C038225,7.401,21.3,Medium,
D004_5,C038245,3.576,10.3,Medium,One-Way
D004_5,C038247,6.759,19.5,Medium,
D004_5,C038254,4.749,11.0,Low,One-Way
D004_5,C038269,5.735,16.5,Medium,No Heavy Trucks
D004_5,C038300,5.154,14.9,Medium,
D004_5,C038305,4.439,12.8,Medium,
D004_5,C038330,9.632,22.2,Low,No Heavy Trucks
D004_5,C038339,1.866,4.3,Low,
D004_5,C038341,7.485,21.6,Medium,
D004_5,C038360,8.293,23.9,Medium,
D004_5,C038361,1.382,4.0,Medium,
D004_5,C038368,6.583,19.0,Medium,No Heavy Trucks
D004_5,C038372,4.98,14.4,Medium,
D004_5,C038392,3.821,11.0,Medium,One-Way
D004_5,C038396,5.649,20.9,High,
D004_5,C038413,8.202,23.7,Medium,
D004_5,C038417,2.131,6.1,Medium,
D004_5,C038426,9.662,22.3,Low,No Heavy Trucks
D004_5,C038440,3.472,8.0,Low,No Heavy Trucks
D004_5,C038443,10.432,24.1,Low,
D004_5,C038449,3.842,11.1,Medium,
D004_5,C038454,4.259,9.8,Low,
D004_5,C038460,5.852,13.5,Low,
D004_5,C038506,4.829,17.8,High,
D004_5,C038517,2.12,6.1,Medium,
D004_5,C038542,6.089,14.1,Low,
D004_5,C038552,7.191,20.7,Medium,
D004_5,C038554,7.224,26.7,High,One-Way
D004_5,C038577,3.337,9.6,Medium,
D004_5,C038582,6.897,19.9,Medium,No Heavy Trucks
D004_5,C038616,4.827,11.1,Low,
D004_5,C038625,4.867,18.0,High,
D004_5,C038626,4.279,12.3,Medium,
D004_5,C038658,7.487,21.6,Medium,
D004_5,C038659,5.238,19.3,High,One-Way
D004_5,C038691,8.9,25.7,Medium,
D004_5,C038702,4.31,9.9,Low,
D004_5,C038726,6.837,19.7,Medium,
D004_5,C038797,3.279,9.5,Medium,
D004_5,C038811,8.216,19.0,Low,One-Way
D004_5,C038818,6.505,18.8,Medium,
D004_5,C038828,6.142,14.2,Low,
D004_5,C038838,5.882,17.0,Medium,
D004_5,C038857,4.818,11.1,Low,
D004_5,C038869,4.588,13.2,Medium,One-Way
D004_5,C038882,9.173,21.2,Low,
D004_5,C038903,1.964,5.7,Medium,
D004_5,C038911,5.325,12.3,Low,
D004_5,C038915,7.96,23.0,Medium,
D004_5,C038927,5.721,13.2,Low,
D004_5,C038930,6.677,15.4,Low,One-Way
D004_5,C038984,7.609,17.6,Low,
D004_5,C039013,6.372,18.4,Medium,
D004_5,C039044,5.457,12.6,Low,One-Way
D004_5,C039045,6.15,17.7,Medium,
D004_5,C039067,4.313,12.4,Medium,
D004_5,C039068,4.364,12.6,Medium,
D004_5,C039078,1.575,3.6,Low,
D004_5,C039086,3.681,10.6,Medium,
D004_5,C039095,5.271,12.2,Low,
D004_5,C039134,3.23,7.5,Low,
D004_5,C039137,0.872,2.5,Medium,One-Way
D004_5,C039150,2.612,6.0,Low,
D004_5,C039171,3.507,8.1,Low,
D004_5,C039184,5.187,12.0,Low,
D004_5,C039187,6.949,20.0,Medium,
D004_5,C039209,8.409,19.4,Low,
D004_5,C039214,4.0,9.2,Low,
D004_5,C039216,6.173,22.8,High,One-Way
D004_5,C039220,3.7,13.7,High,One-Way
D004_5,C039237,2.929,8.4,Medium,
D004_5,C039269,1.69,6.2,High,
D004_5,C039298,7.444,27.5,High,
D004_5,C039301,5.699,16.4,Medium,
D004_5,C039327,3.228,9.3,Medium,
D004_5,C039352,0.544,1.3,Low,
D004_5,C039381,2.84,8.2,Medium,
D004_5,C039384,7.485,21.6,Medium,No Heavy Trucks
D004_5,C039393,4.082,11.8,Medium,One-Way
D004_5,C039397,5.446,15.7,Medium,
D004_5,C039400,2.776,8.0,Medium,No Heavy Trucks
D004_5,C039433,5.488,12.7,Low,
D004_5,C039435,7.384,21.3,Medium,
D004_5,C039449,2.09,6.0,Medium,No Heavy Trucks
D004_5,C039450,3.887,11.2,Medium,
D004_5,C039470,5.244,15.1,Medium,
D004_5,C039489,3.651,10.5,Medium,No Heavy Trucks
D004_5,C039499,6.202,14.3,Low,
D004_5,C039501,3.384,7.8,Low,
D004_5,C039504,6.292,14.5,Low,
D004_5,C039514,3.336,12.3,High,One-Way
D004_5,C039520,8.879,25.6,Medium,
D004_5,C039549,4.291,15.8,High,
D004_5,C039550,4.618,13.3,Medium,No Heavy Trucks
D004_5,C039562,2.196,5.1,Low,
D004_5,C039566,8.012,29.6,High,
D004_5,C039603,8.523,19.7,Low,
D004_5,C039635,2.729,10.1,High,
D004_5,C039637,6.257,14.4,Low,
D004_5,C039654,2.998,11.1,High,
D004_5,C039660,6.997,20.2,Medium,
D004_5,C039672,3.119,9.0,Medium,
D004_5,C039679,8.68,32.0,High,
D004_5,C039695,9.11,26.3,Medium,
D004_5,C039724,4.646,13.4,Medium,
D004_5,C039739,7.248,26.8,High,
D004_5,C039762,3.15,7.3,Low,One-Way
D004_5,C039774,6.1,17.6,Medium,
D004_5,C039779,5.613,13.0,Low,
D004_5,C039782,6.771,25.0,High,
D004_5,C039814,10.454,30.2,Medium,
D004_5,C039819,3.219,7.4,Low,
D004_5,C039821,8.44,31.2,High,No Heavy Trucks
D004_5,C039840,5.366,12.4,Low,One-Way
D004_5,C039848,2.564,5.9,Low,
D004_5,C039849,5.544,12.8,Low,One-Way
D004_5,C039850,6.123,17.7,Medium,
D004_5,C039873,8.157,23.5,Medium,One-Way
D004_5,C039874,6.389,23.6,High,
D004_5,C039876,3.418,9.9,Medium,
D004_5,C039902,3.915,14.5,High,
D004_5,C039921,7.957,23.0,Medium,
D004_5,C039924,5.93,17.1,Medium,
D004_5,C039945,4.369,12.6,Medium,
D004_5,C039955,1.815,5.2,Medium,
D004_5,C039967,6.466,14.9,Low,
D004_5,C039996,5.357,15.5,Medium,
D004_5,C039997,3.239,9.3,Medium,
D004_5,C040003,6.086,14.0,Low,
D004_5,C040018,5.65,16.3,Medium,
D004_5,C040021,6.251,18.0,Medium,One-Way
D004_5,C040032,4.324,10.0,Low,
D004_5,C040033,4.97,14.3,Medium,
D004_5,C040052,7.494,17.3,Low,
D004_5,C040058,8.31,24.0,Medium,
D004_5,C040085,6.527,24.1,High,
D004_5,C040112,7.558,21.8,Medium,
D004_5,C040118,2.32,6.7,Medium,No Heavy Trucks
D004_5,C040120,7.113,16.4,Low,
D004_5,C040134,7.295,21.0,Medium,
D004_5,C040142,4.985,11.5,Low,
D004_5,C040148,5.081,11.7,Low,
D004_5,C040195,6.702,24.7,High,
D004_5,C040198,2.046,5.9,Medium,
D004_5,C040212,10.349,29.9,Medium,
D004_5,C040265,5.6,16.2,Medium,No Heavy Trucks
D004_5,C040275,2.61,7.5,Medium,
D004_5,C040279,6.426,18.5,Medium,No Heavy Trucks
D004_5,C040286,2.692,6.2,Low,
D004_5,C040292,1.752,5.1,Medium,No Heavy Trucks
D004_5,C040318,7.435,21.4,Medium,No Heavy Trucks
D004_5,C040324,9.4,21.7,Low,
D004_5,C040346,5.489,12.7,Low,
D004_5,C040349,4.738,17.5,High,
D004_5,C040410,8.481,31.3,High,
D004_5,C040415,3.346,7.7,Low,One-Way
D004_5,C040419,4.695,13.5,Medium,
D004_5,C040441,1.97,4.5,Low,
D004_5,C040490,7.857,18.1,Low,
D004_5,C040502,5.877,17.0,Medium,
D004_5,C040508,6.365,18.4,Medium,
D004_5,C040512,3.833,11.1,Medium,One-Way
D004_5,C040514,6.725,15.5,Low,
D004_5,C040542,4.293,12.4,Medium,
D004_5,C040546,8.38,19.3,Low,
D004_5,C040548,4.825,13.9,Medium,No Heavy Trucks
D004_5,C040570,8.209,18.9,Low,
D004_5,C040574,4.509,10.4,Low,
D004_5,C040594,6.767,19.5,Medium,
D004_5,C040606,5.226,15.1,Medium,
D004_5,C040640,5.976,17.2,Medium,
D004_5,C040664,3.518,10.1,Medium,
D004_5,C040670,8.366,19.3,Low,No Heavy Trucks
D004_5,C040672,2.533,7.3,Medium,No Heavy Trucks
D004_5,C040686,2.377,5.5,Low,
D004_5,C040688,6.322,14.6,Low,One-Way
D004_5,C040690,4.937,18.2,High,
D004_5,C040707,8.009,18.5,Low,
D004_5,C040730,7.963,18.4,Low,
D004_5,C040752,5.138,14.8,Medium,
D004_5,C040787,3.473,10.0,Medium,
D004_5,C040824,8.279,23.9,Medium,
D004_5,C040832,6.29,14.5,Low,
D004_5,C040835,4.582,13.2,Medium,No Heavy Trucks
D004_5,C040860,3.602,10.4,Medium,
D004_5,C040874,6.02,22.2,High,
D004_5,C040913,6.335,18.3,Medium,No Heavy Trucks
D004_5,C040914,4.407,12.7,Medium,
D004_5,C040942,4.755,13.7,Medium,One-Way
D004_5,C040962,6.76,15.6,Low,
D004_5,C040985,2.675,6.2,Low,No Heavy Trucks
D004_5,C040989,7.557,21.8,Medium,
D004_5,C040993,4.55,13.1,Medium,
D004_5,C040997,2.729,6.3,Low,
D004_5,C041026,2.626,6.1,Low,
D004_5,C041069,7.255,20.9,Medium,One-Way
D004_5,C041070,5.159,14.9,Medium,No Heavy Trucks
D004_5,C041074,2.44,5.6,Low,
D004_5,C041091,6.258,18.1,Medium,
D004_5,C041093,2.185,8.1,High,
D004_5,C041114,5.097,18.8,High,
D004_5,C041120,2.485,7.2,Medium,
D004_5,C041125,4.974,14.3,Medium,
D004_5,C041139,2.899,8.4,Medium,No Heavy Trucks
D004_5,C041140,2.748,7.9,Medium,
D004_5,C041160,8.989,33.2,High,
D004_5,C041170,2.795,8.1,Medium,
D004_5,C041171,9.875,22.8,Low,
D004_5,C041174,5.358,15.5,Medium,One-Way
D004_5,C041199,5.873,16.9,Medium,
D004_5,C041215,4.813,13.9,Medium,
D004_5,C041219,6.03,13.9,Low,
D004_5,C041223,2.601,7.5,Medium,No Heavy Trucks
D004_5,C041231,3.981,11.5,Medium,No Heavy Trucks
D004_5,C041233,7.53,17.4,Low,
D004_5,C041261,2.576,5.9,Low,One-Way
D004_5,C041289,2.572,5.9,Low,
D004_5,C041323,4.154,9.6,Low,One-Way
D004_5,C041364,4.579,13.2,Medium,
D004_5,C041367,7.457,17.2,Low,
D004_5,C041381,5.655,13.1,Low,
D004_5,C041382,5.849,16.9,Medium,
D004_5,C041386,9.061,20.9,Low,
D004_5,C041389,4.175,9.6,Low,No Heavy Trucks
D004_5,C041396,5.807,21.4,High,
D004_5,C041400,6.39,23.6,High,
D004_5,C041420,7.035,16.2,Low,
D004_5,C041444,6.526,24.1,High,
D004_5,C041445,0.484,1.4,Medium,
D004_5,C041468,5.277,15.2,Medium,
D004_5,C041516,5.705,13.2,Low,
D004_5,C041536,4.846,14.0,Medium,One-Way
D004_5,C041540,9.085,21.0,Low,
D004_5,C041571,2.878,6.6,Low,No Heavy Trucks
D004_5,C041584,4.191,9.7,Low,
D004_5,C041615,5.856,13.5,Low,
D004_5,C041619,7.25,20.9,Medium,
D004_5,C041629,5.768,16.6,Medium,
D004_5,C041652,8.263,23.8,Medium,
D004_5,C041653,5.923,13.7,Low,
D004_5,C041674,6.082,17.5,Medium,No Heavy Trucks
D004_5,C041678,4.967,18.3,High,
D004_5,C041712,6.342,14.6,Low,
D004_5,C041716,6.638,19.1,Medium,
D004_5,C041722,4.385,10.1,Low,
D004_5,C041732,9.44,27.2,Medium,
D004_5,C041733,5.045,11.6,Low,
D004_5,C041748,5.565,16.1,Medium,
D004_5,C041758,2.709,7.8,Medium,No Heavy Trucks
D004_5,C041779,5.788,13.4,Low,
D004_5,C041781,4.364,10.1,Low,
D004_5,C041796,5.342,15.4,Medium,
D004_5,C041816,3.126,11.5,High,
D004_5,C041842,6.221,14.4,Low,
D004_5,C041859,4.311,12.4,Medium,
D004_5,C041867,2.703,7.8,Medium,
D004_5,C041868,0.84,1.9,Low,
D004_5,C041871,6.675,19.3,Medium,One-Way
D004_5,C041887,5.805,16.7,Medium,No Heavy Trucks
D004_5,C041891,4.001,11.5,Medium,
D004_5,C041894,5.983,17.3,Medium,
D004_5,C041901,7.88,29.1,High,One-Way
D004_5,C041904,5.213,15.0,Medium,
D004_5,C041912,6.783,19.6,Medium,
D004_5,C041982,3.645,10.5,Medium,
D004_5,C041984,7.746,22.3,Medium,
D004_5,C042014,6.721,15.5,Low,
D004_5,C042045,2.64,6.1,Low,
D004_5,C042095,4.517,13.0,Medium,No Heavy Trucks
D004_5,C042101,5.09,14.7,Medium,
D004_5,C042102,6.744,19.5,Medium,
D004_5,C042106,8.61,24.8,Medium,
D004_5,C042111,5.205,12.0,Low,
D004_5,C042134,6.17,14.2,Low,
D004_5,C042151,0.921,3.4,High,
D004_5,C042164,5.563,16.0,Medium,No Heavy Trucks
D004_5,C042176,1.438,3.3,Low,
D004_5,C042228,1.883,5.4,Medium,
D004_5,C042241,4.954,14.3,Medium,
D004_5,C042262,8.952,33.1,High,
D004_5,C042268,1.347,5.0,High,
D004_5,C042269,1.406,4.1,Medium,
D004_5,C042272,7.781,18.0,Low,One-Way
D004_5,C042281,4.726,17.5,High,
D004_5,C042283,0.357,0.8,Low,
D004_5,C042292,2.589,6.0,Low,One-Way
D004_5,C042297,4.142,15.3,High,No Heavy Trucks
D004_5,C042312,5.514,15.9,Medium,
D004_5,C042316,8.001,18.5,Low,
D004_5,C042318,3.894,9.0,Low,
D004_5,C042329,7.137,16.5,Low,
D004_5,C042333,4.043,14.9,High,No Heavy Trucks
D004_5,C042334,4.688,10.8,Low,
D004_5,C042348,4.253,12.3,Medium,
D004_5,C042352,7.942,22.9,Medium,
D004_5,C042353,6.637,19.1,Medium,
D004_5,C042364,2.433,7.0,Medium,
D004_5,C042372,3.411,7.9,Low,One-Way
D004_5,C042390,3.939,11.4,Medium,One-Way
D004_5,C042400,6.12,17.7,Medium,
D004_5,C042423,6.896,15.9,Low,
D004_5,C042424,2.872,10.6,High,
D004_5,C042439,6.178,22.8,High,
D004_5,C042466,6.67,19.2,Medium,No Heavy Trucks
D004_5,C042468,5.005,14.4,Medium,
D004_5,C042487,9.646,27.8,Medium,
D004_5,C042501,4.074,11.8,Medium,No Heavy Trucks
D004_5,C042516,6.303,18.2,Medium,
D004_5,C042526,1.892,4.4,Low,
D004_5,C042543,4.108,15.2,High,
D004_5,C042546,4.656,13.4,Medium,
D004_5,C042582,6.783,19.6,Medium,
D004_5,C042596,3.048,8.8,Medium,
D004_5,C042625,6.514,18.8,Medium,No Heavy Trucks
D004_5,C042642,0.406,0.9,Low,
D004_5,C042650,1.492,4.3,Medium,
D004_5,C042658,5.73,16.5,Medium,One-Way
D004_5,C042674,4.66,10.8,Low,
D004_5,C042679,8.441,19.5,Low,
D004_5,C042697,7.767,22.4,Medium,
D004_5,C042712,5.772,21.3,High,
D004_5,C042732,3.806,8.8,Low,
D004_5,C042756,4.878,14.1,Medium,
D004_5,C042767,7.307,21.1,Medium,
D004_5,C042770,5.511,20.3,High,
D004_5,C042776,5.781,13.3,Low,
D004_5,C042799,8.245,30.4,High,
D004_5,C042813,6.885,15.9,Low,
D004_5,C042825,6.524,15.1,Low,One-Way
D004_5,C042864,6.491,15.0,Low,
D004_5,C042879,5.287,12.2,Low,
D004_5,C042883,5.08,18.8,High,
D004_5,C042899,4.758,13.7,Medium,One-Way
D004_5,C042915,3.564,8.2,Low,
D004_5,C042916,5.07,11.7,Low,
D004_5,C042917,4.476,12.9,Medium,
D004_5,C042945,6.652,19.2,Medium,One-Way
D004_5,C042956,1.131,3.3,Medium,One-Way
D004_5,C042957,3.992,14.7,High,
D004_5,C042961,3.04,8.8,Medium,
D004_5,C042966,3.859,8.9,Low,
D004_5,C042967,3.651,10.5,Medium,No Heavy Trucks
D004_5,C042973,10.657,30.7,Medium,
D004_5,C042983,8.778,25.3,Medium,One-Way
D004_5,C042988,7.187,26.5,High,No Heavy Trucks
D004_5,C042989,7.605,28.1,High,
D004_5,C042992,9.841,28.4,Medium,
D004_5,C042993,6.962,16.1,Low,
D004_5,C043014,7.008,20.2,Medium,One-Way
D004_5,C043037,2.436,7.0,Medium,No Heavy Trucks
D004_5,C043054,4.13,11.9,Medium,
D004_5,C043061,6.955,20.1,Medium,
D004_5,C043063,4.016,9.3,Low,
D004_5,C043080,3.435,7.9,Low,
D004_5,C043085,7.096,20.5,Medium,
D004_5,C043091,5.702,16.4,Medium,
D004_5,C043092,8.385,19.3,Low,
D004_5,C043119,6.105,14.1,Low,
D004_5,C043129,9.503,27.4,Medium,
D004_5,C043144,4.385,12.6,Medium,
D004_5,C043155,8.804,20.3,Low,
D004_5,C043163,7.371,21.3,Medium,
D004_5,C043181,5.881,13.6,Low,
D004_5,C043188,5.951,17.2,Medium,
D004_5,C043189,7.612,17.6,Low,
D004_5,C043193,4.37,10.1,Low,
D004_5,C043208,1.786,5.2,Medium,One-Way
D004_5,C043235,5.466,15.8,Medium,
D004_5,C043245,5.108,14.7,Medium,
D004_5,C043267,5.122,14.8,Medium,
D004_5,C043273,7.608,17.6,Low,One-Way
D004_5,C043310,4.047,11.7,Medium,
D004_5,C043325,5.774,16.7,Medium,
D004_5,C043329,7.882,29.1,High,
D004_5,C043330,4.817,13.9,Medium,
D004_5,C043339,8.158,18.8,Low,
D004_5,C043347,5.949,22.0,High,
D004_5,C043350,6.337,18.3,Medium,No Heavy Trucks
D004_5,C043352,6.056,17.5,Medium,
D004_5,C043355,7.451,17.2,Low,
D004_5,C043366,0.09,0.2,Low,One-Way
D004_5,C043395,7.531,21.7,Medium,No Heavy Trucks
D004_5,C043415,4.22,9.7,Low,
D004_5,C043434,6.531,18.8,Medium,No Heavy Trucks
D004_5,C043462,2.885,8.3,Medium,
D004_5,C043488,5.882,17.0,Medium,
D004_5,C043505,2.789,8.0,Medium,
D004_5,C043542,7.611,22.0,Medium,
D004_5,C043544,4.574,16.9,High,
D004_5,C043547,7.16,16.5,Low,
D004_5,C043550,3.065,8.8,Medium,One-Way
D004_5,C043567,3.869,11.2,Medium,
D004_5,C043579,8.237,23.8,Medium,
D004_5,C043584,4.762,13.7,Medium,One-Way
D004_5,C043589,6.206,14.3,Low,
D004_5,C043620,5.199,15.0,Medium,
D004_5,C043626,3.741,8.6,Low,
D004_5,C043631,5.066,11.7,Low,
D004_5,C043658,5.319,15.3,Medium,
D004_5,C043668,0.741,2.1,Medium,No Heavy Trucks
D004_5,C043669,7.371,21.3,Medium,No Heavy Trucks
D004_5,C043673,5.966,17.2,Medium,
D004_5,C043677,5.03,14.5,Medium,
D004_5,C043680,3.827,11.0,Medium,No Heavy Trucks
D004_5,C043685,3.999,11.5,Medium,
D004_5,C043693,5.023,11.6,Low,
D004_5,C043702,6.61,19.1,Medium,
D004_5,C043706,6.779,19.6,Medium,
D004_5,C043717,2.408,6.9,Medium,
D004_5,C043738,5.864,13.5,Low,
D004_5,C043743,6.584,24.3,High,
D004_5,C043750,5.512,15.9,Medium,
D004_5,C043774,6.724,19.4,Medium,
D004_5,C043806,6.323,18.2,Medium,No Heavy Trucks
D004_5,C043814,1.734,4.0,Low,
D004_5,C043823,4.498,10.4,Low,
D004_5,C043832,7.894,18.2,Low,No Heavy Trucks
D004_5,C043842,3.921,11.3,Medium,
D004_5,C043854,6.248,14.4,Low,
D004_5,C043856,4.137,11.9,Medium,
D004_5,C043879,4.782,11.0,Low,
D004_5,C043893,6.998,16.1,Low,One-Way
D004_5,C043894,8.839,20.4,Low,
D004_5,C043912,5.415,15.6,Medium,
D004_5,C043914,2.926,8.4,Medium,
D004_5,C043924,2.622,7.6,Medium,
D004_5,C043941,1.859,4.3,Low,No Heavy Trucks
D004_5,C043987,6.215,17.9,Medium,
D004_5,C043989,5.277,15.2,Medium,
D004_5,C043990,7.524,21.7,Medium,
D004_5,C043996,6.299,14.5,Low,
D004_5,C044011,6.358,18.3,Medium,No Heavy Trucks
D004_5,C044019,6.675,15.4,Low,
D004_5,C044034,1.674,3.9,Low,
D004_5,C044040,2.837,8.2,Medium,
D004_5,C044068,6.359,14.7,Low,
D004_5,C044078,9.096,26.2,Medium,No Heavy Trucks
D004_5,C044085,5.66,16.3,Medium,One-Way
D004_5,C044089,6.093,17.6,Medium,
D004_5,C044098,5.7,16.4,Medium,No Heavy Trucks
D004_5,C044099,4.234,12.2,Medium,
D004_5,C044125,4.407,12.7,Medium,
D004_5,C044130,7.674,22.1,Medium,
D004_5,C044159,8.409,19.4,Low,No Heavy Trucks
D004_5,C044164,5.254,12.1,Low,No Heavy Trucks
D004_5,C044197,5.998,17.3,Medium,
D004_5,C044203,6.011,17.3,Medium,
D004_5,C044208,7.714,17.8,Low,
D004_5,C044225,4.98,11.5,Low,
D004_5,C044235,8.371,24.1,Medium,
D004_5,C044240,6.707,24.8,High,
D004_5,C044258,6.937,25.6,High,
D004_5,C044260,6.259,14.4,Low,No Heavy Trucks
D004_5,C044276,6.795,15.7,Low,No Heavy Trucks
D004_5,C044291,3.369,9.7,Medium,
D004_5,C044297,8.499,24.5,Medium,
D004_5,C044299,4.14,15.3,High,No Heavy Trucks
D004_5,C044354,3.388,12.5,High,
D004_5,C044359,3.842,11.1,Medium,
D004_5,C044365,2.56,5.9,Low,
D004_5,C044372,5.21,15.0,Medium,
D004_5,C044379,1.272,3.7,Medium,
D004_5,C044408,5.749,16.6,Medium,One-Way
D004_5,C044414,3.978,9.2,Low,
D004_5,C044418,3.407,9.8,Medium,
D004_5,C044430,2.376,6.9,Medium,
D004_5,C044437,6.707,15.5,Low,
D004_5,C044438,4.128,11.9,Medium,
D004_5,C044450,3.822,11.0,Medium,
D004_5,C044452,5.352,12.4,Low,
D004_5,C044460,5.038,11.6,Low,
D004_5,C044470,6.289,14.5,Low,
D004_5,C044473,5.773,16.7,Medium,One-Way
D004_5,C044492,5.75,13.3,Low,
D004_5,C044494,5.331,12.3,Low,
D004_5,C044539,5.903,17.0,Medium,
D004_5,C044559,7.839,22.6,Medium,
D004_5,C044580,1.828,4.2,Low,
D004_5,C044589,4.612,13.3,Medium,
D004_5,C044593,6.539,18.9,Medium,
D004_5,C044596,3.322,9.6,Medium,
D004_5,C044605,2.436,5.6,Low,
D004_5,C044614,8.746,32.3,High,
D004_5,C044616,8.656,25.0,Medium,
D004_5,C044619,1.411,5.2,High,
D004_5,C044621,4.092,11.8,Medium,
D004_5,C044623,7.171,20.7,Medium,
D004_5,C044643,3.442,9.9,Medium,
D004_5,C044658,7.489,21.6,Medium,
D004_5,C044668,4.691,13.5,Medium,
D004_5,C044674,3.843,8.9,Low,
D004_5,C044684,7.957,29.4,High,One-Way
D004_5,C044688,6.467,18.7,Medium,
D004_5,C044699,3.732,8.6,Low,
D004_5,C044709,5.783,21.4,High,One-Way
D004_5,C044711,3.173,7.3,Low,
D004_5,C044743,7.119,20.5,Medium,No Heavy Trucks
D004_5,C044745,5.135,14.8,Medium,
D004_5,C044833,9.565,27.6,Medium,
D004_5,C044845,7.549,21.8,Medium,
D004_5,C044872,6.323,18.2,Medium,
D004_5,C044882,4.703,13.6,Medium,
D004_5,C044902,6.307,18.2,Medium,
D004_5,C044912,6.313,14.6,Low,
D004_5,C044919,4.531,13.1,Medium,
D004_5,C044929,5.75,13.3,Low,
D004_5,C044960,6.032,17.4,Medium,
D004_5,C044964,3.426,12.7,High,
D004_5,C044975,6.054,22.4,High,
D004_5,C045019,7.798,18.0,Low,
D004_5,C045032,6.19,17.9,Medium,
D004_5,C045036,2.382,6.9,Medium,
D004_5,C045055,5.394,19.9,High,
D004_5,C045074,4.401,12.7,Medium,
D004_5,C045079,5.464,15.8,Medium,
D004_5,C045091,1.225,4.5,High,No Heavy Trucks
D004_5,C045094,9.006,26.0,Medium,
D004_5,C045095,8.766,32.4,High,No Heavy Trucks
D004_5,C045101,4.27,12.3,Medium,
D004_5,C045102,8.839,32.6,High,
D004_5,C045105,5.226,15.1,Medium,
D004_5,C045108,1.455,3.4,Low,
D004_5,C045124,6.344,18.3,Medium,One-Way
D004_5,C045133,5.277,15.2,Medium,
D004_5,C045146,2.765,8.0,Medium,
D004_5,C045150,2.994,8.6,Medium,No Heavy Trucks
D004_5,C045176,4.17,9.6,Low,No Heavy Trucks
D004_5,C045177,6.319,14.6,Low,
D004_5,C045182,9.014,20.8,Low,
D004_5,C045251,6.004,22.2,High,
D004_5,C045274,6.165,14.2,Low,No Heavy Trucks
D004_5,C045287,7.346,17.0,Low,No Heavy Trucks
D004_5,C045300,5.844,16.9,Medium,
D004_5,C045301,1.066,3.1,Medium,One-Way
D004_5,C045319,4.372,16.1,High,
D004_5,C045350,8.987,25.9,Medium,
D004_5,C045356,5.919,13.7,Low,
D004_5,C045375,2.06,7.6,High,
D004_5,C045377,6.183,17.8,Medium,
D004_5,C045397,1.3,3.7,Medium,One-Way
D004_5,C045398,4.055,15.0,High,
D004_5,C045399,2.429,7.0,Medium,One-Way
D004_5,C045410,6.388,18.4,Medium,
D004_5,C045411,6.531,18.8,Medium,
D004_5,C045422,7.072,20.4,Medium,
D004_5,C045437,2.393,6.9,Medium,
D004_5,C045441,7.465,27.6,High,
D004_5,C045445,8.124,18.7,Low,
D004_5,C045453,7.959,29.4,High,
D004_5,C045459,5.378,15.5,Medium,
D004_5,C045487,5.207,15.0,Medium,
D004_5,C045493,3.995,9.2,Low,
D004_5,C045498,5.795,13.4,Low,
D004_5,C045513,4.339,10.0,Low,
D004_5,C045516,6.123,17.7,Medium,
D004_5,C045519,1.713,4.0,Low,
D004_5,C045525,6.507,18.8,Medium,
D004_5,C045526,7.039,20.3,Medium,
D004_5,C045528,4.029,14.9,High,
D004_5,C045530,3.8,8.8,Low,
D004_5,C045539,7.671,22.1,Medium,
D004_5,C045554,4.231,9.8,Low,
D004_5,C045563,6.066,14.0,Low,
D004_5,C045574,2.089,6.0,Medium,
D004_5,C045577,2.038,7.5,High,
D004_5,C045594,6.49,15.0,Low,No Heavy Trucks
D004_5,C045595,2.613,9.6,High,
D004_5,C045618,3.138,9.1,Medium,
D004_5,C045621,3.856,14.2,High,
D004_5,C045635,7.412,17.1,Low,No Heavy Trucks
D004_5,C045639,3.348,9.7,Medium,
D004_5,C045643,5.003,11.5,Low,
D004_5,C045648,1.866,4.3,Low,
D004_5,C045650,7.309,16.9,Low,
D004_5,C045665,3.118,9.0,Medium,
D004_5,C045666,5.322,15.4,Medium,
D004_5,C045699,2.908,10.7,High,
D004_5,C045709,1.91,5.5,Medium,
D004_5,C045718,6.445,18.6,Medium,
D004_5,C045729,4.995,11.5,Low,One-Way
D004_5,C045735,4.427,12.8,Medium,
D004_5,C045737,4.463,12.9,Medium,
D004_5,C045755,7.968,18.4,Low,
D004_5,C045789,8.901,25.7,Medium,
D004_5,C045802,1.762,6.5,High,One-Way
D004_5,C045811,7.954,18.4,Low,
D004_5,C045833,7.543,21.8,Medium,
D004_5,C045840,2.878,8.3,Medium,
D004_5,C045859,4.938,14.2,Medium,
D004_5,C045866,5.966,17.2,Medium,
D004_5,C045869,5.291,15.3,Medium,
D004_5,C045870,6.72,15.5,Low,
D004_5,C045883,5.368,12.4,Low,One-Way
D004_5,C045884,5.454,15.7,Medium,
D004_5,C045892,5.982,17.3,Medium,No Heavy Trucks
D004_5,C045894,8.578,24.7,Medium,
D004_5,C045906,5.004,14.4,Medium,
D004_5,C045924,5.989,17.3,Medium,
D004_5,C046004,3.117,7.2,Low,
D004_5,C046020,4.373,10.1,Low,No Heavy Trucks
D004_5,C046031,7.359,27.2,High,
D004_5,C046033,5.943,17.1,Medium,
D004_5,C046038,5.292,15.3,Medium,
D004_5,C046058,5.168,14.9,Medium,
D004_5,C046063,2.034,5.9,Medium,
D004_5,C046080,6.18,22.8,High,
D004_5,C046087,2.933,6.8,Low,
D004_5,C046091,5.898,17.0,Medium,
D004_5,C046093,7.194,20.8,Medium,
D004_5,C046110,6.612,19.1,Medium,
D004_5,C046117,0.384,1.1,Medium,
D004_5,C046121,7.232,20.9,Medium,One-Way
D004_5,C046123,5.098,11.8,Low,
D004_5,C046132,6.145,14.2,Low,
D004_5,C046181,4.21,12.1,Medium,
D004_5,C046186,3.685,8.5,Low,
D004_5,C046196,4.503,10.4,Low,
D004_5,C046224,7.19,16.6,Low,
D004_5,C046225,7.209,20.8,Medium,
D004_5,C046228,6.463,18.6,Medium,
D004_5,C046244,5.11,14.7,Medium,
D004_5,C046250,4.373,12.6,Medium,
D004_5,C046265,5.343,12.3,Low,
D004_5,C046297,6.308,18.2,Medium,
D004_5,C046343,4.644,13.4,Medium,
D004_5,C046346,3.382,7.8,Low,
D004_5,C046356,7.812,18.0,Low,
D004_5,C046360,3.555,8.2,Low,
D004_5,C046432,6.403,18.5,Medium,
D004_5,C046436,1.277,3.7,Medium,One-Way
D004_5,C046485,2.683,9.9,High,
D004_5,C046492,7.352,21.2,Medium,
D004_5,C046510,1.378,4.0,Medium,
D004_5,C046534,0.967,2.8,Medium,No Heavy Trucks
D004_5,C046555,4.072,11.7,Medium,
D004_5,C046567,3.329,9.6,Medium,
D004_5,C046582,5.862,21.6,High,
D004_5,C046603,5.66,16.3,Medium,No Heavy Trucks
D004_5,C046611,5.816,16.8,Medium,
D004_5,C046612,6.347,14.6,Low,One-Way
D004_5,C046618,4.63,13.4,Medium,One-Way
D004_5,C046656,2.368,5.5,Low,One-Way
D004_5,C046700,4.547,16.8,High,
D004_5,C046703,3.368,9.7,Medium,
D004_5,C046723,5.299,15.3,Medium,
D004_5,C046736,3.763,8.7,Low,
D004_5,C046740,2.356,6.8,Medium,No Heavy Trucks
D004_5,C046745,6.432,18.6,Medium,One-Way
D004_5,C046757,2.901,10.7,High,
D004_5,C046766,7.791,18.0,Low,No Heavy Trucks
D004_5,C046767,1.277,2.9,Low,
D004_5,C046768,5.363,15.5,Medium,
D004_5,C046772,7.156,20.6,Medium,
D004_5,C046776,2.394,8.8,High,No Heavy Trucks
D004_5,C046780,9.653,27.8,Medium,
D004_5,C046781,2.939,6.8,Low,
D004_5,C046792,6.387,18.4,Medium,
D004_5,C046802,5.926,21.9,High,
D004_5,C046810,7.857,22.7,Medium,
D004_5,C046837,8.111,18.7,Low,
D004_5,C046857,2.501,5.8,Low,
D004_5,C046860,3.795,10.9,Medium,
D004_5,C046874,6.087,17.6,Medium,
D004_5,C046879,5.811,13.4,Low,
D004_5,C046900,4.442,10.3,Low,No Heavy Trucks
D004_5,C046901,2.157,6.2,Medium,
D004_5,C046919,7.94,22.9,Medium,One-Way
D004_5,C046944,4.581,13.2,Medium,No Heavy Trucks
D004_5,C046953,4.392,12.7,Medium,
D004_5,C046963,4.351,12.6,Medium,
D004_5,C046973,6.072,22.4,High,
D004_5,C046974,6.435,23.8,High,
D004_5,C047011,9.007,33.3,High,
D004_5,C047022,3.479,10.0,Medium,
D004_5,C047035,6.54,15.1,Low,
D004_5,C047041,6.013,17.3,Medium,
D004_5,C047050,3.748,8.6,Low,
D004_5,C047053,4.906,11.3,Low,
D004_5,C047061,5.009,18.5,High,One-Way
D004_5,C047073,5.582,16.1,Medium,
D004_5,C047089,2.222,5.1,Low,One-Way
D004_5,C047110,3.183,11.8,High,
D004_5,C047129,0.484,1.8,High,
D004_5,C047140,1.945,5.6,Medium,
D004_5,C047142,5.782,16.7,Medium,
D004_5,C047143,5.642,13.0,Low,One-Way
D004_5,C047150,4.706,13.6,Medium,
D004_5,C047171,8.866,25.6,Medium,
D004_5,C047172,1.455,5.4,High,No Heavy Trucks
D004_5,C047183,3.335,7.7,Low,
D004_5,C047187,5.84,16.8,Medium,One-Way
D004_5,C047193,6.994,25.8,High,
D004_5,C047200,3.633,10.5,Medium,
D004_5,C047212,4.68,10.8,Low,
D004_5,C047246,7.878,22.7,Medium,
D004_5,C047250,8.629,19.9,Low,One-Way
D004_5,C047255,2.533,5.8,Low,
D004_5,C047262,2.561,7.4,Medium,
D004_5,C047274,4.326,16.0,High,
D004_5,C047279,7.945,29.3,High,
D004_5,C047285,5.646,13.0,Low,
D004_5,C047287,2.225,5.1,Low,
D004_5,C047325,3.264,9.4,Medium,
D004_5,C047337,6.412,18.5,Medium,
D004_5,C047342,3.681,10.6,Medium,One-Way
D004_5,C047346,6.627,15.3,Low,
D004_5,C047351,8.793,32.5,High,
D004_5,C047359,7.788,18.0,Low,
D004_5,C047380,8.074,23.3,Medium,No Heavy Trucks
D004_5,C047381,8.179,23.6,Medium,
D004_5,C047382,4.57,10.5,Low,
D004_5,C047406,5.894,17.0,Medium,
D004_5,C047425,8.193,18.9,Low,
D004_5,C047431,2.372,6.8,Medium,
D004_5,C047461,3.876,8.9,Low,
D004_5,C047462,5.832,21.5,High,
D004_5,C047464,2.921,6.7,Low,
D004_5,C047483,4.784,13.8,Medium,
D004_5,C047496,6.164,14.2,Low,
D004_5,C047497,8.871,20.5,Low,
D004_5,C047499,9.586,22.1,Low,No Heavy Trucks
D004_5,C047503,2.194,6.3,Medium,
D004_5,C047517,7.433,27.4,High,
D004_5,C047522,6.706,24.8,High,No Heavy Trucks
D004_5,C047549,6.219,14.4,Low,
D004_5,C047555,4.816,17.8,High,
D004_5,C047557,2.743,6.3,Low,
D004_5,C047582,3.287,7.6,Low,
D004_5,C047586,5.036,18.6,High,
D004_5,C047593,5.271,15.2,Medium,
D004_5,C047650,2.395,8.8,High,
D004_5,C047657,5.625,13.0,Low,
D004_5,C047673,4.65,13.4,Medium,
D004_5,C047676,6.408,14.8,Low,
D004_5,C047708,6.33,18.3,Medium,One-Way
D004_5,C047729,8.038,29.7,High,One-Way
D004_5,C047739,5.009,18.5,High,
D004_5,C047747,9.399,27.1,Medium,
D004_5,C047748,6.27,18.1,Medium,
D004_5,C047752,5.671,16.4,Medium,
D004_5,C047754,4.197,12.1,Medium,
D004_5,C047764,5.703,16.5,Medium,
D004_5,C047774,7.863,18.1,Low,
D004_5,C047786,5.107,18.9,High,
D004_5,C047808,5.921,17.1,Medium,No Heavy Trucks
D004_5,C047817,5.138,14.8,Medium,One-Way
D004_5,C047822,5.681,16.4,Medium,
D004_5,C047830,5.618,13.0,Low,
D004_5,C047862,7.874,18.2,Low,
D004_5,C047865,5.739,13.2,Low,
D004_5,C047868,7.032,20.3,Medium,
D004_5,C047888,3.716,10.7,Medium,
D004_5,C047898,9.767,28.2,Medium,One-Way
D004_5,C047934,8.765,25.3,Medium,No Heavy Trucks
D004_5,C047937,3.484,10.1,Medium,
D004_5,C047942,6.524,18.8,Medium,
D004_5,C047986,3.866,8.9,Low,
D004_5,C047993,8.528,31.5,High,
D004_5,C047995,2.949,8.5,Medium,
D004_5,C047999,3.068,8.9,Medium,
D004_5,C048009,5.792,16.7,Medium,
D004_5,C048043,1.309,3.8,Medium,
D004_5,C048050,6.834,15.8,Low,
D004_5,C048061,3.318,7.7,Low,
D004_5,C048092,5.038,11.6,Low,
D004_5,C048104,2.706,7.8,Medium,
D004_5,C048106,3.889,11.2,Medium,
D004_5,C048129,2.596,6.0,Low,
D004_5,C048147,2.501,5.8,Low,
D004_5,C048153,5.097,14.7,Medium,
D004_5,C048163,2.967,8.6,Medium,
D004_5,C048166,6.366,18.4,Medium,
D004_5,C048171,4.674,10.8,Low,
D004_5,C048185,6.81,19.6,Medium,
D004_5,C048193,2.707,7.8,Medium,
D004_5,C048199,4.987,18.4,High,
D004_5,C048214,7.669,17.7,Low,
D004_5,C048221,7.774,22.4,Medium,
D004_5,C048237,2.72,7.8,Medium,
D004_5,C048245,4.194,12.1,Medium,
D004_5,C048252,2.938,10.8,High,
D004_5,C048260,5.111,14.7,Medium,
D004_5,C048262,6.425,18.5,Medium,
D004_5,C048274,4.854,11.2,Low,
D004_5,C048291,7.108,16.4,Low,One-Way
D004_5,C048317,7.606,17.6,Low,
D004_5,C048323,9.365,21.6,Low,
D004_5,C048341,4.137,9.5,Low,
D004_5,C048353,1.647,4.8,Medium,
D004_5,C048379,4.85,11.2,Low,
D004_5,C048389,5.544,16.0,Medium,
D004_5,C048425,5.525,20.4,High,
D004_5,C048429,5.746,16.6,Medium,
D004_5,C048430,0.422,1.2,Medium,
D004_5,C048445,2.672,7.7,Medium,
D004_5,C048474,6.044,17.4,Medium,
D004_5,C048490,7.796,22.5,Medium,
D004_5,C048494,5.3,15.3,Medium,One-Way
D004_5,C048499,2.836,6.5,Low,
D004_5,C048500,2.829,8.2,Medium,
D004_5,C048515,4.672,10.8,Low,
D004_5,C048519,1.14,3.3,Medium,
D004_5,C048520,9.333,21.5,Low,
D004_5,C048527,6.521,18.8,Medium,
D004_5,C048531,1.345,3.1,Low,
D004_5,C048568,5.839,13.5,Low,
D004_5,C048575,1.339,3.1,Low,
D004_5,C048577,6.013,13.9,Low,
D004_5,C048597,2.546,7.3,Medium,
D004_5,C048598,5.662,16.3,Medium,
D004_5,C048601,5.638,16.3,Medium,One-Way
D004_5,C048604,5.36,12.4,Low,
D004_5,C048616,4.158,9.6,Low,
D004_5,C048618,4.59,10.6,Low,
D004_5,C048625,4.1,9.5,Low,
D004_5,C048638,2.676,6.2,Low,
D004_5,C048650,5.279,15.2,Medium,
D004_5,C048651,4.794,17.7,High,
D004_5,C048672,5.615,16.2,Medium,
D004_5,C048680,4.855,11.2,Low,
D004_5,C048685,4.784,17.7,High,
D004_5,C048692,2.337,8.6,High,
D004_5,C048693,3.775,8.7,Low,
D004_5,C048696,9.179,26.5,Medium,
D004_5,C048699,5.153,14.9,Medium,
D004_5,C048708,4.882,14.1,Medium,
D004_5,C048738,7.339,21.2,Medium,
D004_5,C048743,3.749,10.8,Medium,
D004_5,C048754,8.523,24.6,Medium,
D004_5,C048757,5.738,16.6,Medium,
D004_5,C048764,1.245,2.9,Low,No Heavy Trucks
D004_5,C048769,0.736,2.7,High,One-Way
D004_5,C048777,4.931,14.2,Medium,
D004_5,C048795,1.907,4.4,Low,
D004_5,C048801,6.171,22.8,High,One-Way
D004_5,C048826,6.106,22.5,High,
D004_5,C048858,7.246,16.7,Low,
D004_5,C048905,4.059,9.4,Low,
D004_5,C048917,0.909,2.6,Medium,
D004_5,C048937,5.558,12.8,Low,
D004_5,C048961,9.189,33.9,High,
D004_5,C048986,3.586,10.3,Medium,
D004_5,C048989,1.961,5.7,Medium,
D004_5,C049001,2.419,5.6,Low,One-Way
D004_5,C049012,7.128,20.6,Medium,No Heavy Trucks
D004_5,C049023,3.121,11.5,High,No Heavy Trucks
D004_5,C049024,6.912,16.0,Low,
D004_5,C049043,0.552,2.0,High,
D004_5,C049061,4.836,11.2,Low,
D004_5,C049098,5.573,16.1,Medium,
D004_5,C049100,5.305,12.2,Low,
D004_5,C049102,3.735,10.8,Medium,
D004_5,C049118,5.853,16.9,Medium,
D004_5,C049142,6.059,14.0,Low,
D004_5,C049163,7.501,27.7,High,
D004_5,C049174,7.202,16.6,Low,No Heavy Trucks
D004_5,C049222,7.39,21.3,Medium,
D004_5,C049230,2.031,5.9,Medium,
D004_5,C049234,7.518,21.7,Medium,
D004_5,C049236,5.128,14.8,Medium,
D004_5,C049256,2.85,6.6,Low,
D004_5,C049278,6.849,19.8,Medium,One-Way
D004_5,C049285,3.576,10.3,Medium,
D004_5,C049321,9.566,22.1,Low,
D004_5,C049329,7.237,20.9,Medium,
D004_5,C049336,6.543,18.9,Medium,
D004_5,C049347,8.793,25.4,Medium,One-Way
D004_5,C049348,2.914,8.4,Medium,
D004_5,C049352,3.61,10.4,Medium,
D004_5,C049355,2.878,10.6,High,
D004_5,C049363,3.954,11.4,Medium,
D004_5,C049364,6.729,19.4,Medium,
D004_5,C049370,6.202,17.9,Medium,
D004_5,C049378,3.262,9.4,Medium,
D004_5,C049387,3.638,13.4,High,
D004_5,C049388,2.577,5.9,Low,
D004_5,C049395,6.539,15.1,Low,
D004_5,C049405,6.855,19.8,Medium,
D004_5,C049412,5.848,16.9,Medium,
D004_5,C049422,6.889,19.9,Medium,
D004_5,C049434,4.33,16.0,High,
D004_5,C049437,4.641,13.4,Medium,
D004_5,C049443,7.93,18.3,Low,
D004_5,C049449,2.265,5.2,Low,
D004_5,C049450,7.81,18.0,Low,
D004_5,C049464,5.28,12.2,Low,
D004_5,C049479,7.796,28.8,High,
D004_5,C049486,4.047,14.9,High,
D004_5,C049491,6.598,19.0,Medium,
D004_5,C049499,3.556,10.3,Medium,
D004_5,C049510,5.059,14.6,Medium,One-Way
D004_5,C049514,5.751,13.3,Low,
D004_5,C049526,7.723,17.8,Low,
D004_5,C049531,6.763,19.5,Medium,No Heavy Trucks
D004_5,C049538,3.976,11.5,Medium,
D004_5,C049541,4.272,12.3,Medium,
D004_5,C049546,3.505,10.1,Medium,One-Way
D004_5,C049547,7.081,26.1,High,
D004_5,C049553,4.269,12.3,Medium,One-Way
D004_5,C049559,5.158,11.9,Low,
D004_5,C049585,5.834,13.5,Low,
D004_5,C049598,4.731,10.9,Low,
D004_5,C049609,4.802,11.1,Low,
D004_5,C049610,2.069,7.6,High,No Heavy Trucks
D004_5,C049618,6.208,17.9,Medium,
D004_5,C049633,5.333,15.4,Medium,
D004_5,C049640,6.061,17.5,Medium,
D004_5,C049655,2.269,5.2,Low,No Heavy Trucks
D004_5,C049657,7.186,16.6,Low,
D004_5,C049703,7.101,20.5,Medium,
D004_5,C049708,3.671,10.6,Medium,No Heavy Trucks
D004_5,C049714,5.838,16.8,Medium,One-Way
D004_5,C049739,3.542,8.2,Low,
D004_5,C049748,6.625,15.3,Low,No Heavy Trucks
D004_5,C049769,5.552,12.8,Low,No Heavy Trucks
D004_5,C049815,7.928,18.3,Low,
D004_5,C049816,8.253,19.0,Low,No Heavy Trucks
D004_5,C049822,8.383,24.2,Medium,No Heavy Trucks
D004_5,C049825,2.891,6.7,Low,
D004_5,C049841,1.653,4.8,Medium,
D004_5,C049842,2.284,5.3,Low,
D004_5,C049874,3.748,10.8,Medium,
D004_5,C049879,4.92,14.2,Medium,
D004_5,C049882,7.539,21.7,Medium,No Heavy Trucks
D004_5,C049898,7.061,26.1,High,
D004_5,C049907,8.328,30.7,High,No Heavy Trucks
D004_5,C049909,4.92,14.2,Medium,
D004_5,C049913,2.482,7.2,Medium,
D004_5,C049916,5.939,13.7,Low,
D004_5,C049926,5.173,14.9,Medium,
D004_5,C049928,7.301,21.1,Medium,
D004_5,C049944,4.58,16.9,High,No Heavy Trucks
D004_5,C049959,4.507,13.0,Medium,
D004_5,C049961,2.428,5.6,Low,
D004_5,C049966,6.363,18.4,Medium,One-Way
D004_5,C049979,8.678,20.0,Low,
D004_5,C049987,5.712,21.1,High,
D004_1,C000007,6.502,24.0,High,
D004_1,C000039,6.596,19.0,Medium,
D004_1,C000048,2.86,8.3,Medium,
D004_1,C000085,1.168,4.3,High,
D004_1,C000092,6.384,14.7,Low,
D004_1,C000120,3.725,10.7,Medium,No Heavy Trucks
D004_1,C000126,0.56,2.1,High,
D004_1,C000135,5.222,15.1,Medium,One-Way
D004_1,C000143,4.874,11.2,Low,
D004_1,C000168,5.705,16.5,Medium,
D004_1,C000189,6.539,18.9,Medium,
D004_1,C000204,1.973,5.7,Medium,
D004_1,C000222,3.649,8.4,Low,
D004_1,C000238,2.669,6.2,Low,
D004_1,C000243,1.895,5.5,Medium,
D004_1,C000247,7.602,28.1,High,
D004_1,C000256,6.738,24.9,High,
D004_1,C000263,6.483,18.7,Medium,
D004_1,C000287,2.549,7.4,Medium,
D004_1,C000290,4.223,9.7,Low,One-Way
D004_1,C000294,3.817,11.0,Medium,
D004_1,C000296,4.886,11.3,Low,
D004_1,C000316,4.529,10.5,Low,
D004_1,C000318,3.735,10.8,Medium,
D004_1,C000323,6.318,18.2,Medium,
D004_1,C000330,2.283,8.4,High,
D004_1,C000341,5.791,13.4,Low,
D004_1,C000352,5.359,12.4,Low,One-Way
D004_1,C000382,5.49,15.8,Medium,No Heavy Trucks
D004_1,C000393,4.146,9.6,Low,
D004_1,C000403,3.182,7.3,Low,
D004_1,C000413,1.291,3.0,Low,No Heavy Trucks
D004_1,C000423,4.657,10.7,Low,
D004_1,C000426,5.409,12.5,Low,
D004_1,C000427,4.988,11.5,Low,No Heavy Trucks
D004_1,C000437,8.117,18.7,Low,No Heavy Trucks
D004_1,C000455,0.661,1.5,Low,
D004_1,C000460,7.801,22.5,Medium,
D004_1,C000475,4.615,13.3,Medium,
D004_1,C000492,4.458,10.3,Low,
D004_1,C000496,7.06,26.1,High,
D004_1,C000513,1.963,5.7,Medium,One-Way
D004_1,C000518,6.15,14.2,Low,One-Way
D004_1,C000523,7.591,28.0,High,
D004_1,C000532,4.631,10.7,Low,No Heavy Trucks
D004_1,C000574,3.576,8.3,Low,
D004_1,C000580,5.141,14.8,Medium,
D004_1,C000603,8.565,24.7,Medium,
D004_1,C000614,4.85,17.9,High,
D004_1,C000618,7.563,21.8,Medium,
D004_1,C000621,2.501,7.2,Medium,
D004_1,C000624,6.228,14.4,Low,
D004_1,C000634,4.623,10.7,Low,
D004_1,C000638,6.206,17.9,Medium,
D004_1,C000642,7.335,27.1,High,
D004_1,C000643,6.462,18.6,Medium,
D004_1,C000654,4.809,11.1,Low,
D004_1,C000662,7.008,16.2,Low,No Heavy Trucks
D004_1,C000666,7.312,16.9,Low,
D004_1,C000673,6.59,24.3,High,
D004_1,C000686,8.155,30.1,High,
D004_1,C000697,4.014,9.3,Low,
D004_1,C000701,4.108,11.9,Medium,
D004_1,C000708,8.439,31.2,High,No Heavy Trucks
D004_1,C000728,7.452,21.5,Medium,
D004_1,C000748,4.251,12.3,Medium,One-Way
D004_1,C000764,5.434,12.5,Low,
D004_1,C000771,6.874,19.8,Medium,No Heavy Trucks
D004_1,C000779,5.444,15.7,Medium,
D004_1,C000786,7.116,16.4,Low,
D004_1,C000787,5.972,13.8,Low,
D004_1,C000805,6.485,18.7,Medium,No Heavy Trucks
D004_1,C000808,7.637,22.0,Medium,No Heavy Trucks
D004_1,C000814,5.71,21.1,High,
D004_1,C000824,6.024,22.2,High,One-Way
D004_1,C000832,2.037,5.9,Medium,
D004_1,C000839,3.939,11.4,Medium,No Heavy Trucks
D004_1,C000845,6.138,17.7,Medium,
D004_1,C000855,4.055,15.0,High,
D004_1,C000862,4.446,10.3,Low,No Heavy Trucks
D004_1,C000905,5.141,11.9,Low,One-Way
D004_1,C000908,4.101,15.1,High,
D004_1,C000929,6.559,18.9,Medium,One-Way
D004_1,C000955,6.317,18.2,Medium,
D004_1,C000989,3.632,10.5,Medium,
D004_1,C001016,0.247,0.7,Medium,
D004_1,C001030,5.298,15.3,Medium,
D004_1,C001039,6.546,18.9,Medium,
D004_1,C001067,2.849,8.2,Medium,
D004_1,C001074,2.842,6.6,Low,
D004_1,C001076,6.009,13.9,Low,
D004_1,C001079,1.962,5.7,Medium,
D004_1,C001088,7.392,17.1,Low,
D004_1,C001112,3.302,9.5,Medium,
D004_1,C001137,0.656,1.5,Low,One-Way
D004_1,C001139,4.477,12.9,Medium,
D004_1,C001143,4.448,10.3,Low,
D004_1,C001156,3.874,8.9,Low,
D004_1,C001178,4.215,12.2,Medium,
D004_1,C001194,6.581,15.2,Low,No Heavy Trucks
D004_1,C001199,7.787,22.5,Medium,
D004_1,C001203,3.073,7.1,Low,
D004_1,C001210,6.736,19.4,Medium,
D004_1,C001212,4.49,13.0,Medium,
D004_1,C001215,4.312,15.9,High,
D004_1,C001234,4.068,9.4,Low,
D004_1,C001236,3.725,10.7,Medium,
D004_1,C001259,5.892,21.8,High,
D004_1,C001267,5.159,14.9,Medium,One-Way
D004_1,C001270,8.856,32.7,High,
D004_1,C001276,7.279,21.0,Medium,
D004_1,C001280,6.529,18.8,Medium,
D004_1,C001293,5.582,16.1,Medium,
D004_1,C001308,7.196,16.6,Low,
D004_1,C001320,2.398,5.5,Low,
D004_1,C001329,6.572,15.2,Low,
D004_1,C001351,7.612,17.6,Low,
D004_1,C001355,4.057,15.0,High,One-Way
D004_1,C001362,7.186,26.5,High,
D004_1,C001363,6.742,19.4,Medium,
D004_1,C001371,1.121,2.6,Low,
D004_1,C001374,1.855,4.3,Low,One-Way
D004_1,C001381,8.909,32.9,High,
D004_1,C001392,0.72,2.1,Medium,
D004_1,C001398,4.683,10.8,Low,
D004_1,C001402,6.396,18.5,Medium,
D004_1,C001404,8.369,24.1,Medium,
D004_1,C001458,8.262,23.8,Medium,One-Way
D004_1,C001470,4.72,13.6,Medium,
D004_1,C001478,5.274,12.2,Low,
D004_1,C001489,4.813,13.9,Medium,
D004_1,C001499,5.34,12.3,Low,
D004_1,C001523,2.892,8.3,Medium,
D004_1,C001528,4.897,14.1,Medium,
D004_1,C001542,1.417,3.3,Low,
D004_1,C001558,2.602,7.5,Medium,
D004_1,C001585,5.256,15.2,Medium,
D004_1,C001591,4.332,10.0,Low,
D004_1,C001606,3.948,11.4,Medium,One-Way
D004_1,C001608,6.802,15.7,Low,
D004_1,C001632,5.032,11.6,Low,
D004_1,C001657,6.194,22.9,High,
D004_1,C001665,9.554,27.6,Medium,
D004_1,C001670,6.03,17.4,Medium,One-Way
D004_1,C001671,6.282,18.1,Medium,
D004_1,C001692,5.499,15.9,Medium,
D004_1,C001696,4.857,14.0,Medium,
D004_1,C001701,2.441,9.0,High,
D004_1,C001712,2.439,7.0,Medium,No Heavy Trucks
D004_1,C001757,2.519,7.3,Medium,
D004_1,C001773,5.106,14.7,Medium,
D004_1,C001782,2.589,7.5,Medium,
D004_1,C001795,6.428,18.5,Medium,
D004_1,C001800,2.655,7.7,Medium,No Heavy Trucks
D004_1,C001805,2.364,6.8,Medium,
D004_1,C001810,7.009,20.2,Medium,
D004_1,C001828,3.932,11.3,Medium,
D004_1,C001830,7.827,18.1,Low,
D004_1,C001833,3.142,9.1,Medium,No Heavy Trucks
D004_1,C001836,6.752,15.6,Low,No Heavy Trucks
D004_1,C001842,7.377,21.3,Medium,
D004_1,C001850,4.999,14.4,Medium,
D004_1,C001871,6.187,14.3,Low,
D004_1,C001895,7.631,22.0,Medium,One-Way
D004_1,C001908,5.381,15.5,Medium,
D004_1,C001909,6.058,14.0,Low,One-Way
D004_1,C001911,7.582,28.0,High,
D004_1,C001924,6.641,24.5,High,
D004_1,C001927,7.923,29.3,High,
D004_1,C001932,8.76,20.2,Low,One-Way
D004_1,C001935,8.406,24.2,Medium,One-Way
D004_1,C001940,5.812,16.8,Medium,
D004_1,C002019,3.771,10.9,Medium,One-Way
D004_1,C002021,6.554,18.9,Medium,
D004_1,C002039,6.194,14.3,Low,
D004_1,C002053,6.508,18.8,Medium,
D004_1,C002079,4.971,14.3,Medium,
D004_1,C002091,5.505,15.9,Medium,
D004_1,C002120,7.057,16.3,Low,
D004_1,C002127,3.878,11.2,Medium,
D004_1,C002146,4.878,11.3,Low,
D004_1,C002162,6.654,19.2,Medium,
D004_1,C002176,6.658,15.4,Low,
D004_1,C002180,3.273,9.4,Medium,
D004_1,C002186,6.755,19.5,Medium,
D004_1,C002231,4.739,13.7,Medium,
D004_1,C002232,3.211,9.3,Medium,
D004_1,C002242,5.075,11.7,Low,
D004_1,C002249,3.703,8.5,Low,
D004_1,C002253,8.525,24.6,Medium,
D004_1,C002266,6.324,14.6,Low,No Heavy Trucks
D004_1,C002269,4.932,14.2,Medium,One-Way
D004_1,C002280,6.558,24.2,High,
D004_1,C002313,6.785,19.6,Medium,No Heavy Trucks
D004_1,C002323,4.697,13.5,Medium,
D004_1,C002352,8.146,18.8,Low,
D004_1,C002377,6.247,23.1,High,
D004_1,C002402,5.991,22.1,High,
D004_1,C002421,5.388,19.9,High,No Heavy Trucks
D004_1,C002439,8.721,32.2,High,One-Way
D004_1,C002441,5.53,12.8,Low,
D004_1,C002472,7.358,17.0,Low,
D004_1,C002488,5.665,20.9,High,
D004_1,C002496,3.795,10.9,Medium,One-Way
D004_1,C002509,8.217,23.7,Medium,
D004_1,C002528,8.007,29.6,High,
D004_1,C002532,2.644,7.6,Medium,No Heavy Trucks
D004_1,C002552,6.009,13.9,Low,
D004_1,C002619,8.847,25.5,Medium,
D004_1,C002643,4.756,13.7,Medium,
D004_1,C002660,8.691,20.1,Low,
D004_1,C002671,7.156,26.4,High,
D004_1,C002673,3.165,7.3,Low,One-Way
D004_1,C002674,1.235,3.6,Medium,
D004_1,C002697,6.13,17.7,Medium,
D004_1,C002711,4.812,13.9,Medium,No Heavy Trucks
D004_1,C002716,4.928,14.2,Medium,One-Way
D004_1,C002741,1.774,6.6,High,
D004_1,C002746,6.29,18.1,Medium,
D004_1,C002748,5.04,11.6,Low,
D004_1,C002751,2.994,8.6,Medium,One-Way
D004_1,C002758,2.018,4.7,Low,
D004_1,C002761,8.583,19.8,Low,No Heavy Trucks
D004_1,C002771,9.77,28.2,Medium,
D004_1,C002772,8.779,25.3,Medium,
D004_1,C002785,2.25,6.5,Medium,One-Way
D004_1,C002821,4.028,11.6,Medium,
D004_1,C002838,5.271,15.2,Medium,
D004_1,C002861,2.404,6.9,Medium,
D004_1,C002867,6.654,19.2,Medium,
D004_1,C002885,5.248,15.1,Medium,
D004_1,C002905,2.74,10.1,High,One-Way
D004_1,C002947,5.362,19.8,High,
D004_1,C002962,3.313,9.6,Medium,
D004_1,C002968,7.529,21.7,Medium,
D004_1,C002969,8.229,19.0,Low,
D004_1,C002972,3.94,14.5,High,
D004_1,C003001,4.925,14.2,Medium,
D004_1,C003017,5.65,16.3,Medium,
D004_1,C003024,7.418,17.1,Low,
D004_1,C003028,4.01,11.6,Medium,
D004_1,C003034,5.591,12.9,Low,
D004_1,C003035,3.86,11.1,Medium,
D004_1,C003050,9.577,35.4,High,
D004_1,C003056,4.259,12.3,Medium,
D004_1,C003068,1.097,3.2,Medium,
D004_1,C003072,6.09,14.1,Low,
D004_1,C003074,1.986,5.7,Medium,
D004_1,C003087,2.84,6.6,Low,
D004_1,C003093,4.721,10.9,Low,
D004_1,C003096,5.462,15.8,Medium,No Heavy Trucks
D004_1,C003099,6.965,16.1,Low,
D004_1,C003159,0.94,2.7,Medium,One-Way
D004_1,C003166,3.489,10.1,Medium,
D004_1,C003168,4.499,13.0,Medium,
D004_1,C003197,1.733,5.0,Medium,One-Way
D004_1,C003232,4.923,14.2,Medium,
D004_1,C003241,8.844,32.7,High,One-Way
D004_1,C003249,2.82,8.1,Medium,
D004_1,C003257,6.71,24.8,High,
D004_1,C003258,4.613,10.6,Low,
D004_1,C003292,3.443,9.9,Medium,No Heavy Trucks
D004_1,C003299,5.159,14.9,Medium,
D004_1,C003307,6.342,14.6,Low,
D004_1,C003317,1.905,5.5,Medium,
D004_1,C003323,7.76,17.9,Low,
D004_1,C003325,2.45,7.1,Medium,
D004_1,C003339,5.804,16.7,Medium,
D004_1,C003396,10.158,29.3,Medium,
D004_1,C003398,3.471,8.0,Low,
D004_1,C003402,4.231,12.2,Medium,
D004_1,C003412,5.241,15.1,Medium,
D004_1,C003428,6.835,15.8,Low,
D004_1,C003443,8.833,20.4,Low,
D004_1,C003466,9.182,33.9,High,
D004_1,C003467,8.701,25.1,Medium,
D004_1,C003470,3.623,8.4,Low,
D004_1,C003525,7.028,20.3,Medium,One-Way
D004_1,C003555,3.435,7.9,Low,
D004_1,C003583,6.495,18.7,Medium,One-Way
D004_1,C003598,3.823,14.1,High,
D004_1,C003605,8.049,18.6,Low,
D004_1,C003610,7.76,22.4,Medium,
D004_1,C003612,7.797,22.5,Medium,
D004_1,C003639,6.581,15.2,Low,
D004_1,C003642,5.696,13.1,Low,
D004_1,C003649,3.421,7.9,Low,
D004_1,C003653,9.215,26.6,Medium,
D004_1,C003658,5.779,21.3,High,
D004_1,C003665,5.811,13.4,Low,
D004_1,C003669,4.633,13.4,Medium,
D004_1,C003690,3.994,11.5,Medium,No Heavy Trucks
D004_1,C003739,4.74,13.7,Medium,
D004_1,C003770,4.736,13.7,Medium,No Heavy Trucks
D004_1,C003783,0.809,3.0,High,One-Way
D004_1,C003822,7.098,26.2,High,One-Way
D004_1,C003828,7.613,28.1,High,One-Way
D004_1,C003839,5.101,18.8,High,
D004_1,C003851,4.206,9.7,Low,
D004_1,C003861,5.555,16.0,Medium,
D004_1,C003873,2.089,4.8,Low,
D004_1,C003878,3.882,9.0,Low,
D004_1,C003882,2.255,5.2,Low,
D004_1,C003883,3.173,9.2,Medium,One-Way
D004_1,C003893,2.415,5.6,Low,
D004_1,C003908,6.396,18.4,Medium,
D004_1,C003930,6.335,14.6,Low,
D004_1,C003956,2.737,6.3,Low,
D004_1,C003957,5.726,13.2,Low,
D004_1,C003962,2.117,4.9,Low,
D004_1,C003965,6.294,18.2,Medium,No Heavy Trucks
D004_1,C003985,7.938,29.3,High,
D004_1,C004002,2.753,7.9,Medium,
D004_1,C004015,6.246,18.0,Medium,
D004_1,C004024,5.553,20.5,High,
D004_1,C004043,4.567,13.2,Medium,
D004_1,C004044,7.015,16.2,Low,
D004_1,C004047,5.481,15.8,Medium,
D004_1,C004055,5.963,22.0,High,One-Way
D004_1,C004061,5.62,16.2,Medium,
D004_1,C004063,5.277,12.2,Low,
D004_1,C004085,3.566,8.2,Low,
D004_1,C004109,3.075,7.1,Low,
D004_1,C004121,9.462,27.3,Medium,One-Way
D004_1,C004123,6.81,15.7,Low,No Heavy Trucks
D004_1,C004126,3.699,8.5,Low,
D004_1,C004134,5.181,19.1,High,
D004_1,C004136,4.747,11.0,Low,
D004_1,C004137,7.705,17.8,Low,
D004_1,C004146,1.852,4.3,Low,No Heavy Trucks
D004_1,C004151,6.211,14.3,Low,
D004_1,C004165,2.932,8.5,Medium,
D004_1,C004166,5.113,18.9,High,One-Way
D004_1,C004183,4.501,10.4,Low,One-Way
D004_1,C004188,1.669,4.8,Medium,
D004_1,C004190,6.746,19.5,Medium,
D004_1,C004231,6.105,17.6,Medium,One-Way
D004_1,C004233,3.625,13.4,High,One-Way
D004_1,C004235,3.915,11.3,Medium,No Heavy Trucks
D004_1,C004240,4.654,10.7,Low,
D004_1,C004258,5.062,11.7,Low,
D004_1,C004265,9.36,27.0,Medium,
D004_1,C004266,7.303,21.1,Medium,
D004_1,C004268,5.944,21.9,High,
D004_1,C004319,4.971,11.5,Low,
D004_1,C004334,5.766,16.6,Medium,One-Way
D004_1,C004352,6.582,19.0,Medium,No Heavy Trucks
D004_1,C004368,6.773,15.6,Low,
D004_1,C004400,9.001,26.0,Medium,
D004_1,C004405,6.216,14.3,Low,
D004_1,C004406,7.131,26.3,High,
D004_1,C004424,2.343,8.7,High,One-Way
D004_1,C004426,1.989,5.7,Medium,One-Way
D004_1,C004428,2.166,5.0,Low,One-Way
D004_1,C004454,4.492,10.4,Low,
D004_1,C004455,5.104,14.7,Medium,
D004_1,C004469,6.427,23.7,High,One-Way
D004_1,C004476,0.67,1.9,Medium,One-Way
D004_1,C004504,7.083,26.2,High,No Heavy Trucks
D004_1,C004516,5.8,16.7,Medium,No Heavy Trucks
D004_1,C004530,4.212,12.2,Medium,
D004_1,C004531,6.85,15.8,Low,
D004_1,C004536,6.13,22.6,High,
D004_1,C004541,5.611,16.2,Medium,
D004_1,C004551,4.79,13.8,Medium,
D004_1,C004554,2.257,5.2,Low,
D004_1,C004572,4.891,18.1,High,
D004_1,C004591,4.759,11.0,Low,
D004_1,C004595,6.845,19.7,Medium,
D004_1,C004610,7.963,23.0,Medium,
D004_1,C004611,8.024,23.1,Medium,
D004_1,C004616,2.522,5.8,Low,One-Way
D004_1,C004633,4.992,11.5,Low,
D004_1,C004635,3.776,10.9,Medium,
D004_1,C004656,6.938,25.6,High,
D004_1,C004689,5.505,15.9,Medium,
D004_1,C004701,5.506,20.3,High,
D004_1,C004704,7.771,28.7,High,
D004_1,C004705,7.551,21.8,Medium,One-Way
D004_1,C004712,7.3,16.8,Low,
D004_1,C004723,5.499,12.7,Low,
D004_1,C004758,2.405,5.6,Low,
D004_1,C004763,6.229,14.4,Low,
D004_1,C004772,4.929,11.4,Low,
D004_1,C004786,8.757,25.3,Medium,
D004_1,C004792,7.155,20.6,Medium,No Heavy Trucks
D004_1,C004793,2.861,8.3,Medium,
D004_1,C004808,7.154,20.6,Medium,
D004_1,C004826,4.779,13.8,Medium,
D004_1,C004840,7.094,26.2,High,One-Way
D004_1,C004843,8.278,23.9,Medium,
D004_1,C004865,3.323,7.7,Low,
D004_1,C004874,3.383,12.5,High,
D004_1,C004888,2.989,8.6,Medium,
D004_1,C004897,8.426,24.3,Medium,
D004_1,C004960,6.216,23.0,High,
D004_1,C004986,3.586,10.3,Medium,
D004_1,C004987,5.36,15.5,Medium,
D004_1,C004992,6.404,18.5,Medium,
D004_1,C004999,4.531,13.1,Medium,One-Way
D004_1,C005021,2.891,6.7,Low,One-Way
D004_1,C005022,8.014,23.1,Medium,
D004_1,C005025,6.422,14.8,Low,
D004_1,C005041,5.334,15.4,Medium,
D004_1,C005063,5.744,13.3,Low,
D004_1,C005099,2.584,6.0,Low,
D004_1,C005108,7.729,22.3,Medium,
D004_1,C005109,5.898,17.0,Medium,
D004_1,C005119,9.373,21.6,Low,No Heavy Trucks
D004_1,C005140,7.208,20.8,Medium,
D004_1,C005158,7.082,20.4,Medium,One-Way
D004_1,C005229,2.789,6.4,Low,
D004_1,C005230,5.049,11.7,Low,
D004_1,C005239,7.199,20.8,Medium,
D004_1,C005241,5.419,12.5,Low,
D004_1,C005244,6.768,15.6,Low,
D004_1,C005248,5.151,14.9,Medium,
D004_1,C005288,3.729,8.6,Low,
D004_1,C005297,6.517,18.8,Medium,
D004_1,C005307,6.993,20.2,Medium,
D004_1,C005343,7.515,21.7,Medium,No Heavy Trucks
D004_1,C005351,6.486,18.7,Medium,
D004_1,C005362,8.742,25.2,Medium,
D004_1,C005366,1.476,4.3,Medium,
D004_1,C005384,6.234,14.4,Low,
D004_1,C005386,6.344,14.6,Low,
D004_1,C005394,5.399,12.5,Low,No Heavy Trucks
D004_1,C005402,5.364,12.4,Low,One-Way
D004_1,C005456,3.159,9.1,Medium,
D004_1,C005491,3.209,7.4,Low,
D004_1,C005508,2.92,8.4,Medium,No Heavy Trucks
D004_1,C005517,5.657,20.9,High,
D004_1,C005540,7.141,20.6,Medium,
D004_1,C005545,5.964,17.2,Medium,One-Way
D004_1,C005546,7.422,17.1,Low,
D004_1,C005547,4.157,12.0,Medium,One-Way
D004_1,C005561,4.624,10.7,Low,One-Way
D004_1,C005624,9.035,20.8,Low,One-Way
D004_1,C005635,1.986,5.7,Medium,
D004_1,C005653,4.963,11.5,Low,
D004_1,C005671,5.436,15.7,Medium,
D004_1,C005683,5.45,12.6,Low,
D004_1,C005701,4.276,15.8,High,
D004_1,C005707,0.925,3.4,High,
D004_1,C005717,8.573,19.8,Low,
D004_1,C005723,3.255,9.4,Medium,No Heavy Trucks
D004_1,C005731,8.113,18.7,Low,
D004_1,C005733,5.872,16.9,Medium,
D004_1,C005734,8.132,23.5,Medium,
D004_1,C005740,5.126,14.8,Medium,
D004_1,C005759,3.394,9.8,Medium,One-Way
D004_1,C005785,8.115,23.4,Medium,
D004_1,C005788,8.533,24.6,Medium,
D004_1,C005790,4.592,13.2,Medium,
D004_1,C005820,0.548,1.3,Low,No Heavy Trucks
D004_1,C005829,1.474,5.4,High,
D004_1,C005863,4.999,14.4,Medium,
D004_1,C005929,8.19,23.6,Medium,No Heavy Trucks
D004_1,C005933,4.12,11.9,Medium,
D004_1,C005935,7.74,22.3,Medium,
D004_1,C005945,5.632,20.8,High,
D004_1,C005957,9.242,26.7,Medium,
D004_1,C005975,4.641,10.7,Low,
D004_1,C005976,7.433,21.4,Medium,
D004_1,C005996,5.31,15.3,Medium,
D004_1,C006048,3.407,7.9,Low,One-Way
D004_1,C006071,5.711,13.2,Low,
D004_1,C006083,5.25,12.1,Low,
D004_1,C006092,1.735,4.0,Low,
D004_1,C006102,3.836,11.1,Medium,
D004_1,C006107,5.972,22.0,High,
D004_1,C006126,8.879,32.8,High,One-Way
D004_1,C006142,3.976,9.2,Low,One-Way
D004_1,C006147,3.851,8.9,Low,
D004_1,C006148,7.043,20.3,Medium,
D004_1,C006154,5.451,12.6,Low,
D004_1,C006161,5.371,19.8,High,One-Way
D004_1,C006184,4.629,10.7,Low,
D004_1,C006188,7.378,27.2,High,One-Way
D004_1,C006192,5.398,15.6,Medium,
D004_1,C006198,4.919,11.4,Low,
D004_1,C006202,2.757,8.0,Medium,
D004_1,C006203,2.843,8.2,Medium,
D004_1,C006217,4.078,11.8,Medium,
D004_1,C006218,4.002,9.2,Low,
D004_1,C006251,5.736,16.5,Medium,
D004_1,C006255,5.141,19.0,High,
D004_1,C006307,6.512,15.0,Low,
D004_1,C006308,7.471,17.2,Low,
D004_1,C006325,5.969,17.2,Medium,
D004_1,C006326,2.745,6.3,Low,
D004_1,C006348,3.075,11.4,High,
D004_1,C006354,2.424,5.6,Low,No Heavy Trucks
D004_1,C006365,5.324,12.3,Low,
D004_1,C006379,3.178,9.2,Medium,
D004_1,C006388,8.733,20.2,Low,
D004_1,C006396,5.606,16.2,Medium,
D004_1,C006412,8.205,18.9,Low,
D004_1,C006432,7.984,18.4,Low,
D004_1,C006453,4.5,13.0,Medium,
D004_1,C006460,6.747,19.5,Medium,
D004_1,C006463,4.723,10.9,Low,One-Way
D004_1,C006485,3.351,9.7,Medium,
D004_1,C006528,3.514,10.1,Medium,
D004_1,C006537,6.524,15.1,Low,
D004_1,C006539,4.846,11.2,Low,
D004_1,C006548,7.793,22.5,Medium,
D004_1,C006564,5.751,16.6,Medium,No Heavy Trucks
D004_1,C006576,7.216,20.8,Medium,
D004_1,C006588,5.675,13.1,Low,
D004_1,C006589,7.998,23.1,Medium,
D004_1,C006597,6.994,20.2,Medium,One-Way
D004_1,C006607,4.067,11.7,Medium,
D004_1,C006608,5.085,14.7,Medium,
D004_1,C006635,1.441,3.3,Low,
D004_1,C006640,3.609,10.4,Medium,
D004_1,C006682,10.091,29.1,Medium,
D004_1,C006688,3.07,8.9,Medium,
D004_1,C006726,4.194,12.1,Medium,
D004_1,C006727,6.756,24.9,High,
D004_1,C006732,9.169,26.4,Medium,
D004_1,C006735,5.94,21.9,High,
D004_1,C006745,1.386,3.2,Low,
D004_1,C006751,5.795,21.4,High,
D004_1,C006752,3.153,9.1,Medium,No Heavy Trucks
D004_1,C006755,3.14,9.1,Medium,
D004_1,C006758,5.769,13.3,Low,
D004_1,C006774,7.436,21.5,Medium,One-Way
D004_1,C006783,5.46,12.6,Low,
D004_1,C006793,5.087,14.7,Medium,
D004_1,C006802,0.868,2.5,Medium,No Heavy Trucks
D004_1,C006805,6.783,19.6,Medium,
D004_1,C006808,6.225,14.4,Low,No Heavy Trucks
D004_1,C006819,2.68,7.7,Medium,
D004_1,C006880,5.346,12.3,Low,One-Way
D004_1,C006884,3.477,10.0,Medium,
D004_1,C006896,7.581,17.5,Low,
D004_1,C006898,4.09,9.4,Low,One-Way
D004_1,C006903,8.925,20.6,Low,
D004_1,C006912,1.918,4.4,Low,
D004_1,C006942,4.445,10.3,Low,
D004_1,C006944,5.498,12.7,Low,
D004_1,C006945,4.522,10.4,Low,
D004_1,C006951,6.387,14.7,Low,
D004_1,C006954,3.593,13.3,High,
D004_1,C006962,3.457,10.0,Medium,One-Way
D004_1,C006971,2.624,7.6,Medium,No Heavy Trucks
D004_1,C006980,5.954,13.7,Low,One-Way
D004_1,C006986,6.484,15.0,Low,
D004_1,C006997,1.311,3.8,Medium,
D004_1,C007009,7.165,20.7,Medium,
D004_1,C007034,2.475,5.7,Low,
D004_1,C007052,5.064,11.7,Low,
D004_1,C007058,3.868,8.9,Low,
D004_1,C007060,5.372,12.4,Low,
D004_1,C007087,3.389,9.8,Medium,
D004_1,C007130,4.607,10.6,Low,No Heavy Trucks
D004_1,C007151,0.552,1.6,Medium,
D004_1,C007158,1.197,3.5,Medium,
D004_1,C007179,2.091,6.0,Medium,
D004_1,C007182,3.887,11.2,Medium,No Heavy Trucks
D004_1,C007225,7.887,22.8,Medium,
D004_1,C007243,5.943,13.7,Low,
D004_1,C007250,3.965,11.4,Medium,One-Way
D004_1,C007279,6.453,23.8,High,
D004_1,C007343,5.627,16.2,Medium,
D004_1,C007347,5.03,14.5,Medium,
D004_1,C007349,3.639,10.5,Medium,
D004_1,C007361,3.129,9.0,Medium,No Heavy Trucks
D004_1,C007364,6.318,14.6,Low,
D004_1,C007376,4.212,9.7,Low,
D004_1,C007384,5.628,16.2,Medium,No Heavy Trucks
D004_1,C007401,4.163,9.6,Low,
D004_1,C007447,2.8,8.1,Medium,
D004_1,C007451,3.513,10.1,Medium,
D004_1,C007475,7.697,22.2,Medium,
D004_1,C007476,4.353,12.6,Medium,
D004_1,C007480,7.91,22.8,Medium,
D004_1,C007483,8.297,23.9,Medium,
D004_1,C007491,5.299,12.2,Low,
D004_1,C007522,6.928,20.0,Medium,
D004_1,C007531,3.764,13.9,High,
D004_1,C007534,9.399,27.1,Medium,
D004_1,C007547,8.893,25.7,Medium,
D004_1,C007548,4.269,9.9,Low,
D004_1,C007562,5.206,15.0,Medium,
D004_1,C007591,5.458,15.7,Medium,
D004_1,C007631,3.614,8.3,Low,
D004_1,C007638,4.284,15.8,High,
D004_1,C007641,3.787,10.9,Medium,
D004_1,C007658,5.714,13.2,Low,
D004_1,C007671,5.753,16.6,Medium,One-Way
D004_1,C007673,5.36,15.5,Medium,
D004_1,C007681,4.724,13.6,Medium,
D004_1,C007689,6.758,15.6,Low,
D004_1,C007691,6.19,14.3,Low,
D004_1,C007713,5.554,16.0,Medium,One-Way
D004_1,C007714,5.736,13.2,Low,
D004_1,C007737,6.412,23.7,High,
D004_1,C007748,7.931,18.3,Low,
D004_1,C007754,6.751,19.5,Medium,One-Way
D004_1,C007767,4.177,12.0,Medium,No Heavy Trucks
D004_1,C007783,3.946,9.1,Low,
D004_1,C007808,0.607,1.8,Medium,
D004_1,C007810,5.303,12.2,Low,
D004_1,C007818,4.948,11.4,Low,
D004_1,C007828,3.447,8.0,Low,No Heavy Trucks
D004_1,C007840,1.918,5.5,Medium,
D004_1,C007852,2.154,5.0,Low,
D004_1,C007864,9.049,33.4,High,
D004_1,C007865,5.819,16.8,Medium,
D004_1,C007868,5.461,15.8,Medium,
D004_1,C007870,4.765,17.6,High,
D004_1,C007872,3.316,7.7,Low,
D004_1,C007875,2.146,6.2,Medium,No Heavy Trucks
D004_1,C007876,2.977,6.9,Low,
D004_1,C007887,6.404,18.5,Medium,
D004_1,C007913,7.763,22.4,Medium,
D004_1,C007940,5.624,16.2,Medium,
D004_1,C007947,7.774,22.4,Medium,No Heavy Trucks
D004_1,C007951,5.214,15.0,Medium,
D004_1,C007954,5.761,13.3,Low,
D004_1,C007967,4.175,12.0,Medium,
D004_1,C007970,5.408,12.5,Low,
D004_1,C007973,5.192,15.0,Medium,
D004_1,C007985,7.311,27.0,High,
D004_1,C007992,4.539,10.5,Low,
D004_1,C007995,6.353,18.3,Medium,No Heavy Trucks
D004_1,C008010,3.711,8.6,Low,
D004_1,C008019,6.555,18.9,Medium,
D004_1,C008032,4.235,15.6,High,
D004_1,C008033,9.678,35.7,High,One-Way
D004_1,C008052,5.969,17.2,Medium,
D004_1,C008058,5.714,13.2,Low,
D004_1,C008063,0.716,1.7,Low,
D004_1,C008080,7.401,21.3,Medium,
D004_1,C008086,6.444,18.6,Medium,
D004_1,C008117,4.541,13.1,Medium,
D004_1,C008129,2.026,7.5,High,One-Way
D004_1,C008130,2.935,6.8,Low,
D004_1,C008137,7.097,20.5,Medium,One-Way
D004_1,C008141,7.157,20.6,Medium,One-Way
D004_1,C008163,0.72,1.7,Low,
D004_1,C008164,6.36,23.5,High,
D004_1,C008165,1.804,5.2,Medium,
D004_1,C008184,2.819,6.5,Low,
D004_1,C008185,6.376,18.4,Medium,
D004_1,C008197,6.778,15.6,Low,
D004_1,C008230,5.513,15.9,Medium,
D004_1,C008242,4.276,9.9,Low,
D004_1,C008250,5.83,16.8,Medium,One-Way
D004_1,C008254,3.696,10.7,Medium,
D004_1,C008256,6.625,15.3,Low,One-Way
D004_1,C008266,6.598,19.0,Medium,
D004_1,C008285,7.478,27.6,High,
D004_1,C008292,6.269,14.5,Low,
D004_1,C008310,5.552,16.0,Medium,
D004_1,C008357,7.992,29.5,High,
D004_1,C008362,6.905,25.5,High,
D004_1,C008366,4.258,9.8,Low,
D004_1,C008373,1.68,4.8,Medium,
D004_1,C008387,5.997,17.3,Medium,
D004_1,C008460,5.757,13.3,Low,
D004_1,C008461,4.662,13.4,Medium,No Heavy Trucks
D004_1,C008485,2.322,6.7,Medium,No Heavy Trucks
D004_1,C008494,3.963,11.4,Medium,
D004_1,C008497,5.589,20.6,High,No Heavy Trucks
D004_1,C008504,4.228,15.6,High,
D004_1,C008513,2.554,9.4,High,
D004_1,C008536,5.337,15.4,Medium,
D004_1,C008562,6.135,17.7,Medium,
D004_1,C008570,7.572,21.8,Medium,One-Way
D004_1,C008626,4.966,14.3,Medium,No Heavy Trucks
D004_1,C008652,2.44,7.0,Medium,No Heavy Trucks
D004_1,C008653,2.928,8.4,Medium,
D004_1,C008656,4.868,14.0,Medium,
D004_1,C008685,3.574,10.3,Medium,No Heavy Trucks
D004_1,C008696,5.396,12.5,Low,One-Way
D004_1,C008697,5.697,13.1,Low,
D004_1,C008731,4.168,9.6,Low,
D004_1,C008733,2.791,8.1,Medium,
D004_1,C008765,5.824,16.8,Medium,
D004_1,C008778,0.801,1.8,Low,
D004_1,C008790,5.854,21.6,High,
D004_1,C008809,2.408,5.6,Low,One-Way
D004_1,C008812,4.362,10.1,Low,
D004_1,C008817,6.19,17.9,Medium,No Heavy Trucks
D004_1,C008820,6.112,17.6,Medium,
D004_1,C008822,0.514,1.5,Medium,
D004_1,C008849,6.521,24.1,High,
D004_1,C008867,3.217,7.4,Low,
D004_1,C008869,5.279,15.2,Medium,
D004_1,C008871,0.311,0.7,Low,
D004_1,C008872,3.584,13.2,High,No Heavy Trucks
D004_1,C008909,5.353,12.4,Low,
D004_1,C008924,1.374,4.0,Medium,
D004_1,C008936,4.054,11.7,Medium,One-Way
D004_1,C008937,8.332,19.2,Low,
D004_1,C008947,6.137,17.7,Medium,
D004_1,C008955,5.936,17.1,Medium,
D004_1,C008974,6.405,18.5,Medium,One-Way
D004_1,C008975,6.94,20.0,Medium,
D004_1,C008988,9.341,26.9,Medium,
D004_1,C008994,4.582,13.2,Medium,
D004_1,C009001,3.955,14.6,High,One-Way
D004_1,C009043,6.306,14.6,Low,
D004_1,C009052,1.16,2.7,Low,
D004_1,C009059,6.811,19.6,Medium,
D004_1,C009068,8.371,19.3,Low,
D004_1,C009116,8.247,19.0,Low,
D004_1,C009118,1.39,3.2,Low,
D004_1,C009122,6.171,14.2,Low,
D004_1,C009134,7.672,17.7,Low,
D004_1,C009140,4.01,11.6,Medium,
D004_1,C009155,1.173,3.4,Medium,
D004_1,C009162,7.257,20.9,Medium,
D004_1,C009170,6.874,25.4,High,
D004_1,C009173,6.737,15.5,Low,One-Way
D004_1,C009192,6.346,14.6,Low,
D004_1,C009199,9.35,27.0,Medium,
D004_1,C009204,5.82,13.4,Low,
D004_1,C009208,5.446,12.6,Low,
D004_1,C009210,4.028,11.6,Medium,No Heavy Trucks
D004_1,C009236,4.719,13.6,Medium,
D004_1,C009238,2.601,9.6,High,
D004_1,C009243,4.65,17.2,High,
D004_1,C009277,6.06,17.5,Medium,No Heavy Trucks
D004_1,C009284,3.541,13.1,High,
D004_1,C009295,3.909,14.4,High,One-Way
D004_1,C009312,3.3,7.6,Low,
D004_1,C009328,3.92,11.3,Medium,One-Way
D004_1,C009331,6.796,19.6,Medium,One-Way
D004_1,C009333,5.606,12.9,Low,
D004_1,C009334,6.919,16.0,Low,
D004_1,C009348,7.087,20.4,Medium,
D004_1,C009355,8.266,19.1,Low,
D004_1,C009358,3.678,10.6,Medium,
D004_1,C009428,5.633,16.2,Medium,
D004_1,C009442,5.695,13.1,Low,
D004_1,C009499,5.88,13.6,Low,
D004_1,C009504,4.348,10.0,Low,
D004_1,C009505,5.446,15.7,Medium,
D004_1,C009517,3.14,11.6,High,
D004_1,C009529,5.24,15.1,Medium,
D004_1,C009549,2.9,8.4,Medium,
D004_1,C009550,4.541,13.1,Medium,
D004_1,C009562,9.963,23.0,Low,No Heavy Trucks
D004_1,C009570,8.477,24.5,Medium,
D004_1,C009571,7.0,20.2,Medium,
D004_1,C009579,8.123,18.7,Low,
D004_1,C009581,3.568,8.2,Low,
D004_1,C009589,1.37,3.2,Low,No Heavy Trucks
D004_1,C009593,4.097,15.1,High,
D004_1,C009594,4.456,10.3,Low,
D004_1,C009605,6.802,15.7,Low,
D004_1,C009628,7.082,20.4,Medium,
D004_1,C009630,0.721,2.1,Medium,One-Way
D004_1,C009634,1.425,3.3,Low,
D004_1,C009638,0.599,1.7,Medium,
D004_1,C009642,8.556,19.7,Low,
D004_1,C009663,6.014,17.3,Medium,
D004_1,C009673,4.888,14.1,Medium,
D004_1,C009677,3.586,13.2,High,
D004_1,C009693,1.884,4.3,Low,
D004_1,C009745,6.392,14.8,Low,
D004_1,C009766,8.708,20.1,Low,
D004_1,C009812,6.317,18.2,Medium,
D004_1,C009834,6.967,16.1,Low,
D004_1,C009843,5.81,16.8,Medium,
D004_1,C009879,5.909,17.0,Medium,
D004_1,C009883,5.882,17.0,Medium,No Heavy Trucks
D004_1,C009885,6.733,19.4,Medium,No Heavy Trucks
D004_1,C009900,4.318,15.9,High,
D004_1,C009921,7.138,20.6,Medium,
D004_1,C009935,5.748,13.3,Low,
D004_1,C009946,3.745,8.6,Low,
D004_1,C009955,5.168,11.9,Low,
D004_1,C009958,4.326,10.0,Low,
D004_1,C009977,6.144,17.7,Medium,
D004_1,C009984,4.142,9.6,Low,
D004_1,C009998,8.025,23.1,Medium,
D004_1,C010008,6.846,19.7,Medium,
D004_1,C010009,3.746,10.8,Medium,
D004_1,C010045,4.887,11.3,Low,No Heavy Trucks
D004_1,C010056,7.411,21.4,Medium,
D004_1,C010057,2.606,7.5,Medium,One-Way
D004_1,C010065,6.857,19.8,Medium,One-Way
D004_1,C010075,3.979,14.7,High,
D004_1,C010076,7.589,21.9,Medium,
D004_1,C010089,3.187,9.2,Medium,One-Way
D004_1,C010091,5.63,16.2,Medium,
D004_1,C010095,7.462,17.2,Low,
D004_1,C010104,4.866,11.2,Low,No Heavy Trucks
D004_1,C010106,2.156,8.0,High,
D004_1,C010153,3.347,7.7,Low,
D004_1,C010160,8.776,25.3,Medium,
D004_1,C010175,3.634,10.5,Medium,
D004_1,C010176,3.271,7.5,Low,One-Way
D004_1,C010188,5.566,16.1,Medium,
D004_1,C010191,8.432,24.3,Medium,
D004_1,C010195,7.551,17.4,Low,No Heavy Trucks
D004_1,C010203,6.159,17.8,Medium,
D004_1,C010214,3.53,13.0,High,
D004_1,C010256,6.231,18.0,Medium,No Heavy Trucks
D004_1,C010257,5.61,16.2,Medium,
D004_1,C010274,4.435,10.2,Low,
D004_1,C010307,3.386,7.8,Low,
D004_1,C010360,1.976,5.7,Medium,
D004_1,C010368,7.077,16.3,Low,
D004_1,C010377,1.529,3.5,Low,No Heavy Trucks
D004_1,C010393,1.784,5.1,Medium,
D004_1,C010398,8.168,23.6,Medium,
D004_1,C010400,8.121,30.0,High,
D004_1,C010439,2.256,6.5,Medium,
D004_1,C010453,6.136,22.7,High,
D004_1,C010523,5.845,13.5,Low,
D004_1,C010529,7.577,21.9,Medium,
D004_1,C010533,7.356,21.2,Medium,
D004_1,C010538,2.705,6.2,Low,
D004_1,C010549,4.48,12.9,Medium,
D004_1,C010563,3.778,8.7,Low,
D004_1,C010565,6.71,24.8,High,No Heavy Trucks
D004_1,C010566,5.407,20.0,High,
D004_1,C010572,5.792,13.4,Low,
D004_1,C010588,6.034,17.4,Medium,
D004_1,C010591,7.449,21.5,Medium,
D004_1,C010592,7.485,17.3,Low,
D004_1,C010602,4.55,16.8,High,
D004_1,C010611,5.853,16.9,Medium,
D004_1,C010653,4.09,15.1,High,
D004_1,C010661,6.86,19.8,Medium,
D004_1,C010668,4.115,11.9,Medium,No Heavy Trucks
D004_1,C010675,4.922,11.4,Low,
D004_1,C010714,3.958,11.4,Medium,
D004_1,C010723,4.444,10.3,Low,
D004_1,C010728,2.813,8.1,Medium,No Heavy Trucks
D004_1,C010797,2.876,6.6,Low,
D004_1,C010823,4.727,17.5,High,One-Way
D004_1,C010825,6.285,18.1,Medium,
D004_1,C010826,5.863,21.6,High,
D004_1,C010831,7.763,22.4,Medium,
D004_1,C010882,9.51,27.4,Medium,
D004_1,C010902,7.539,21.7,Medium,
D004_1,C010923,3.841,11.1,Medium,
D004_1,C010930,5.416,12.5,Low,
D004_1,C010942,4.072,11.7,Medium,One-Way
D004_1,C010966,6.094,14.1,Low,One-Way
D004_1,C010971,3.109,7.2,Low,
D004_1,C010986,2.662,7.7,Medium,
D004_1,C011000,5.841,13.5,Low,
D004_1,C011008,5.779,13.3,Low,One-Way
D004_1,C011025,5.28,12.2,Low,
D004_1,C011036,7.313,21.1,Medium,One-Way
D004_1,C011040,3.254,9.4,Medium,
D004_1,C011079,4.806,13.9,Medium,
D004_1,C011105,6.197,14.3,Low,
D004_1,C011113,3.548,10.2,Medium,
D004_1,C011127,2.647,7.6,Medium,
D004_1,C011138,4.611,13.3,Medium,One-Way
D004_1,C011149,7.664,17.7,Low,
D004_1,C011162,2.863,6.6,Low,
D004_1,C011164,3.228,9.3,Medium,
D004_1,C011166,1.31,3.8,Medium,
D004_1,C011172,6.876,25.4,High,No Heavy Trucks
D004_1,C011175,2.775,8.0,Medium,
D004_1,C011176,7.642,17.6,Low,
D004_1,C011187,5.089,14.7,Medium,
D004_1,C011233,4.533,16.7,High,
D004_1,C011237,8.429,24.3,Medium,One-Way
D004_1,C011257,5.947,17.2,Medium,
D004_1,C011258,4.219,12.2,Medium,
D004_1,C011264,7.05,20.3,Medium,
D004_1,C011270,3.215,9.3,Medium,
D004_1,C011285,6.431,23.7,High,
D004_1,C011286,2.561,7.4,Medium,One-Way
D004_1,C011304,5.387,12.4,Low,
D004_1,C011318,9.904,28.6,Medium,No Heavy Trucks
D004_1,C011336,5.416,12.5,Low,
D004_1,C011339,6.254,23.1,High,No Heavy Trucks
D004_1,C011366,7.282,16.8,Low,
D004_1,C011379,1.652,3.8,Low,One-Way
D004_1,C011385,3.693,10.7,Medium,
D004_1,C011387,8.02,23.1,Medium,No Heavy Trucks
D004_1,C011407,4.801,11.1,Low,One-Way
D004_1,C011413,6.079,17.5,Medium,No Heavy Trucks
D004_1,C011417,3.533,13.0,High,
D004_1,C011429,4.737,13.7,Medium,One-Way
D004_1,C011434,6.0,17.3,Medium,One-Way
D004_1,C011435,7.706,22.2,Medium,One-Way
D004_1,C011474,3.815,8.8,Low,One-Way
D004_1,C011476,3.436,9.9,Medium,
D004_1,C011486,3.055,7.1,Low,
D004_1,C011543,5.491,20.3,High,
D004_1,C011550,6.344,14.6,Low,No Heavy Trucks
D004_1,C011566,6.719,15.5,Low,
D004_1,C011567,2.527,5.8,Low,
D004_1,C011579,2.382,6.9,Medium,One-Way
D004_1,C011584,4.71,13.6,Medium,
D004_1,C011585,5.224,15.1,Medium,
D004_1,C011591,6.328,18.3,Medium,
D004_1,C011596,6.916,20.0,Medium,No Heavy Trucks
D004_1,C011597,2.404,5.5,Low,
D004_1,C011598,1.166,3.4,Medium,
D004_1,C011603,4.487,16.6,High,No Heavy Trucks
D004_1,C011604,6.509,18.8,Medium,
D004_1,C011605,7.59,28.0,High,
D004_1,C011608,7.084,20.4,Medium,
D004_1,C011611,3.973,9.2,Low,
D004_1,C011622,5.518,12.7,Low,
D004_1,C011634,9.352,21.6,Low,
D004_1,C011635,8.119,30.0,High,
D004_1,C011636,5.949,17.2,Medium,
D004_1,C011638,4.766,13.7,Medium,One-Way
D004_1,C011682,4.332,10.0,Low,One-Way
D004_1,C011691,7.912,22.8,Medium,
D004_1,C011697,7.58,21.9,Medium,
D004_1,C011715,5.827,13.4,Low,
D004_1,C011733,5.761,16.6,Medium,
D004_1,C011755,2.164,6.2,Medium,
D004_1,C011767,8.452,31.2,High,One-Way
D004_1,C011789,1.638,6.0,High,
D004_1,C011812,3.549,10.2,Medium,
D004_1,C011846,1.787,5.2,Medium,
D004_1,C011862,5.551,16.0,Medium,
D004_1,C011864,5.012,14.5,Medium,No Heavy Trucks
D004_1,C011890,4.627,13.3,Medium,
D004_1,C011897,6.714,15.5,Low,
D004_1,C011907,2.164,5.0,Low,
D004_1,C011922,8.367,30.9,High,
D004_1,C011932,4.781,13.8,Medium,
D004_1,C011939,4.136,11.9,Medium,
D004_1,C011952,5.445,12.6,Low,
D004_1,C011963,9.323,21.5,Low,
D004_1,C011970,5.427,15.7,Medium,No Heavy Trucks
D004_1,C012011,7.762,22.4,Medium,
D004_1,C012017,4.961,14.3,Medium,
D004_1,C012026,5.372,15.5,Medium,
D004_1,C012035,9.338,21.5,Low,
D004_1,C012040,5.492,15.8,Medium,
D004_1,C012043,8.1,23.4,Medium,
D004_1,C012067,5.208,15.0,Medium,
D004_1,C012074,4.381,16.2,High,
D004_1,C012106,5.422,15.6,Medium,
D004_1,C012139,4.015,14.8,High,
D004_1,C012176,3.451,10.0,Medium,
D004_1,C012177,2.923,6.7,Low,
D004_1,C012219,6.226,18.0,Medium,
D004_1,C012233,6.983,16.1,Low,No Heavy Trucks
D004_1,C012238,3.64,13.4,High,
D004_1,C012243,3.151,9.1,Medium,No Heavy Trucks
D004_1,C012250,5.961,22.0,High,No Heavy Trucks
D004_1,C012256,3.852,14.2,High,
D004_1,C012270,7.449,21.5,Medium,No Heavy Trucks
D004_1,C012314,8.784,25.3,Medium,
D004_1,C012328,3.959,9.1,Low,
D004_1,C012332,4.58,10.6,Low,One-Way
D004_1,C012339,3.255,7.5,Low,
D004_1,C012344,5.22,15.1,Medium,
D004_1,C012368,5.847,13.5,Low,
D004_1,C012371,7.964,18.4,Low,
D004_1,C012374,2.725,6.3,Low,
D004_1,C012388,2.977,11.0,High,
D004_1,C012407,8.433,24.3,Medium,
D004_1,C012410,5.926,21.9,High,
D004_1,C012419,3.22,11.9,High,
D004_1,C012480,1.29,3.7,Medium,
D004_1,C012488,7.95,18.3,Low,One-Way
D004_1,C012527,8.037,29.7,High,One-Way
D004_1,C012534,5.856,16.9,Medium,
D004_1,C012535,6.35,18.3,Medium,No Heavy Trucks
D004_1,C012555,6.548,15.1,Low,
D004_1,C012581,3.744,10.8,Medium,No Heavy Trucks
D004_1,C012599,6.091,17.6,Medium,
D004_1,C012604,9.325,26.9,Medium,
D004_1,C012606,6.096,17.6,Medium,One-Way
D004_1,C012616,5.168,14.9,Medium,No Heavy Trucks
D004_1,C012637,0.618,1.8,Medium,
D004_1,C012646,3.245,12.0,High,
D004_1,C012655,6.946,20.0,Medium,
D004_1,C012667,7.934,22.9,Medium,
D004_1,C012669,6.108,17.6,Medium,
D004_1,C012706,7.647,22.1,Medium,One-Way
D004_1,C012712,5.077,11.7,Low,
D004_1,C012719,8.008,18.5,Low,
D004_1,C012741,4.769,13.8,Medium,
D004_1,C012746,8.163,30.1,High,
D004_1,C012758,8.742,25.2,Medium,
D004_1,C012781,6.253,18.0,Medium,
D004_1,C012796,3.112,9.0,Medium,
D004_1,C012805,1.519,5.6,High,One-Way
D004_1,C012812,4.902,11.3,Low,
D004_1,C012822,2.667,6.2,Low,One-Way
D004_1,C012825,4.022,11.6,Medium,
D004_1,C012832,2.525,5.8,Low,
D004_1,C012843,4.751,17.5,High,
D004_1,C012844,2.911,8.4,Medium,
D004_1,C012847,8.109,18.7,Low,
D004_1,C012891,4.746,13.7,Medium,
D004_1,C012902,4.905,14.1,Medium,
D004_1,C012909,5.206,15.0,Medium,One-Way
D004_1,C012913,8.133,23.5,Medium,
D004_1,C012925,3.654,10.5,Medium,One-Way
D004_1,C012930,7.758,22.4,Medium,
D004_1,C012940,7.895,22.8,Medium,
D004_1,C012980,2.935,8.5,Medium,One-Way
D004_1,C012981,2.995,11.1,High,
D004_1,C012990,6.558,18.9,Medium,One-Way
D004_1,C012993,5.609,16.2,Medium,
D004_1,C013001,2.109,6.1,Medium,
D004_1,C013003,7.29,21.0,Medium,No Heavy Trucks
D004_1,C013014,2.303,6.6,Medium,
D004_1,C013023,5.835,13.5,Low,No Heavy Trucks
D004_1,C013043,6.859,15.8,Low,One-Way
D004_1,C013046,1.866,5.4,Medium,
D004_1,C013050,3.008,11.1,High,
D004_1,C013069,6.834,15.8,Low,No Heavy Trucks
D004_1,C013085,6.494,18.7,Medium,
D004_1,C013087,6.763,19.5,Medium,One-Way
D004_1,C013094,4.897,11.3,Low,
D004_1,C013119,5.477,20.2,High,
D004_1,C013122,2.111,7.8,High,
D004_1,C013146,8.702,32.1,High,
D004_1,C013154,7.756,28.6,High,
D004_1,C013167,8.155,18.8,Low,
D004_1,C013173,5.093,14.7,Medium,
D004_1,C013183,7.999,23.1,Medium,
D004_1,C013190,6.636,15.3,Low,
D004_1,C013218,0.959,3.5,High,No Heavy Trucks
D004_1,C013225,1.654,3.8,Low,One-Way
D004_1,C013236,5.865,16.9,Medium,
D004_1,C013248,8.083,23.3,Medium,
D004_1,C013253,3.192,7.4,Low,
D004_1,C013263,7.123,16.4,Low,
D004_1,C013274,6.804,15.7,Low,
D004_1,C013299,5.704,13.2,Low,
D004_1,C013304,4.813,13.9,Medium,
D004_1,C013336,2.881,6.6,Low,One-Way
D004_1,C013363,9.482,21.9,Low,
D004_1,C013372,6.549,15.1,Low,
D004_1,C013390,3.419,9.9,Medium,No Heavy Trucks
D004_1,C013400,7.395,21.3,Medium,
D004_1,C013402,3.744,13.8,High,
D004_1,C013426,6.378,18.4,Medium,
D004_1,C013435,5.983,17.3,Medium,No Heavy Trucks
D004_1,C013441,5.267,19.4,High,
D004_1,C013445,2.85,8.2,Medium,
D004_1,C013450,6.158,22.7,High,No Heavy Trucks
D004_1,C013463,2.129,7.9,High,
D004_1,C013495,4.749,13.7,Medium,
D004_1,C013501,4.2,9.7,Low,
D004_1,C013527,6.895,25.5,High,One-Way
D004_1,C013535,5.69,21.0,High,No Heavy Trucks
D004_1,C013547,5.265,12.1,Low,
D004_1,C013554,5.083,14.7,Medium,
D004_1,C013573,7.128,16.4,Low,No Heavy Trucks
D004_1,C013594,8.301,30.6,High,No Heavy Trucks
D004_1,C013605,5.983,13.8,Low,
D004_1,C013625,8.703,25.1,Medium,
D004_1,C013691,8.931,20.6,Low,
D004_1,C013700,4.886,18.0,High,
D004_1,C013710,3.703,13.7,High,
D004_1,C013712,2.765,6.4,Low,
D004_1,C013727,3.93,9.1,Low,
D004_1,C013731,7.128,20.6,Medium,
D004_1,C013734,7.978,23.0,Medium,
D004_1,C013742,2.023,5.8,Medium,
D004_1,C013747,6.828,19.7,Medium,
D004_1,C013748,1.978,5.7,Medium,
D004_1,C013749,5.496,12.7,Low,
D004_1,C013761,4.814,11.1,Low,
D004_1,C013763,5.798,13.4,Low,
D004_1,C013774,6.206,22.9,High,
D004_1,C013779,6.499,18.7,Medium,
D004_1,C013782,3.85,11.1,Medium,No Heavy Trucks
D004_1,C013783,4.609,17.0,High,
D004_1,C013809,5.907,17.0,Medium,
D004_1,C013817,2.013,4.6,Low,
D004_1,C013841,3.828,11.0,Medium,
D004_1,C013842,3.85,8.9,Low,
D004_1,C013846,4.661,10.8,Low,
D004_1,C013857,2.228,5.1,Low,
D004_1,C013872,5.575,12.9,Low,
D004_1,C013882,1.837,6.8,High,
D004_1,C013887,6.612,19.1,Medium,One-Way
D004_1,C013903,7.335,21.2,Medium,No Heavy Trucks
D004_1,C013908,3.059,8.8,Medium,
D004_1,C013934,4.842,14.0,Medium,
D004_1,C013935,3.386,7.8,Low,
D004_1,C013936,4.257,9.8,Low,
D004_1,C013948,3.861,11.1,Medium,
D004_1,C013962,7.225,16.7,Low,
D004_1,C013964,6.021,17.4,Medium,
D004_1,C013972,6.713,19.4,Medium,
D004_1,C013975,0.914,2.1,Low,
D004_1,C013989,5.997,13.8,Low,
D004_1,C014035,2.815,6.5,Low,
D004_1,C014042,2.518,5.8,Low,No Heavy Trucks
D004_1,C014057,8.098,23.4,Medium,
D004_1,C014070,4.474,12.9,Medium,
D004_1,C014072,5.08,11.7,Low,
D004_1,C014078,6.883,19.9,Medium,
D004_1,C014081,8.067,29.8,High,
D004_1,C014082,1.882,6.9,High,
D004_1,C014145,2.815,8.1,Medium,One-Way
D004_1,C014161,1.577,4.5,Medium,
D004_1,C014169,8.723,32.2,High,
D004_1,C014186,7.353,17.0,Low,
D004_1,C014191,4.804,17.7,High,
D004_1,C014196,7.138,16.5,Low,
D004_1,C014206,3.706,10.7,Medium,No Heavy Trucks
D004_1,C014218,3.903,14.4,High,
D004_1,C014256,6.717,15.5,Low,
D004_1,C014262,3.333,9.6,Medium,
D004_1,C014267,4.548,16.8,High,One-Way
D004_1,C014288,5.558,12.8,Low,One-Way
D004_1,C014292,5.388,12.4,Low,
D004_1,C014305,2.343,6.8,Medium,
D004_1,C014307,4.812,13.9,Medium,
D004_1,C014311,3.731,10.8,Medium,
D004_1,C014326,5.755,16.6,Medium,
D004_1,C014332,8.657,25.0,Medium,
D004_1,C014335,7.695,17.8,Low,
D004_1,C014338,3.328,9.6,Medium,One-Way
D004_1,C014352,5.995,17.3,Medium,
D004_1,C014367,4.276,12.3,Medium,
D004_1,C014382,4.214,12.2,Medium,One-Way
D004_1,C014384,5.729,13.2,Low,
D004_1,C014397,0.717,1.7,Low,
D004_1,C014402,7.262,16.8,Low,No Heavy Trucks
D004_1,C014409,8.155,30.1,High,
D004_1,C014411,4.734,13.7,Medium,
D004_1,C014422,1.024,2.4,Low,One-Way
D004_1,C014446,4.159,9.6,Low,One-Way
D004_1,C014469,5.587,16.1,Medium,
D004_1,C014485,4.42,10.2,Low,
D004_1,C014514,3.453,10.0,Medium,
D004_1,C014515,6.998,16.1,Low,One-Way
D004_1,C014518,2.851,8.2,Medium,
D004_1,C014522,9.038,26.1,Medium,
D004_1,C014525,2.956,8.5,Medium,
D004_1,C014529,2.528,9.3,High,
D004_1,C014535,2.621,7.6,Medium,
D004_1,C014537,4.255,15.7,High,One-Way
D004_1,C014541,6.659,19.2,Medium,
D004_1,C014542,8.839,32.6,High,No Heavy Trucks
D004_1,C014545,5.293,19.5,High,
D004_1,C014585,8.839,25.5,Medium,
D004_1,C014597,5.695,16.4,Medium,
D004_1,C014602,7.988,18.4,Low,
D004_1,C014621,4.689,13.5,Medium,
D004_1,C014623,6.916,20.0,Medium,
D004_1,C014634,6.5,18.8,Medium,
D004_1,C014636,7.156,16.5,Low,
D004_1,C014637,3.973,14.7,High,
D004_1,C014639,2.112,4.9,Low,
D004_1,C014648,7.832,18.1,Low,
D004_1,C014654,6.342,18.3,Medium,
D004_1,C014663,5.564,16.1,Medium,
D004_1,C014664,0.926,2.7,Medium,
D004_1,C014669,8.867,25.6,Medium,
D004_1,C014681,1.601,4.6,Medium,One-Way
D004_1,C014688,5.837,13.5,Low,
D004_1,C014693,5.428,20.0,High,
D004_1,C014710,7.84,18.1,Low,
D004_1,C014716,7.467,27.6,High,
D004_1,C014724,5.318,19.6,High,No Heavy Trucks
D004_1,C014730,2.625,6.1,Low,No Heavy Trucks
D004_1,C014733,5.885,17.0,Medium,One-Way
D004_1,C014751,7.513,17.3,Low,
D004_1,C014753,7.507,21.7,Medium,
D004_1,C014754,6.049,14.0,Low,
D004_1,C014763,2.215,6.4,Medium,One-Way
D004_1,C014801,4.649,10.7,Low,
D004_1,C014843,3.593,13.3,High,
D004_1,C014864,4.385,12.6,Medium,One-Way
D004_1,C014886,4.563,16.8,High,
D004_1,C014910,3.987,11.5,Medium,
D004_1,C014935,5.179,14.9,Medium,
D004_1,C014942,5.823,16.8,Medium,
D004_1,C014948,3.292,12.2,High,No Heavy Trucks
D004_1,C014950,2.971,6.9,Low,
D004_1,C014965,9.887,28.5,Medium,
D004_1,C014970,3.799,11.0,Medium,One-Way
D004_1,C014994,4.235,12.2,Medium,
D004_1,C014997,1.861,5.4,Medium,
D004_1,C015001,2.563,7.4,Medium,
D004_1,C015009,3.617,10.4,Medium,
D004_1,C015012,6.273,18.1,Medium,
D004_1,C015025,5.705,16.5,Medium,No Heavy Trucks
D004_1,C015054,3.944,9.1,Low,
D004_1,C015056,5.528,15.9,Medium,
D004_1,C015058,7.493,27.7,High,
D004_1,C015071,6.262,18.1,Medium,
D004_1,C015105,2.094,6.0,Medium,
D004_1,C015113,3.218,7.4,Low,
D004_1,C015122,5.418,15.6,Medium,
D004_1,C015136,5.636,16.3,Medium,
D004_1,C015139,4.027,11.6,Medium,
D004_1,C015152,4.744,17.5,High,
D004_1,C015172,3.661,10.6,Medium,
D004_1,C015210,5.944,21.9,High,
D004_1,C015212,5.019,11.6,Low,
D004_1,C015213,2.677,6.2,Low,
D004_1,C015222,7.274,26.9,High,One-Way
D004_1,C015240,2.222,6.4,Medium,
D004_1,C015249,1.729,5.0,Medium,
D004_1,C015251,7.289,16.8,Low,One-Way
D004_1,C015262,4.393,12.7,Medium,
D004_1,C015267,6.019,17.4,Medium,
D004_1,C015276,3.554,13.1,High,
D004_1,C015321,5.888,13.6,Low,
D004_1,C015347,4.032,9.3,Low,
D004_1,C015356,6.905,19.9,Medium,
D004_1,C015357,7.519,17.4,Low,One-Way
D004_1,C015359,0.581,1.7,Medium,
D004_1,C015367,0.391,0.9,Low,No Heavy Trucks
D004_1,C015373,10.052,37.1,High,
D004_1,C015384,3.579,8.3,Low,
D004_1,C015412,4.81,13.9,Medium,
D004_1,C015423,6.693,19.3,Medium,One-Way
D004_1,C015431,6.298,23.3,High,
D004_1,C015443,8.611,24.8,Medium,
D004_1,C015477,6.563,15.1,Low,No Heavy Trucks
D004_1,C015491,8.715,25.1,Medium,
D004_1,C015493,8.838,25.5,Medium,
D004_1,C015496,6.446,18.6,Medium,
D004_1,C015508,5.871,13.5,Low,
D004_1,C015527,4.148,12.0,Medium,
D004_1,C015530,5.664,16.3,Medium,
D004_1,C015542,1.999,5.8,Medium,
D004_1,C015545,3.341,7.7,Low,
D004_1,C015561,8.817,25.4,Medium,
D004_1,C015573,2.201,6.3,Medium,
D004_1,C015586,4.716,13.6,Medium,
D004_1,C015592,4.033,11.6,Medium,
D004_1,C015607,5.664,16.3,Medium,One-Way
D004_1,C015618,5.069,14.6,Medium,
D004_1,C015665,7.026,25.9,High,
D004_1,C015667,7.233,16.7,Low,
D004_1,C015668,2.165,6.2,Medium,
D004_1,C015673,6.207,14.3,Low,
D004_1,C015695,5.99,17.3,Medium,
D004_1,C015711,4.747,11.0,Low,One-Way
D004_1,C015729,1.227,4.5,High,
D004_1,C015735,8.411,19.4,Low,
D004_1,C015746,6.154,22.7,High,
D004_1,C015768,2.544,7.3,Medium,
D004_1,C015773,3.621,10.4,Medium,
D004_1,C015780,7.091,26.2,High,No Heavy Trucks
D004_1,C015790,6.279,14.5,Low,
D004_1,C015795,5.261,12.1,Low,
D004_1,C015797,5.275,15.2,Medium,
D004_1,C015841,7.98,23.0,Medium,
D004_1,C015844,5.557,16.0,Medium,
D004_1,C015858,5.351,19.8,High,
D004_1,C015878,1.996,5.8,Medium,
D004_1,C015913,1.941,5.6,Medium,
D004_1,C015925,7.225,20.8,Medium,
D004_1,C015928,3.066,8.8,Medium,
D004_1,C015934,4.402,12.7,Medium,
D004_1,C015944,3.656,13.5,High,
D004_1,C015950,4.47,12.9,Medium,
D004_1,C015961,5.407,15.6,Medium,
D004_1,C015968,5.746,13.3,Low,
D004_1,C015992,8.043,23.2,Medium,
D004_1,C016001,6.205,17.9,Medium,
D004_1,C016005,8.973,20.7,Low,
D004_1,C016007,7.033,16.2,Low,
D004_1,C016014,6.916,20.0,Medium,
D004_1,C016017,4.411,10.2,Low,
D004_1,C016044,6.169,14.2,Low,
D004_1,C016053,4.716,17.4,High,
D004_1,C016097,4.62,13.3,Medium,One-Way
D004_1,C016098,4.587,13.2,Medium,No Heavy Trucks
D004_1,C016105,7.611,22.0,Medium,
D004_1,C016134,7.11,16.4,Low,
D004_1,C016154,0.504,1.9,High,
D004_1,C016157,3.169,7.3,Low,
D004_1,C016162,6.167,14.2,Low,
D004_1,C016167,6.285,18.1,Medium,
D004_1,C016177,9.043,20.9,Low,
D004_1,C016185,4.411,10.2,Low,
D004_1,C016191,0.859,2.0,Low,
D004_1,C016197,5.183,15.0,Medium,
D004_1,C016198,3.859,11.1,Medium,
D004_1,C016236,3.089,7.1,Low,
D004_1,C016237,2.025,4.7,Low,
D004_1,C016240,1.306,4.8,High,
D004_1,C016280,6.577,24.3,High,
D004_1,C016292,6.913,16.0,Low,
D004_1,C016297,8.407,19.4,Low,
D004_1,C016306,4.67,17.2,High,
D004_1,C016311,2.932,6.8,Low,One-Way
D004_1,C016325,2.448,5.7,Low,
D004_1,C016344,6.121,14.1,Low,One-Way
D004_1,C016363,6.514,15.0,Low,
D004_1,C016396,2.406,6.9,Medium,One-Way
D004_1,C016404,3.514,13.0,High,
D004_1,C016423,8.73,25.2,Medium,
D004_1,C016424,4.809,13.9,Medium,No Heavy Trucks
D004_1,C016427,4.942,14.3,Medium,
D004_1,C016455,4.203,12.1,Medium,
D004_1,C016471,3.339,12.3,High,One-Way
D004_1,C016486,9.047,20.9,Low,No Heavy Trucks
D004_1,C016498,4.494,10.4,Low,
D004_1,C016499,6.453,14.9,Low,
D004_1,C016515,5.551,16.0,Medium,No Heavy Trucks
D004_1,C016517,6.643,19.2,Medium,
D004_1,C016538,0.524,1.5,Medium,No Heavy Trucks
D004_1,C016560,2.572,5.9,Low,
D004_1,C016585,3.867,14.3,High,
D004_1,C016586,7.087,26.2,High,
D004_1,C016606,2.929,6.8,Low,
D004_1,C016608,5.384,12.4,Low,
D004_1,C016635,2.935,6.8,Low,One-Way
D004_1,C016636,3.777,10.9,Medium,
D004_1,C016642,7.652,17.7,Low,
D004_1,C016644,6.83,19.7,Medium,One-Way
D004_1,C016659,2.791,8.0,Medium,
D004_1,C016661,3.117,11.5,High,
D004_1,C016665,5.108,14.7,Medium,
D004_1,C016675,6.358,18.3,Medium,
D004_1,C016676,6.921,16.0,Low,
D004_1,C016714,6.195,22.9,High,One-Way
D004_1,C016721,3.12,7.2,Low,
D004_1,C016724,6.705,19.3,Medium,
D004_1,C016726,3.522,13.0,High,
D004_1,C016729,0.31,0.9,Medium,
D004_1,C016744,6.561,18.9,Medium,
D004_1,C016757,0.443,1.3,Medium,No Heavy Trucks
D004_1,C016762,7.133,26.3,High,
D004_1,C016764,9.073,26.2,Medium,
D004_1,C016765,6.075,22.4,High,
D004_1,C016766,0.833,1.9,Low,One-Way
D004_1,C016778,4.314,12.4,Medium,
D004_1,C016793,5.95,17.2,Medium,
D004_1,C016795,7.635,22.0,Medium,
D004_1,C016809,1.247,4.6,High,
D004_1,C016810,4.601,13.3,Medium,
D004_1,C016842,2.118,6.1,Medium,
D004_1,C016857,4.386,16.2,High,No Heavy Trucks
D004_1,C016861,1.621,4.7,Medium,One-Way
D004_1,C016875,5.723,13.2,Low,One-Way
D004_1,C016880,8.363,24.1,Medium,
D004_1,C016894,7.281,16.8,Low,
D004_1,C016896,3.377,7.8,Low,
D004_1,C016903,6.397,18.5,Medium,
D004_1,C016906,9.027,20.8,Low,
D004_1,C016931,5.761,21.3,High,
D004_1,C016940,4.449,16.4,High,
D004_1,C016960,4.548,10.5,Low,No Heavy Trucks
D004_1,C016968,4.594,13.3,Medium,
D004_1,C016975,5.172,11.9,Low,
D004_1,C016976,5.019,11.6,Low,
D004_1,C016991,7.836,18.1,Low,
D004_1,C016999,6.096,17.6,Medium,
D004_1,C017007,7.405,21.4,Medium,
D004_1,C017014,4.571,13.2,Medium,
D004_1,C017018,2.46,5.7,Low,One-Way
D004_1,C017040,5.702,16.4,Medium,
D004_1,C017046,9.957,28.7,Medium,
D004_1,C017048,7.865,22.7,Medium,
D004_1,C017057,5.037,11.6,Low,One-Way
D004_1,C017058,5.288,15.3,Medium,
D004_1,C017066,2.977,8.6,Medium,
D004_1,C017071,4.076,11.8,Medium,One-Way
D004_1,C017088,5.117,18.9,High,
D004_1,C017111,6.349,18.3,Medium,
D004_1,C017119,2.764,8.0,Medium,
D004_1,C017121,8.538,19.7,Low,No Heavy Trucks
D004_1,C017134,4.711,13.6,Medium,One-Way
D004_1,C017153,6.898,19.9,Medium,
D004_1,C017162,6.799,15.7,Low,
D004_1,C017178,5.393,12.4,Low,
D004_1,C017192,2.775,6.4,Low,
D004_1,C017219,7.902,22.8,Medium,
D004_1,C017228,0.492,1.4,Medium,
D004_1,C017229,7.081,16.3,Low,
D004_1,C017232,4.74,13.7,Medium,
D004_1,C017233,7.981,23.0,Medium,
D004_1,C017271,5.039,11.6,Low,
D004_1,C017277,8.227,19.0,Low,
D004_1,C017316,3.87,8.9,Low,
D004_1,C017337,5.011,14.5,Medium,
D004_1,C017339,8.554,24.7,Medium,One-Way
D004_1,C017350,6.082,17.5,Medium,
D004_1,C017375,7.905,22.8,Medium,
D004_1,C017399,4.416,12.7,Medium,
D004_1,C017405,6.312,23.3,High,
D004_1,C017419,5.309,12.3,Low,
D004_1,C017429,6.755,15.6,Low,
D004_1,C017437,3.537,8.2,Low,
D004_1,C017467,8.915,25.7,Medium,
D004_1,C017477,8.539,19.7,Low,
D004_1,C017485,3.948,11.4,Medium,
D004_1,C017492,7.428,17.1,Low,One-Way
D004_1,C017493,1.364,5.0,High,
D004_1,C017501,6.181,22.8,High,
D004_1,C017550,4.954,11.4,Low,
D004_1,C017562,2.849,8.2,Medium,
D004_1,C017566,3.679,10.6,Medium,
D004_1,C017571,1.12,3.2,Medium,
D004_1,C017595,8.232,19.0,Low,
D004_1,C017654,8.835,25.5,Medium,One-Way
D004_1,C017655,6.617,15.3,Low,One-Way
D004_1,C017660,5.053,14.6,Medium,
D004_1,C017673,5.215,15.0,Medium,
D004_1,C017705,4.859,11.2,Low,
D004_1,C017775,7.979,29.5,High,No Heavy Trucks
D004_1,C017780,6.184,17.8,Medium,
D004_1,C017803,2.656,7.7,Medium,
D004_1,C017805,2.051,5.9,Medium,
D004_1,C017814,4.405,16.3,High,
D004_1,C017820,3.818,11.0,Medium,
D004_1,C017825,6.036,22.3,High,One-Way
D004_1,C017843,4.218,12.2,Medium,
D004_1,C017845,4.693,17.3,High,No Heavy Trucks
D004_1,C017850,8.293,23.9,Medium,
D004_1,C017851,6.842,19.7,Medium,
D004_1,C017856,3.282,9.5,Medium,
D004_1,C017884,8.36,30.9,High,
D004_1,C017890,7.953,29.4,High,
D004_1,C017909,2.487,5.7,Low,
D004_1,C017917,7.745,22.3,Medium,
D004_1,C017922,3.82,11.0,Medium,
D004_1,C017944,6.723,19.4,Medium,
D004_1,C017946,4.704,10.9,Low,One-Way
D004_1,C017952,8.229,30.4,High,
D004_1,C017971,4.155,9.6,Low,No Heavy Trucks
D004_1,C017983,6.499,18.7,Medium,
D004_1,C017985,5.419,15.6,Medium,
D004_1,C018023,3.436,9.9,Medium,One-Way
D004_1,C018033,7.122,20.5,Medium,
D004_1,C018048,7.706,28.5,High,
D004_1,C018051,4.725,13.6,Medium,
D004_1,C018054,10.068,29.0,Medium,
D004_1,C018067,2.242,6.5,Medium,
D004_1,C018098,5.994,17.3,Medium,
D004_1,C018100,6.206,17.9,Medium,
D004_1,C018102,2.558,5.9,Low,
D004_1,C018124,5.619,16.2,Medium,
D004_1,C018136,6.493,24.0,High,
D004_1,C018138,6.619,15.3,Low,
D004_1,C018156,4.953,18.3,High,
D004_1,C018172,5.258,15.2,Medium,
D004_1,C018178,5.983,17.3,Medium,
D004_1,C018207,6.945,16.0,Low,
D004_1,C018214,7.149,16.5,Low,
D004_1,C018246,3.107,9.0,Medium,
D004_1,C018250,7.815,22.5,Medium,One-Way
D004_1,C018260,2.039,5.9,Medium,No Heavy Trucks
D004_1,C018272,4.602,13.3,Medium,
D004_1,C018304,5.731,16.5,Medium,
D004_1,C018307,7.442,21.5,Medium,
D004_1,C018318,2.876,8.3,Medium,
D004_1,C018324,7.859,18.1,Low,No Heavy Trucks
D004_1,C018364,8.279,19.1,Low,
D004_1,C018366,2.225,8.2,High,
D004_1,C018380,5.335,19.7,High,No Heavy Trucks
D004_1,C018384,4.326,10.0,Low,No Heavy Trucks
D004_1,C018385,2.943,8.5,Medium,No Heavy Trucks
D004_1,C018394,6.686,19.3,Medium,
D004_1,C018398,2.769,8.0,Medium,
D004_1,C018402,6.008,17.3,Medium,
D004_1,C018403,8.296,19.1,Low,No Heavy Trucks
D004_1,C018407,3.272,9.4,Medium,
D004_1,C018408,3.513,8.1,Low,
D004_1,C018410,5.289,12.2,Low,
D004_1,C018411,7.0,16.2,Low,
D004_1,C018425,4.581,10.6,Low,
D004_1,C018428,8.729,20.1,Low,
D004_1,C018444,8.866,20.5,Low,
D004_1,C018495,2.428,5.6,Low,
D004_1,C018504,6.254,18.0,Medium,
D004_1,C018508,5.57,16.1,Medium,
D004_1,C018532,3.533,8.2,Low,One-Way
D004_1,C018568,4.43,10.2,Low,
D004_1,C018642,4.942,14.3,Medium,
D004_1,C018654,6.969,16.1,Low,No Heavy Trucks
D004_1,C018657,6.702,15.5,Low,
D004_1,C018664,7.811,18.0,Low,
D004_1,C018668,5.235,15.1,Medium,
D004_1,C018712,6.916,20.0,Medium,
D004_1,C018721,3.747,8.6,Low,
D004_1,C018729,6.321,14.6,Low,
D004_1,C018733,5.532,16.0,Medium,
D004_1,C018747,1.888,4.4,Low,
D004_1,C018753,4.029,11.6,Medium,
D004_1,C018756,4.058,15.0,High,
D004_1,C018758,0.772,2.2,Medium,
D004_1,C018761,1.28,4.7,High,
D004_1,C018780,2.034,5.9,Medium,
D004_1,C018791,1.291,3.7,Medium,
D004_1,C018808,7.702,17.8,Low,
D004_1,C018829,8.404,24.2,Medium,
D004_1,C018844,3.805,8.8,Low,
D004_1,C018846,5.212,15.0,Medium,
D004_1,C018869,3.269,9.4,Medium,
D004_1,C018901,2.257,6.5,Medium,One-Way
D004_1,C018905,6.883,25.4,High,No Heavy Trucks
D004_1,C018910,4.552,16.8,High,
D004_1,C018913,7.537,17.4,Low,
D004_1,C018921,3.088,8.9,Medium,
D004_1,C018922,3.916,9.0,Low,
D004_1,C018934,7.597,17.5,Low,
D004_1,C018953,1.649,4.8,Medium,
D004_1,C018962,3.825,11.0,Medium,No Heavy Trucks
D004_1,C018976,7.849,18.1,Low,No Heavy Trucks
D004_1,C018980,7.095,26.2,High,
D004_1,C018990,7.736,28.6,High,
D004_1,C018992,5.397,12.5,Low,
D004_1,C018994,4.706,13.6,Medium,
D004_1,C019038,3.797,8.8,Low,
D004_1,C019076,1.74,4.0,Low,
D004_1,C019078,6.881,19.8,Medium,
D004_1,C019083,2.828,6.5,Low,
D004_1,C019102,3.613,10.4,Medium,
D004_1,C019123,2.931,8.5,Medium,
D004_1,C019147,4.395,10.1,Low,
D004_1,C019155,8.262,23.8,Medium,One-Way
D004_1,C019156,5.697,13.1,Low,
D004_1,C019172,3.818,11.0,Medium,One-Way
D004_1,C019204,4.578,13.2,Medium,One-Way
D004_1,C019206,3.762,10.9,Medium,
D004_1,C019211,4.722,13.6,Medium,
D004_1,C019214,7.61,17.6,Low,
D004_1,C019225,2.72,10.0,High,
D004_1,C019241,7.04,20.3,Medium,
D004_1,C019243,6.535,18.9,Medium,No Heavy Trucks
D004_1,C019247,6.966,20.1,Medium,One-Way
D004_1,C019260,5.168,11.9,Low,
D004_1,C019261,8.131,23.5,Medium,
D004_1,C019284,3.228,11.9,High,
D004_1,C019288,1.004,2.9,Medium,
D004_1,C019290,2.399,6.9,Medium,
D004_1,C019309,2.659,7.7,Medium,
D004_1,C019318,4.417,12.7,Medium,
D004_1,C019321,8.247,23.8,Medium,No Heavy Trucks
D004_1,C019343,5.446,12.6,Low,
D004_1,C019357,2.338,6.7,Medium,
D004_1,C019390,8.277,30.6,High,
D004_1,C019397,1.398,3.2,Low,No Heavy Trucks
D004_1,C019408,6.956,20.1,Medium,
D004_1,C019409,4.534,10.5,Low,
D004_1,C019425,3.222,7.4,Low,
D004_1,C019434,5.091,14.7,Medium,
D004_1,C019436,2.567,7.4,Medium,
D004_1,C019460,4.282,12.4,Medium,No Heavy Trucks
D004_1,C019462,6.925,25.6,High,No Heavy Trucks
D004_1,C019465,6.13,17.7,Medium,One-Way
D004_1,C019467,6.954,25.7,High,
D004_1,C019482,5.42,12.5,Low,
D004_1,C019499,5.282,15.2,Medium,No Heavy Trucks
D004_1,C019504,5.472,12.6,Low,
D004_1,C019506,1.419,3.3,Low,
D004_1,C019513,2.31,6.7,Medium,
D004_1,C019524,5.576,12.9,Low,
D004_1,C019538,4.507,10.4,Low,
D004_1,C019551,3.606,10.4,Medium,
D004_1,C019563,8.721,20.1,Low,
D004_1,C019567,3.946,9.1,Low,
D004_1,C019568,5.282,19.5,High,No Heavy Trucks
D004_1,C019578,6.119,14.1,Low,No Heavy Trucks
D004_1,C019582,5.318,15.3,Medium,
D004_1,C019585,5.304,15.3,Medium,No Heavy Trucks
D004_1,C019588,6.747,19.5,Medium,
D004_1,C019610,7.29,26.9,High,
D004_1,C019620,2.332,6.7,Medium,
D004_1,C019643,5.2,15.0,Medium,
D004_1,C019690,4.954,14.3,Medium,
D004_1,C019720,5.009,14.4,Medium,
D004_1,C019727,2.471,7.1,Medium,
D004_1,C019741,1.785,4.1,Low,
D004_1,C019749,4.265,12.3,Medium,
D004_1,C019770,8.414,19.4,Low,
D004_1,C019772,5.905,17.0,Medium,
D004_1,C019779,5.971,13.8,Low,
D004_1,C019785,2.598,6.0,Low,One-Way
D004_1,C019801,6.435,14.8,Low,One-Way
D004_1,C019806,1.878,6.9,High,
D004_1,C019819,2.976,6.9,Low,
D004_1,C019844,3.439,9.9,Medium,
D004_1,C019849,9.133,33.7,High,
D004_1,C019853,8.379,19.3,Low,
D004_1,C019859,7.667,22.1,Medium,
D004_1,C019868,3.65,10.5,Medium,
D004_1,C019900,1.413,3.3,Low,
D004_1,C019916,5.439,15.7,Medium,
D004_1,C019919,4.863,11.2,Low,
D004_1,C019929,1.808,6.7,High,No Heavy Trucks
D004_1,C019932,4.013,11.6,Medium,
D004_1,C019935,6.665,19.2,Medium,
D004_1,C019989,6.397,18.5,Medium,
D004_1,C020014,8.716,25.1,Medium,
D004_1,C020037,5.532,16.0,Medium,
D004_1,C020039,2.405,5.6,Low,
D004_1,C020044,0.59,1.4,Low,
D004_1,C020048,5.97,17.2,Medium,
D004_1,C020068,7.363,17.0,Low,One-Way
D004_1,C020069,5.111,14.7,Medium,
D004_1,C020077,7.733,17.8,Low,
D004_1,C020080,6.202,22.9,High,One-Way
D004_1,C020093,1.24,3.6,Medium,
D004_1,C020095,5.908,17.0,Medium,
D004_1,C020105,4.509,13.0,Medium,
D004_1,C020111,4.796,11.1,Low,One-Way
D004_1,C020115,6.394,18.4,Medium,
D004_1,C020145,5.938,21.9,High,
D004_1,C020149,5.849,13.5,Low,
D004_1,C020159,6.277,18.1,Medium,
D004_1,C020177,7.453,21.5,Medium,
D004_1,C020205,6.177,22.8,High,No Heavy Trucks
D004_1,C020217,5.398,15.6,Medium,
D004_1,C020231,3.534,13.0,High,No Heavy Trucks
D004_1,C020233,7.98,18.4,Low,
D004_1,C020243,4.286,9.9,Low,One-Way
D004_1,C020245,7.551,17.4,Low,
D004_1,C020246,6.036,22.3,High,
D004_1,C020250,3.601,10.4,Medium,
D004_1,C020253,7.276,16.8,Low,No Heavy Trucks
D004_1,C020275,4.587,10.6,Low,No Heavy Trucks
D004_1,C020289,3.566,10.3,Medium,
D004_1,C020335,2.02,5.8,Medium,
D004_1,C020345,5.575,16.1,Medium,
D004_1,C020361,5.857,16.9,Medium,One-Way
D004_1,C020364,4.433,12.8,Medium,
D004_1,C020370,7.65,22.1,Medium,
D004_1,C020438,4.766,17.6,High,
D004_1,C020463,4.387,10.1,Low,One-Way
D004_1,C020512,6.604,15.2,Low,
D004_1,C020532,5.312,15.3,Medium,
D004_1,C020543,3.68,13.6,High,
D004_1,C020548,5.843,16.9,Medium,
D004_1,C020563,2.191,6.3,Medium,
D004_1,C020565,5.468,12.6,Low,No Heavy Trucks
D004_1,C020610,6.436,18.6,Medium,
D004_1,C020613,10.141,29.3,Medium,
D004_1,C020618,5.354,12.4,Low,
D004_1,C020632,8.687,32.1,High,
D004_1,C020659,3.347,9.7,Medium,
D004_1,C020676,3.722,13.7,High,
D004_1,C020706,8.296,23.9,Medium,
D004_1,C020726,8.656,25.0,Medium,No Heavy Trucks
D004_1,C020777,4.149,9.6,Low,One-Way
D004_1,C020833,5.52,15.9,Medium,One-Way
D004_1,C020845,7.458,17.2,Low,
D004_1,C020852,4.634,13.4,Medium,
D004_1,C020853,4.772,13.8,Medium,
D004_1,C020866,6.045,13.9,Low,
D004_1,C020877,6.231,18.0,Medium,
D004_1,C020878,3.609,8.3,Low,
D004_1,C020906,3.326,9.6,Medium,No Heavy Trucks
D004_1,C020908,6.106,17.6,Medium,
D004_1,C020911,2.498,7.2,Medium,
D004_1,C020912,3.601,10.4,Medium,
D004_1,C020919,4.157,12.0,Medium,One-Way
D004_1,C020933,5.486,20.3,High,
D004_1,C020961,3.791,10.9,Medium,
D004_1,C020976,6.363,14.7,Low,
D004_1,C020981,4.947,14.3,Medium,
D004_1,C020994,5.371,12.4,Low,
D004_1,C021004,9.794,22.6,Low,
D004_1,C021005,7.523,21.7,Medium,One-Way
D004_1,C021027,2.212,6.4,Medium,
D004_1,C021040,4.587,16.9,High,One-Way
D004_1,C021051,2.801,6.5,Low,
D004_1,C021070,5.89,17.0,Medium,
D004_1,C021082,7.212,20.8,Medium,
D004_1,C021085,4.163,12.0,Medium,No Heavy Trucks
D004_1,C021112,5.53,12.8,Low,
D004_1,C021113,7.35,21.2,Medium,
D004_1,C021164,5.576,12.9,Low,One-Way
D004_1,C021169,0.83,3.1,High,
D004_1,C021173,5.292,15.3,Medium,No Heavy Trucks
D004_1,C021232,4.44,12.8,Medium,
D004_1,C021236,4.205,12.1,Medium,
D004_1,C021246,4.267,12.3,Medium,One-Way
D004_1,C021259,8.532,19.7,Low,No Heavy Trucks
D004_1,C021264,3.985,11.5,Medium,One-Way
D004_1,C021299,5.234,15.1,Medium,
D004_1,C021301,4.64,10.7,Low,
D004_1,C021307,4.841,11.2,Low,
D004_1,C021312,6.191,14.3,Low,No Heavy Trucks
D004_1,C021345,6.207,17.9,Medium,
D004_1,C021352,2.283,5.3,Low,
D004_1,C021355,5.632,16.2,Medium,
D004_1,C021356,2.771,8.0,Medium,
D004_1,C021359,4.402,16.3,High,
D004_1,C021390,0.366,1.1,Medium,
D004_1,C021396,4.551,13.1,Medium,No Heavy Trucks
D004_1,C021404,2.811,10.4,High,One-Way
D004_1,C021405,1.715,4.9,Medium,
D004_1,C021417,7.485,21.6,Medium,
D004_1,C021437,4.565,13.2,Medium,
D004_1,C021442,4.106,15.2,High,
D004_1,C021456,2.518,7.3,Medium,
D004_1,C021481,5.6,12.9,Low,
D004_1,C021488,8.76,25.3,Medium,
D004_1,C021493,7.118,16.4,Low,
D004_1,C021500,4.897,14.1,Medium,
D004_1,C021501,4.986,11.5,Low,
D004_1,C021510,6.014,17.3,Medium,No Heavy Trucks
D004_1,C021522,7.358,21.2,Medium,
D004_1,C021523,4.283,12.4,Medium,
D004_1,C021528,3.382,7.8,Low,
D004_1,C021573,7.218,20.8,Medium,
D004_1,C021578,6.602,15.2,Low,
D004_1,C021591,5.232,15.1,Medium,
D004_1,C021606,3.335,9.6,Medium,One-Way
D004_1,C021617,5.83,13.5,Low,
D004_1,C021621,2.109,6.1,Medium,
D004_1,C021642,4.154,15.3,High,
D004_1,C021654,2.488,7.2,Medium,One-Way
D004_1,C021666,6.623,15.3,Low,
D004_1,C021680,3.71,10.7,Medium,
D004_1,C021696,3.846,8.9,Low,One-Way
D004_1,C021777,8.589,31.7,High,
D004_1,C021828,6.574,19.0,Medium,
D004_1,C021835,2.857,10.6,High,
D004_1,C021851,7.154,26.4,High,
D004_1,C021867,8.899,20.5,Low,
D004_1,C021873,7.398,21.3,Medium,
D004_1,C021874,3.584,8.3,Low,
D004_1,C021882,1.81,5.2,Medium,No Heavy Trucks
D004_1,C021951,8.354,24.1,Medium,
D004_1,C021970,8.128,18.8,Low,
D004_1,C021975,3.983,11.5,Medium,
D004_1,C022023,2.837,8.2,Medium,
D004_1,C022049,6.882,15.9,Low,
D004_1,C022056,6.624,15.3,Low,
D004_1,C022067,7.86,22.7,Medium,
D004_1,C022077,3.871,8.9,Low,One-Way
D004_1,C022090,4.991,14.4,Medium,
D004_1,C022111,8.446,19.5,Low,No Heavy Trucks
D004_1,C022128,4.757,13.7,Medium,
D004_1,C022136,2.888,8.3,Medium,
D004_1,C022189,5.447,12.6,Low,One-Way
D004_1,C022253,6.274,14.5,Low,
D004_1,C022257,3.728,13.8,High,
D004_1,C022278,1.947,5.6,Medium,No Heavy Trucks
D004_1,C022314,3.521,10.2,Medium,
D004_1,C022320,0.637,1.8,Medium,
D004_1,C022333,6.225,18.0,Medium,
D004_1,C022350,6.424,18.5,Medium,
D004_1,C022355,4.088,11.8,Medium,
D004_1,C022358,8.005,23.1,Medium,
D004_1,C022365,4.546,10.5,Low,
D004_1,C022376,2.593,7.5,Medium,
D004_1,C022377,7.074,16.3,Low,One-Way
D004_1,C022382,6.725,15.5,Low,
D004_1,C022399,5.239,12.1,Low,
D004_1,C022415,3.45,10.0,Medium,One-Way
D004_1,C022449,5.113,14.7,Medium,No Heavy Trucks
D004_1,C022474,1.951,5.6,Medium,One-Way
D004_1,C022488,4.084,9.4,Low,
D004_1,C022511,7.28,16.8,Low,One-Way
D004_1,C022525,4.244,12.2,Medium,
D004_1,C022528,5.352,15.4,Medium,No Heavy Trucks
D004_1,C022544,2.359,5.4,Low,
D004_1,C022552,7.508,17.3,Low,
D004_1,C022556,3.632,8.4,Low,
D004_1,C022561,5.646,16.3,Medium,
D004_1,C022574,1.693,4.9,Medium,
D004_1,C022607,3.568,8.2,Low,
D004_1,C022620,6.465,23.9,High,
D004_1,C022626,4.757,11.0,Low,
D004_1,C022636,8.14,30.1,High,
D004_1,C022644,6.302,18.2,Medium,
D004_1,C022647,7.115,16.4,Low,
D004_1,C022648,3.613,10.4,Medium,
D004_1,C022668,5.965,17.2,Medium,No Heavy Trucks
D004_1,C022671,9.28,26.8,Medium,
D004_1,C022678,4.376,16.2,High,One-Way
D004_1,C022717,4.005,11.6,Medium,One-Way
D004_1,C022718,5.417,12.5,Low,
D004_1,C022738,6.69,19.3,Medium,
D004_1,C022749,6.128,17.7,Medium,
D004_1,C022771,2.965,10.9,High,
D004_1,C022780,6.534,18.8,Medium,One-Way
D004_1,C022805,7.09,16.4,Low,
D004_1,C022809,7.35,21.2,Medium,
D004_1,C022814,7.056,16.3,Low,
D004_1,C022816,8.973,20.7,Low,
D004_1,C022823,6.92,16.0,Low,One-Way
D004_1,C022824,3.844,14.2,High,
D004_1,C022852,5.965,17.2,Medium,
D004_1,C022874,5.016,11.6,Low,
D004_1,C022880,5.619,20.7,High,No Heavy Trucks
D004_1,C022910,7.061,20.4,Medium,
D004_1,C022933,2.959,6.8,Low,
D004_1,C022934,7.028,16.2,Low,
D004_1,C022935,5.593,20.7,High,One-Way
D004_1,C022945,5.873,13.6,Low,
D004_1,C022948,6.699,15.5,Low,
D004_1,C022970,4.559,13.2,Medium,
D004_1,C022975,7.611,28.1,High,
D004_1,C022979,3.102,7.2,Low,
D004_1,C022989,7.625,22.0,Medium,
D004_1,C023003,6.561,15.1,Low,
D004_1,C023014,7.175,16.6,Low,
D004_1,C023016,5.507,15.9,Medium,
D004_1,C023032,4.886,11.3,Low,
D004_1,C023035,8.28,23.9,Medium,
D004_1,C023064,4.609,13.3,Medium,
D004_1,C023069,4.104,11.8,Medium,
D004_1,C023070,5.152,19.0,High,
D004_1,C023074,1.52,4.4,Medium,
D004_1,C023102,1.596,4.6,Medium,
D004_1,C023106,3.697,10.7,Medium,
D004_1,C023123,7.068,16.3,Low,
D004_1,C023129,2.514,7.3,Medium,One-Way
D004_1,C023133,7.001,16.2,Low,
D004_1,C023140,4.926,14.2,Medium,
D004_1,C023153,5.692,16.4,Medium,
D004_1,C023175,2.509,7.2,Medium,
D004_1,C023212,6.183,17.8,Medium,
D004_1,C023227,4.646,17.2,High,
D004_1,C023281,2.86,6.6,Low,
D004_1,C023289,7.268,21.0,Medium,One-Way
D004_1,C023291,7.27,16.8,Low,
D004_1,C023292,7.744,28.6,High,
D004_1,C023323,5.074,14.6,Medium,
D004_1,C023331,5.461,15.8,Medium,
D004_1,C023339,6.07,22.4,High,No Heavy Trucks
D004_1,C023351,0.967,3.6,High,
D004_1,C023365,3.697,8.5,Low,
D004_1,C023398,7.188,20.7,Medium,One-Way
D004_1,C023404,3.106,7.2,Low,No Heavy Trucks
D004_1,C023406,8.199,18.9,Low,One-Way
D004_1,C023428,1.816,5.2,Medium,One-Way
D004_1,C023433,6.765,19.5,Medium,
D004_1,C023437,5.775,16.7,Medium,
D004_1,C023442,5.994,22.1,High,
D004_1,C023444,4.741,13.7,Medium,
D004_1,C023452,6.798,19.6,Medium,
D004_1,C023463,6.822,19.7,Medium,
D004_1,C023494,2.261,6.5,Medium,
D004_1,C023500,3.126,11.5,High,
D004_1,C023516,8.971,20.7,Low,
D004_1,C023523,6.051,17.5,Medium,
D004_1,C023532,6.69,15.4,Low,
D004_1,C023533,5.462,12.6,Low,One-Way
D004_1,C023568,6.188,17.8,Medium,
D004_1,C023580,5.858,16.9,Medium,
D004_1,C023581,7.177,20.7,Medium,
D004_1,C023593,5.289,12.2,Low,
D004_1,C023603,4.138,11.9,Medium,
D004_1,C023606,5.658,13.1,Low,
D004_1,C023616,5.836,13.5,Low,
D004_1,C023626,3.188,11.8,High,
D004_1,C023632,8.629,24.9,Medium,
D004_1,C023654,3.028,8.7,Medium,No Heavy Trucks
D004_1,C023660,5.254,12.1,Low,
D004_1,C023705,7.175,16.6,Low,
D004_1,C023708,8.689,20.1,Low,No Heavy Trucks
D004_1,C023712,8.403,19.4,Low,
D004_1,C023740,1.173,3.4,Medium,No Heavy Trucks
D004_1,C023755,5.098,14.7,Medium,
D004_1,C023771,4.754,13.7,Medium,
D004_1,C023791,3.564,10.3,Medium,
D004_1,C023795,2.14,7.9,High,
D004_1,C023800,4.406,12.7,Medium,One-Way
D004_1,C023830,6.325,18.2,Medium,
D004_1,C023833,8.256,19.1,Low,
D004_1,C023855,3.568,10.3,Medium,
D004_1,C023859,4.407,12.7,Medium,No Heavy Trucks
D004_1,C023864,7.252,16.7,Low,
D004_1,C023877,1.197,3.5,Medium,
D004_1,C023921,5.037,14.5,Medium,One-Way
D004_1,C023935,1.297,3.7,Medium,
D004_1,C023938,3.987,11.5,Medium,
D004_1,C023955,5.167,14.9,Medium,
D004_1,C023971,3.636,10.5,Medium,
D004_1,C023972,4.563,16.8,High,One-Way
D004_1,C023998,5.519,20.4,High,
D004_1,C024009,7.351,21.2,Medium,
D004_1,C024041,4.983,14.4,Medium,One-Way
D004_1,C024044,4.683,17.3,High,
D004_1,C024046,5.203,15.0,Medium,
D004_1,C024072,8.622,24.9,Medium,
D004_1,C024078,6.599,15.2,Low,
D004_1,C024105,1.339,4.9,High,
D004_1,C024113,9.158,26.4,Medium,
D004_1,C024117,0.452,1.3,Medium,
D004_1,C024123,7.345,21.2,Medium,
D004_1,C024128,5.36,12.4,Low,
D004_1,C024131,5.057,11.7,Low,No Heavy Trucks
D004_1,C024135,5.306,15.3,Medium,
D004_1,C024179,5.012,14.5,Medium,
D004_1,C024183,5.221,12.0,Low,No Heavy Trucks
D004_1,C024203,4.117,9.5,Low,
D004_1,C024204,1.485,4.3,Medium,
D004_1,C024216,5.901,17.0,Medium,
D004_1,C024245,7.118,20.5,Medium,No Heavy Trucks
D004_1,C024283,5.394,15.6,Medium,One-Way
D004_1,C024303,1.54,3.6,Low,One-Way
D004_1,C024309,6.144,22.7,High,
D004_1,C024327,4.935,14.2,Medium,
D004_1,C024344,2.851,6.6,Low,
D004_1,C024349,4.652,10.7,Low,
D004_1,C024359,7.935,18.3,Low,
D004_1,C024367,5.674,13.1,Low,
D004_1,C024384,5.226,15.1,Medium,
D004_1,C024386,5.739,13.2,Low,
D004_1,C024389,6.263,18.1,Medium,
D004_1,C024399,7.214,26.6,High,
D004_1,C024402,7.309,21.1,Medium,
D004_1,C024406,2.32,5.4,Low,No Heavy Trucks
D004_1,C024407,5.72,16.5,Medium,
D004_1,C024438,4.881,11.3,Low,No Heavy Trucks
D004_1,C024450,0.477,1.4,Medium,
D004_1,C024455,5.099,14.7,Medium,
D004_1,C024461,4.08,11.8,Medium,
D004_1,C024463,7.978,23.0,Medium,
D004_1,C024465,5.223,12.1,Low,
D004_1,C024470,3.43,7.9,Low,No Heavy Trucks
D004_1,C024486,4.582,13.2,Medium,No Heavy Trucks
D004_1,C024493,0.658,1.5,Low,
D004_1,C024496,3.506,10.1,Medium,
D004_1,C024504,3.939,14.5,High,One-Way
D004_1,C024513,7.463,21.5,Medium,
D004_1,C024516,2.695,7.8,Medium,
D004_1,C024526,6.708,24.8,High,No Heavy Trucks
D004_1,C024548,9.729,28.1,Medium,
D004_1,C024573,4.354,12.6,Medium,
D004_1,C024585,4.002,9.2,Low,
D004_1,C024602,2.786,10.3,High,
D004_1,C024609,8.611,19.9,Low,
D004_1,C024612,6.962,16.1,Low,
D004_1,C024630,8.014,23.1,Medium,
D004_1,C024632,7.715,22.3,Medium,No Heavy Trucks
D004_1,C024643,7.08,20.4,Medium,
D004_1,C024645,8.147,23.5,Medium,
D004_1,C024652,6.394,23.6,High,
D004_1,C024662,2.489,5.7,Low,
D004_1,C024683,6.323,23.3,High,
D004_1,C024714,7.481,21.6,Medium,
D004_1,C024732,1.633,6.0,High,
D004_1,C024770,6.368,18.4,Medium,
D004_1,C024772,9.378,21.6,Low,
D004_1,C024793,7.265,21.0,Medium,
D004_1,C024833,8.169,18.9,Low,
D004_1,C024846,8.275,23.9,Medium,
D004_1,C024879,6.408,14.8,Low,
D004_1,C024881,0.795,2.3,Medium,
D004_1,C024883,8.89,20.5,Low,
D004_1,C024888,6.416,14.8,Low,
D004_1,C024889,2.473,7.1,Medium,
D004_1,C024911,7.091,16.4,Low,No Heavy Trucks
D004_1,C024933,7.612,22.0,Medium,One-Way
D004_1,C024966,7.125,16.4,Low,One-Way
D004_1,C024983,3.103,11.5,High,No Heavy Trucks
D004_1,C024992,3.047,7.0,Low,
D004_1,C024994,6.897,15.9,Low,
D004_1,C025003,6.787,15.7,Low,One-Way
D004_1,C025004,5.092,18.8,High,
D004_1,C025024,6.702,19.3,Medium,
D004_1,C025037,5.173,14.9,Medium,
D004_1,C025048,3.971,9.2,Low,
D004_1,C025050,6.625,24.5,High,
D004_1,C025062,5.023,11.6,Low,
D004_1,C025081,6.267,18.1,Medium,
D004_1,C025105,6.654,15.4,Low,
D004_1,C025119,4.124,9.5,Low,
D004_1,C025128,5.285,19.5,High,
D004_1,C025151,7.253,16.7,Low,
D004_1,C025171,7.407,21.4,Medium,
D004_1,C025186,8.402,19.4,Low,
D004_1,C025187,1.757,5.1,Medium,
D004_1,C025193,3.686,10.6,Medium,
D004_1,C025196,5.662,16.3,Medium,
D004_1,C025214,4.833,11.2,Low,
D004_1,C025237,1.886,4.4,Low,
D004_1,C025242,3.448,9.9,Medium,
D004_1,C025248,6.004,13.9,Low,
D004_1,C025257,4.184,12.1,Medium,
D004_1,C025258,2.954,6.8,Low,
D004_1,C025282,6.406,23.7,High,
D004_1,C025308,6.792,15.7,Low,One-Way
D004_1,C025311,3.937,14.5,High,
D004_1,C025312,6.869,19.8,Medium,
D004_1,C025313,6.246,23.1,High,
D004_1,C025323,0.645,1.5,Low,
D004_1,C025371,4.712,10.9,Low,
D004_1,C025380,5.047,11.6,Low,
D004_1,C025402,3.547,10.2,Medium,One-Way
D004_1,C025404,2.892,8.3,Medium,
D004_1,C025445,8.311,19.2,Low,One-Way
D004_1,C025457,3.81,8.8,Low,
D004_1,C025459,7.3,21.1,Medium,
D004_1,C025466,8.421,19.4,Low,
D004_1,C025496,2.339,6.7,Medium,One-Way
D004_1,C025499,3.851,11.1,Medium,
D004_1,C025527,6.691,19.3,Medium,No Heavy Trucks
D004_1,C025532,2.72,7.8,Medium,
D004_1,C025573,2.965,8.6,Medium,
D004_1,C025589,2.685,7.7,Medium,
D004_1,C025607,7.86,18.1,Low,
D004_1,C025626,3.909,9.0,Low,
D004_1,C025635,3.58,10.3,Medium,
D004_1,C025676,4.517,16.7,High,
D004_1,C025679,5.623,20.8,High,
D004_1,C025717,8.427,19.4,Low,
D004_1,C025718,5.711,16.5,Medium,One-Way
D004_1,C025741,3.275,9.4,Medium,No Heavy Trucks
D004_1,C025747,5.942,17.1,Medium,One-Way
D004_1,C025780,3.993,14.7,High,
D004_1,C025793,1.178,3.4,Medium,One-Way
D004_1,C025797,6.282,23.2,High,
D004_1,C025798,3.242,7.5,Low,
D004_1,C025803,2.921,8.4,Medium,
D004_1,C025810,3.886,11.2,Medium,
D004_1,C025822,5.45,20.1,High,One-Way
D004_1,C025830,6.64,15.3,Low,
D004_1,C025831,6.588,19.0,Medium,
D004_1,C025836,3.491,10.1,Medium,No Heavy Trucks
D004_1,C025853,9.158,26.4,Medium,
D004_1,C025884,6.496,18.7,Medium,
D004_1,C025902,5.935,17.1,Medium,One-Way
D004_1,C025942,4.648,17.2,High,
D004_1,C025985,2.754,6.4,Low,No Heavy Trucks
D004_1,C025998,9.863,28.5,Medium,
D004_1,C025999,4.19,9.7,Low,
D004_1,C026008,6.933,20.0,Medium,
D004_1,C026009,5.263,15.2,Medium,
D004_1,C026010,3.172,9.2,Medium,One-Way
D004_1,C026013,2.945,8.5,Medium,
D004_1,C026022,4.292,12.4,Medium,
D004_1,C026033,8.324,19.2,Low,
D004_1,C026037,0.903,2.1,Low,No Heavy Trucks
D004_1,C026048,5.002,14.4,Medium,No Heavy Trucks
D004_1,C026049,3.52,8.1,Low,
D004_1,C026052,4.454,12.8,Medium,
D004_1,C026053,3.763,10.9,Medium,
D004_1,C026058,5.166,14.9,Medium,
D004_1,C026061,7.518,21.7,Medium,
D004_1,C026085,3.309,9.5,Medium,
D004_1,C026103,1.721,5.0,Medium,
D004_1,C026118,5.565,12.8,Low,
D004_1,C026130,2.159,6.2,Medium,One-Way
D004_1,C026145,5.21,15.0,Medium,
D004_1,C026149,6.886,19.9,Medium,One-Way
D004_1,C026155,2.992,8.6,Medium,
D004_1,C026164,5.349,19.8,High,
D004_1,C026192,1.722,5.0,Medium,
D004_1,C026202,6.217,17.9,Medium,
D004_1,C026235,4.084,9.4,Low,
D004_1,C026257,6.421,18.5,Medium,
D004_1,C026270,7.016,20.2,Medium,
D004_1,C026273,3.996,9.2,Low,
D004_1,C026278,5.071,14.6,Medium,
D004_1,C026283,5.905,17.0,Medium,
D004_1,C026286,9.01,26.0,Medium,
D004_1,C026301,6.5,18.7,Medium,
D004_1,C026335,7.152,20.6,Medium,
D004_1,C026342,6.959,20.1,Medium,
D004_1,C026355,6.151,17.7,Medium,
D004_1,C026358,5.148,14.8,Medium,No Heavy Trucks
D004_1,C026373,7.355,17.0,Low,
D004_1,C026394,5.982,13.8,Low,
D004_1,C026441,7.643,22.0,Medium,
D004_1,C026444,2.71,10.0,High,
D004_1,C026448,4.754,17.6,High,
D004_1,C026454,6.138,17.7,Medium,
D004_1,C026462,4.671,10.8,Low,
D004_1,C026468,4.608,13.3,Medium,One-Way
D004_1,C026470,6.748,24.9,High,One-Way
D004_1,C026502,4.041,11.7,Medium,No Heavy Trucks
D004_1,C026526,7.186,16.6,Low,
D004_1,C026528,4.609,10.6,Low,
D004_1,C026529,6.802,15.7,Low,
D004_1,C026533,5.388,15.5,Medium,
D004_1,C026559,3.816,11.0,Medium,
D004_1,C026562,5.263,15.2,Medium,
D004_1,C026569,5.614,16.2,Medium,
D004_1,C026592,3.529,8.1,Low,
D004_1,C026602,6.007,17.3,Medium,No Heavy Trucks
D004_1,C026609,1.188,4.4,High,
D004_1,C026613,0.666,1.5,Low,
D004_1,C026621,4.715,13.6,Medium,
D004_1,C026634,4.822,11.1,Low,
D004_1,C026671,5.891,13.6,Low,One-Way
D004_1,C026691,1.804,5.2,Medium,
D004_1,C026698,5.37,15.5,Medium,
D004_1,C026703,6.574,24.3,High,
D004_1,C026706,4.452,16.4,High,
D004_1,C026713,8.586,24.8,Medium,
D004_1,C026723,3.674,10.6,Medium,
D004_1,C026748,6.451,14.9,Low,No Heavy Trucks
D004_1,C026773,5.063,11.7,Low,
D004_1,C026777,5.337,15.4,Medium,
D004_1,C026788,6.955,20.1,Medium,One-Way
D004_1,C026798,5.067,14.6,Medium,
D004_1,C026815,5.662,13.1,Low,One-Way
D004_1,C026830,7.638,22.0,Medium,No Heavy Trucks
D004_1,C026839,4.473,12.9,Medium,
D004_1,C026852,2.891,8.3,Medium,No Heavy Trucks
D004_1,C026855,6.428,18.5,Medium,One-Way
D004_1,C026866,5.154,14.9,Medium,
D004_1,C026884,7.196,26.6,High,One-Way
D004_1,C026885,0.989,2.3,Low,
D004_1,C026892,4.41,12.7,Medium,No Heavy Trucks
D004_1,C026900,7.42,27.4,High,One-Way
D004_1,C026917,3.401,9.8,Medium,
D004_1,C026930,4.77,13.8,Medium,
D004_1,C026940,4.854,14.0,Medium,
D004_1,C026957,6.366,18.4,Medium,
D004_1,C026959,2.938,6.8,Low,
D004_1,C026962,5.246,12.1,Low,
D004_1,C026974,0.876,2.5,Medium,
D004_1,C026996,1.952,4.5,Low,
D004_1,C027023,4.74,13.7,Medium,
D004_1,C027048,7.419,21.4,Medium,
D004_1,C027057,3.984,9.2,Low,
D004_1,C027062,5.257,19.4,High,No Heavy Trucks
D004_1,C027070,6.127,22.6,High,
D004_1,C027085,5.101,14.7,Medium,
D004_1,C027108,7.459,21.5,Medium,
D004_1,C027146,6.497,24.0,High,One-Way
D004_1,C027190,4.68,13.5,Medium,
D004_1,C027196,7.398,17.1,Low,One-Way
D004_1,C027198,5.397,15.6,Medium,
D004_1,C027204,3.56,8.2,Low,
D004_1,C027206,3.814,11.0,Medium,
D004_1,C027221,9.749,22.5,Low,
D004_1,C027264,4.977,14.4,Medium,
D004_1,C027269,0.69,1.6,Low,
D004_1,C027280,6.652,15.3,Low,
D004_1,C027286,7.22,20.8,Medium,
D004_1,C027293,7.821,22.6,Medium,
D004_1,C027314,6.548,15.1,Low,No Heavy Trucks
D004_1,C027324,1.823,4.2,Low,One-Way
D004_1,C027334,8.166,30.2,High,
D004_1,C027338,9.471,27.3,Medium,
D004_1,C027344,8.757,25.3,Medium,
D004_1,C027359,2.986,8.6,Medium,
D004_1,C027367,7.319,21.1,Medium,
D004_1,C027376,5.183,15.0,Medium,No Heavy Trucks
D004_1,C027378,6.882,15.9,Low,
D004_1,C027420,4.419,10.2,Low,
D004_1,C027449,8.321,19.2,Low,
D004_1,C027467,9.72,35.9,High,
D004_1,C027474,4.513,10.4,Low,
D004_1,C027501,6.281,18.1,Medium,
D004_1,C027523,3.581,8.3,Low,
D004_1,C027530,5.917,13.7,Low,
D004_1,C027533,5.358,15.5,Medium,
D004_1,C027536,7.807,22.5,Medium,
D004_1,C027578,5.598,12.9,Low,
D004_1,C027582,6.983,16.1,Low,One-Way
D004_1,C027591,1.937,4.5,Low,One-Way
D004_1,C027605,7.246,20.9,Medium,
D004_1,C027635,7.799,18.0,Low,One-Way
D004_1,C027639,5.6,16.2,Medium,One-Way
D004_1,C027641,5.554,12.8,Low,
D004_1,C027644,3.502,8.1,Low,
D004_1,C027656,6.174,14.2,Low,
D004_1,C027668,3.708,10.7,Medium,
D004_1,C027674,4.067,9.4,Low,
D004_1,C027681,7.32,16.9,Low,
D004_1,C027692,2.893,10.7,High,
D004_1,C027694,7.34,27.1,High,One-Way
D004_1,C027731,6.82,19.7,Medium,
D004_1,C027745,2.031,4.7,Low,
D004_1,C027762,5.79,13.4,Low,
D004_1,C027763,3.143,9.1,Medium,
D004_1,C027766,8.541,31.5,High,
D004_1,C027795,4.774,11.0,Low,
D004_1,C027820,4.188,12.1,Medium,
D004_1,C027847,7.989,18.4,Low,One-Way
D004_1,C027848,7.367,21.2,Medium,
D004_1,C027851,8.082,23.3,Medium,
D004_1,C027856,1.955,4.5,Low,
D004_1,C027875,4.949,14.3,Medium,
D004_1,C027876,5.608,16.2,Medium,
D004_1,C027882,3.267,7.5,Low,
D004_1,C027886,3.054,8.8,Medium,
D004_1,C027897,4.153,12.0,Medium,
D004_1,C027931,6.13,14.1,Low,
D004_1,C027936,7.33,27.1,High,
D004_1,C027962,3.577,10.3,Medium,
D004_1,C027971,2.121,4.9,Low,One-Way
D004_1,C028030,1.186,3.4,Medium,
D004_1,C028033,4.965,18.3,High,
D004_1,C028056,6.246,18.0,Medium,
D004_1,C028112,4.734,10.9,Low,
D004_1,C028155,0.586,1.7,Medium,
D004_1,C028156,3.554,13.1,High,
D004_1,C028171,7.595,17.5,Low,
D004_1,C028172,8.198,23.6,Medium,One-Way
D004_1,C028187,2.987,8.6,Medium,
D004_1,C028191,6.691,15.4,Low,
D004_1,C028220,5.844,21.6,High,
D004_1,C028223,1.004,2.3,Low,
D004_1,C028233,5.545,16.0,Medium,
D004_1,C028236,6.782,15.7,Low,One-Way
D004_1,C028239,4.035,9.3,Low,
D004_1,C028266,1.686,3.9,Low,
D004_1,C028280,3.115,11.5,High,
D004_1,C028281,7.712,22.2,Medium,
D004_1,C028306,5.142,14.8,Medium,
D004_1,C028329,7.421,17.1,Low,
D004_1,C028341,6.695,15.5,Low,
D004_1,C028345,6.46,14.9,Low,
D004_1,C028369,5.431,15.7,Medium,
D004_1,C028380,6.259,14.4,Low,One-Way
D004_1,C028393,4.176,12.0,Medium,No Heavy Trucks
D004_1,C028403,5.754,13.3,Low,
D004_1,C028413,7.985,18.4,Low,No Heavy Trucks
D004_1,C028416,5.421,20.0,High,One-Way
D004_1,C028431,3.933,11.3,Medium,
D004_1,C028433,9.464,21.8,Low,
D004_1,C028436,6.804,25.1,High,
D004_1,C028440,8.039,18.6,Low,
D004_1,C028447,6.275,18.1,Medium,
D004_1,C028469,4.609,10.6,Low,One-Way
D004_1,C028470,5.687,16.4,Medium,
D004_1,C028483,6.731,15.5,Low,
D004_1,C028488,8.073,23.3,Medium,
D004_1,C028490,3.117,7.2,Low,
D004_1,C028492,1.734,4.0,Low,
D004_1,C028530,0.983,2.8,Medium,
D004_1,C028536,2.575,7.4,Medium,
D004_1,C028540,7.39,17.1,Low,
D004_1,C028556,4.978,14.4,Medium,
D004_1,C028563,3.766,8.7,Low,
D004_1,C028578,8.29,23.9,Medium,
D004_1,C028581,5.675,13.1,Low,
D004_1,C028587,5.981,13.8,Low,
D004_1,C028590,7.299,21.1,Medium,
D004_1,C028596,2.36,6.8,Medium,
D004_1,C028604,0.588,1.4,Low,
D004_1,C028614,3.924,11.3,Medium,
D004_1,C028617,7.79,18.0,Low,One-Way
D004_1,C028626,6.376,18.4,Medium,
D004_1,C028630,3.752,8.7,Low,
D004_1,C028632,6.533,18.8,Medium,
D004_1,C028642,7.575,21.8,Medium,
D004_1,C028649,4.572,13.2,Medium,
D004_1,C028657,8.855,25.5,Medium,
D004_1,C028687,4.608,13.3,Medium,
D004_1,C028728,4.801,11.1,Low,
D004_1,C028740,5.794,16.7,Medium,
D004_1,C028747,6.303,14.5,Low,
D004_1,C028779,1.952,5.6,Medium,
D004_1,C028781,0.886,3.3,High,
D004_1,C028792,6.249,18.0,Medium,
D004_1,C028799,7.623,17.6,Low,
D004_1,C028807,8.141,23.5,Medium,
D004_1,C028840,2.259,6.5,Medium,No Heavy Trucks
D004_1,C028846,3.273,7.6,Low,
D004_1,C028855,4.387,12.7,Medium,
D004_1,C028858,4.397,12.7,Medium,No Heavy Trucks
D004_1,C028862,3.237,9.3,Medium,No Heavy Trucks
D004_1,C028865,3.789,10.9,Medium,
D004_1,C028884,4.358,10.1,Low,No Heavy Trucks
D004_1,C028897,4.946,11.4,Low,
D004_1,C028919,1.639,4.7,Medium,
D004_1,C028936,4.083,11.8,Medium,
D004_1,C028939,2.145,6.2,Medium,
D004_1,C028951,6.165,17.8,Medium,
D004_1,C028956,5.712,13.2,Low,
D004_1,C028959,7.301,16.8,Low,One-Way
D004_1,C028961,3.628,8.4,Low,
D004_1,C028964,4.488,10.4,Low,
D004_1,C029011,6.171,14.2,Low,One-Way
D004_1,C029035,4.544,13.1,Medium,
D004_1,C029078,5.627,20.8,High,
D004_1,C029123,4.912,14.2,Medium,No Heavy Trucks
D004_1,C029128,6.729,19.4,Medium,
D004_1,C029135,5.915,17.1,Medium,One-Way
D004_1,C029176,5.813,16.8,Medium,
D004_1,C029218,5.854,16.9,Medium,
D004_1,C029235,1.774,4.1,Low,
D004_1,C029241,6.725,15.5,Low,
D004_1,C029254,4.744,10.9,Low,
D004_1,C029262,2.949,8.5,Medium,
D004_1,C029269,3.648,10.5,Medium,
D004_1,C029280,2.691,7.8,Medium,
D004_1,C029307,6.3,23.3,High,One-Way
D004_1,C029314,2.593,7.5,Medium,
D004_1,C029320,7.191,16.6,Low,
D004_1,C029347,4.913,18.1,High,
D004_1,C029351,3.929,9.1,Low,No Heavy Trucks
D004_1,C029356,7.92,29.2,High,One-Way
D004_1,C029362,6.122,14.1,Low,
D004_1,C029375,7.958,18.4,Low,
D004_1,C029381,5.413,12.5,Low,
D004_1,C029393,6.907,19.9,Medium,
D004_1,C029394,7.279,16.8,Low,
D004_1,C029405,2.559,5.9,Low,
D004_1,C029406,5.802,21.4,High,
D004_1,C029414,4.758,13.7,Medium,
D004_1,C029426,3.669,10.6,Medium,
D004_1,C029429,4.448,10.3,Low,One-Way
D004_1,C029435,5.763,13.3,Low,
D004_1,C029436,4.768,11.0,Low,No Heavy Trucks
D004_1,C029452,2.045,4.7,Low,
D004_1,C029464,7.797,28.8,High,
D004_1,C029466,9.734,28.1,Medium,
D004_1,C029472,2.01,5.8,Medium,
D004_1,C029474,7.69,22.2,Medium,
D004_1,C029478,5.613,16.2,Medium,
D004_1,C029490,3.431,9.9,Medium,No Heavy Trucks
D004_1,C029495,7.327,16.9,Low,
D004_1,C029508,7.042,16.3,Low,
D004_1,C029548,2.897,8.4,Medium,
D004_1,C029576,6.077,14.0,Low,
D004_1,C029580,3.398,7.8,Low,
D004_1,C029596,4.823,13.9,Medium,
D004_1,C029603,1.775,5.1,Medium,One-Way
D004_1,C029621,7.358,17.0,Low,
D004_1,C029632,2.399,5.5,Low,
D004_1,C029655,3.488,10.1,Medium,
D004_1,C029671,3.673,8.5,Low,
D004_1,C029674,3.766,13.9,High,
D004_1,C029685,8.967,25.9,Medium,
D004_1,C029689,8.087,23.3,Medium,No Heavy Trucks
D004_1,C029696,7.251,16.7,Low,
D004_1,C029712,3.832,8.8,Low,
D004_1,C029719,4.279,12.3,Medium,
D004_1,C029729,2.78,6.4,Low,
D004_1,C029741,6.652,15.3,Low,
D004_1,C029746,2.24,6.5,Medium,
D004_1,C029770,5.509,15.9,Medium,No Heavy Trucks
D004_1,C029791,4.196,12.1,Medium,
D004_1,C029797,1.458,3.4,Low,
D004_1,C029798,4.095,9.4,Low,
D004_1,C029802,5.854,13.5,Low,
D004_1,C029811,8.326,19.2,Low,No Heavy Trucks
D004_1,C029827,6.697,15.5,Low,
D004_1,C029828,8.26,23.8,Medium,
D004_1,C029837,6.148,17.7,Medium,
D004_1,C029846,7.164,26.5,High,
D004_1,C029849,6.179,14.3,Low,One-Way
D004_1,C029862,8.795,25.4,Medium,
D004_1,C029876,4.602,17.0,High,
D004_1,C029909,3.573,10.3,Medium,
D004_1,C029918,7.69,17.7,Low,
D004_1,C029932,2.602,6.0,Low,
D004_1,C029951,3.282,9.5,Medium,
D004_1,C029980,6.781,15.6,Low,
D004_1,C029986,3.17,9.1,Medium,
D004_1,C029997,8.149,23.5,Medium,
D004_1,C030013,3.66,8.4,Low,
D004_1,C030015,8.469,24.4,Medium,
D004_1,C030020,6.854,15.8,Low,
D004_1,C030031,5.497,20.3,High,
D004_1,C030032,3.292,12.2,High,
D004_1,C030034,4.978,14.4,Medium,
D004_1,C030043,5.623,13.0,Low,One-Way
D004_1,C030054,4.044,11.7,Medium,One-Way
D004_1,C030068,5.508,15.9,Medium,
D004_1,C030074,5.989,17.3,Medium,
D004_1,C030091,1.101,4.1,High,
D004_1,C030100,1.735,4.0,Low,
D004_1,C030111,3.847,11.1,Medium,
D004_1,C030115,8.065,23.3,Medium,
D004_1,C030137,6.01,13.9,Low,One-Way
D004_1,C030140,5.901,21.8,High,
D004_1,C030149,5.346,15.4,Medium,
D004_1,C030197,3.422,9.9,Medium,
D004_1,C030208,5.496,15.9,Medium,
D004_1,C030216,4.009,9.3,Low,
D004_1,C030253,4.528,13.1,Medium,
D004_1,C030260,5.129,14.8,Medium,
D004_1,C030262,7.511,17.3,Low,
D004_1,C030274,2.716,7.8,Medium,One-Way
D004_1,C030276,8.413,24.3,Medium,
D004_1,C030298,7.442,21.5,Medium,
D004_1,C030314,6.766,15.6,Low,
D004_1,C030326,7.757,28.6,High,
D004_1,C030345,4.856,14.0,Medium,
D004_1,C030394,5.065,18.7,High,
D004_1,C030421,6.707,24.8,High,No Heavy Trucks
D004_1,C030438,5.936,13.7,Low,
D004_1,C030442,7.049,20.3,Medium,
D004_1,C030448,5.792,16.7,Medium,
D004_1,C030451,4.346,10.0,Low,
D004_1,C030452,4.79,11.1,Low,One-Way
D004_1,C030458,4.6,10.6,Low,
D004_1,C030469,4.323,12.5,Medium,One-Way
D004_1,C030488,7.09,20.5,Medium,
D004_1,C030492,2.571,7.4,Medium,
D004_1,C030499,5.754,21.2,High,
D004_1,C030526,1.995,5.8,Medium,
D004_1,C030538,6.457,14.9,Low,
D004_1,C030544,5.771,13.3,Low,
D004_1,C030551,5.033,11.6,Low,One-Way
D004_1,C030565,7.912,22.8,Medium,
D004_1,C030571,3.951,14.6,High,
D004_1,C030573,5.054,11.7,Low,
D004_1,C030581,7.154,16.5,Low,
D004_1,C030587,6.291,23.2,High,
D004_1,C030588,5.169,11.9,Low,
D004_1,C030589,4.35,12.5,Medium,One-Way
D004_1,C030601,2.431,9.0,High,
D004_1,C030638,5.247,12.1,Low,No Heavy Trucks
D004_1,C030642,6.68,15.4,Low,One-Way
D004_1,C030655,8.86,20.4,Low,
D004_1,C030661,3.077,7.1,Low,
D004_1,C030689,8.51,24.5,Medium,
D004_1,C030724,3.423,12.6,High,
D004_1,C030725,1.035,2.4,Low,
D004_1,C030730,4.582,10.6,Low,No Heavy Trucks
D004_1,C030746,6.304,23.3,High,
D004_1,C030758,6.267,18.1,Medium,
D004_1,C030787,5.212,12.0,Low,No Heavy Trucks
D004_1,C030789,8.154,23.5,Medium,
D004_1,C030792,6.347,18.3,Medium,
D004_1,C030809,2.71,10.0,High,
D004_1,C030813,3.066,8.8,Medium,
D004_1,C030829,8.796,25.4,Medium,One-Way
D004_1,C030844,1.795,4.1,Low,
D004_1,C030854,1.309,3.0,Low,
D004_1,C030883,7.002,20.2,Medium,
D004_1,C030887,1.028,2.4,Low,
D004_1,C030912,3.263,9.4,Medium,
D004_1,C030914,3.713,8.6,Low,
D004_1,C030917,4.693,10.8,Low,One-Way
D004_1,C030923,4.152,9.6,Low,
D004_1,C030926,5.212,15.0,Medium,
D004_1,C030932,2.379,6.9,Medium,No Heavy Trucks
D004_1,C030939,4.894,14.1,Medium,
D004_1,C030953,5.218,12.0,Low,No Heavy Trucks
D004_1,C030961,7.46,17.2,Low,
D004_1,C030974,3.995,14.8,High,
D004_1,C030978,1.418,5.2,High,
D004_1,C031002,7.64,22.0,Medium,
D004_1,C031005,8.403,19.4,Low,
D004_1,C031008,6.489,15.0,Low,
D004_1,C031012,8.589,24.8,Medium,
D004_1,C031015,4.318,12.5,Medium,
D004_1,C031055,1.86,5.4,Medium,
D004_1,C031105,6.255,14.4,Low,
D004_1,C031112,5.742,16.6,Medium,One-Way
D004_1,C031128,6.046,17.4,Medium,
D004_1,C031145,6.464,18.6,Medium,
D004_1,C031147,6.986,20.2,Medium,
D004_1,C031149,5.999,17.3,Medium,
D004_1,C031150,5.822,16.8,Medium,
D004_1,C031151,7.979,29.5,High,
D004_1,C031173,5.801,13.4,Low,
D004_1,C031179,8.209,23.7,Medium,
D004_1,C031184,4.854,17.9,High,
D004_1,C031191,5.176,11.9,Low,
D004_1,C031193,4.058,11.7,Medium,No Heavy Trucks
D004_1,C031197,6.917,16.0,Low,
D004_1,C031237,4.533,13.1,Medium,
D004_1,C031241,2.015,5.8,Medium,
D004_1,C031246,2.759,10.2,High,One-Way
D004_1,C031255,7.246,16.7,Low,
D004_1,C031302,3.294,12.2,High,
D004_1,C031312,3.173,9.2,Medium,
D004_1,C031328,10.091,37.3,High,One-Way
D004_1,C031340,7.788,18.0,Low,
D004_1,C031354,4.89,14.1,Medium,
D004_1,C031356,2.013,4.6,Low,
D004_1,C031368,6.382,18.4,Medium,
D004_1,C031372,9.171,26.5,Medium,
D004_1,C031378,5.521,12.7,Low,No Heavy Trucks
D004_1,C031382,3.012,8.7,Medium,
D004_1,C031385,4.003,9.2,Low,
D004_1,C031407,5.234,15.1,Medium,
D004_1,C031421,3.323,7.7,Low,
D004_1,C031448,4.299,12.4,Medium,
D004_1,C031449,1.971,4.5,Low,
D004_1,C031452,6.824,19.7,Medium,
D004_1,C031453,7.619,22.0,Medium,
D004_1,C031457,8.808,25.4,Medium,One-Way
D004_1,C031477,5.24,19.3,High,
D004_1,C031496,3.855,8.9,Low,
D004_1,C031497,4.46,12.9,Medium,
D004_1,C031506,6.907,15.9,Low,
D004_1,C031533,3.999,9.2,Low,
D004_1,C031563,0.603,2.2,High,No Heavy Trucks
D004_1,C031567,8.077,23.3,Medium,
D004_1,C031572,8.741,25.2,Medium,
D004_1,C031582,7.367,21.3,Medium,
D004_1,C031586,5.653,13.0,Low,
D004_1,C031590,2.976,6.9,Low,
D004_1,C031601,5.721,21.1,High,
D004_1,C031629,7.082,16.3,Low,
D004_1,C031637,7.483,21.6,Medium,No Heavy Trucks
D004_1,C031660,5.152,14.9,Medium,
D004_1,C031670,3.207,9.3,Medium,
D004_1,C031678,7.178,20.7,Medium,
D004_1,C031690,3.871,14.3,High,
D004_1,C031697,4.31,9.9,Low,
D004_1,C031720,4.911,14.2,Medium,No Heavy Trucks
D004_1,C031723,5.991,22.1,High,
D004_1,C031725,9.002,26.0,Medium,
D004_1,C031735,5.289,15.3,Medium,No Heavy Trucks
D004_1,C031754,4.14,9.6,Low,
D004_1,C031760,6.319,18.2,Medium,
D004_1,C031780,3.353,7.7,Low,
D004_1,C031784,3.504,8.1,Low,
D004_1,C031785,7.159,20.7,Medium,
D004_1,C031820,6.488,18.7,Medium,
D004_1,C031857,6.692,15.4,Low,
D004_1,C031860,5.229,15.1,Medium,
D004_1,C031861,5.369,15.5,Medium,
D004_1,C031872,6.124,14.1,Low,
D004_1,C031880,5.158,11.9,Low,One-Way
D004_1,C031909,5.245,12.1,Low,
D004_1,C031920,4.537,13.1,Medium,
D004_1,C031960,4.321,12.5,Medium,
D004_1,C031975,2.169,5.0,Low,
D004_1,C032005,4.637,17.1,High,
D004_1,C032021,4.413,12.7,Medium,
D004_1,C032025,6.452,18.6,Medium,
D004_1,C032029,4.206,12.1,Medium,
D004_1,C032043,8.425,24.3,Medium,
D004_1,C032077,6.41,18.5,Medium,
D004_1,C032110,2.323,6.7,Medium,
D004_1,C032114,6.858,19.8,Medium,No Heavy Trucks
D004_1,C032115,7.762,17.9,Low,
D004_1,C032117,5.836,16.8,Medium,
D004_1,C032144,9.469,21.9,Low,
D004_1,C032147,5.6,12.9,Low,One-Way
D004_1,C032159,2.515,5.8,Low,No Heavy Trucks
D004_1,C032160,9.4,27.1,Medium,No Heavy Trucks
D004_1,C032163,3.141,7.2,Low,
D004_1,C032188,4.82,11.1,Low,
D004_1,C032190,4.892,11.3,Low,
D004_1,C032199,4.396,10.1,Low,
D004_1,C032214,1.697,4.9,Medium,
D004_1,C032220,7.242,16.7,Low,
D004_1,C032238,6.72,19.4,Medium,No Heavy Trucks
D004_1,C032270,5.635,13.0,Low,
D004_1,C032279,4.741,10.9,Low,
D004_1,C032326,7.292,21.0,Medium,
D004_1,C032330,5.844,13.5,Low,
D004_1,C032339,5.14,14.8,Medium,
D004_1,C032340,3.669,10.6,Medium,One-Way
D004_1,C032341,7.612,17.6,Low,
D004_1,C032348,5.392,15.6,Medium,
D004_1,C032350,2.399,5.5,Low,
D004_1,C032360,4.646,10.7,Low,No Heavy Trucks
D004_1,C032398,9.46,27.3,Medium,
D004_1,C032404,9.136,26.4,Medium,
D004_1,C032417,2.87,8.3,Medium,
D004_1,C032418,6.173,17.8,Medium,
D004_1,C032423,5.9,17.0,Medium,One-Way
D004_1,C032439,1.295,3.7,Medium,
D004_1,C032451,3.179,11.7,High,One-Way
D004_1,C032463,6.316,18.2,Medium,
D004_1,C032473,1.802,5.2,Medium,No Heavy Trucks
D004_1,C032485,7.41,21.4,Medium,
D004_1,C032511,6.553,15.1,Low,
D004_1,C032512,4.109,11.9,Medium,One-Way
D004_1,C032546,7.644,22.1,Medium,
D004_1,C032550,4.804,13.9,Medium,
D004_1,C032566,6.897,19.9,Medium,
D004_1,C032631,9.053,20.9,Low,
D004_1,C032641,3.644,10.5,Medium,
D004_1,C032669,3.863,8.9,Low,
D004_1,C032670,7.038,20.3,Medium,
D004_1,C032674,2.023,5.8,Medium,No Heavy Trucks
D004_1,C032685,4.381,16.2,High,
D004_1,C032688,5.437,15.7,Medium,
D004_1,C032695,3.921,11.3,Medium,
D004_1,C032809,7.202,16.6,Low,
D004_1,C032825,5.482,15.8,Medium,No Heavy Trucks
D004_1,C032842,4.193,9.7,Low,One-Way
D004_1,C032859,4.313,12.4,Medium,
D004_1,C032867,6.857,19.8,Medium,
D004_1,C032869,1.786,5.2,Medium,
D004_1,C032881,3.762,13.9,High,
D004_1,C032904,5.736,21.2,High,
D004_1,C032927,7.654,28.3,High,
D004_1,C032937,3.661,10.6,Medium,
D004_1,C032938,5.363,19.8,High,
D004_1,C032958,2.443,7.0,Medium,
D004_1,C032960,3.691,10.6,Medium,
D004_1,C032992,4.89,14.1,Medium,
D004_1,C033012,3.696,13.6,High,
D004_1,C033014,3.567,8.2,Low,No Heavy Trucks
D004_1,C033026,5.104,11.8,Low,
D004_1,C033034,2.746,6.3,Low,
D004_1,C033035,6.899,19.9,Medium,One-Way
D004_1,C033036,5.138,19.0,High,One-Way
D004_1,C033051,1.045,2.4,Low,
D004_1,C033062,4.476,10.3,Low,No Heavy Trucks
D004_1,C033067,6.212,14.3,Low,No Heavy Trucks
D004_1,C033077,4.913,11.3,Low,
D004_1,C033083,4.552,13.1,Medium,No Heavy Trucks
D004_1,C033093,0.929,2.1,Low,One-Way
D004_1,C033100,2.535,7.3,Medium,
D004_1,C033112,7.222,26.7,High,
D004_1,C033115,0.618,1.4,Low,
D004_1,C033130,2.781,8.0,Medium,
D004_1,C033132,4.239,9.8,Low,
D004_1,C033133,7.962,18.4,Low,
D004_1,C033146,6.746,15.6,Low,
D004_1,C033149,4.083,9.4,Low,
D004_1,C033157,5.037,11.6,Low,
D004_1,C033165,6.548,15.1,Low,
D004_1,C033170,4.167,12.0,Medium,
D004_1,C033183,5.038,14.5,Medium,One-Way
D004_1,C033188,6.495,18.7,Medium,
D004_1,C033193,5.634,16.3,Medium,
D004_1,C033194,5.645,20.8,High,
D004_1,C033211,2.999,6.9,Low,
D004_1,C033216,4.842,17.9,High,
D004_1,C033236,5.772,13.3,Low,One-Way
D004_1,C033248,5.735,13.2,Low,
D004_1,C033254,3.766,8.7,Low,
D004_1,C033265,1.429,3.3,Low,
D004_1,C033272,3.747,10.8,Medium,No Heavy Trucks
D004_1,C033298,3.284,12.1,High,
D004_1,C033335,2.329,5.4,Low,
D004_1,C033339,3.306,7.6,Low,One-Way
D004_1,C033345,5.865,13.5,Low,One-Way
D004_1,C033354,2.848,6.6,Low,
D004_1,C033362,6.233,14.4,Low,
D004_1,C033365,6.944,16.0,Low,One-Way
D004_1,C033367,6.938,20.0,Medium,
D004_1,C033368,9.27,26.7,Medium,
D004_1,C033378,3.296,7.6,Low,
D004_1,C033392,4.004,11.6,Medium,
D004_1,C033394,5.781,21.3,High,
D004_1,C033429,7.42,21.4,Medium,
D004_1,C033448,4.737,10.9,Low,
D004_1,C033450,8.153,18.8,Low,
D004_1,C033464,1.603,3.7,Low,
D004_1,C033485,4.96,14.3,Medium,One-Way
D004_1,C033487,5.281,15.2,Medium,
D004_1,C033493,3.887,9.0,Low,One-Way
D004_1,C033504,4.208,12.1,Medium,
D004_1,C033505,7.355,17.0,Low,
D004_1,C033508,3.895,14.4,High,
D004_1,C033521,5.318,15.3,Medium,
D004_1,C033530,4.368,12.6,Medium,No Heavy Trucks
D004_1,C033541,5.283,12.2,Low,One-Way
D004_1,C033554,6.643,19.2,Medium,
D004_1,C033578,6.5,15.0,Low,No Heavy Trucks
D004_1,C033588,1.051,3.0,Medium,
D004_1,C033589,7.467,21.5,Medium,
D004_1,C033591,4.528,16.7,High,No Heavy Trucks
D004_1,C033595,5.51,12.7,Low,
D004_1,C033615,5.725,21.1,High,
D004_1,C033619,7.764,22.4,Medium,No Heavy Trucks
D004_1,C033652,5.235,15.1,Medium,
D004_1,C033654,4.397,16.2,High,
D004_1,C033658,4.109,11.9,Medium,
D004_1,C033681,6.676,24.6,High,No Heavy Trucks
D004_1,C033685,3.28,7.6,Low,
D004_1,C033694,3.117,9.0,Medium,One-Way
D004_1,C033705,7.147,16.5,Low,
D004_1,C033714,4.251,15.7,High,No Heavy Trucks
D004_1,C033716,6.601,19.0,Medium,One-Way
D004_1,C033729,7.258,16.7,Low,
D004_1,C033733,4.65,13.4,Medium,
D004_1,C033747,4.903,14.1,Medium,
D004_1,C033752,2.082,6.0,Medium,
D004_1,C033757,4.523,13.0,Medium,
D004_1,C033766,3.512,10.1,Medium,
D004_1,C033799,8.61,24.8,Medium,
D004_1,C033803,6.964,20.1,Medium,
D004_1,C033813,1.871,5.4,Medium,
D004_1,C033819,4.814,17.8,High,
D004_1,C033828,9.534,35.2,High,
D004_1,C033832,6.196,22.9,High,
D004_1,C033835,6.185,22.8,High,
D004_1,C033838,5.393,12.4,Low,
D004_1,C033846,7.62,17.6,Low,
D004_1,C033862,2.694,7.8,Medium,
D004_1,C033879,1.341,3.1,Low,
D004_1,C033880,4.676,13.5,Medium,
D004_1,C033923,8.123,18.7,Low,One-Way
D004_1,C033935,3.487,10.1,Medium,
D004_1,C033981,8.352,19.3,Low,
D004_1,C033990,6.222,14.4,Low,
D004_1,C033992,9.072,20.9,Low,
D004_1,C033996,4.252,12.3,Medium,
D004_1,C033999,2.421,8.9,High,
D004_1,C034006,7.396,17.1,Low,No Heavy Trucks
D004_1,C034024,7.013,20.2,Medium,
D004_1,C034027,7.886,18.2,Low,
D004_1,C034034,7.916,22.8,Medium,
D004_1,C034042,5.937,17.1,Medium,
D004_1,C034044,9.842,28.4,Medium,
D004_1,C034069,6.708,19.4,Medium,
D004_1,C034070,6.393,18.4,Medium,One-Way
D004_1,C034091,6.297,23.3,High,
D004_1,C034125,6.209,22.9,High,One-Way
D004_1,C034127,6.924,20.0,Medium,
D004_1,C034151,9.853,28.4,Medium,One-Way
D004_1,C034162,5.632,13.0,Low,
D004_1,C034178,9.172,26.5,Medium,
D004_1,C034180,3.58,10.3,Medium,One-Way
D004_1,C034228,5.551,12.8,Low,
D004_1,C034233,6.317,18.2,Medium,
D004_1,C034239,3.869,11.2,Medium,
D004_1,C034241,2.926,6.8,Low,
D004_1,C034247,6.516,18.8,Medium,
D004_1,C034252,7.562,27.9,High,No Heavy Trucks
D004_1,C034267,5.608,20.7,High,One-Way
D004_1,C034269,2.487,5.7,Low,No Heavy Trucks
D004_1,C034271,4.529,10.5,Low,
D004_1,C034278,5.758,13.3,Low,One-Way
D004_1,C034280,4.321,12.5,Medium,
D004_1,C034288,6.494,18.7,Medium,
D004_1,C034294,3.2,9.2,Medium,
D004_1,C034310,2.854,6.6,Low,
D004_1,C034319,5.955,17.2,Medium,
D004_1,C034344,3.694,13.6,High,
D004_1,C034353,2.155,5.0,Low,
D004_1,C034362,4.302,12.4,Medium,
D004_1,C034368,3.714,10.7,Medium,
D004_1,C034394,6.616,15.3,Low,
D004_1,C034412,9.75,22.5,Low,No Heavy Trucks
D004_1,C034416,5.064,11.7,Low,
D004_1,C034417,7.369,21.3,Medium,
D004_1,C034424,5.406,20.0,High,
D004_1,C034432,5.0,11.5,Low,
D004_1,C034444,6.34,18.3,Medium,
D004_1,C034446,3.404,7.9,Low,
D004_1,C034460,8.877,25.6,Medium,
D004_1,C034463,5.03,14.5,Medium,
D004_1,C034468,7.892,29.1,High,No Heavy Trucks
D004_1,C034482,5.209,15.0,Medium,No Heavy Trucks
D004_1,C034487,5.266,12.2,Low,
D004_1,C034491,5.859,16.9,Medium,
D004_1,C034499,5.79,16.7,Medium,
D004_1,C034500,6.897,19.9,Medium,
D004_1,C034519,1.993,5.7,Medium,One-Way
D004_1,C034520,5.46,12.6,Low,
D004_1,C034527,6.111,22.6,High,
D004_1,C034558,4.181,12.1,Medium,
D004_1,C034560,4.467,16.5,High,
D004_1,C034561,4.143,15.3,High,One-Way
D004_1,C034594,5.138,14.8,Medium,
D004_1,C034611,9.155,26.4,Medium,
D004_1,C034613,3.399,12.5,High,
D004_1,C034614,5.14,14.8,Medium,
D004_1,C034653,0.314,0.9,Medium,
D004_1,C034703,8.17,18.9,Low,
D004_1,C034707,2.251,6.5,Medium,
D004_1,C034713,3.696,8.5,Low,No Heavy Trucks
D004_1,C034719,6.485,18.7,Medium,
D004_1,C034722,2.983,8.6,Medium,One-Way
D004_1,C034727,6.567,15.2,Low,
D004_1,C034742,5.16,11.9,Low,
D004_1,C034750,5.81,16.8,Medium,
D004_1,C034768,6.898,15.9,Low,One-Way
D004_1,C034774,6.268,18.1,Medium,
D004_1,C034781,6.197,14.3,Low,
D004_1,C034784,1.757,5.1,Medium,No Heavy Trucks
D004_1,C034793,3.008,11.1,High,
D004_1,C034795,7.244,20.9,Medium,One-Way
D004_1,C034816,1.788,5.2,Medium,
D004_1,C034830,3.928,9.1,Low,
D004_1,C034847,6.576,19.0,Medium,
D004_1,C034856,8.676,25.0,Medium,No Heavy Trucks
D004_1,C034868,6.36,18.3,Medium,
D004_1,C034874,0.674,2.5,High,
D004_1,C034890,5.049,18.6,High,
D004_1,C034904,2.152,5.0,Low,
D004_1,C034908,5.138,11.9,Low,
D004_1,C034911,3.614,10.4,Medium,
D004_1,C034917,4.692,17.3,High,
D004_1,C034928,6.109,22.6,High,
D004_1,C034941,6.531,15.1,Low,No Heavy Trucks
D004_1,C034943,6.272,14.5,Low,
D004_1,C034948,5.423,15.6,Medium,
D004_1,C034974,4.737,10.9,Low,
D004_1,C034982,4.807,11.1,Low,One-Way
D004_1,C034985,7.72,17.8,Low,
D004_1,C035002,8.011,18.5,Low,
D004_1,C035032,4.007,11.6,Medium,One-Way
D004_1,C035039,4.256,9.8,Low,
D004_1,C035088,6.853,19.8,Medium,
D004_1,C035105,4.493,16.6,High,
D004_1,C035113,3.67,8.5,Low,
D004_1,C035165,4.882,18.0,High,
D004_1,C035169,2.974,6.9,Low,One-Way
D004_1,C035182,6.135,14.2,Low,No Heavy Trucks
D004_1,C035187,4.486,10.4,Low,No Heavy Trucks
D004_1,C035189,4.616,10.7,Low,
D004_1,C035190,1.578,4.6,Medium,
D004_1,C035213,3.283,9.5,Medium,
D004_1,C035248,4.667,10.8,Low,One-Way
D004_1,C035257,4.474,10.3,Low,
D004_1,C035272,9.016,26.0,Medium,
D004_1,C035273,1.816,5.2,Medium,
D004_1,C035279,9.976,28.8,Medium,
D004_1,C035284,2.88,8.3,Medium,One-Way
D004_1,C035290,6.591,19.0,Medium,
D004_1,C035313,5.173,14.9,Medium,
D004_1,C035325,6.978,16.1,Low,
D004_1,C035335,3.996,11.5,Medium,
D004_1,C035337,4.239,9.8,Low,One-Way
D004_1,C035345,8.366,30.9,High,
D004_1,C035347,5.636,20.8,High,
D004_1,C035350,4.305,12.4,Medium,No Heavy Trucks
D004_1,C035352,6.025,17.4,Medium,
D004_1,C035357,7.382,17.0,Low,One-Way
D004_1,C035381,1.951,5.6,Medium,
D004_1,C035398,6.476,18.7,Medium,
D004_1,C035409,7.854,18.1,Low,
D004_1,C035426,4.773,13.8,Medium,One-Way
D004_1,C035429,8.17,23.6,Medium,One-Way
D004_1,C035435,2.517,5.8,Low,One-Way
D004_1,C035448,5.168,11.9,Low,
D004_1,C035451,7.84,22.6,Medium,
D004_1,C035453,7.178,20.7,Medium,
D004_1,C035470,5.505,15.9,Medium,
D004_1,C035480,7.292,26.9,High,
D004_1,C035483,3.504,8.1,Low,
D004_1,C035492,9.863,28.4,Medium,No Heavy Trucks
D004_1,C035494,4.543,10.5,Low,
D004_1,C035495,4.809,11.1,Low,
D004_1,C035515,1.12,3.2,Medium,
D004_1,C035526,4.259,12.3,Medium,
D004_1,C035527,5.233,15.1,Medium,
D004_1,C035530,3.106,9.0,Medium,
D004_1,C035560,4.205,12.1,Medium,
D004_1,C035575,5.051,14.6,Medium,
D004_1,C035599,5.271,15.2,Medium,
D004_1,C035606,6.844,15.8,Low,One-Way
D004_1,C035610,4.746,17.5,High,
D004_1,C035619,3.626,13.4,High,
D004_1,C035624,5.082,14.7,Medium,No Heavy Trucks
D004_1,C035652,4.379,12.6,Medium,
D004_1,C035668,6.574,19.0,Medium,
D004_1,C035675,6.565,24.2,High,One-Way
D004_1,C035687,8.157,23.5,Medium,
D004_1,C035693,6.584,19.0,Medium,
D004_1,C035694,9.219,26.6,Medium,
D004_1,C035696,4.558,13.1,Medium,No Heavy Trucks
D004_1,C035697,4.389,12.7,Medium,
D004_1,C035702,7.945,18.3,Low,
D004_1,C035714,4.086,15.1,High,
D004_1,C035715,4.097,11.8,Medium,No Heavy Trucks
D004_1,C035718,0.644,1.9,Medium,No Heavy Trucks
D004_1,C035722,5.983,17.3,Medium,One-Way
D004_1,C035724,5.454,12.6,Low,
D004_1,C035727,5.557,16.0,Medium,
D004_1,C035735,3.092,8.9,Medium,
D004_1,C035736,5.15,14.9,Medium,
D004_1,C035753,2.835,8.2,Medium,
D004_1,C035760,6.005,13.9,Low,
D004_1,C035800,4.535,13.1,Medium,No Heavy Trucks
D004_1,C035830,7.166,26.5,High,
D004_1,C035837,5.341,15.4,Medium,
D004_1,C035838,3.26,9.4,Medium,
D004_1,C035859,6.766,19.5,Medium,
D004_1,C035863,1.474,4.3,Medium,
D004_1,C035914,3.988,11.5,Medium,
D004_1,C035917,5.115,11.8,Low,One-Way
D004_1,C035944,2.226,5.1,Low,
D004_1,C035946,3.594,8.3,Low,
D004_1,C035952,5.132,11.8,Low,
D004_1,C035967,5.898,13.6,Low,No Heavy Trucks
D004_1,C035976,6.902,19.9,Medium,
D004_1,C035996,5.873,16.9,Medium,One-Way
D004_1,C036022,6.175,14.2,Low,
D004_1,C036025,5.109,11.8,Low,No Heavy Trucks
D004_1,C036027,7.477,17.3,Low,
D004_1,C036039,4.621,13.3,Medium,
D004_1,C036060,8.269,30.5,High,
D004_1,C036063,0.665,1.9,Medium,
D004_1,C036071,6.69,19.3,Medium,
D004_1,C036091,2.322,6.7,Medium,
D004_1,C036093,6.997,16.1,Low,
D004_1,C036095,1.491,4.3,Medium,No Heavy Trucks
D004_1,C036102,2.432,7.0,Medium,
D004_1,C036106,5.774,13.3,Low,
D004_1,C036114,3.746,10.8,Medium,
D004_1,C036118,5.915,21.8,High,
D004_1,C036138,8.355,19.3,Low,
D004_1,C036140,6.344,18.3,Medium,
D004_1,C036145,6.34,14.6,Low,
D004_1,C036146,7.446,17.2,Low,One-Way
D004_1,C036149,4.573,10.6,Low,
D004_1,C036151,1.289,3.7,Medium,One-Way
D004_1,C036158,1.803,5.2,Medium,
D004_1,C036161,6.046,14.0,Low,
D004_1,C036172,2.698,6.2,Low,One-Way
D004_1,C036177,8.346,24.1,Medium,No Heavy Trucks
D004_1,C036190,2.195,6.3,Medium,
D004_1,C036192,7.367,21.2,Medium,
D004_1,C036215,5.438,20.1,High,
D004_1,C036221,3.019,8.7,Medium,
D004_1,C036228,2.027,4.7,Low,
D004_1,C036240,2.645,7.6,Medium,
D004_1,C036263,0.913,2.6,Medium,One-Way
D004_1,C036274,5.612,13.0,Low,
D004_1,C036278,8.299,19.2,Low,One-Way
D004_1,C036315,5.093,11.8,Low,
D004_1,C036322,4.264,15.7,High,
D004_1,C036332,5.081,14.7,Medium,No Heavy Trucks
D004_1,C036353,4.571,13.2,Medium,
D004_1,C036359,3.477,8.0,Low,
D004_1,C036383,6.782,19.6,Medium,No Heavy Trucks
D004_1,C036420,7.589,17.5,Low,
D004_1,C036449,6.57,15.2,Low,
D004_1,C036453,4.751,13.7,Medium,
D004_1,C036472,5.304,15.3,Medium,
D004_1,C036485,8.76,25.3,Medium,
D004_1,C036486,7.354,21.2,Medium,
D004_1,C036493,3.83,11.0,Medium,
D004_1,C036525,7.136,20.6,Medium,
D004_1,C036530,3.277,9.5,Medium,
D004_1,C036533,5.062,11.7,Low,
D004_1,C036537,7.746,22.3,Medium,
D004_1,C036539,4.278,15.8,High,One-Way
D004_1,C036547,7.001,20.2,Medium,No Heavy Trucks
D004_1,C036549,5.6,16.2,Medium,
D004_1,C036550,4.015,11.6,Medium,One-Way
D004_1,C036570,6.202,14.3,Low,
D004_1,C036577,5.882,21.7,High,
D004_1,C036588,2.146,5.0,Low,
D004_1,C036606,7.436,27.5,High,
D004_1,C036635,5.514,12.7,Low,No Heavy Trucks
D004_1,C036639,1.587,3.7,Low,
D004_1,C036656,7.831,22.6,Medium,
D004_1,C036682,1.409,3.3,Low,
D004_1,C036688,8.016,18.5,Low,
D004_1,C036697,1.805,5.2,Medium,
D004_1,C036703,5.457,20.1,High,
D004_1,C036728,4.499,13.0,Medium,
D004_1,C036734,7.253,20.9,Medium,
D004_1,C036737,6.048,22.3,High,
D004_1,C036741,5.996,13.8,Low,One-Way
D004_1,C036807,5.177,14.9,Medium,No Heavy Trucks
D004_1,C036811,9.244,26.7,Medium,
D004_1,C036825,1.56,3.6,Low,
D004_1,C036826,4.906,14.2,Medium,
D004_1,C036831,3.623,13.4,High,
D004_1,C036838,3.004,8.7,Medium,
D004_1,C036843,3.985,11.5,Medium,
D004_1,C036846,2.407,5.6,Low,One-Way
D004_1,C036848,7.694,17.8,Low,
D004_1,C036858,1.843,5.3,Medium,
D004_1,C036873,7.206,26.6,High,
D004_1,C036879,7.469,17.2,Low,
D004_1,C036880,8.059,23.2,Medium,
D004_1,C036915,6.013,13.9,Low,
D004_1,C036919,3.716,13.7,High,
D004_1,C036923,2.836,8.2,Medium,One-Way
D004_1,C036933,5.716,16.5,Medium,
D004_1,C036934,5.603,20.7,High,One-Way
D004_1,C036940,6.029,22.3,High,
D004_1,C036942,5.067,11.7,Low,
D004_1,C036948,0.721,1.7,Low,One-Way
D004_1,C036949,5.753,16.6,Medium,No Heavy Trucks
D004_1,C036953,4.811,13.9,Medium,
D004_1,C036957,1.668,4.8,Medium,
D004_1,C036982,7.279,26.9,High,
D004_1,C037001,1.654,3.8,Low,One-Way
D004_1,C037013,8.055,18.6,Low,
D004_1,C037016,1.994,4.6,Low,
D004_1,C037025,4.607,13.3,Medium,
D004_1,C037029,4.715,10.9,Low,
D004_1,C037032,5.425,15.6,Medium,
D004_1,C037048,7.866,18.2,Low,No Heavy Trucks
D004_1,C037049,3.7,13.7,High,One-Way
D004_1,C037050,7.679,17.7,Low,
D004_1,C037059,7.32,21.1,Medium,
D004_1,C037072,5.951,13.7,Low,
D004_1,C037076,8.738,20.2,Low,
D004_1,C037082,2.382,6.9,Medium,
D004_1,C037089,6.081,17.5,Medium,
D004_1,C037107,3.782,10.9,Medium,One-Way
D004_1,C037120,7.671,17.7,Low,
D004_1,C037121,6.511,15.0,Low,
D004_1,C037155,3.502,10.1,Medium,
D004_1,C037158,8.153,30.1,High,
D004_1,C037164,6.648,15.3,Low,
D004_1,C037172,4.603,13.3,Medium,
D004_1,C037176,6.695,19.3,Medium,
D004_1,C037197,6.987,20.2,Medium,
D004_1,C037225,3.079,8.9,Medium,
D004_1,C037230,5.345,12.3,Low,
D004_1,C037235,6.349,14.7,Low,
D004_1,C037245,2.511,5.8,Low,
D004_1,C037246,3.787,10.9,Medium,No Heavy Trucks
D004_1,C037270,10.354,29.9,Medium,
D004_1,C037284,3.078,8.9,Medium,
D004_1,C037289,4.407,10.2,Low,
D004_1,C037293,5.509,20.3,High,
D004_1,C037313,1.033,3.0,Medium,
D004_1,C037327,5.527,12.8,Low,
D004_1,C037328,4.767,13.8,Medium,
D004_1,C037333,3.054,11.3,High,
D004_1,C037337,4.78,13.8,Medium,
D004_1,C037341,3.251,9.4,Medium,
D004_1,C037342,2.004,5.8,Medium,
D004_1,C037361,5.015,14.5,Medium,
D004_1,C037363,8.218,23.7,Medium,
D004_1,C037366,1.758,5.1,Medium,
D004_1,C037389,1.929,5.6,Medium,
D004_1,C037392,7.749,22.4,Medium,
D004_1,C037404,3.698,13.7,High,
D004_1,C037425,8.147,18.8,Low,No Heavy Trucks
D004_1,C037426,3.351,7.7,Low,
D004_1,C037446,4.828,13.9,Medium,
D004_1,C037449,1.292,3.7,Medium,
D004_1,C037460,6.792,25.1,High,
D004_1,C037479,1.763,4.1,Low,
D004_1,C037484,2.937,8.5,Medium,
D004_1,C037491,3.416,9.9,Medium,
D004_1,C037518,3.889,9.0,Low,No Heavy Trucks
D004_1,C037523,6.371,18.4,Medium,
D004_1,C037551,7.469,27.6,High,
D004_1,C037579,6.737,19.4,Medium,
D004_1,C037609,8.525,19.7,Low,
D004_1,C037626,3.014,8.7,Medium,
D004_1,C037646,4.371,12.6,Medium,
D004_1,C037661,8.199,18.9,Low,
D004_1,C037674,6.443,18.6,Medium,One-Way
D004_1,C037678,2.154,8.0,High,
D004_1,C037688,4.16,12.0,Medium,
D004_1,C037698,7.833,22.6,Medium,
D004_1,C037719,5.049,14.6,Medium,
D004_1,C037727,8.89,32.8,High,
D004_1,C037735,4.352,16.1,High,No Heavy Trucks
D004_1,C037737,5.177,14.9,Medium,
D004_1,C037765,6.766,19.5,Medium,
D004_1,C037781,8.012,29.6,High,
D004_1,C037792,2.384,5.5,Low,
D004_1,C037798,6.698,19.3,Medium,
D004_1,C037800,4.715,13.6,Medium,
D004_1,C037810,5.725,16.5,Medium,
D004_1,C037845,5.507,15.9,Medium,
D004_1,C037860,1.425,5.3,High,
D004_1,C037866,6.962,16.1,Low,
D004_1,C037869,2.026,5.8,Medium,
D004_1,C037873,2.928,8.4,Medium,No Heavy Trucks
D004_1,C037886,5.853,21.6,High,
D004_1,C037895,0.98,2.8,Medium,
D004_1,C037904,7.493,17.3,Low,
D004_1,C037924,4.127,9.5,Low,
D004_1,C037966,5.853,16.9,Medium,
D004_1,C037973,8.593,31.7,High,
D004_1,C037978,0.666,1.5,Low,
D004_1,C037991,7.138,16.5,Low,
D004_1,C037992,3.095,7.1,Low,
D004_1,C037995,7.311,21.1,Medium,
D004_1,C038017,7.238,16.7,Low,
D004_1,C038022,4.893,11.3,Low,One-Way
D004_1,C038055,4.189,9.7,Low,No Heavy Trucks
D004_1,C038059,5.208,15.0,Medium,
D004_1,C038060,7.582,21.9,Medium,
D004_1,C038109,5.189,15.0,Medium,
D004_1,C038112,7.066,26.1,High,
D004_1,C038113,3.489,10.1,Medium,
D004_1,C038127,6.108,17.6,Medium,
D004_1,C038132,5.062,11.7,Low,One-Way
D004_1,C038140,4.947,11.4,Low,One-Way
D004_1,C038143,5.975,17.2,Medium,
D004_1,C038145,6.336,18.3,Medium,
D004_1,C038162,3.871,8.9,Low,No Heavy Trucks
D004_1,C038179,4.646,17.2,High,No Heavy Trucks
D004_1,C038221,5.409,15.6,Medium,
D004_1,C038225,5.896,13.6,Low,No Heavy Trucks
D004_1,C038245,5.198,15.0,Medium,
D004_1,C038247,7.527,21.7,Medium,No Heavy Trucks
D004_1,C038254,6.305,18.2,Medium,One-Way
D004_1,C038269,5.497,20.3,High,No Heavy Trucks
D004_1,C038300,3.685,10.6,Medium,
D004_1,C038305,2.745,6.3,Low,No Heavy Trucks
D004_1,C038330,9.29,26.8,Medium,
D004_1,C038339,3.565,8.2,Low,
D004_1,C038341,7.933,22.9,Medium,
D004_1,C038360,6.671,24.6,High,
D004_1,C038361,1.104,3.2,Medium,
D004_1,C038368,6.789,25.1,High,
D004_1,C038372,5.798,21.4,High,One-Way
D004_1,C038392,5.526,15.9,Medium,
D004_1,C038396,5.457,12.6,Low,One-Way
D004_1,C038413,7.384,21.3,Medium,No Heavy Trucks
D004_1,C038417,3.713,8.6,Low,
D004_1,C038426,9.1,26.3,Medium,No Heavy Trucks
D004_1,C038440,4.675,13.5,Medium,
D004_1,C038443,9.996,28.8,Medium,One-Way
D004_1,C038449,2.913,8.4,Medium,
D004_1,C038454,5.718,16.5,Medium,
D004_1,C038460,6.438,14.9,Low,
D004_1,C038506,4.825,11.1,Low,
D004_1,C038517,1.278,3.7,Medium,No Heavy Trucks
D004_1,C038542,7.538,21.7,Medium,
D004_1,C038552,5.508,15.9,Medium,
D004_1,C038554,8.854,32.7,High,
D004_1,C038577,5.04,11.6,Low,
D004_1,C038582,8.367,24.1,Medium,
D004_1,C038616,3.154,7.3,Low,
D004_1,C038625,6.252,14.4,Low,No Heavy Trucks
D004_1,C038626,5.423,12.5,Low,
D004_1,C038658,8.852,32.7,High,
D004_1,C038659,4.448,16.4,High,One-Way
D004_1,C038691,7.196,16.6,Low,
D004_1,C038702,4.054,9.4,Low,
D004_1,C038726,7.479,17.3,Low,
D004_1,C038797,4.632,10.7,Low,One-Way
D004_1,C038811,6.594,19.0,Medium,One-Way
D004_1,C038818,7.956,18.4,Low,
D004_1,C038828,5.286,19.5,High,One-Way
D004_1,C038838,4.485,16.6,High,
D004_1,C038857,4.436,10.2,Low,
D004_1,C038869,2.883,8.3,Medium,
D004_1,C038882,8.551,31.6,High,
D004_1,C038903,2.903,6.7,Low,
D004_1,C038911,6.085,17.6,Medium,
D004_1,C038915,9.473,35.0,High,
D004_1,C038927,4.159,9.6,Low,
D004_1,C038930,6.222,17.9,Medium,
D004_1,C038984,6.794,19.6,Medium,
D004_1,C039013,6.032,13.9,Low,
D004_1,C039044,3.884,14.3,High,
D004_1,C039045,6.515,18.8,Medium,
D004_1,C039067,3.785,10.9,Medium,
D004_1,C039068,3.781,10.9,Medium,No Heavy Trucks
D004_1,C039078,3.28,7.6,Low,
D004_1,C039086,3.399,7.8,Low,One-Way
D004_1,C039095,5.224,19.3,High,
D004_1,C039134,4.879,18.0,High,One-Way
D004_1,C039137,1.947,5.6,Medium,
D004_1,C039150,0.92,2.7,Medium,
D004_1,C039171,1.988,5.7,Medium,
D004_1,C039184,6.314,18.2,Medium,
D004_1,C039187,8.144,18.8,Low,
D004_1,C039209,6.732,15.5,Low,
D004_1,C039214,3.729,8.6,Low,
D004_1,C039216,5.845,13.5,Low,
D004_1,C039220,2.252,8.3,High,
D004_1,C039237,1.492,3.4,Low,
D004_1,C039269,0.089,0.3,Medium,
D004_1,C039298,7.265,16.8,Low,
D004_1,C039301,5.935,17.1,Medium,
D004_1,C039327,4.86,14.0,Medium,
D004_1,C039352,2.044,5.9,Medium,
D004_1,C039381,3.804,14.0,High,
D004_1,C039384,5.981,22.1,High,
D004_1,C039393,5.763,13.3,Low,
D004_1,C039397,7.033,20.3,Medium,
D004_1,C039400,1.277,2.9,Low,
D004_1,C039433,6.647,19.2,Medium,No Heavy Trucks
D004_1,C039435,5.679,13.1,Low,One-Way
D004_1,C039449,2.302,6.6,Medium,
D004_1,C039450,5.468,12.6,Low,
D004_1,C039470,5.848,13.5,Low,One-Way
D004_1,C039489,4.601,17.0,High,
D004_1,C039499,4.552,13.1,Medium,
D004_1,C039501,1.679,4.8,Medium,One-Way
D004_1,C039504,4.76,17.6,High,
D004_1,C039514,4.982,14.4,Medium,
D004_1,C039520,8.3,30.6,High,
D004_1,C039549,5.819,16.8,Medium,One-Way
D004_1,C039550,2.96,6.8,Low,
D004_1,C039562,2.269,6.5,Medium,
D004_1,C039566,8.121,18.7,Low,
D004_1,C039603,6.885,19.9,Medium,
D004_1,C039635,2.445,5.6,Low,
D004_1,C039637,7.881,29.1,High,No Heavy Trucks
D004_1,C039654,4.667,13.5,Medium,
D004_1,C039660,5.482,15.8,Medium,
D004_1,C039672,4.39,12.7,Medium,
D004_1,C039679,8.531,24.6,Medium,One-Way
D004_1,C039695,8.295,23.9,Medium,No Heavy Trucks
D004_1,C039724,4.519,10.4,Low,
D004_1,C039739,5.642,16.3,Medium,
D004_1,C039762,2.132,6.1,Medium,
D004_1,C039774,4.584,16.9,High,No Heavy Trucks
D004_1,C039779,6.936,25.6,High,
D004_1,C039782,5.414,12.5,Low,
D004_1,C039814,10.009,28.9,Medium,
D004_1,C039819,4.858,14.0,Medium,
D004_1,C039821,7.53,27.8,High,
D004_1,C039840,5.388,19.9,High,One-Way
D004_1,C039848,1.525,4.4,Medium,
D004_1,C039849,5.145,11.9,Low,
D004_1,C039850,6.071,14.0,Low,
D004_1,C039873,6.452,18.6,Medium,One-Way
D004_1,C039874,8.07,18.6,Low,
D004_1,C039876,1.848,4.3,Low,No Heavy Trucks
D004_1,C039902,3.209,7.4,Low,
D004_1,C039921,6.341,18.3,Medium,
D004_1,C039924,5.578,16.1,Medium,
D004_1,C039945,5.563,12.8,Low,
D004_1,C039955,3.518,10.1,Medium,No Heavy Trucks
D004_1,C039967,5.142,11.9,Low,
D004_1,C039996,4.028,14.9,High,
D004_1,C039997,3.501,8.1,Low,One-Way
D004_1,C040003,5.102,14.7,Medium,
D004_1,C040018,7.281,21.0,Medium,
D004_1,C040021,4.561,16.8,High,
D004_1,C040032,5.259,15.2,Medium,
D004_1,C040033,5.821,16.8,Medium,
D004_1,C040052,6.281,18.1,Medium,
D004_1,C040058,6.649,15.3,Low,
D004_1,C040085,7.134,20.6,Medium,
D004_1,C040112,5.9,17.0,Medium,No Heavy Trucks
D004_1,C040118,1.207,3.5,Medium,
D004_1,C040120,5.808,16.8,Medium,
D004_1,C040134,5.592,20.6,High,
D004_1,C040142,4.411,12.7,Medium,One-Way
D004_1,C040148,4.31,9.9,Low,One-Way
D004_1,C040195,5.02,14.5,Medium,
D004_1,C040198,3.28,7.6,Low,
D004_1,C040212,9.885,22.8,Low,
D004_1,C040265,4.564,10.5,Low,
D004_1,C040275,2.608,9.6,High,
D004_1,C040279,7.48,17.3,Low,
D004_1,C040286,3.951,9.1,Low,
D004_1,C040292,0.665,1.9,Medium,
D004_1,C040318,5.743,13.3,Low,
D004_1,C040324,7.71,22.2,Medium,
D004_1,C040346,3.815,8.8,Low,
D004_1,C040349,3.875,11.2,Medium,
D004_1,C040410,7.622,22.0,Medium,
D004_1,C040415,3.275,9.4,Medium,One-Way
D004_1,C040419,4.474,12.9,Medium,
D004_1,C040441,3.663,8.5,Low,
D004_1,C040490,6.655,24.6,High,
D004_1,C040502,6.868,19.8,Medium,
D004_1,C040508,7.114,26.3,High,
D004_1,C040512,4.559,13.2,Medium,
D004_1,C040514,7.997,29.5,High,
D004_1,C040542,3.476,10.0,Medium,No Heavy Trucks
D004_1,C040546,7.918,22.8,Medium,
D004_1,C040548,3.12,7.2,Low,
D004_1,C040570,6.595,19.0,Medium,
D004_1,C040574,6.162,17.8,Medium,One-Way
D004_1,C040594,5.089,14.7,Medium,No Heavy Trucks
D004_1,C040606,6.89,15.9,Low,
D004_1,C040640,6.092,14.1,Low,
D004_1,C040664,4.943,14.3,Medium,
D004_1,C040670,8.064,23.3,Medium,
D004_1,C040672,4.134,9.5,Low,
D004_1,C040686,1.077,2.5,Low,
D004_1,C040688,6.274,14.5,Low,One-Way
D004_1,C040690,5.446,15.7,Medium,
D004_1,C040707,7.371,21.3,Medium,One-Way
D004_1,C040730,6.481,18.7,Medium,
D004_1,C040752,3.685,10.6,Medium,One-Way
D004_1,C040787,4.183,12.1,Medium,One-Way
D004_1,C040824,8.201,30.3,High,
D004_1,C040832,6.825,19.7,Medium,
D004_1,C040835,4.641,10.7,Low,
D004_1,C040860,1.897,5.5,Medium,No Heavy Trucks
D004_1,C040874,7.631,22.0,Medium,
D004_1,C040913,6.952,16.0,Low,
D004_1,C040914,3.261,7.5,Low,
D004_1,C040942,6.268,23.1,High,
D004_1,C040962,7.836,22.6,Medium,
D004_1,C040985,1.754,6.5,High,
D004_1,C040989,6.875,19.8,Medium,
D004_1,C040993,3.071,8.9,Medium,
D004_1,C040997,4.295,15.9,High,
D004_1,C041026,4.241,9.8,Low,One-Way
D004_1,C041069,7.495,21.6,Medium,
D004_1,C041070,5.697,16.4,Medium,
D004_1,C041074,3.576,10.3,Medium,
D004_1,C041091,6.813,19.7,Medium,
D004_1,C041093,1.523,4.4,Medium,No Heavy Trucks
D004_1,C041114,6.509,18.8,Medium,
D004_1,C041120,4.189,9.7,Low,
D004_1,C041125,3.305,9.5,Medium,
D004_1,C041139,2.994,8.6,Medium,
D004_1,C041140,2.204,5.1,Low,
D004_1,C041160,7.287,16.8,Low,No Heavy Trucks
D004_1,C041170,1.533,4.4,Medium,
D004_1,C041171,9.346,27.0,Medium,
D004_1,C041174,4.381,12.6,Medium,
D004_1,C041199,7.088,20.4,Medium,
D004_1,C041215,6.154,17.8,Medium,One-Way
D004_1,C041219,7.299,26.9,High,No Heavy Trucks
D004_1,C041223,3.594,10.4,Medium,
D004_1,C041231,2.851,8.2,Medium,One-Way
D004_1,C041233,7.903,18.2,Low,
D004_1,C041261,4.241,15.7,High,
D004_1,C041289,2.933,8.5,Medium,
D004_1,C041323,3.658,8.4,Low,
D004_1,C041364,3.238,9.3,Medium,
D004_1,C041367,5.752,13.3,Low,
D004_1,C041381,4.385,10.1,Low,
D004_1,C041382,5.075,14.6,Medium,
D004_1,C041386,8.251,19.0,Low,
D004_1,C041389,3.844,11.1,Medium,
D004_1,C041396,7.511,21.7,Medium,
D004_1,C041400,7.322,27.0,High,
D004_1,C041420,7.507,17.3,Low,
D004_1,C041444,7.059,20.4,Medium,
D004_1,C041445,1.259,3.6,Medium,One-Way
D004_1,C041468,6.615,15.3,Low,No Heavy Trucks
D004_1,C041516,6.014,13.9,Low,One-Way
D004_1,C041536,3.858,11.1,Medium,
D004_1,C041540,7.381,17.0,Low,
D004_1,C041571,3.115,7.2,Low,
D004_1,C041584,2.534,5.8,Low,
D004_1,C041615,4.259,12.3,Medium,
D004_1,C041619,5.545,20.5,High,
D004_1,C041629,6.615,24.4,High,
D004_1,C041652,8.35,24.1,Medium,
D004_1,C041653,5.339,19.7,High,
D004_1,C041674,4.642,17.1,High,
D004_1,C041678,6.504,18.8,Medium,
D004_1,C041712,4.665,17.2,High,No Heavy Trucks
D004_1,C041716,6.371,14.7,Low,
D004_1,C041722,4.531,13.1,Medium,No Heavy Trucks
D004_1,C041732,9.187,33.9,High,
D004_1,C041733,5.12,18.9,High,
D004_1,C041748,4.876,18.0,High,
D004_1,C041758,1.257,2.9,Low,
D004_1,C041779,7.446,21.5,Medium,
D004_1,C041781,6.034,17.4,Medium,
D004_1,C041796,3.784,10.9,Medium,No Heavy Trucks
D004_1,C041816,2.11,4.9,Low,No Heavy Trucks
D004_1,C041842,5.191,12.0,Low,
D004_1,C041859,5.926,17.1,Medium,One-Way
D004_1,C041867,1.781,4.1,Low,
D004_1,C041868,0.922,3.4,High,
D004_1,C041871,5.885,17.0,Medium,
D004_1,C041887,4.806,17.7,High,
D004_1,C041891,4.095,15.1,High,
D004_1,C041894,4.796,17.7,High,
D004_1,C041901,9.287,26.8,Medium,
D004_1,C041904,6.521,15.0,Low,
D004_1,C041912,8.431,19.5,Low,One-Way
D004_1,C041982,1.955,4.5,Low,
D004_1,C041984,6.054,14.0,Low,One-Way
D004_1,C042014,6.55,18.9,Medium,One-Way
D004_1,C042045,2.916,8.4,Medium,
D004_1,C042095,5.929,17.1,Medium,
D004_1,C042101,6.555,18.9,Medium,
D004_1,C042102,7.27,21.0,Medium,
D004_1,C042106,6.906,25.5,High,
D004_1,C042111,4.42,10.2,Low,
D004_1,C042134,7.755,17.9,Low,
D004_1,C042151,2.304,8.5,High,
D004_1,C042164,6.748,15.6,Low,
D004_1,C042176,2.428,7.0,Medium,
D004_1,C042228,3.354,9.7,Medium,
D004_1,C042241,6.582,15.2,Low,
D004_1,C042262,7.293,21.0,Medium,
D004_1,C042268,3.021,8.7,Medium,One-Way
D004_1,C042269,3.105,7.2,Low,
D004_1,C042272,7.119,16.4,Low,
D004_1,C042281,5.265,15.2,Medium,
D004_1,C042283,1.349,3.9,Medium,
D004_1,C042292,3.502,8.1,Low,
D004_1,C042297,5.686,21.0,High,
D004_1,C042312,6.156,14.2,Low,One-Way
D004_1,C042316,7.088,26.2,High,One-Way
D004_1,C042318,2.21,6.4,Medium,
D004_1,C042329,7.078,20.4,Medium,No Heavy Trucks
D004_1,C042333,2.628,7.6,Medium,
D004_1,C042334,3.659,10.6,Medium,
D004_1,C042348,2.755,6.4,Low,
D004_1,C042352,6.29,18.1,Medium,
D004_1,C042353,8.188,23.6,Medium,
D004_1,C042364,1.305,3.0,Low,
D004_1,C042372,4.79,11.1,Low,One-Way
D004_1,C042390,2.323,6.7,Medium,One-Way
D004_1,C042400,4.451,12.8,Medium,No Heavy Trucks
D004_1,C042423,5.931,17.1,Medium,
D004_1,C042424,1.617,3.7,Low,
D004_1,C042439,4.876,18.0,High,
D004_1,C042466,7.049,16.3,Low,
D004_1,C042468,6.24,18.0,Medium,
D004_1,C042487,9.401,27.1,Medium,
D004_1,C042501,5.068,18.7,High,No Heavy Trucks
D004_1,C042516,4.761,13.7,Medium,
D004_1,C042526,3.096,7.1,Low,
D004_1,C042543,3.837,11.1,Medium,
D004_1,C042546,2.951,6.8,Low,
D004_1,C042582,5.114,11.8,Low,
D004_1,C042596,4.436,12.8,Medium,
D004_1,C042625,4.81,13.9,Medium,
D004_1,C042642,1.788,4.1,Low,
D004_1,C042650,2.894,10.7,High,
D004_1,C042658,4.3,9.9,Low,One-Way
D004_1,C042674,5.298,12.2,Low,No Heavy Trucks
D004_1,C042679,8.439,31.2,High,
D004_1,C042697,9.336,21.5,Low,
D004_1,C042712,4.613,13.3,Medium,
D004_1,C042732,4.381,12.6,Medium,
D004_1,C042756,4.771,13.8,Medium,
D004_1,C042767,5.639,16.3,Medium,
D004_1,C042770,5.811,13.4,Low,
D004_1,C042776,4.703,13.6,Medium,No Heavy Trucks
D004_1,C042799,8.426,24.3,Medium,
D004_1,C042813,7.814,22.5,Medium,One-Way
D004_1,C042825,5.105,14.7,Medium,One-Way
D004_1,C042864,6.997,25.8,High,
D004_1,C042879,3.671,10.6,Medium,One-Way
D004_1,C042883,5.783,16.7,Medium,
D004_1,C042899,5.198,15.0,Medium,
D004_1,C042915,2.143,4.9,Low,One-Way
D004_1,C042916,4.77,11.0,Low,
D004_1,C042917,2.799,8.1,Medium,
D004_1,C042945,7.91,22.8,Medium,
D004_1,C042956,1.15,3.3,Medium,
D004_1,C042957,2.287,6.6,Medium,No Heavy Trucks
D004_1,C042961,2.862,6.6,Low,
D004_1,C042966,2.323,5.4,Low,
D004_1,C042967,3.08,8.9,Medium,
D004_1,C042973,10.207,29.4,Medium,
D004_1,C042983,8.04,18.6,Low,No Heavy Trucks
D004_1,C042988,5.75,13.3,Low,
D004_1,C042989,6.014,17.3,Medium,
D004_1,C042992,9.521,27.5,Medium,
D004_1,C042993,8.058,18.6,Low,
D004_1,C043014,5.36,19.8,High,No Heavy Trucks
D004_1,C043037,2.2,8.1,High,
D004_1,C043054,5.768,16.6,Medium,
D004_1,C043061,5.536,16.0,Medium,No Heavy Trucks
D004_1,C043063,5.516,12.7,Low,One-Way
D004_1,C043080,5.044,14.5,Medium,
D004_1,C043085,8.507,24.5,Medium,No Heavy Trucks
D004_1,C043091,5.078,14.6,Medium,
D004_1,C043092,7.307,16.9,Low,
D004_1,C043119,6.659,19.2,Medium,
D004_1,C043129,8.888,32.8,High,
D004_1,C043144,4.71,10.9,Low,
D004_1,C043155,8.584,19.8,Low,
D004_1,C043163,6.032,13.9,Low,
D004_1,C043181,5.233,15.1,Medium,
D004_1,C043188,4.388,12.7,Medium,One-Way
D004_1,C043189,6.009,17.3,Medium,
D004_1,C043193,2.734,6.3,Low,One-Way
D004_1,C043208,0.09,0.3,Medium,No Heavy Trucks
D004_1,C043235,4.016,11.6,Medium,
D004_1,C043245,4.562,10.5,Low,
D004_1,C043267,3.897,14.4,High,
D004_1,C043273,7.621,22.0,Medium,
D004_1,C043310,5.708,16.5,Medium,
D004_1,C043325,5.502,12.7,Low,
D004_1,C043329,9.335,21.5,Low,One-Way
D004_1,C043330,6.499,18.7,Medium,
D004_1,C043339,7.75,17.9,Low,No Heavy Trucks
D004_1,C043347,6.445,18.6,Medium,No Heavy Trucks
D004_1,C043350,7.964,18.4,Low,
D004_1,C043352,7.46,21.5,Medium,
D004_1,C043355,8.05,23.2,Medium,
D004_1,C043366,1.71,3.9,Low,
D004_1,C043395,7.251,20.9,Medium,
D004_1,C043415,4.404,12.7,Medium,
D004_1,C043434,7.47,21.5,Medium,No Heavy Trucks
D004_1,C043462,3.863,8.9,Low,
D004_1,C043488,6.596,24.4,High,
D004_1,C043505,4.322,12.5,Medium,
D004_1,C043542,6.129,17.7,Medium,
D004_1,C043544,6.253,23.1,High,One-Way
D004_1,C043547,7.646,17.6,Low,No Heavy Trucks
D004_1,C043550,1.425,5.3,High,
D004_1,C043567,4.97,14.3,Medium,
D004_1,C043579,8.396,19.4,Low,
D004_1,C043584,4.949,14.3,Medium,
D004_1,C043589,5.525,12.8,Low,
D004_1,C043620,5.009,14.4,Medium,
D004_1,C043626,5.415,20.0,High,
D004_1,C043631,6.555,15.1,Low,One-Way
D004_1,C043658,4.693,17.3,High,
D004_1,C043668,2.431,7.0,Medium,
D004_1,C043669,8.979,25.9,Medium,
D004_1,C043673,5.232,15.1,Medium,
D004_1,C043677,6.717,15.5,Low,
D004_1,C043680,4.531,13.1,Medium,
D004_1,C043685,5.058,14.6,Medium,
D004_1,C043693,3.82,8.8,Low,
D004_1,C043702,7.151,16.5,Low,One-Way
D004_1,C043706,7.368,27.2,High,
D004_1,C043717,4.07,11.7,Medium,
D004_1,C043738,5.623,16.2,Medium,
D004_1,C043743,6.125,14.1,Low,
D004_1,C043750,4.188,12.1,Medium,
D004_1,C043774,5.294,12.2,Low,
D004_1,C043806,7.467,21.5,Medium,
D004_1,C043814,0.213,0.6,Medium,
D004_1,C043823,2.796,8.1,Medium,
D004_1,C043832,8.162,23.5,Medium,
D004_1,C043842,4.641,17.1,High,
D004_1,C043854,7.852,18.1,Low,
D004_1,C043856,3.726,10.7,Medium,
D004_1,C043879,3.079,7.1,Low,
D004_1,C043893,5.308,15.3,Medium,
D004_1,C043894,8.145,23.5,Medium,
D004_1,C043912,5.981,17.3,Medium,
D004_1,C043914,4.346,10.0,Low,
D004_1,C043924,4.173,9.6,Low,
D004_1,C043941,2.515,7.3,Medium,
D004_1,C043987,4.533,16.7,High,
D004_1,C043989,3.609,8.3,Low,
D004_1,C043990,7.726,17.8,Low,
D004_1,C043996,7.684,17.7,Low,
D004_1,C044011,4.783,13.8,Medium,
D004_1,C044019,6.912,19.9,Medium,
D004_1,C044034,2.829,10.4,High,
D004_1,C044040,1.971,4.5,Low,
D004_1,C044068,6.519,24.1,High,
D004_1,C044078,7.395,27.3,High,No Heavy Trucks
D004_1,C044085,6.262,18.1,Medium,
D004_1,C044089,7.094,26.2,High,
D004_1,C044098,6.468,14.9,Low,
D004_1,C044099,3.89,9.0,Low,
D004_1,C044125,4.088,11.8,Medium,One-Way
D004_1,C044130,9.258,26.7,Medium,
D004_1,C044159,6.727,24.8,High,
D004_1,C044164,4.171,9.6,Low,
D004_1,C044197,4.655,10.7,Low,No Heavy Trucks
D004_1,C044203,6.542,15.1,Low,No Heavy Trucks
D004_1,C044208,8.246,23.8,Medium,
D004_1,C044225,4.709,10.9,Low,
D004_1,C044235,8.181,23.6,Medium,
D004_1,C044240,8.11,23.4,Medium,
D004_1,C044258,7.227,20.8,Medium,One-Way
D004_1,C044260,4.554,10.5,Low,
D004_1,C044276,5.179,14.9,Medium,
D004_1,C044291,4.905,14.1,Medium,
D004_1,C044297,6.794,15.7,Low,One-Way
D004_1,C044299,5.468,20.2,High,
D004_1,C044354,1.876,4.3,Low,
D004_1,C044359,5.261,12.1,Low,
D004_1,C044365,2.986,6.9,Low,No Heavy Trucks
D004_1,C044372,6.881,15.9,Low,
D004_1,C044379,2.72,6.3,Low,One-Way
D004_1,C044408,4.785,17.7,High,
D004_1,C044414,4.186,12.1,Medium,
D004_1,C044418,3.808,8.8,Low,
D004_1,C044430,1.365,5.0,High,One-Way
D004_1,C044437,6.911,15.9,Low,
D004_1,C044438,3.56,10.3,Medium,No Heavy Trucks
D004_1,C044450,2.481,5.7,Low,
D004_1,C044452,6.327,18.3,Medium,
D004_1,C044460,6.649,15.3,Low,
D004_1,C044470,7.555,17.4,Low,
D004_1,C044473,5.253,15.2,Medium,
D004_1,C044492,6.058,17.5,Medium,
D004_1,C044494,4.175,12.0,Medium,
D004_1,C044539,6.093,17.6,Medium,
D004_1,C044559,6.508,18.8,Medium,One-Way
D004_1,C044580,0.403,0.9,Low,No Heavy Trucks
D004_1,C044589,4.575,10.6,Low,
D004_1,C044593,4.863,14.0,Medium,
D004_1,C044596,3.771,13.9,High,
D004_1,C044605,4.103,15.1,High,
D004_1,C044614,7.052,16.3,Low,
D004_1,C044616,7.997,23.1,Medium,
D004_1,C044619,2.717,7.8,Medium,One-Way
D004_1,C044621,5.678,13.1,Low,
D004_1,C044623,5.682,13.1,Low,One-Way
D004_1,C044643,3.85,11.1,Medium,
D004_1,C044658,8.884,20.5,Low,
D004_1,C044668,3.712,10.7,Medium,No Heavy Trucks
D004_1,C044674,2.281,6.6,Medium,
D004_1,C044684,8.236,23.8,Medium,
D004_1,C044688,5.506,12.7,Low,
D004_1,C044699,2.031,5.9,Medium,
D004_1,C044709,4.09,9.4,Low,
D004_1,C044711,3.953,9.1,Low,No Heavy Trucks
D004_1,C044743,5.694,16.4,Medium,
D004_1,C044745,4.912,11.3,Low,
D004_1,C044833,9.116,33.7,High,
D004_1,C044845,7.291,16.8,Low,One-Way
D004_1,C044872,7.309,16.9,Low,
D004_1,C044882,3.163,9.1,Medium,One-Way
D004_1,C044902,5.702,13.2,Low,No Heavy Trucks
D004_1,C044912,7.824,22.6,Medium,No Heavy Trucks
D004_1,C044919,5.42,15.6,Medium,
D004_1,C044929,5.712,16.5,Medium,
D004_1,C044960,4.373,12.6,Medium,One-Way
D004_1,C044964,5.005,18.5,High,
D004_1,C044975,6.486,18.7,Medium,
D004_1,C045019,6.119,14.1,Low,No Heavy Trucks
D004_1,C045032,6.484,15.0,Low,
D004_1,C045036,1.218,3.5,Medium,
D004_1,C045055,3.702,8.5,Low,
D004_1,C045074,4.565,10.5,Low,
D004_1,C045079,4.026,11.6,Medium,
D004_1,C045091,2.563,5.9,Low,
D004_1,C045094,8.523,19.7,Low,
D004_1,C045095,8.34,24.1,Medium,
D004_1,C045101,4.522,13.0,Medium,
D004_1,C045102,7.176,20.7,Medium,
D004_1,C045105,5.32,15.3,Medium,
D004_1,C045108,1.932,5.6,Medium,
D004_1,C045124,6.964,20.1,Medium,
D004_1,C045133,6.877,19.8,Medium,
D004_1,C045146,3.07,8.9,Medium,
D004_1,C045150,4.081,11.8,Medium,
D004_1,C045176,5.733,16.5,Medium,
D004_1,C045177,7.866,18.2,Low,
D004_1,C045182,8.342,19.3,Low,
D004_1,C045251,6.465,14.9,Low,
D004_1,C045274,4.46,10.3,Low,
D004_1,C045287,5.657,20.9,High,
D004_1,C045300,4.491,13.0,Medium,One-Way
D004_1,C045301,1.441,4.2,Medium,No Heavy Trucks
D004_1,C045319,5.796,16.7,Medium,
D004_1,C045350,8.547,19.7,Low,One-Way
D004_1,C045356,6.335,18.3,Medium,
D004_1,C045375,0.559,1.3,Low,
D004_1,C045377,6.638,19.1,Medium,
D004_1,C045397,1.32,3.8,Medium,
D004_1,C045398,2.373,6.8,Medium,No Heavy Trucks
D004_1,C045399,3.567,10.3,Medium,
D004_1,C045410,5.106,14.7,Medium,No Heavy Trucks
D004_1,C045411,8.123,23.4,Medium,
D004_1,C045422,6.702,24.7,High,
D004_1,C045437,0.698,2.6,High,One-Way
D004_1,C045441,7.098,26.2,High,
D004_1,C045445,7.636,17.6,Low,
D004_1,C045453,8.042,18.6,Low,
D004_1,C045459,6.378,14.7,Low,
D004_1,C045487,5.277,12.2,Low,
D004_1,C045493,2.482,5.7,Low,
D004_1,C045498,5.645,16.3,Medium,
D004_1,C045513,5.848,16.9,Medium,
D004_1,C045516,4.535,13.1,Medium,No Heavy Trucks
D004_1,C045519,1.054,2.4,Low,
D004_1,C045525,5.392,15.6,Medium,
D004_1,C045526,8.219,23.7,Medium,
D004_1,C045528,5.518,15.9,Medium,
D004_1,C045530,2.474,7.1,Medium,
D004_1,C045539,9.105,21.0,Low,
D004_1,C045554,4.153,9.6,Low,
D004_1,C045563,4.486,10.4,Low,No Heavy Trucks
D004_1,C045574,3.515,10.1,Medium,
D004_1,C045577,3.716,8.6,Low,One-Way
D004_1,C045594,7.109,20.5,Medium,
D004_1,C045595,4.174,12.0,Medium,One-Way
D004_1,C045618,2.967,6.8,Low,
D004_1,C045621,5.514,15.9,Medium,
D004_1,C045635,6.882,19.9,Medium,
D004_1,C045639,3.494,10.1,Medium,
D004_1,C045643,5.506,15.9,Medium,
D004_1,C045648,1.995,7.4,High,One-Way
D004_1,C045650,5.788,21.4,High,
D004_1,C045665,4.349,12.5,Medium,
D004_1,C045666,5.64,13.0,Low,
D004_1,C045699,1.223,3.5,Medium,
D004_1,C045709,0.871,2.0,Low,
D004_1,C045718,5.367,12.4,Low,
D004_1,C045729,6.366,14.7,Low,No Heavy Trucks
D004_1,C045735,2.848,8.2,Medium,
D004_1,C045737,2.817,6.5,Low,
D004_1,C045755,8.017,23.1,Medium,
D004_1,C045789,7.233,26.7,High,
D004_1,C045802,1.314,3.8,Medium,
D004_1,C045811,6.788,19.6,Medium,
D004_1,C045833,5.854,16.9,Medium,
D004_1,C045840,1.883,7.0,High,
D004_1,C045859,3.896,11.2,Medium,
D004_1,C045866,4.651,10.7,Low,
D004_1,C045869,3.588,10.4,Medium,
D004_1,C045870,5.02,14.5,Medium,
D004_1,C045883,5.511,15.9,Medium,
D004_1,C045884,5.5,12.7,Low,
D004_1,C045892,6.349,23.4,High,
D004_1,C045894,6.916,16.0,Low,
D004_1,C045906,3.473,8.0,Low,
D004_1,C045924,5.869,21.7,High,
D004_1,C046004,1.935,7.1,High,No Heavy Trucks
D004_1,C046020,4.092,15.1,High,
D004_1,C046031,8.091,23.3,Medium,
D004_1,C046033,4.847,11.2,Low,
D004_1,C046038,6.809,15.7,Low,
D004_1,C046058,3.468,10.0,Medium,No Heavy Trucks
D004_1,C046063,0.902,3.3,High,
D004_1,C046080,7.295,21.0,Medium,No Heavy Trucks
D004_1,C046087,4.497,10.4,Low,
D004_1,C046091,4.949,11.4,Low,One-Way
D004_1,C046093,8.774,25.3,Medium,
D004_1,C046110,5.159,14.9,Medium,No Heavy Trucks
D004_1,C046117,1.893,5.5,Medium,
D004_1,C046121,8.128,18.8,Low,
D004_1,C046123,6.719,19.4,Medium,
D004_1,C046132,5.123,14.8,Medium,
D004_1,C046181,5.699,13.2,Low,
D004_1,C046186,4.688,17.3,High,
D004_1,C046196,3.56,13.1,High,
D004_1,C046224,6.239,18.0,Medium,
D004_1,C046225,7.775,22.4,Medium,
D004_1,C046228,5.482,12.6,Low,
D004_1,C046244,3.977,11.5,Medium,
D004_1,C046250,6.022,22.2,High,
D004_1,C046265,6.52,18.8,Medium,
D004_1,C046297,7.18,20.7,Medium,One-Way
D004_1,C046343,6.332,14.6,Low,
D004_1,C046346,2.642,7.6,Medium,
D004_1,C046356,8.172,18.9,Low,No Heavy Trucks
D004_1,C046360,4.42,10.2,Low,
D004_1,C046432,7.077,20.4,Medium,
D004_1,C046436,0.824,3.0,High,
D004_1,C046485,3.735,10.8,Medium,One-Way
D004_1,C046492,5.674,21.0,High,
D004_1,C046510,2.412,7.0,Medium,
D004_1,C046534,2.602,6.0,Low,No Heavy Trucks
D004_1,C046555,5.708,16.5,Medium,
D004_1,C046567,1.625,4.7,Medium,
D004_1,C046582,4.829,17.8,High,
D004_1,C046603,4.447,12.8,Medium,No Heavy Trucks
D004_1,C046611,4.128,11.9,Medium,
D004_1,C046612,4.646,13.4,Medium,
D004_1,C046618,6.099,17.6,Medium,No Heavy Trucks
D004_1,C046656,1.53,4.4,Medium,One-Way
D004_1,C046700,5.779,16.7,Medium,
D004_1,C046703,1.886,5.4,Medium,No Heavy Trucks
D004_1,C046723,6.222,14.4,Low,
D004_1,C046736,3.015,11.1,High,
D004_1,C046740,3.741,10.8,Medium,
D004_1,C046745,7.957,18.4,Low,
D004_1,C046757,2.351,6.8,Medium,
D004_1,C046766,6.21,17.9,Medium,
D004_1,C046767,2.732,7.9,Medium,One-Way
D004_1,C046768,6.596,24.4,High,
D004_1,C046772,5.541,12.8,Low,
D004_1,C046776,1.17,3.4,Medium,
D004_1,C046780,9.151,26.4,Medium,One-Way
D004_1,C046781,3.771,10.9,Medium,
D004_1,C046792,7.404,27.3,High,
D004_1,C046802,7.044,20.3,Medium,No Heavy Trucks
D004_1,C046810,9.252,21.4,Low,
D004_1,C046837,7.318,16.9,Low,
D004_1,C046857,3.836,11.1,Medium,
D004_1,C046860,3.006,6.9,Low,
D004_1,C046874,4.774,13.8,Medium,
D004_1,C046879,4.887,11.3,Low,
D004_1,C046900,3.486,10.1,Medium,
D004_1,C046901,3.671,8.5,Low,
D004_1,C046919,7.824,22.6,Medium,
D004_1,C046944,6.071,14.0,Low,One-Way
D004_1,C046953,6.087,22.5,High,
D004_1,C046963,3.423,9.9,Medium,
D004_1,C046973,6.021,13.9,Low,No Heavy Trucks
D004_1,C046974,6.602,15.2,Low,
D004_1,C047011,7.34,16.9,Low,One-Way
D004_1,C047022,2.556,5.9,Low,
D004_1,C047035,7.49,21.6,Medium,No Heavy Trucks
D004_1,C047041,5.212,15.0,Medium,
D004_1,C047050,2.086,6.0,Medium,
D004_1,C047053,4.13,9.5,Low,
D004_1,C047061,3.384,9.8,Medium,One-Way
D004_1,C047073,5.562,20.5,High,No Heavy Trucks
D004_1,C047089,3.357,7.7,Low,
D004_1,C047110,1.48,4.3,Medium,
D004_1,C047129,1.228,2.8,Low,One-Way
D004_1,C047140,1.914,7.1,High,
D004_1,C047142,6.534,15.1,Low,
D004_1,C047143,5.307,12.2,Low,
D004_1,C047150,3.004,6.9,Low,
D004_1,C047171,7.16,16.5,Low,
D004_1,C047172,3.14,11.6,High,
D004_1,C047183,4.195,9.7,Low,One-Way
D004_1,C047187,5.391,12.4,Low,
D004_1,C047193,8.648,31.9,High,
D004_1,C047200,2.237,6.5,Medium,No Heavy Trucks
D004_1,C047212,6.085,14.0,Low,
D004_1,C047246,9.403,27.1,Medium,
D004_1,C047250,6.937,20.0,Medium,No Heavy Trucks
D004_1,C047255,2.928,6.8,Low,
D004_1,C047262,3.354,9.7,Medium,No Heavy Trucks
D004_1,C047274,5.107,14.7,Medium,
D004_1,C047279,6.285,14.5,Low,
D004_1,C047285,4.36,12.6,Medium,
D004_1,C047287,3.395,7.8,Low,No Heavy Trucks
D004_1,C047325,3.197,7.4,Low,
D004_1,C047337,5.111,14.7,Medium,No Heavy Trucks
D004_1,C047342,3.785,10.9,Medium,
D004_1,C047346,4.928,11.4,Low,
D004_1,C047351,8.461,19.5,Low,
D004_1,C047359,7.576,21.9,Medium,
D004_1,C047380,6.889,19.9,Medium,No Heavy Trucks
D004_1,C047381,6.573,15.2,Low,
D004_1,C047382,4.389,10.1,Low,
D004_1,C047406,4.456,10.3,Low,
D004_1,C047425,6.603,19.0,Medium,
D004_1,C047431,3.568,10.3,Medium,One-Way
D004_1,C047461,2.419,5.6,Low,No Heavy Trucks
D004_1,C047462,4.931,11.4,Low,
D004_1,C047464,1.864,4.3,Low,
D004_1,C047483,3.421,9.9,Medium,
D004_1,C047496,4.459,16.5,High,
D004_1,C047497,8.125,30.0,High,
D004_1,C047499,9.042,26.1,Medium,No Heavy Trucks
D004_1,C047503,2.972,6.9,Low,
D004_1,C047517,5.897,13.6,Low,
D004_1,C047522,7.809,18.0,Low,
D004_1,C047549,4.585,10.6,Low,
D004_1,C047555,3.172,9.2,Medium,No Heavy Trucks
D004_1,C047557,3.607,13.3,High,No Heavy Trucks
D004_1,C047582,4.975,11.5,Low,One-Way
D004_1,C047586,6.734,19.4,Medium,
D004_1,C047593,3.927,9.1,Low,
D004_1,C047650,2.598,6.0,Low,
D004_1,C047657,4.398,10.1,Low,
D004_1,C047673,6.342,18.3,Medium,
D004_1,C047676,6.75,24.9,High,
D004_1,C047708,7.422,21.4,Medium,
D004_1,C047729,6.785,19.6,Medium,
D004_1,C047739,3.708,10.7,Medium,
D004_1,C047747,8.694,25.1,Medium,
D004_1,C047748,5.201,19.2,High,No Heavy Trucks
D004_1,C047752,7.282,26.9,High,
D004_1,C047754,5.774,16.7,Medium,
D004_1,C047764,7.13,20.6,Medium,
D004_1,C047774,7.456,21.5,Medium,
D004_1,C047786,6.81,19.6,Medium,
D004_1,C047808,4.488,12.9,Medium,No Heavy Trucks
D004_1,C047817,3.592,8.3,Low,
D004_1,C047822,5.301,19.6,High,
D004_1,C047830,6.729,19.4,Medium,
D004_1,C047862,7.356,27.2,High,
D004_1,C047865,4.55,13.1,Medium,No Heavy Trucks
D004_1,C047868,7.081,16.3,Low,
D004_1,C047888,5.314,15.3,Medium,
D004_1,C047898,9.429,21.8,Low,One-Way
D004_1,C047934,7.06,20.4,Medium,
D004_1,C047937,4.853,11.2,Low,
D004_1,C047942,5.123,14.8,Medium,
D004_1,C047986,3.42,9.9,Medium,No Heavy Trucks
D004_1,C047993,6.888,19.9,Medium,No Heavy Trucks
D004_1,C047995,1.298,3.7,Medium,
D004_1,C047999,4.511,10.4,Low,
D004_1,C048009,5.394,15.6,Medium,
D004_1,C048043,0.573,1.7,Medium,One-Way
D004_1,C048050,5.214,15.0,Medium,
D004_1,C048061,2.387,5.5,Low,
D004_1,C048092,3.405,9.8,Medium,
D004_1,C048104,1.662,3.8,Low,
D004_1,C048106,2.189,5.1,Low,
D004_1,C048129,1.851,5.3,Medium,
D004_1,C048147,2.211,5.1,Low,
D004_1,C048153,5.56,16.0,Medium,One-Way
D004_1,C048163,1.287,3.0,Low,No Heavy Trucks
D004_1,C048166,7.02,16.2,Low,
D004_1,C048171,3.957,9.1,Low,
D004_1,C048185,5.775,13.3,Low,
D004_1,C048193,4.239,15.7,High,
D004_1,C048199,5.735,16.5,Medium,
D004_1,C048214,7.816,18.0,Low,No Heavy Trucks
D004_1,C048221,6.944,20.0,Medium,
D004_1,C048237,2.628,7.6,Medium,
D004_1,C048245,3.731,10.8,Medium,
D004_1,C048252,2.574,9.5,High,
D004_1,C048260,5.145,14.8,Medium,
D004_1,C048262,4.72,10.9,Low,One-Way
D004_1,C048274,3.151,11.6,High,
D004_1,C048291,7.464,21.5,Medium,No Heavy Trucks
D004_1,C048317,6.972,20.1,Medium,No Heavy Trucks
D004_1,C048323,9.005,20.8,Low,
D004_1,C048341,2.499,7.2,Medium,
D004_1,C048353,0.354,1.0,Medium,No Heavy Trucks
D004_1,C048379,5.212,15.0,Medium,
D004_1,C048389,7.155,16.5,Low,
D004_1,C048425,4.611,13.3,Medium,
D004_1,C048429,5.308,12.3,Low,
D004_1,C048430,1.295,3.7,Medium,
D004_1,C048445,2.478,7.1,Medium,
D004_1,C048474,4.566,10.5,Low,One-Way
D004_1,C048490,9.243,21.3,Low,
D004_1,C048494,6.105,22.5,High,
D004_1,C048499,1.131,4.2,High,
D004_1,C048500,3.791,14.0,High,
D004_1,C048515,5.841,13.5,Low,No Heavy Trucks
D004_1,C048519,2.745,6.3,Low,
D004_1,C048520,8.855,25.5,Medium,
D004_1,C048527,6.375,18.4,Medium,
D004_1,C048531,2.766,6.4,Low,One-Way
D004_1,C048568,6.741,15.6,Low,
D004_1,C048575,2.628,7.6,Medium,
D004_1,C048577,4.916,14.2,Medium,
D004_1,C048597,4.155,9.6,Low,No Heavy Trucks
D004_1,C048598,6.44,18.6,Medium,
D004_1,C048601,5.403,12.5,Low,
D004_1,C048604,5.342,19.7,High,One-Way
D004_1,C048616,4.953,14.3,Medium,
D004_1,C048618,4.184,15.4,High,
D004_1,C048625,4.884,14.1,Medium,
D004_1,C048638,2.609,6.0,Low,One-Way
D004_1,C048650,4.819,13.9,Medium,
D004_1,C048651,3.096,8.9,Medium,
D004_1,C048672,4.179,9.6,Low,
D004_1,C048680,5.854,21.6,High,No Heavy Trucks
D004_1,C048685,4.877,14.1,Medium,
D004_1,C048692,2.467,7.1,Medium,
D004_1,C048693,2.655,7.7,Medium,
D004_1,C048696,7.476,21.6,Medium,
D004_1,C048699,4.049,11.7,Medium,
D004_1,C048708,6.055,14.0,Low,
D004_1,C048738,6.645,19.2,Medium,
D004_1,C048743,3.733,10.8,Medium,
D004_1,C048754,8.236,23.8,Medium,
D004_1,C048757,6.616,19.1,Medium,One-Way
D004_1,C048764,2.054,5.9,Medium,
D004_1,C048769,1.289,3.7,Medium,
D004_1,C048777,5.708,16.5,Medium,
D004_1,C048795,3.492,10.1,Medium,
D004_1,C048801,6.349,14.7,Low,
D004_1,C048826,4.646,10.7,Low,
D004_1,C048858,8.405,31.0,High,
D004_1,C048905,5.699,13.2,Low,
D004_1,C048917,1.534,4.4,Medium,
D004_1,C048937,5.589,12.9,Low,One-Way
D004_1,C048961,7.503,21.6,Medium,
D004_1,C048986,3.126,9.0,Medium,
D004_1,C048989,3.659,10.6,Medium,
D004_1,C049001,3.65,10.5,Medium,
D004_1,C049012,6.328,14.6,Low,
D004_1,C049023,4.261,9.8,Low,One-Way
D004_1,C049024,5.21,15.0,Medium,
D004_1,C049043,1.597,5.9,High,
D004_1,C049061,6.361,23.5,High,
D004_1,C049098,3.898,11.2,Medium,
D004_1,C049100,5.04,11.6,Low,
D004_1,C049102,2.08,6.0,Medium,
D004_1,C049118,4.407,12.7,Medium,No Heavy Trucks
D004_1,C049142,7.75,17.9,Low,
D004_1,C049163,7.725,22.3,Medium,
D004_1,C049174,8.449,24.4,Medium,
D004_1,C049222,7.544,17.4,Low,
D004_1,C049230,2.732,7.9,Medium,
D004_1,C049234,6.989,20.2,Medium,
D004_1,C049236,5.225,19.3,High,No Heavy Trucks
D004_1,C049256,2.04,5.9,Medium,
D004_1,C049278,7.051,26.0,High,
D004_1,C049285,2.487,7.2,Medium,
D004_1,C049321,8.901,20.5,Low,One-Way
D004_1,C049329,7.741,22.3,Medium,
D004_1,C049336,5.471,12.6,Low,
D004_1,C049347,7.127,16.4,Low,No Heavy Trucks
D004_1,C049348,2.567,7.4,Medium,
D004_1,C049352,4.59,16.9,High,
D004_1,C049355,4.109,15.2,High,
D004_1,C049363,2.935,8.5,Medium,
D004_1,C049364,5.75,16.6,Medium,No Heavy Trucks
D004_1,C049370,4.777,13.8,Medium,
D004_1,C049378,1.641,4.7,Medium,
D004_1,C049387,4.106,11.8,Medium,
D004_1,C049388,4.156,12.0,Medium,
D004_1,C049395,7.944,22.9,Medium,
D004_1,C049405,7.817,22.5,Medium,
D004_1,C049412,4.416,12.7,Medium,
D004_1,C049422,6.943,25.6,High,
D004_1,C049434,5.998,17.3,Medium,One-Way
D004_1,C049437,6.225,14.4,Low,
D004_1,C049443,7.4,17.1,Low,No Heavy Trucks
D004_1,C049449,3.738,10.8,Medium,
D004_1,C049450,6.127,22.6,High,
D004_1,C049464,5.799,16.7,Medium,
D004_1,C049479,6.1,17.6,Medium,One-Way
D004_1,C049486,5.12,11.8,Low,
D004_1,C049491,7.719,28.5,High,
D004_1,C049499,1.852,5.3,Medium,
D004_1,C049510,6.552,18.9,Medium,
D004_1,C049514,4.119,11.9,Medium,
D004_1,C049526,9.269,26.7,Medium,
D004_1,C049531,6.328,18.3,Medium,
D004_1,C049538,2.502,5.8,Low,
D004_1,C049541,4.996,18.4,High,
D004_1,C049546,3.832,11.1,Medium,
D004_1,C049547,5.385,12.4,Low,
D004_1,C049553,2.591,7.5,Medium,
D004_1,C049559,3.571,10.3,Medium,
D004_1,C049585,4.578,10.6,Low,
D004_1,C049598,6.425,18.5,Medium,
D004_1,C049609,3.72,8.6,Low,
D004_1,C049610,0.646,1.9,Medium,
D004_1,C049618,5.706,21.1,High,
D004_1,C049633,6.143,14.2,Low,No Heavy Trucks
D004_1,C049640,7.293,16.8,Low,
D004_1,C049655,0.668,1.9,Medium,
D004_1,C049657,6.506,24.0,High,
D004_1,C049703,5.407,15.6,Medium,
D004_1,C049708,4.776,17.6,High,
D004_1,C049714,4.793,11.1,Low,
D004_1,C049739,3.412,9.8,Medium,
D004_1,C049748,7.764,28.7,High,
D004_1,C049769,5.949,22.0,High,
D004_1,C049815,6.244,18.0,Medium,
D004_1,C049816,7.274,21.0,Medium,
D004_1,C049822,8.238,23.8,Medium,
D004_1,C049825,3.647,10.5,Medium,
D004_1,C049841,0.871,2.0,Low,
D004_1,C049842,2.471,9.1,High,
D004_1,C049874,3.819,8.8,Low,
D004_1,C049879,4.078,11.8,Medium,
D004_1,C049882,8.981,33.2,High,
D004_1,C049898,5.366,15.5,Medium,No Heavy Trucks
D004_1,C049907,7.669,28.3,High,
D004_1,C049909,6.515,18.8,Medium,
D004_1,C049913,4.146,12.0,Medium,No Heavy Trucks
D004_1,C049916,7.442,21.5,Medium,
D004_1,C049926,3.512,10.1,Medium,
D004_1,C049928,5.69,13.1,Low,
D004_1,C049944,5.4,15.6,Medium,
D004_1,C049959,5.22,15.1,Medium,
D004_1,C049961,2.888,8.3,Medium,No Heavy Trucks
D004_1,C049966,7.87,29.1,High,
D004_1,C049979,8.235,23.8,Medium,
D004_1,C049987,7.414,27.4,High,
